dataset,detector,policy,options,length,ability,mechanism,n,n_target,n_clean,tp_correct,tp_wrongloc,fp,fn,tn,power,recall_all,fpr,fpr_ci_upper,brier,mse,recovery,at_stake,saved,saved_sheets,unearned
metrics,gated,metrics,ABCD,46,0.26,none,8,0,8,0,0,0,0,8,,,0.0,0.312344,0.0,0.000376,,0,0,8,0
metrics,gated,metrics,ABCD,46,0.26,row_skip_1,8,8,0,0,0,0,8,0,0.0,0.0,,,0.99907,0.000465,0.0,9,0,8,13
metrics,gated,metrics,ABCD,46,0.26,row_skip_2,8,8,0,0,0,0,8,0,0.0,0.0,,,0.999065,0.000468,0.0,11,0,8,3
metrics,gated,metrics,ABCD,46,0.26,early_full,8,8,0,0,0,0,8,0,0.0,0.0,,,0.8456,0.095196,0.0,54,0,8,1
metrics,gated,metrics,ABCD,46,0.26,boundary,8,8,0,0,0,0,8,0,0.0,0.0,,,0.999179,0.000411,0.0,2,0,8,12
metrics,gated,metrics,ABCD,46,0.26,short_local,8,8,0,0,0,0,8,0,0.0,0.0,,,0.998992,0.000504,0.0,10,0,8,2
metrics,gated,metrics,ABCD,46,0.26,whole_section,8,8,0,0,0,0,8,0,0.0,0.0,,,0.99927,0.000365,0.0,10,0,8,6
metrics,gated,metrics,ABCD,46,0.26,anxiety,8,8,0,0,0,0,8,0,0.0,0.0,,,0.998972,0.000514,0.0,7,0,8,5
metrics,gated,metrics,ABCD,46,0.26,double_shift,8,8,0,0,0,0,8,0,0.0,0.0,,,0.998177,0.000912,0.0,25,0,8,10
metrics,gated,metrics,ABCD,46,0.26,self_corrected,8,8,0,0,0,0,8,0,0.0,0.0,,,0.998342,0.00083,0.0,17,0,8,11
metrics,gated,metrics,ABCD,46,0.26,deferred,8,8,0,0,0,0,8,0,0.0,0.0,,,0.999246,0.000377,0.0,18,0,8,5
metrics,gated,metrics,ABCD,46,0.26,isolated,8,8,0,0,0,0,8,0,0.0,0.0,,,0.999085,0.000458,0.0,3,0,8,2
metrics,gated,metrics,ABCD,46,0.26,scanner_blank_1,8,8,0,0,0,0,8,0,0.0,0.0,,,0.087305,0.725388,0.0,15,0,8,8
metrics,gated,metrics,ABCD,46,0.26,scanner_blank_2,8,8,0,0,0,0,8,0,0.0,0.0,,,0.005164,0.965268,0.0,32,0,8,9
metrics,gated,metrics,ABCD,46,0.26,scanner_row_delete_1,8,8,0,0,1,0,7,0,0.0,0.125,,,0.377159,0.437845,0.678571,28,19,8,10
metrics,gated,metrics,ABCD,46,0.26,scanner_row_delete_2,8,8,0,0,0,0,8,0,0.0,0.0,,,0.000477,0.983613,0.0,13,0,8,13
metrics,gated,metrics,ABCD,46,0.26,scanner_misread_1,8,0,8,0,0,0,0,8,,,0.0,0.312344,0.0,0.000463,,0,0,8,0
metrics,gated,metrics,ABCD,46,0.26,scanner_misread_4,8,0,8,0,0,0,0,8,,,0.0,0.312344,0.0,0.000505,,0,0,8,0
metrics,gated,metrics,ABCD,46,0.26,scanner_faint_1,8,0,8,0,0,0,0,8,,,0.0,0.312344,1e-06,0.000848,,0,0,8,0
metrics,gated,metrics,ABCD,46,0.26,scanner_faint_4,8,0,8,0,0,0,0,8,,,0.0,0.312344,6e-06,0.002412,,0,0,8,0
metrics,gated,metrics,ABCD,46,0.26,scanner_double_4,8,0,8,0,0,0,0,8,,,0.0,0.312344,2.6e-05,0.004198,,0,0,8,0
metrics,gated,metrics,ABCD,46,0.26,adv_long_runs,8,0,8,0,0,0,0,8,,,0.0,0.312344,0.0,0.00046,,0,0,8,0
metrics,gated,metrics,ABCD,46,0.26,adv_favourite,8,0,8,0,0,0,0,8,,,0.0,0.312344,0.0,0.000123,,0,0,8,0
metrics,gated,metrics,ABCD,46,0.26,adv_easy_block,8,0,8,0,0,0,0,8,,,0.0,0.312344,0.0,0.000335,,0,0,8,0
metrics,gated,metrics,ABCD,46,0.26,adv_key_leakage,8,8,0,0,0,0,8,0,0.0,0.0,,,4e-05,0.997059,0.0,267,0,8,0
metrics,gated,metrics,ABCD,46,0.26,adv_cycle,8,0,8,0,0,0,0,8,,,0.0,0.312344,0.0,0.000566,,0,0,8,0
metrics,gated,metrics,ABCD,46,0.4,none,8,0,8,0,0,0,0,8,,,0.0,0.312344,0.0,0.000368,,0,0,8,0
metrics,gated,metrics,ABCD,46,0.4,row_skip_1,8,8,0,0,0,0,8,0,0.0,0.0,,,0.997641,0.001181,0.0,14,0,8,3
metrics,gated,metrics,ABCD,46,0.4,row_skip_2,8,8,0,0,0,0,8,0,0.0,0.0,,,0.998652,0.000674,0.0,23,0,8,6
metrics,gated,metrics,ABCD,46,0.4,early_full,8,8,0,0,0,0,8,0,0.0,0.0,,,0.870597,0.115921,0.0,50,0,8,3
metrics,gated,metrics,ABCD,46,0.4,boundary,8,8,0,0,0,0,8,0,0.0,0.0,,,0.998661,0.00067,0.0,9,0,8,2
metrics,gated,metrics,ABCD,46,0.4,short_local,8,8,0,0,0,0,8,0,0.0,0.0,,,0.998342,0.00083,0.0,11,0,8,2
metrics,gated,metrics,ABCD,46,0.4,whole_section,8,8,0,0,0,0,8,0,0.0,0.0,,,0.995896,0.002061,0.0,28,0,8,1
metrics,gated,metrics,ABCD,46,0.4,anxiety,8,8,0,0,0,0,8,0,0.0,0.0,,,0.984613,0.007926,0.0,18,0,8,13
metrics,gated,metrics,ABCD,46,0.4,double_shift,8,8,0,0,0,0,8,0,0.0,0.0,,,0.998573,0.000714,0.0,23,0,8,10
metrics,gated,metrics,ABCD,46,0.4,self_corrected,8,8,0,0,0,0,8,0,0.0,0.0,,,0.997656,0.001173,0.0,24,0,8,5
metrics,gated,metrics,ABCD,46,0.4,deferred,8,8,0,0,0,0,8,0,0.0,0.0,,,0.995081,0.002476,0.0,23,0,8,16
metrics,gated,metrics,ABCD,46,0.4,isolated,8,8,0,0,0,0,8,0,0.0,0.0,,,0.999367,0.000317,0.0,3,0,8,3
metrics,gated,metrics,ABCD,46,0.4,scanner_blank_1,8,8,0,1,0,0,7,0,0.125,0.125,,,0.008374,0.947608,0.157895,38,6,8,0
metrics,gated,metrics,ABCD,46,0.4,scanner_blank_2,8,8,0,0,0,0,8,0,0.0,0.0,,,0.000154,0.990762,0.0,27,0,8,0
metrics,gated,metrics,ABCD,46,0.4,scanner_row_delete_1,8,8,0,0,0,0,8,0,0.0,0.0,,,0.213557,0.623663,0.0,23,0,8,5
metrics,gated,metrics,ABCD,46,0.4,scanner_row_delete_2,8,8,0,0,0,0,8,0,0.0,0.0,,,0.000665,0.984477,0.0,39,0,8,1
metrics,gated,metrics,ABCD,46,0.4,scanner_misread_1,8,0,8,0,0,0,0,8,,,0.0,0.312344,1e-06,0.000689,,0,0,8,0
metrics,gated,metrics,ABCD,46,0.4,scanner_misread_4,8,0,8,0,0,0,0,8,,,0.0,0.312344,0.0,0.000305,,0,0,8,0
metrics,gated,metrics,ABCD,46,0.4,scanner_faint_1,8,0,8,0,0,0,0,8,,,0.0,0.312344,0.0,0.000546,,0,0,8,0
metrics,gated,metrics,ABCD,46,0.4,scanner_faint_4,8,0,8,0,0,0,0,8,,,0.0,0.312344,7e-06,0.001747,,0,0,8,0
metrics,gated,metrics,ABCD,46,0.4,scanner_double_4,8,0,8,0,0,0,0,8,,,0.0,0.312344,3e-06,0.001413,,0,0,8,0
metrics,gated,metrics,ABCD,46,0.4,adv_long_runs,8,0,8,0,0,0,0,8,,,0.0,0.312344,0.0,0.000513,,0,0,8,0
metrics,gated,metrics,ABCD,46,0.4,adv_favourite,8,0,8,0,0,0,0,8,,,0.0,0.312344,0.0,7.6e-05,,0,0,8,0
metrics,gated,metrics,ABCD,46,0.4,adv_easy_block,8,0,8,0,0,0,0,8,,,0.0,0.312344,0.0,0.000489,,0,0,8,0
metrics,gated,metrics,ABCD,46,0.4,adv_key_leakage,8,8,0,0,4,0,4,0,0.0,0.5,,,0.0,1.0,0.428044,271,116,8,0
metrics,gated,metrics,ABCD,46,0.4,adv_cycle,8,0,8,0,0,0,0,8,,,0.0,0.312344,3.2e-05,0.002601,,0,0,8,0
metrics,gated,metrics,ABCD,46,0.55,none,8,0,8,0,0,0,0,8,,,0.0,0.312344,8e-06,0.001138,,0,0,8,0
metrics,gated,metrics,ABCD,46,0.55,row_skip_1,8,8,0,0,0,0,8,0,0.0,0.0,,,0.783143,0.132078,0.0,42,0,8,0
metrics,gated,metrics,ABCD,46,0.55,row_skip_2,8,8,0,0,0,0,8,0,0.0,0.0,,,0.869926,0.117722,0.0,41,0,8,2
metrics,gated,metrics,ABCD,46,0.55,early_full,8,8,0,2,0,0,6,0,0.25,0.25,,,0.377482,0.507174,0.291139,79,23,8,2
metrics,gated,metrics,ABCD,46,0.55,boundary,8,8,0,0,0,0,8,0,0.0,0.0,,,0.993328,0.003353,0.0,20,0,8,3
metrics,gated,metrics,ABCD,46,0.55,short_local,8,8,0,0,0,0,8,0,0.0,0.0,,,0.87763,0.090957,0.0,13,0,8,3
metrics,gated,metrics,ABCD,46,0.55,whole_section,8,8,0,0,0,0,8,0,0.0,0.0,,,0.791241,0.121355,0.0,53,0,8,1
metrics,gated,metrics,ABCD,46,0.55,anxiety,8,8,0,0,0,0,8,0,0.0,0.0,,,0.727115,0.212329,0.0,48,0,8,0
metrics,gated,metrics,ABCD,46,0.55,double_shift,8,8,0,0,0,0,8,0,0.0,0.0,,,0.8862,0.072216,0.0,44,0,8,13
metrics,gated,metrics,ABCD,46,0.55,self_corrected,8,8,0,0,0,0,8,0,0.0,0.0,,,0.811437,0.103795,0.0,50,0,8,1
metrics,gated,metrics,ABCD,46,0.55,deferred,8,8,0,1,0,0,7,0,0.125,0.125,,,0.67682,0.281125,0.181818,44,8,8,6
metrics,gated,metrics,ABCD,46,0.55,isolated,8,8,0,0,0,0,8,0,0.0,0.0,,,0.990876,0.00461,0.0,5,0,8,2
metrics,gated,metrics,ABCD,46,0.55,scanner_blank_1,8,8,0,1,0,0,7,0,0.125,0.125,,,0.05303,0.879456,0.22807,57,13,8,0
metrics,gated,metrics,ABCD,46,0.55,scanner_blank_2,8,8,0,0,0,0,8,0,0.0,0.0,,,0.003186,0.972046,0.0,51,0,8,1
metrics,gated,metrics,ABCD,46,0.55,scanner_row_delete_1,8,8,0,0,1,0,7,0,0.0,0.125,,,0.143914,0.773884,0.28,50,14,8,4
metrics,gated,metrics,ABCD,46,0.55,scanner_row_delete_2,8,8,0,0,0,0,8,0,0.0,0.0,,,3.7e-05,0.996382,0.0,51,0,8,0
metrics,gated,metrics,ABCD,46,0.55,scanner_misread_1,8,0,8,0,0,0,0,8,,,0.0,0.312344,0.0,0.000359,,0,0,8,0
metrics,gated,metrics,ABCD,46,0.55,scanner_misread_4,8,0,8,0,0,0,0,8,,,0.0,0.312344,0.0,0.000494,,0,0,8,0
metrics,gated,metrics,ABCD,46,0.55,scanner_faint_1,8,0,8,0,0,0,0,8,,,0.0,0.312344,4.6e-05,0.003221,,0,0,8,0
metrics,gated,metrics,ABCD,46,0.55,scanner_faint_4,8,0,8,0,0,0,0,8,,,0.0,0.312344,0.000175,0.007641,,0,0,8,0
metrics,gated,metrics,ABCD,46,0.55,scanner_double_4,8,0,8,0,0,0,0,8,,,0.0,0.312344,2.3e-05,0.002928,,0,0,8,0
metrics,gated,metrics,ABCD,46,0.55,adv_long_runs,8,0,8,0,0,0,0,8,,,0.0,0.312344,1e-06,0.000939,,0,0,8,0
metrics,gated,metrics,ABCD,46,0.55,adv_favourite,8,0,8,0,0,0,0,8,,,0.0,0.312344,0.0,9.5e-05,,0,0,8,0
metrics,gated,metrics,ABCD,46,0.55,adv_easy_block,8,0,8,0,0,0,0,8,,,0.0,0.312344,0.0,0.000412,,0,0,8,0
metrics,gated,metrics,ABCD,46,0.55,adv_key_leakage,8,8,0,0,7,0,1,0,0.0,0.875,,,0.0,1.0,0.774074,270,209,8,0
metrics,gated,metrics,ABCD,46,0.55,adv_cycle,8,0,8,0,0,0,0,8,,,0.0,0.312344,0.000707,0.014582,,0,0,8,0
metrics,gated,metrics,ABCD,46,0.7,none,8,0,8,0,0,0,0,8,,,0.0,0.312344,7e-06,0.001064,,0,0,8,0
metrics,gated,metrics,ABCD,46,0.7,row_skip_1,8,8,0,2,0,0,6,0,0.25,0.25,,,0.49261,0.479261,0.428571,63,27,8,0
metrics,gated,metrics,ABCD,46,0.7,row_skip_2,8,8,0,0,0,0,8,0,0.0,0.0,,,0.696278,0.279775,0.0,48,0,8,2
metrics,gated,metrics,ABCD,46,0.7,early_full,8,8,0,6,0,0,2,0,0.75,0.75,,,0.2339,0.757316,0.77451,102,79,8,2
metrics,gated,metrics,ABCD,46,0.7,boundary,8,8,0,0,0,0,8,0,0.0,0.0,,,0.747368,0.239271,0.0,27,0,8,1
metrics,gated,metrics,ABCD,46,0.7,short_local,8,8,0,0,0,0,8,0,0.0,0.0,,,0.869839,0.120158,0.0,17,0,8,0
metrics,gated,metrics,ABCD,46,0.7,whole_section,8,8,0,0,1,0,7,0,0.0,0.125,,,0.644143,0.309642,0.264706,34,9,8,7
metrics,gated,metrics,ABCD,46,0.7,anxiety,8,8,0,0,2,0,6,0,0.0,0.25,,,0.500273,0.463199,0.487179,39,19,8,10
metrics,gated,metrics,ABCD,46,0.7,double_shift,8,8,0,0,0,0,8,0,0.0,0.0,,,0.677957,0.283982,0.0,59,0,8,0
metrics,gated,metrics,ABCD,46,0.7,self_corrected,8,8,0,2,0,0,6,0,0.25,0.25,,,0.470854,0.47203,0.436364,55,24,8,1
metrics,gated,metrics,ABCD,46,0.7,deferred,8,8,0,1,3,0,4,0,0.125,0.5,,,0.471915,0.514433,0.716667,60,43,8,6
metrics,gated,metrics,ABCD,46,0.7,isolated,8,8,0,0,0,0,8,0,0.0,0.0,,,0.965318,0.018717,0.0,6,0,8,1
metrics,gated,metrics,ABCD,46,0.7,scanner_blank_1,8,8,0,2,0,0,6,0,0.25,0.25,,,0.014889,0.955351,0.467532,77,36,8,0
metrics,gated,metrics,ABCD,46,0.7,scanner_blank_2,8,8,0,0,0,0,8,0,0.0,0.0,,,0.004268,0.976903,0.0,79,0,8,1
metrics,gated,metrics,ABCD,46,0.7,scanner_row_delete_1,8,8,0,2,1,0,5,0,0.25,0.375,,,0.180013,0.755632,0.738095,42,31,8,10
metrics,gated,metrics,ABCD,46,0.7,scanner_row_delete_2,8,8,0,0,0,0,8,0,0.0,0.0,,,0.133077,0.835195,0.0,51,0,8,5
metrics,gated,metrics,ABCD,46,0.7,scanner_misread_1,8,0,8,0,0,0,0,8,,,0.0,0.312344,3e-06,0.000893,,0,0,8,0
metrics,gated,metrics,ABCD,46,0.7,scanner_misread_4,8,0,8,0,0,0,0,8,,,0.0,0.312344,1e-06,0.000494,,0,0,8,0
metrics,gated,metrics,ABCD,46,0.7,scanner_faint_1,8,0,8,0,0,0,0,8,,,0.0,0.312344,1e-06,0.000599,,0,0,8,0
metrics,gated,metrics,ABCD,46,0.7,scanner_faint_4,8,0,8,0,0,0,0,8,,,0.0,0.312344,0.000315,0.00783,,0,0,8,0
metrics,gated,metrics,ABCD,46,0.7,scanner_double_4,8,0,8,0,0,0,0,8,,,0.0,0.312344,0.000112,0.004575,,0,0,8,0
metrics,gated,metrics,ABCD,46,0.7,adv_long_runs,8,0,8,0,0,0,0,8,,,0.0,0.312344,1.5e-05,0.002756,,0,0,8,0
metrics,gated,metrics,ABCD,46,0.7,adv_favourite,8,0,8,0,0,0,0,8,,,0.0,0.312344,0.0,9.3e-05,,0,0,8,0
metrics,gated,metrics,ABCD,46,0.7,adv_easy_block,8,0,8,0,0,0,0,8,,,0.0,0.312344,0.010978,0.042249,,0,0,8,0
metrics,gated,metrics,ABCD,46,0.7,adv_key_leakage,8,8,0,0,6,0,2,0,0.0,0.75,,,0.0,1.0,0.675573,262,177,8,0
metrics,gated,metrics,ABCD,46,0.7,adv_cycle,8,0,8,0,0,0,0,8,,,0.0,0.312344,0.105642,0.166926,,0,0,8,0
metrics,gated,metrics,ABCD,46,0.85,none,8,0,8,0,0,0,0,8,,,0.0,0.312344,2e-06,0.000617,,0,0,8,0
metrics,gated,metrics,ABCD,46,0.85,row_skip_1,8,8,0,1,1,0,6,0,0.125,0.25,,,0.263308,0.682345,0.430769,65,28,8,0
metrics,gated,metrics,ABCD,46,0.85,row_skip_2,8,8,0,0,0,0,8,0,0.0,0.0,,,0.386095,0.566544,0.0,67,0,8,1
metrics,gated,metrics,ABCD,46,0.85,early_full,8,8,0,7,0,0,1,0,0.875,0.875,,,0.1225,0.876256,0.931677,161,150,8,1
metrics,gated,metrics,ABCD,46,0.85,boundary,8,8,0,1,1,0,6,0,0.125,0.25,,,0.624486,0.374266,0.652174,46,30,8,1
metrics,gated,metrics,ABCD,46,0.85,short_local,8,8,0,0,0,0,8,0,0.0,0.0,,,0.199461,0.697165,0.0,42,0,8,1
metrics,gated,metrics,ABCD,46,0.85,whole_section,8,8,0,3,2,0,3,0,0.375,0.625,,,0.125115,0.863436,0.698795,83,58,8,0
metrics,gated,metrics,ABCD,46,0.85,anxiety,8,8,0,2,0,0,6,0,0.25,0.25,,,0.289865,0.670281,0.446154,65,29,8,8
metrics,gated,metrics,ABCD,46,0.85,double_shift,8,8,0,2,0,0,6,0,0.25,0.25,,,0.0,0.999924,0.125984,127,16,8,2
metrics,gated,metrics,ABCD,46,0.85,self_corrected,8,8,0,3,0,0,5,0,0.375,0.375,,,0.07182,0.905139,0.417582,91,38,8,0
metrics,gated,metrics,ABCD,46,0.85,deferred,8,8,0,3,0,0,5,0,0.375,0.375,,,0.250505,0.728719,0.655556,90,59,8,0
metrics,gated,metrics,ABCD,46,0.85,isolated,8,8,0,0,0,0,8,0,0.0,0.0,,,0.999274,0.000363,0.0,10,0,8,0
metrics,gated,metrics,ABCD,46,0.85,scanner_blank_1,8,8,0,3,0,0,5,0,0.375,0.375,,,0.01442,0.957343,0.597403,77,46,8,0
metrics,gated,metrics,ABCD,46,0.85,scanner_blank_2,8,8,0,0,0,0,8,0,0.0,0.0,,,0.05856,0.887969,0.0,57,0,8,3
metrics,gated,metrics,ABCD,46,0.85,scanner_row_delete_1,8,8,0,4,0,0,4,0,0.5,0.5,,,0.092344,0.892213,0.75,96,72,8,0
metrics,gated,metrics,ABCD,46,0.85,scanner_row_delete_2,8,8,0,0,0,0,8,0,0.0,0.0,,,0.002281,0.983116,0.0,96,0,8,2
metrics,gated,metrics,ABCD,46,0.85,scanner_misread_1,8,0,8,0,0,0,0,8,,,0.0,0.312344,0.051121,0.080164,,0,0,8,0
metrics,gated,metrics,ABCD,46,0.85,scanner_misread_4,8,0,8,0,0,0,0,8,,,0.0,0.312344,9e-06,0.002145,,0,0,8,0
metrics,gated,metrics,ABCD,46,0.85,scanner_faint_1,8,0,8,0,0,0,0,8,,,0.0,0.312344,0.0,0.000218,,0,0,8,0
metrics,gated,metrics,ABCD,46,0.85,scanner_faint_4,8,0,8,0,0,0,0,8,,,0.0,0.312344,0.00097,0.011285,,0,0,8,0
metrics,gated,metrics,ABCD,46,0.85,scanner_double_4,8,0,8,0,0,0,0,8,,,0.0,0.312344,0.005925,0.028511,,0,0,8,0
metrics,gated,metrics,ABCD,46,0.85,adv_long_runs,8,0,8,0,0,0,0,8,,,0.0,0.312344,0.000104,0.006772,,0,0,8,0
metrics,gated,metrics,ABCD,46,0.85,adv_favourite,8,0,8,0,0,0,0,8,,,0.0,0.312344,0.0,0.000138,,0,0,8,0
metrics,gated,metrics,ABCD,46,0.85,adv_easy_block,8,0,8,0,0,0,0,8,,,0.0,0.312344,0.127037,0.182221,,0,0,8,0
metrics,gated,metrics,ABCD,46,0.85,adv_key_leakage,8,8,0,0,7,0,1,0,0.0,0.875,,,0.0,1.0,0.823308,266,219,8,0
metrics,gated,metrics,ABCD,46,0.85,adv_cycle,8,0,8,0,0,0,0,8,,,0.0,0.312344,0.271247,0.349154,,0,0,8,0
metrics,gated,metrics,ABCD,46,0.95,none,8,0,8,0,0,0,0,8,,,0.0,0.312344,0.010413,0.036098,,0,0,8,0
metrics,gated,metrics,ABCD,46,0.95,row_skip_1,8,8,0,2,0,0,6,0,0.25,0.25,,,0.135479,0.819395,0.575758,66,38,8,0
metrics,gated,metrics,ABCD,46,0.95,row_skip_2,8,8,0,0,0,0,8,0,0.0,0.0,,,0.285726,0.672737,0.0,85,0,8,2
metrics,gated,metrics,ABCD,46,0.95,early_full,8,8,0,6,1,0,1,0,0.75,0.875,,,5.5e-05,0.997385,0.927835,194,180,8,1
metrics,gated,metrics,ABCD,46,0.95,boundary,8,8,0,1,0,0,7,0,0.125,0.125,,,0.481599,0.47812,0.378378,37,14,8,3
metrics,gated,metrics,ABCD,46,0.95,short_local,8,8,0,0,0,0,8,0,0.0,0.0,,,0.464382,0.486161,0.0,28,0,8,1
metrics,gated,metrics,ABCD,46,0.95,whole_section,8,8,0,3,1,0,4,0,0.375,0.5,,,0.000335,0.993515,0.606061,99,60,8,0
metrics,gated,metrics,ABCD,46,0.95,anxiety,8,8,0,0,3,0,5,0,0.0,0.375,,,1e-06,0.999648,0.531532,111,59,8,0
metrics,gated,metrics,ABCD,46,0.95,double_shift,8,8,0,4,1,0,3,0,0.5,0.625,,,0.0,1.0,0.541667,168,91,8,2
metrics,gated,metrics,ABCD,46,0.95,self_corrected,8,8,0,5,1,0,2,0,0.625,0.75,,,0.229571,0.760498,0.869048,84,73,8,2
metrics,gated,metrics,ABCD,46,0.95,deferred,8,8,0,5,0,0,3,0,0.625,0.625,,,0.131393,0.842751,0.775362,138,107,8,0
metrics,gated,metrics,ABCD,46,0.95,isolated,8,8,0,0,0,0,8,0,0.0,0.0,,,0.995516,0.00225,0.0,9,0,8,0
metrics,gated,metrics,ABCD,46,0.95,scanner_blank_1,8,8,0,5,0,0,3,0,0.625,0.625,,,0.003215,0.979928,0.931034,116,108,8,4
metrics,gated,metrics,ABCD,46,0.95,scanner_blank_2,8,8,0,0,0,0,8,0,0.0,0.0,,,0.000515,0.991975,0.0,107,0,8,1
metrics,gated,metrics,ABCD,46,0.95,scanner_row_delete_1,8,8,0,0,1,0,7,0,0.0,0.125,,,0.003918,0.977866,0.333333,69,23,8,0
metrics,gated,metrics,ABCD,46,0.95,scanner_row_delete_2,8,8,0,2,0,0,6,0,0.25,0.25,,,8.7e-05,0.99669,0.52809,89,47,8,0
metrics,gated,metrics,ABCD,46,0.95,scanner_misread_1,8,0,8,0,0,0,0,8,,,0.0,0.312344,0.015152,0.043926,,0,0,8,0
metrics,gated,metrics,ABCD,46,0.95,scanner_misread_4,8,0,8,0,0,0,0,8,,,0.0,0.312344,0.004635,0.024291,,0,0,8,0
metrics,gated,metrics,ABCD,46,0.95,scanner_faint_1,8,0,8,0,0,0,0,8,,,0.0,0.312344,0.0,0.000101,,0,0,8,0
metrics,gated,metrics,ABCD,46,0.95,scanner_faint_4,8,0,8,0,0,0,0,8,,,0.0,0.312344,0.054282,0.113426,,0,0,8,0
metrics,gated,metrics,ABCD,46,0.95,scanner_double_4,8,0,8,0,0,0,0,8,,,0.0,0.312344,0.123534,0.141992,,0,0,8,0
metrics,gated,metrics,ABCD,46,0.95,adv_long_runs,8,0,8,0,0,0,0,8,,,0.0,0.312344,1e-05,0.002342,,0,0,8,0
metrics,gated,metrics,ABCD,46,0.95,adv_favourite,8,0,8,0,0,0,0,8,,,0.0,0.312344,0.0,0.000146,,0,0,8,0
metrics,gated,metrics,ABCD,46,0.95,adv_easy_block,8,0,8,0,0,0,0,8,,,0.0,0.312344,0.252102,0.287751,,0,0,8,0
metrics,gated,metrics,ABCD,46,0.95,adv_key_leakage,8,8,0,0,6,0,2,0,0.0,0.75,,,0.0,1.0,0.723077,260,188,8,0
metrics,gated,metrics,ABCD,46,0.95,adv_cycle,8,0,8,0,0,0,0,8,,,0.0,0.312344,0.142999,0.283409,,0,0,8,0
metrics,gated,metrics,ABCD,90,0.26,none,8,0,8,0,0,0,0,8,,,0.0,0.312344,1e-06,0.000901,,0,0,8,0
metrics,gated,metrics,ABCD,90,0.26,row_skip_1,8,8,0,0,0,0,8,0,0.0,0.0,,,0.998707,0.000647,0.0,13,0,8,10
metrics,gated,metrics,ABCD,90,0.26,row_skip_2,8,8,0,0,0,0,8,0,0.0,0.0,,,0.997789,0.001106,0.0,16,0,8,8
metrics,gated,metrics,ABCD,90,0.26,early_full,8,8,0,0,0,0,8,0,0.0,0.0,,,0.996541,0.001733,0.0,25,0,8,19
metrics,gated,metrics,ABCD,90,0.26,boundary,8,8,0,0,0,0,8,0,0.0,0.0,,,0.997835,0.001083,0.0,10,0,8,6
metrics,gated,metrics,ABCD,90,0.26,short_local,8,8,0,0,0,0,8,0,0.0,0.0,,,0.998128,0.000937,0.0,1,0,8,10
metrics,gated,metrics,ABCD,90,0.26,whole_section,8,8,0,0,0,0,8,0,0.0,0.0,,,0.998328,0.000837,0.0,10,0,8,16
metrics,gated,metrics,ABCD,90,0.26,anxiety,8,8,0,0,0,0,8,0,0.0,0.0,,,0.998236,0.000883,0.0,7,0,8,13
metrics,gated,metrics,ABCD,90,0.26,double_shift,8,8,0,0,0,0,8,0,0.0,0.0,,,0.789526,0.179181,0.0,35,0,8,29
metrics,gated,metrics,ABCD,90,0.26,self_corrected,8,8,0,0,0,0,8,0,0.0,0.0,,,0.995687,0.002165,0.0,19,0,8,9
metrics,gated,metrics,ABCD,90,0.26,deferred,8,8,0,0,0,0,8,0,0.0,0.0,,,0.998131,0.000935,0.0,9,0,8,26
metrics,gated,metrics,ABCD,90,0.26,isolated,8,8,0,0,0,0,8,0,0.0,0.0,,,0.932287,0.039928,0.0,2,0,8,2
metrics,gated,metrics,ABCD,90,0.26,scanner_blank_1,8,8,0,0,0,0,8,0,0.0,0.0,,,0.033336,0.836254,0.0,20,0,8,14
metrics,gated,metrics,ABCD,90,0.26,scanner_blank_2,8,8,0,0,0,0,8,0,0.0,0.0,,,0.000928,0.979126,0.0,34,0,8,15
metrics,gated,metrics,ABCD,90,0.26,scanner_row_delete_1,8,8,0,0,0,0,8,0,0.0,0.0,,,0.090266,0.735679,0.0,39,0,8,10
metrics,gated,metrics,ABCD,90,0.26,scanner_row_delete_2,8,8,0,0,0,0,8,0,0.0,0.0,,,2.6e-05,0.995482,0.0,27,0,8,24
metrics,gated,metrics,ABCD,90,0.26,scanner_misread_1,8,0,8,0,0,0,0,8,,,0.0,0.312344,1e-06,0.001088,,0,0,8,0
metrics,gated,metrics,ABCD,90,0.26,scanner_misread_4,8,0,8,0,0,0,0,8,,,0.0,0.312344,1e-06,0.000914,,0,0,8,0
metrics,gated,metrics,ABCD,90,0.26,scanner_faint_1,8,0,8,0,0,0,0,8,,,0.0,0.312344,2e-06,0.001475,,0,0,8,0
metrics,gated,metrics,ABCD,90,0.26,scanner_faint_4,8,0,8,0,0,0,0,8,,,0.0,0.312344,1.4e-05,0.003376,,0,0,8,0
metrics,gated,metrics,ABCD,90,0.26,scanner_double_4,8,0,8,0,0,0,0,8,,,0.0,0.312344,9e-06,0.002939,,0,0,8,0
metrics,gated,metrics,ABCD,90,0.26,adv_long_runs,8,0,8,0,0,0,0,8,,,0.0,0.312344,1e-06,0.000749,,0,0,8,0
metrics,gated,metrics,ABCD,90,0.26,adv_favourite,8,0,8,0,0,0,0,8,,,0.0,0.312344,0.0,9.4e-05,,0,0,8,0
metrics,gated,metrics,ABCD,90,0.26,adv_easy_block,8,0,8,0,0,0,0,8,,,0.0,0.312344,5e-05,0.004031,,0,0,8,0
metrics,gated,metrics,ABCD,90,0.26,adv_key_leakage,8,8,0,0,0,0,8,0,0.0,0.0,,,0.0,1.0,0.0,538,0,8,0
metrics,gated,metrics,ABCD,90,0.26,adv_cycle,8,0,8,0,0,0,0,8,,,0.0,0.312344,1e-06,0.000844,,0,0,8,0
metrics,gated,metrics,ABCD,90,0.4,none,8,0,8,0,0,0,0,8,,,0.0,0.312344,1.8e-05,0.002394,,0,0,8,0
metrics,gated,metrics,ABCD,90,0.4,row_skip_1,8,8,0,0,0,0,8,0,0.0,0.0,,,0.923507,0.044122,0.0,38,0,8,8
metrics,gated,metrics,ABCD,90,0.4,row_skip_2,8,8,0,0,0,0,8,0,0.0,0.0,,,0.873197,0.125228,0.0,59,0,8,6
metrics,gated,metrics,ABCD,90,0.4,early_full,8,8,0,2,0,0,6,0,0.25,0.25,,,0.721723,0.264563,0.544776,134,73,8,3
metrics,gated,metrics,ABCD,90,0.4,boundary,8,8,0,0,0,0,8,0,0.0,0.0,,,0.99727,0.001367,0.0,17,0,8,14
metrics,gated,metrics,ABCD,90,0.4,short_local,8,8,0,0,0,0,8,0,0.0,0.0,,,0.996886,0.001559,0.0,12,0,8,4
metrics,gated,metrics,ABCD,90,0.4,whole_section,8,8,0,0,0,0,8,0,0.0,0.0,,,0.894877,0.065221,0.0,62,0,8,0
metrics,gated,metrics,ABCD,90,0.4,anxiety,8,8,0,0,0,0,8,0,0.0,0.0,,,0.867643,0.106147,0.0,45,0,8,8
metrics,gated,metrics,ABCD,90,0.4,double_shift,8,8,0,1,0,0,7,0,0.125,0.125,,,0.856432,0.133251,0.180328,61,11,8,3
metrics,gated,metrics,ABCD,90,0.4,self_corrected,8,8,0,0,0,0,8,0,0.0,0.0,,,0.745614,0.251022,0.0,53,0,8,0
metrics,gated,metrics,ABCD,90,0.4,deferred,8,8,0,1,0,0,7,0,0.125,0.125,,,0.750606,0.194988,0.206897,87,18,8,0
metrics,gated,metrics,ABCD,90,0.4,isolated,8,8,0,0,0,0,8,0,0.0,0.0,,,0.998663,0.000669,0.0,6,0,8,0
metrics,gated,metrics,ABCD,90,0.4,scanner_blank_1,8,8,0,1,0,0,7,0,0.125,0.125,,,0.027582,0.873708,0.486486,37,18,8,4
metrics,gated,metrics,ABCD,90,0.4,scanner_blank_2,8,8,0,0,0,0,8,0,0.0,0.0,,,0.000135,0.992376,0.0,32,0,8,5
metrics,gated,metrics,ABCD,90,0.4,scanner_row_delete_1,8,8,0,0,0,0,8,0,0.0,0.0,,,0.102595,0.78211,0.0,49,0,8,9
metrics,gated,metrics,ABCD,90,0.4,scanner_row_delete_2,8,8,0,0,0,0,8,0,0.0,0.0,,,0.000969,0.983777,0.0,48,0,8,0
metrics,gated,metrics,ABCD,90,0.4,scanner_misread_1,8,0,8,0,0,0,0,8,,,0.0,0.312344,1e-06,0.000654,,0,0,8,0
metrics,gated,metrics,ABCD,90,0.4,scanner_misread_4,8,0,8,0,0,0,0,8,,,0.0,0.312344,1e-06,0.000737,,0,0,8,0
metrics,gated,metrics,ABCD,90,0.4,scanner_faint_1,8,0,8,0,0,0,0,8,,,0.0,0.312344,0.000291,0.007137,,0,0,8,0
metrics,gated,metrics,ABCD,90,0.4,scanner_faint_4,8,0,8,0,0,0,0,8,,,0.0,0.312344,2e-06,0.001423,,0,0,8,0
metrics,gated,metrics,ABCD,90,0.4,scanner_double_4,8,0,8,0,0,0,0,8,,,0.0,0.312344,0.004486,0.024899,,0,0,8,0
metrics,gated,metrics,ABCD,90,0.4,adv_long_runs,8,0,8,0,0,0,0,8,,,0.0,0.312344,1e-06,0.001052,,0,0,8,0
metrics,gated,metrics,ABCD,90,0.4,adv_favourite,8,0,8,0,0,0,0,8,,,0.0,0.312344,0.0,7.2e-05,,0,0,8,0
metrics,gated,metrics,ABCD,90,0.4,adv_easy_block,8,0,8,0,0,0,0,8,,,0.0,0.312344,0.000141,0.008031,,0,0,8,0
metrics,gated,metrics,ABCD,90,0.4,adv_key_leakage,8,8,0,0,4,0,4,0,0.0,0.5,,,0.0,1.0,0.476562,512,244,8,0
metrics,gated,metrics,ABCD,90,0.4,adv_cycle,8,0,8,0,0,0,0,8,,,0.0,0.312344,3e-06,0.001492,,0,0,8,0
metrics,gated,metrics,ABCD,90,0.55,none,8,0,8,0,0,0,0,8,,,0.0,0.312344,2.8e-05,0.002421,,0,0,8,0
metrics,gated,metrics,ABCD,90,0.55,row_skip_1,8,8,0,0,3,0,5,0,0.0,0.375,,,0.613863,0.380256,0.690476,84,58,8,0
metrics,gated,metrics,ABCD,90,0.55,row_skip_2,8,8,0,0,0,0,8,0,0.0,0.0,,,0.857548,0.133694,0.0,58,0,8,1
metrics,gated,metrics,ABCD,90,0.55,early_full,8,8,0,2,3,0,3,0,0.25,0.625,,,0.247463,0.751119,0.681081,185,126,8,0
metrics,gated,metrics,ABCD,90,0.55,boundary,8,8,0,2,1,0,5,0,0.25,0.375,,,0.588624,0.39435,0.639344,61,39,8,4
metrics,gated,metrics,ABCD,90,0.55,short_local,8,8,0,0,0,0,8,0,0.0,0.0,,,0.992685,0.003695,0.0,11,0,8,2
metrics,gated,metrics,ABCD,90,0.55,whole_section,8,8,0,0,2,0,6,0,0.0,0.25,,,0.321889,0.632653,0.276596,94,26,8,0
metrics,gated,metrics,ABCD,90,0.55,anxiety,8,8,0,0,1,0,7,0,0.0,0.125,,,0.631298,0.282486,0.365079,63,23,8,5
metrics,gated,metrics,ABCD,90,0.55,double_shift,8,8,0,1,2,0,5,0,0.125,0.375,,,0.134229,0.834291,0.222973,148,33,8,0
metrics,gated,metrics,ABCD,90,0.55,self_corrected,8,8,0,1,0,0,7,0,0.125,0.125,,,0.699066,0.226738,0.219512,41,9,8,1
metrics,gated,metrics,ABCD,90,0.55,deferred,8,8,0,1,3,0,4,0,0.125,0.5,,,0.467688,0.516522,0.633663,101,64,8,3
metrics,gated,metrics,ABCD,90,0.55,isolated,8,8,0,0,0,0,8,0,0.0,0.0,,,0.998994,0.000503,0.0,6,0,8,0
metrics,gated,metrics,ABCD,90,0.55,scanner_blank_1,8,8,0,0,0,0,8,0,0.0,0.0,,,0.066992,0.869787,0.0,62,0,8,1
metrics,gated,metrics,ABCD,90,0.55,scanner_blank_2,8,8,0,0,0,0,8,0,0.0,0.0,,,0.00215,0.977607,0.0,51,0,8,5
metrics,gated,metrics,ABCD,90,0.55,scanner_row_delete_1,8,8,0,0,3,0,5,0,0.0,0.375,,,0.212379,0.717214,0.84058,69,58,8,17
metrics,gated,metrics,ABCD,90,0.55,scanner_row_delete_2,8,8,0,0,1,0,7,0,0.0,0.125,,,6e-06,0.998577,0.290909,55,16,8,2
metrics,gated,metrics,ABCD,90,0.55,scanner_misread_1,8,0,8,0,0,0,0,8,,,0.0,0.312344,3.9e-05,0.002824,,0,0,8,0
metrics,gated,metrics,ABCD,90,0.55,scanner_misread_4,8,0,8,0,0,0,0,8,,,0.0,0.312344,6.5e-05,0.004599,,0,0,8,0
metrics,gated,metrics,ABCD,90,0.55,scanner_faint_1,8,0,8,0,0,0,0,8,,,0.0,0.312344,0.000202,0.005373,,0,0,8,0
metrics,gated,metrics,ABCD,90,0.55,scanner_faint_4,8,0,8,0,0,0,0,8,,,0.0,0.312344,8e-06,0.001671,,0,0,8,0
metrics,gated,metrics,ABCD,90,0.55,scanner_double_4,8,0,8,0,0,0,0,8,,,0.0,0.312344,1e-06,0.000671,,0,0,8,0
metrics,gated,metrics,ABCD,90,0.55,adv_long_runs,8,0,8,0,0,0,0,8,,,0.0,0.312344,3e-06,0.001623,,0,0,8,0
metrics,gated,metrics,ABCD,90,0.55,adv_favourite,8,0,8,0,0,0,0,8,,,0.0,0.312344,0.0,8.4e-05,,0,0,8,0
metrics,gated,metrics,ABCD,90,0.55,adv_easy_block,8,0,8,0,0,0,0,8,,,0.0,0.312344,0.000965,0.016573,,0,0,8,0
metrics,gated,metrics,ABCD,90,0.55,adv_key_leakage,8,8,0,0,8,0,0,0,0.0,1.0,,,0.0,1.0,0.961686,522,502,8,0
metrics,gated,metrics,ABCD,90,0.55,adv_cycle,8,0,8,0,0,0,0,8,,,0.0,0.312344,0.001998,0.02193,,0,0,8,0
metrics,gated,metrics,ABCD,90,0.7,none,8,0,8,0,0,0,0,8,,,0.0,0.312344,0.007533,0.030827,,0,0,8,0
metrics,gated,metrics,ABCD,90,0.7,row_skip_1,8,8,0,0,2,0,6,0,0.0,0.25,,,0.35903,0.573464,0.636364,110,70,8,6
metrics,gated,metrics,ABCD,90,0.7,row_skip_2,8,8,0,0,0,0,8,0,0.0,0.0,,,0.228901,0.732418,0.0,161,0,8,0
metrics,gated,metrics,ABCD,90,0.7,early_full,8,8,0,5,2,0,1,0,0.625,0.875,,,0.124786,0.875107,0.9,220,198,8,5
metrics,gated,metrics,ABCD,90,0.7,boundary,8,8,0,0,1,0,7,0,0.0,0.125,,,0.391471,0.553901,0.169811,53,9,8,3
metrics,gated,metrics,ABCD,90,0.7,short_local,8,8,0,0,0,0,8,0,0.0,0.0,,,0.79618,0.124249,0.0,20,0,8,1
metrics,gated,metrics,ABCD,90,0.7,whole_section,8,8,0,3,1,0,4,0,0.375,0.5,,,0.468617,0.515023,0.760563,71,54,8,5
metrics,gated,metrics,ABCD,90,0.7,anxiety,8,8,0,1,4,0,3,0,0.125,0.625,,,0.124365,0.875318,0.677215,158,107,8,0
metrics,gated,metrics,ABCD,90,0.7,double_shift,8,8,0,2,1,0,5,0,0.25,0.375,,,0.247117,0.75144,0.366667,150,55,8,13
metrics,gated,metrics,ABCD,90,0.7,self_corrected,8,8,0,3,1,0,4,0,0.375,0.5,,,0.25185,0.723349,0.56,75,42,8,0
metrics,gated,metrics,ABCD,90,0.7,deferred,8,8,0,0,3,0,5,0,0.0,0.375,,,0.250611,0.727434,0.644628,121,78,8,5
metrics,gated,metrics,ABCD,90,0.7,isolated,8,8,0,0,0,0,8,0,0.0,0.0,,,0.995568,0.002229,0.0,4,0,8,1
metrics,gated,metrics,ABCD,90,0.7,scanner_blank_1,8,8,0,3,0,0,5,0,0.375,0.375,,,6.1e-05,0.995861,0.710526,76,54,8,3
metrics,gated,metrics,ABCD,90,0.7,scanner_blank_2,8,8,0,0,0,0,8,0,0.0,0.0,,,0.0,0.999976,0.0,119,0,8,0
metrics,gated,metrics,ABCD,90,0.7,scanner_row_delete_1,8,8,0,2,2,0,4,0,0.25,0.5,,,0.074941,0.901228,0.801587,126,101,8,0
metrics,gated,metrics,ABCD,90,0.7,scanner_row_delete_2,8,8,0,0,0,0,8,0,0.0,0.0,,,0.001592,0.985473,0.0,203,0,8,0
metrics,gated,metrics,ABCD,90,0.7,scanner_misread_1,8,0,8,0,0,0,0,8,,,0.0,0.312344,0.001206,0.013008,,0,0,8,0
metrics,gated,metrics,ABCD,90,0.7,scanner_misread_4,8,0,8,0,0,0,0,8,,,0.0,0.312344,1.7e-05,0.001605,,0,0,8,0
metrics,gated,metrics,ABCD,90,0.7,scanner_faint_1,8,0,8,0,0,0,0,8,,,0.0,0.312344,2.2e-05,0.002271,,0,0,8,0
metrics,gated,metrics,ABCD,90,0.7,scanner_faint_4,8,0,8,0,0,0,0,8,,,0.0,0.312344,1e-06,0.000862,,0,0,8,0
metrics,gated,metrics,ABCD,90,0.7,scanner_double_4,8,0,8,0,0,0,0,8,,,0.0,0.312344,0.022244,0.063989,,0,0,8,0
metrics,gated,metrics,ABCD,90,0.7,adv_long_runs,8,0,8,0,0,0,0,8,,,0.0,0.312344,0.009862,0.036507,,0,0,8,0
metrics,gated,metrics,ABCD,90,0.7,adv_favourite,8,0,8,0,0,0,0,8,,,0.0,0.312344,0.0,9.3e-05,,0,0,8,0
metrics,gated,metrics,ABCD,90,0.7,adv_easy_block,8,0,8,0,0,0,0,8,,,0.0,0.312344,0.210573,0.303404,,0,0,8,0
metrics,gated,metrics,ABCD,90,0.7,adv_key_leakage,8,8,0,0,7,0,1,0,0.0,0.875,,,0.0,1.0,0.843866,538,454,8,0
metrics,gated,metrics,ABCD,90,0.7,adv_cycle,8,0,8,0,0,0,0,8,,,0.0,0.312344,0.000596,0.016472,,0,0,8,0
metrics,gated,metrics,ABCD,90,0.85,none,8,0,8,0,0,0,0,8,,,0.0,0.312344,0.0,0.000135,,0,0,8,0
metrics,gated,metrics,ABCD,90,0.85,row_skip_1,8,8,0,5,1,0,2,0,0.625,0.75,,,0.173804,0.796887,0.919355,186,171,8,0
metrics,gated,metrics,ABCD,90,0.85,row_skip_2,8,8,0,0,0,0,8,0,0.0,0.0,,,0.180135,0.789542,0.0,130,0,8,1
metrics,gated,metrics,ABCD,90,0.85,early_full,8,8,0,7,1,0,0,0,0.875,1.0,,,0.0,1.0,0.966942,363,351,8,2
metrics,gated,metrics,ABCD,90,0.85,boundary,8,8,0,1,0,0,7,0,0.125,0.125,,,0.307121,0.630242,0.396552,58,23,8,2
metrics,gated,metrics,ABCD,90,0.85,short_local,8,8,0,0,0,0,8,0,0.0,0.0,,,0.826728,0.130306,0.0,19,0,8,0
metrics,gated,metrics,ABCD,90,0.85,whole_section,8,8,0,4,3,0,1,0,0.5,0.875,,,0.12013,0.877459,0.898396,187,168,8,0
metrics,gated,metrics,ABCD,90,0.85,anxiety,8,8,0,4,1,0,3,0,0.5,0.625,,,0.052341,0.910789,0.862745,153,132,8,3
metrics,gated,metrics,ABCD,90,0.85,double_shift,8,8,0,2,2,0,4,0,0.25,0.5,,,0.120325,0.87736,0.403846,260,105,8,2
metrics,gated,metrics,ABCD,90,0.85,self_corrected,8,8,0,3,0,0,5,0,0.375,0.375,,,0.210363,0.770396,0.394366,71,28,8,0
metrics,gated,metrics,ABCD,90,0.85,deferred,8,8,0,3,3,0,2,0,0.375,0.75,,,0.03879,0.930354,0.776978,139,108,8,0
metrics,gated,metrics,ABCD,90,0.85,isolated,8,8,0,0,0,0,8,0,0.0,0.0,,,0.999659,0.00017,0.0,7,0,8,1
metrics,gated,metrics,ABCD,90,0.85,scanner_blank_1,8,8,0,4,0,0,4,0,0.5,0.5,,,0.062881,0.875101,0.886364,132,117,8,0
metrics,gated,metrics,ABCD,90,0.85,scanner_blank_2,8,8,0,0,0,0,8,0,0.0,0.0,,,0.0,1.0,0.0,119,0,8,0
metrics,gated,metrics,ABCD,90,0.85,scanner_row_delete_1,8,8,0,4,0,0,4,0,0.5,0.5,,,0.115062,0.880072,0.611842,152,93,8,4
metrics,gated,metrics,ABCD,90,0.85,scanner_row_delete_2,8,8,0,1,1,0,6,0,0.125,0.25,,,4.7e-05,0.997554,0.25,168,42,8,4
metrics,gated,metrics,ABCD,90,0.85,scanner_misread_1,8,0,8,0,0,0,0,8,,,0.0,0.312344,3e-06,0.00081,,0,0,8,0
metrics,gated,metrics,ABCD,90,0.85,scanner_misread_4,8,0,8,0,0,0,0,8,,,0.0,0.312344,0.019856,0.070772,,0,0,8,0
metrics,gated,metrics,ABCD,90,0.85,scanner_faint_1,8,0,8,0,0,0,0,8,,,0.0,0.312344,0.000134,0.00588,,0,0,8,0
metrics,gated,metrics,ABCD,90,0.85,scanner_faint_4,8,0,8,0,0,0,0,8,,,0.0,0.312344,0.002995,0.020039,,0,0,8,0
metrics,gated,metrics,ABCD,90,0.85,scanner_double_4,8,0,8,0,0,0,0,8,,,0.0,0.312344,0.176772,0.239403,,0,0,8,0
metrics,gated,metrics,ABCD,90,0.85,adv_long_runs,8,0,8,0,0,0,0,8,,,0.0,0.312344,0.00011,0.007985,,0,0,8,0
metrics,gated,metrics,ABCD,90,0.85,adv_favourite,8,0,8,0,0,0,0,8,,,0.0,0.312344,0.0,0.000114,,0,0,8,0
metrics,gated,metrics,ABCD,90,0.85,adv_easy_block,8,0,8,0,0,0,0,8,,,0.0,0.312344,0.242373,0.308314,,0,0,8,0
metrics,gated,metrics,ABCD,90,0.85,adv_key_leakage,8,8,0,0,6,0,2,0,0.0,0.75,,,0.0,1.0,0.730129,541,395,8,0
metrics,gated,metrics,ABCD,90,0.85,adv_cycle,8,0,8,0,0,0,0,8,,,0.0,0.312344,0.291973,0.337986,,0,0,8,0
metrics,gated,metrics,ABCD,90,0.95,none,8,0,8,0,0,0,0,8,,,0.0,0.312344,0.183623,0.21956,,0,0,8,0
metrics,gated,metrics,ABCD,90,0.95,row_skip_1,8,8,0,3,1,0,4,0,0.375,0.5,,,0.237138,0.749121,0.88785,214,190,8,0
metrics,gated,metrics,ABCD,90,0.95,row_skip_2,8,8,0,0,0,0,8,0,0.0,0.0,,,0.088306,0.894937,0.0,247,0,8,0
metrics,gated,metrics,ABCD,90,0.95,early_full,8,8,0,4,2,0,2,0,0.5,0.75,,,0.0,1.0,0.832905,389,324,8,0
metrics,gated,metrics,ABCD,90,0.95,boundary,8,8,0,3,0,0,5,0,0.375,0.375,,,0.128095,0.845406,0.765306,98,75,8,1
metrics,gated,metrics,ABCD,90,0.95,short_local,8,8,0,0,0,0,8,0,0.0,0.0,,,0.446176,0.487432,0.0,32,0,8,0
metrics,gated,metrics,ABCD,90,0.95,whole_section,8,8,0,5,2,0,1,0,0.625,0.875,,,0.000124,0.996056,0.928205,195,181,8,0
metrics,gated,metrics,ABCD,90,0.95,anxiety,8,8,0,2,1,0,5,0,0.25,0.375,,,0.2055,0.748777,0.725389,193,140,8,3
metrics,gated,metrics,ABCD,90,0.95,double_shift,8,8,0,3,0,0,5,0,0.375,0.375,,,0.097834,0.885504,0.410714,224,92,8,10
metrics,gated,metrics,ABCD,90,0.95,self_corrected,8,8,0,4,0,0,4,0,0.5,0.5,,,0.027762,0.940782,0.577465,71,41,8,0
metrics,gated,metrics,ABCD,90,0.95,deferred,8,8,0,7,0,0,1,0,0.875,0.875,,,0.0,1.0,0.888,250,222,8,0
metrics,gated,metrics,ABCD,90,0.95,isolated,8,8,0,0,0,0,8,0,0.0,0.0,,,0.984228,0.008132,0.0,8,0,8,0
metrics,gated,metrics,ABCD,90,0.95,scanner_blank_1,8,8,0,6,0,0,2,0,0.75,0.75,,,2.7e-05,0.998181,0.945378,238,225,8,0
metrics,gated,metrics,ABCD,90,0.95,scanner_blank_2,8,8,0,0,0,0,8,0,0.0,0.0,,,0.0,1.0,0.0,270,0,8,0
metrics,gated,metrics,ABCD,90,0.95,scanner_row_delete_1,8,8,0,4,0,0,4,0,0.5,0.5,,,0.0,0.999916,0.802817,142,114,8,0
metrics,gated,metrics,ABCD,90,0.95,scanner_row_delete_2,8,8,0,1,0,0,7,0,0.125,0.125,,,0.0,0.999934,0.293578,109,32,8,2
metrics,gated,metrics,ABCD,90,0.95,scanner_misread_1,8,0,8,0,0,0,0,8,,,0.0,0.312344,0.0,0.000125,,0,0,8,0
metrics,gated,metrics,ABCD,90,0.95,scanner_misread_4,8,0,8,0,0,0,0,8,,,0.0,0.312344,9e-06,0.001203,,0,0,8,0
metrics,gated,metrics,ABCD,90,0.95,scanner_faint_1,8,0,8,0,0,0,0,8,,,0.0,0.312344,0.008495,0.03437,,0,0,8,0
metrics,gated,metrics,ABCD,90,0.95,scanner_faint_4,8,0,8,0,0,0,0,8,,,0.0,0.312344,0.357504,0.368811,,0,0,8,0
metrics,gated,metrics,ABCD,90,0.95,scanner_double_4,8,0,8,0,0,0,0,8,,,0.0,0.312344,0.162971,0.201591,,0,0,8,0
metrics,gated,metrics,ABCD,90,0.95,adv_long_runs,8,0,8,0,0,0,0,8,,,0.0,0.312344,8e-06,0.00245,,0,0,8,0
metrics,gated,metrics,ABCD,90,0.95,adv_favourite,8,0,8,0,0,0,0,8,,,0.0,0.312344,0.0,0.000132,,0,0,8,0
metrics,gated,metrics,ABCD,90,0.95,adv_easy_block,8,0,8,0,0,0,0,8,,,0.0,0.312344,0.097562,0.198675,,0,0,8,0
metrics,gated,metrics,ABCD,90,0.95,adv_key_leakage,8,8,0,0,5,0,3,0,0.0,0.625,,,0.0,1.0,0.599229,519,311,8,0
metrics,gated,metrics,ABCD,90,0.95,adv_cycle,8,0,8,0,0,0,0,8,,,0.0,0.312344,0.403695,0.461738,,0,0,8,0
metrics,gated,metrics,ABCD,100,0.26,none,8,0,8,0,0,0,0,8,,,0.0,0.312344,1e-06,0.000968,,0,0,8,0
metrics,gated,metrics,ABCD,100,0.26,row_skip_1,8,8,0,0,0,0,8,0,0.0,0.0,,,0.997062,0.00147,0.0,30,0,8,10
metrics,gated,metrics,ABCD,100,0.26,row_skip_2,8,8,0,0,0,0,8,0,0.0,0.0,,,0.997604,0.001199,0.0,24,0,8,13
metrics,gated,metrics,ABCD,100,0.26,early_full,8,8,0,0,0,0,8,0,0.0,0.0,,,0.872683,0.126159,0.0,58,0,8,12
metrics,gated,metrics,ABCD,100,0.26,boundary,8,8,0,0,0,0,8,0,0.0,0.0,,,0.875036,0.106721,0.0,42,0,8,3
metrics,gated,metrics,ABCD,100,0.26,short_local,8,8,0,0,0,0,8,0,0.0,0.0,,,0.997476,0.001263,0.0,8,0,8,6
metrics,gated,metrics,ABCD,100,0.26,whole_section,8,8,0,0,0,0,8,0,0.0,0.0,,,0.997242,0.00138,0.0,14,0,8,14
metrics,gated,metrics,ABCD,100,0.26,anxiety,8,8,0,0,0,0,8,0,0.0,0.0,,,0.872729,0.123101,0.0,33,0,8,3
metrics,gated,metrics,ABCD,100,0.26,double_shift,8,8,0,0,0,0,8,0,0.0,0.0,,,0.997601,0.0012,0.0,24,0,8,35
metrics,gated,metrics,ABCD,100,0.26,self_corrected,8,8,0,0,0,0,8,0,0.0,0.0,,,0.997439,0.001281,0.0,13,0,8,3
metrics,gated,metrics,ABCD,100,0.26,deferred,8,8,0,0,0,0,8,0,0.0,0.0,,,0.994804,0.002604,0.0,40,0,8,0
metrics,gated,metrics,ABCD,100,0.26,isolated,8,8,0,0,0,0,8,0,0.0,0.0,,,0.998105,0.000948,,0,0,8,4
metrics,gated,metrics,ABCD,100,0.26,scanner_blank_1,8,8,0,0,0,0,8,0,0.0,0.0,,,0.042698,0.839459,0.0,26,0,8,22
metrics,gated,metrics,ABCD,100,0.26,scanner_blank_2,8,8,0,0,0,0,8,0,0.0,0.0,,,0.000619,0.981557,0.0,12,0,8,13
metrics,gated,metrics,ABCD,100,0.26,scanner_row_delete_1,8,8,0,0,0,0,8,0,0.0,0.0,,,0.121687,0.669704,0.0,10,0,8,16
metrics,gated,metrics,ABCD,100,0.26,scanner_row_delete_2,8,8,0,0,0,0,8,0,0.0,0.0,,,1e-05,0.997316,0.0,27,0,8,0
metrics,gated,metrics,ABCD,100,0.26,scanner_misread_1,8,0,8,0,0,0,0,8,,,0.0,0.312344,1e-06,0.000957,,0,0,8,0
metrics,gated,metrics,ABCD,100,0.26,scanner_misread_4,8,0,8,0,0,0,0,8,,,0.0,0.312344,2e-06,0.001199,,0,0,8,0
metrics,gated,metrics,ABCD,100,0.26,scanner_faint_1,8,0,8,0,0,0,0,8,,,0.0,0.312344,7e-06,0.002213,,0,0,8,0
metrics,gated,metrics,ABCD,100,0.26,scanner_faint_4,8,0,8,0,0,0,0,8,,,0.0,0.312344,2.7e-05,0.004827,,0,0,8,0
metrics,gated,metrics,ABCD,100,0.26,scanner_double_4,8,0,8,0,0,0,0,8,,,0.0,0.312344,1.4e-05,0.003651,,0,0,8,0
metrics,gated,metrics,ABCD,100,0.26,adv_long_runs,8,0,8,0,0,0,0,8,,,0.0,0.312344,1e-06,0.000954,,0,0,8,0
metrics,gated,metrics,ABCD,100,0.26,adv_favourite,8,0,8,0,0,0,0,8,,,0.0,0.312344,0.0,9.4e-05,,0,0,8,0
metrics,gated,metrics,ABCD,100,0.26,adv_easy_block,8,0,8,0,0,0,0,8,,,0.0,0.312344,0.006644,0.03435,,0,0,8,0
metrics,gated,metrics,ABCD,100,0.26,adv_key_leakage,8,8,0,0,0,0,8,0,0.0,0.0,,,0.0,1.0,0.0,587,0,8,0
metrics,gated,metrics,ABCD,100,0.26,adv_cycle,8,0,8,0,0,0,0,8,,,0.0,0.312344,1e-06,0.000979,,0,0,8,0
metrics,gated,metrics,ABCD,100,0.4,none,8,0,8,0,0,0,0,8,,,0.0,0.312344,0.010748,0.037128,,0,0,8,0
metrics,gated,metrics,ABCD,100,0.4,row_skip_1,8,8,0,0,0,0,8,0,0.0,0.0,,,0.84533,0.121944,0.0,61,0,8,8
metrics,gated,metrics,ABCD,100,0.4,row_skip_2,8,8,0,0,0,0,8,0,0.0,0.0,,,0.990768,0.00464,0.0,27,0,8,33
metrics,gated,metrics,ABCD,100,0.4,early_full,8,8,0,1,0,0,7,0,0.125,0.125,,,0.772684,0.192488,0.322222,90,29,8,17
metrics,gated,metrics,ABCD,100,0.4,boundary,8,8,0,0,0,0,8,0,0.0,0.0,,,0.847658,0.11563,0.0,59,0,8,13
metrics,gated,metrics,ABCD,100,0.4,short_local,8,8,0,0,0,0,8,0,0.0,0.0,,,0.99195,0.004048,0.0,11,0,8,5
metrics,gated,metrics,ABCD,100,0.4,whole_section,8,8,0,0,1,0,7,0,0.0,0.125,,,0.800896,0.168526,0.238095,63,15,8,0
metrics,gated,metrics,ABCD,100,0.4,anxiety,8,8,0,0,0,0,8,0,0.0,0.0,,,0.960391,0.021175,0.0,32,0,8,21
metrics,gated,metrics,ABCD,100,0.4,double_shift,8,8,0,0,0,0,8,0,0.0,0.0,,,0.981119,0.009565,0.0,50,0,8,8
metrics,gated,metrics,ABCD,100,0.4,self_corrected,8,8,0,1,0,0,7,0,0.125,0.125,,,0.770142,0.186764,0.393939,33,13,8,1
metrics,gated,metrics,ABCD,100,0.4,deferred,8,8,0,0,0,0,8,0,0.0,0.0,,,0.989687,0.005177,0.0,34,0,8,4
metrics,gated,metrics,ABCD,100,0.4,isolated,8,8,0,0,0,0,8,0,0.0,0.0,,,0.98955,0.005272,0.0,5,0,8,2
metrics,gated,metrics,ABCD,100,0.4,scanner_blank_1,8,8,0,2,0,0,6,0,0.25,0.25,,,0.054769,0.860168,0.891892,74,66,8,7
metrics,gated,metrics,ABCD,100,0.4,scanner_blank_2,8,8,0,0,0,0,8,0,0.0,0.0,,,6.7e-05,0.996517,0.0,83,0,8,1
metrics,gated,metrics,ABCD,100,0.4,scanner_row_delete_1,8,8,0,0,0,0,8,0,0.0,0.0,,,0.168738,0.684986,0.0,44,0,8,16
metrics,gated,metrics,ABCD,100,0.4,scanner_row_delete_2,8,8,0,0,0,0,8,0,0.0,0.0,,,0.000104,0.994146,0.0,43,0,8,7
metrics,gated,metrics,ABCD,100,0.4,scanner_misread_1,8,0,8,0,0,0,0,8,,,0.0,0.312344,2e-06,0.00078,,0,0,8,0
metrics,gated,metrics,ABCD,100,0.4,scanner_misread_4,8,0,8,0,0,0,0,8,,,0.0,0.312344,0.0,0.000569,,0,0,8,0
metrics,gated,metrics,ABCD,100,0.4,scanner_faint_1,8,0,8,0,0,0,0,8,,,0.0,0.312344,0.004092,0.024308,,0,0,8,0
metrics,gated,metrics,ABCD,100,0.4,scanner_faint_4,8,0,8,0,0,0,0,8,,,0.0,0.312344,3.3e-05,0.005106,,0,0,8,0
metrics,gated,metrics,ABCD,100,0.4,scanner_double_4,8,0,8,0,0,0,0,8,,,0.0,0.312344,1.1e-05,0.001788,,0,0,8,0
metrics,gated,metrics,ABCD,100,0.4,adv_long_runs,8,0,8,0,0,0,0,8,,,0.0,0.312344,2e-06,0.001273,,0,0,8,0
metrics,gated,metrics,ABCD,100,0.4,adv_favourite,8,0,8,0,0,0,0,8,,,0.0,0.312344,0.0,7.8e-05,,0,0,8,0
metrics,gated,metrics,ABCD,100,0.4,adv_easy_block,8,0,8,0,0,0,0,8,,,0.0,0.312344,7.6e-05,0.006661,,0,0,8,0
metrics,gated,metrics,ABCD,100,0.4,adv_key_leakage,8,8,0,0,3,0,5,0,0.0,0.375,,,0.0,1.0,0.348921,556,194,8,0
metrics,gated,metrics,ABCD,100,0.4,adv_cycle,8,0,8,0,0,0,0,8,,,0.0,0.312344,9e-06,0.002215,,0,0,8,0
metrics,gated,metrics,ABCD,100,0.55,none,8,0,8,0,0,0,0,8,,,0.0,0.312344,0.0,0.000378,,0,0,8,0
metrics,gated,metrics,ABCD,100,0.55,row_skip_1,8,8,0,0,2,0,6,0,0.0,0.25,,,0.741575,0.248533,0.568627,51,29,8,7
metrics,gated,metrics,ABCD,100,0.55,row_skip_2,8,8,0,0,0,0,8,0,0.0,0.0,,,0.487594,0.455074,0.0,105,0,8,0
metrics,gated,metrics,ABCD,100,0.55,early_full,8,8,0,2,2,0,4,0,0.25,0.5,,,0.242602,0.747143,0.68,150,102,8,10
metrics,gated,metrics,ABCD,100,0.55,boundary,8,8,0,1,1,0,6,0,0.125,0.25,,,0.726291,0.262192,0.461538,52,24,8,4
metrics,gated,metrics,ABCD,100,0.55,short_local,8,8,0,0,0,0,8,0,0.0,0.0,,,0.990423,0.004827,0.0,27,0,8,2
metrics,gated,metrics,ABCD,100,0.55,whole_section,8,8,0,0,0,0,8,0,0.0,0.0,,,0.55379,0.374664,0.0,57,0,8,7
metrics,gated,metrics,ABCD,100,0.55,anxiety,8,8,0,0,2,0,6,0,0.0,0.25,,,0.714953,0.268263,0.536232,69,37,8,12
metrics,gated,metrics,ABCD,100,0.55,double_shift,8,8,0,2,0,0,6,0,0.25,0.25,,,0.29697,0.632213,0.291429,175,51,8,2
metrics,gated,metrics,ABCD,100,0.55,self_corrected,8,8,0,0,0,0,8,0,0.0,0.0,,,0.7086,0.226296,0.0,39,0,8,1
metrics,gated,metrics,ABCD,100,0.55,deferred,8,8,0,0,1,0,7,0,0.0,0.125,,,0.594099,0.385174,0.118421,76,9,8,0
metrics,gated,metrics,ABCD,100,0.55,isolated,8,8,0,0,0,0,8,0,0.0,0.0,,,0.989205,0.005474,0.0,1,0,8,1
metrics,gated,metrics,ABCD,100,0.55,scanner_blank_1,8,8,0,2,1,0,5,0,0.25,0.375,,,0.025748,0.940074,0.596154,104,62,8,4
metrics,gated,metrics,ABCD,100,0.55,scanner_blank_2,8,8,0,0,0,0,8,0,0.0,0.0,,,0.001246,0.984878,0.0,50,0,8,2
metrics,gated,metrics,ABCD,100,0.55,scanner_row_delete_1,8,8,0,1,0,0,7,0,0.125,0.125,,,0.270942,0.636497,0.349206,63,22,8,17
metrics,gated,metrics,ABCD,100,0.55,scanner_row_delete_2,8,8,0,0,1,0,7,0,0.0,0.125,,,1.8e-05,0.997855,0.236559,93,22,8,5
metrics,gated,metrics,ABCD,100,0.55,scanner_misread_1,8,0,8,0,0,0,0,8,,,0.0,0.312344,6e-06,0.001294,,0,0,8,0
metrics,gated,metrics,ABCD,100,0.55,scanner_misread_4,8,0,8,0,0,0,0,8,,,0.0,0.312344,2.5e-05,0.00238,,0,0,8,0
metrics,gated,metrics,ABCD,100,0.55,scanner_faint_1,8,0,8,0,0,0,0,8,,,0.0,0.312344,7.5e-05,0.006238,,0,0,8,0
metrics,gated,metrics,ABCD,100,0.55,scanner_faint_4,8,0,8,0,0,0,0,8,,,0.0,0.312344,0.017509,0.048878,,0,0,8,0
metrics,gated,metrics,ABCD,100,0.55,scanner_double_4,8,0,8,0,0,0,0,8,,,0.0,0.312344,1.3e-05,0.002541,,0,0,8,0
metrics,gated,metrics,ABCD,100,0.55,adv_long_runs,8,0,8,0,0,0,0,8,,,0.0,0.312344,4e-06,0.001588,,0,0,8,0
metrics,gated,metrics,ABCD,100,0.55,adv_favourite,8,0,8,0,0,0,0,8,,,0.0,0.312344,0.0,8.4e-05,,0,0,8,0
metrics,gated,metrics,ABCD,100,0.55,adv_easy_block,8,0,8,0,0,0,0,8,,,0.0,0.312344,0.092065,0.139026,,0,0,8,0
metrics,gated,metrics,ABCD,100,0.55,adv_key_leakage,8,8,0,0,6,0,2,0,0.0,0.75,,,0.0,1.0,0.702381,588,413,8,0
metrics,gated,metrics,ABCD,100,0.55,adv_cycle,8,0,8,0,0,0,0,8,,,0.0,0.312344,0.020195,0.070842,,0,0,8,0
metrics,gated,metrics,ABCD,100,0.7,none,8,0,8,0,0,0,0,8,,,0.0,0.312344,0.124587,0.128304,,0,0,8,0
metrics,gated,metrics,ABCD,100,0.7,row_skip_1,8,8,0,1,2,0,5,0,0.125,0.375,,,0.282736,0.679218,0.484536,97,47,8,0
metrics,gated,metrics,ABCD,100,0.7,row_skip_2,8,8,0,0,0,0,8,0,0.0,0.0,,,0.159517,0.788185,0.0,91,0,8,3
metrics,gated,metrics,ABCD,100,0.7,early_full,8,8,0,5,1,0,2,0,0.625,0.75,,,0.200401,0.777587,0.920502,239,220,8,0
metrics,gated,metrics,ABCD,100,0.7,boundary,8,8,0,1,1,0,6,0,0.125,0.25,,,0.402973,0.487578,0.614458,83,51,8,0
metrics,gated,metrics,ABCD,100,0.7,short_local,8,8,0,0,0,0,8,0,0.0,0.0,,,0.975955,0.012354,0.0,7,0,8,2
metrics,gated,metrics,ABCD,100,0.7,whole_section,8,8,0,2,1,0,5,0,0.25,0.375,,,0.157507,0.771549,0.659091,88,58,8,1
metrics,gated,metrics,ABCD,100,0.7,anxiety,8,8,0,1,2,0,5,0,0.125,0.375,,,0.165447,0.773226,0.657143,140,92,8,0
metrics,gated,metrics,ABCD,100,0.7,double_shift,8,8,0,5,1,0,2,0,0.625,0.75,,,0.0,0.999966,0.57438,242,139,8,0
metrics,gated,metrics,ABCD,100,0.7,self_corrected,8,8,0,1,0,0,7,0,0.125,0.125,,,0.375595,0.582685,0.16,50,8,8,4
metrics,gated,metrics,ABCD,100,0.7,deferred,8,8,0,2,1,0,5,0,0.25,0.375,,,0.383552,0.576873,0.746032,126,94,8,5
metrics,gated,metrics,ABCD,100,0.7,isolated,8,8,0,0,0,0,8,0,0.0,0.0,,,0.858476,0.122557,0.0,5,0,8,2
metrics,gated,metrics,ABCD,100,0.7,scanner_blank_1,8,8,0,4,0,0,4,0,0.5,0.5,,,7.7e-05,0.996465,0.909091,154,140,8,1
metrics,gated,metrics,ABCD,100,0.7,scanner_blank_2,8,8,0,0,0,0,8,0,0.0,0.0,,,0.0,1.0,0.0,167,0,8,0
metrics,gated,metrics,ABCD,100,0.7,scanner_row_delete_1,8,8,0,2,2,0,4,0,0.25,0.5,,,0.104635,0.857164,0.810811,148,120,8,4
metrics,gated,metrics,ABCD,100,0.7,scanner_row_delete_2,8,8,0,0,0,0,8,0,0.0,0.0,,,0.000429,0.990842,0.0,56,0,8,0
metrics,gated,metrics,ABCD,100,0.7,scanner_misread_1,8,0,8,0,0,0,0,8,,,0.0,0.312344,0.045891,0.110045,,0,0,8,0
metrics,gated,metrics,ABCD,100,0.7,scanner_misread_4,8,0,8,0,0,0,0,8,,,0.0,0.312344,1e-06,0.000563,,0,0,8,0
metrics,gated,metrics,ABCD,100,0.7,scanner_faint_1,8,0,8,0,0,0,0,8,,,0.0,0.312344,1e-06,0.000489,,0,0,8,0
metrics,gated,metrics,ABCD,100,0.7,scanner_faint_4,8,0,8,0,0,0,0,8,,,0.0,0.312344,0.187072,0.235901,,0,0,8,0
metrics,gated,metrics,ABCD,100,0.7,scanner_double_4,8,0,8,0,0,0,0,8,,,0.0,0.312344,0.118944,0.13426,,0,0,8,0
metrics,gated,metrics,ABCD,100,0.7,adv_long_runs,8,0,8,0,0,0,0,8,,,0.0,0.312344,5e-06,0.002008,,0,0,8,0
metrics,gated,metrics,ABCD,100,0.7,adv_favourite,8,0,8,0,0,0,0,8,,,0.0,0.312344,0.0,9.9e-05,,0,0,8,0
metrics,gated,metrics,ABCD,100,0.7,adv_easy_block,8,0,8,0,0,0,0,8,,,0.0,0.312344,0.434422,0.494979,,0,0,8,0
metrics,gated,metrics,ABCD,100,0.7,adv_key_leakage,8,8,0,0,7,0,1,0,0.0,0.875,,,0.0,1.0,0.840948,591,497,8,0
metrics,gated,metrics,ABCD,100,0.7,adv_cycle,8,0,8,0,0,0,0,8,,,0.0,0.312344,0.194851,0.23096,,0,0,8,0
metrics,gated,metrics,ABCD,100,0.85,none,8,0,8,0,0,0,0,8,,,0.0,0.312344,4e-06,0.000835,,0,0,8,0
metrics,gated,metrics,ABCD,100,0.85,row_skip_1,8,8,0,4,1,0,3,0,0.5,0.625,,,0.128062,0.85463,0.892157,204,182,8,0
metrics,gated,metrics,ABCD,100,0.85,row_skip_2,8,8,0,0,0,0,8,0,0.0,0.0,,,0.245285,0.752365,0.0,166,0,8,2
metrics,gated,metrics,ABCD,100,0.85,early_full,8,8,0,6,0,0,2,0,0.75,0.75,,,0.22041,0.765276,0.961433,363,349,8,6
metrics,gated,metrics,ABCD,100,0.85,boundary,8,8,0,3,0,0,5,0,0.375,0.375,,,0.268198,0.6805,0.69,100,69,8,0
metrics,gated,metrics,ABCD,100,0.85,short_local,8,8,0,0,0,0,8,0,0.0,0.0,,,0.78584,0.169335,0.0,22,0,8,2
metrics,gated,metrics,ABCD,100,0.85,whole_section,8,8,0,6,0,0,2,0,0.75,0.75,,,0.113845,0.876086,0.890244,164,146,8,1
metrics,gated,metrics,ABCD,100,0.85,anxiety,8,8,0,2,2,0,4,0,0.25,0.5,,,0.249139,0.749968,0.867021,188,163,8,10
metrics,gated,metrics,ABCD,100,0.85,double_shift,8,8,0,4,0,0,4,0,0.5,0.5,,,0.0,1.0,0.468391,348,163,8,0
metrics,gated,metrics,ABCD,100,0.85,self_corrected,8,8,0,3,0,0,5,0,0.375,0.375,,,0.140287,0.81462,0.44,75,33,8,5
metrics,gated,metrics,ABCD,100,0.85,deferred,8,8,0,3,2,0,3,0,0.375,0.625,,,0.120999,0.877015,0.753425,219,165,8,0
metrics,gated,metrics,ABCD,100,0.85,isolated,8,8,0,0,0,0,8,0,0.0,0.0,,,0.985578,0.007426,0.0,11,0,8,0
metrics,gated,metrics,ABCD,100,0.85,scanner_blank_1,8,8,0,6,0,0,2,0,0.75,0.75,,,0.0,1.0,0.909091,297,270,8,1
metrics,gated,metrics,ABCD,100,0.85,scanner_blank_2,8,8,0,0,0,0,8,0,0.0,0.0,,,0.0,0.999998,0.0,199,0,8,0
metrics,gated,metrics,ABCD,100,0.85,scanner_row_delete_1,8,8,0,4,0,0,4,0,0.5,0.5,,,0.030011,0.938737,0.803571,112,90,8,6
metrics,gated,metrics,ABCD,100,0.85,scanner_row_delete_2,8,8,0,2,0,0,6,0,0.25,0.25,,,0.00071,0.990478,0.577586,116,67,8,1
metrics,gated,metrics,ABCD,100,0.85,scanner_misread_1,8,0,8,0,0,0,0,8,,,0.0,0.312344,0.114698,0.130327,,0,0,8,0
metrics,gated,metrics,ABCD,100,0.85,scanner_misread_4,8,0,8,0,0,0,0,8,,,0.0,0.312344,0.190948,0.217328,,0,0,8,0
metrics,gated,metrics,ABCD,100,0.85,scanner_faint_1,8,0,8,0,0,0,0,8,,,0.0,0.312344,0.0,0.000384,,0,0,8,0
metrics,gated,metrics,ABCD,100,0.85,scanner_faint_4,8,0,8,0,0,0,0,8,,,0.0,0.312344,0.041756,0.103174,,0,0,8,0
metrics,gated,metrics,ABCD,100,0.85,scanner_double_4,8,0,8,0,0,0,0,8,,,0.0,0.312344,0.244594,0.247844,,0,0,8,0
metrics,gated,metrics,ABCD,100,0.85,adv_long_runs,8,0,8,0,0,0,0,8,,,0.0,0.312344,3.1e-05,0.004387,,0,0,8,0
metrics,gated,metrics,ABCD,100,0.85,adv_favourite,8,0,8,0,0,0,0,8,,,0.0,0.312344,0.0,0.000119,,0,0,8,0
metrics,gated,metrics,ABCD,100,0.85,adv_easy_block,8,0,8,0,0,0,0,8,,,0.0,0.312344,0.121622,0.164927,,0,0,8,0
metrics,gated,metrics,ABCD,100,0.85,adv_key_leakage,8,8,0,0,7,0,1,0,0.0,0.875,,,0.0,1.0,0.860544,588,506,8,0
metrics,gated,metrics,ABCD,100,0.85,adv_cycle,8,0,8,0,0,0,0,8,,,0.0,0.312344,0.525765,0.570307,,0,0,8,0
metrics,gated,metrics,ABCD,100,0.95,none,8,0,8,0,0,0,0,8,,,0.0,0.312344,0.059087,0.11172,,0,0,8,0
metrics,gated,metrics,ABCD,100,0.95,row_skip_1,8,8,0,4,0,0,4,0,0.5,0.5,,,0.250572,0.740004,0.922156,167,154,8,0
metrics,gated,metrics,ABCD,100,0.95,row_skip_2,8,8,0,0,0,0,8,0,0.0,0.0,,,0.45146,0.525699,0.0,181,0,8,4
metrics,gated,metrics,ABCD,100,0.95,early_full,8,8,0,6,0,0,2,0,0.75,0.75,,,0.046647,0.92364,0.910628,414,377,8,0
metrics,gated,metrics,ABCD,100,0.95,boundary,8,8,0,2,1,0,5,0,0.25,0.375,,,0.228894,0.759461,0.827869,122,101,8,1
metrics,gated,metrics,ABCD,100,0.95,short_local,8,8,0,0,0,0,8,0,0.0,0.0,,,0.35101,0.627217,0.0,38,0,8,0
metrics,gated,metrics,ABCD,100,0.95,whole_section,8,8,0,6,0,0,2,0,0.75,0.75,,,0.0,0.999992,0.831818,220,183,8,0
metrics,gated,metrics,ABCD,100,0.95,anxiety,8,8,0,2,1,0,5,0,0.25,0.375,,,0.10446,0.878122,0.385714,280,108,8,3
metrics,gated,metrics,ABCD,100,0.95,double_shift,8,8,0,4,0,0,4,0,0.5,0.5,,,0.116282,0.879438,0.595041,242,144,8,2
metrics,gated,metrics,ABCD,100,0.95,self_corrected,8,8,0,4,0,0,4,0,0.5,0.5,,,0.099968,0.888214,0.578947,76,44,8,0
metrics,gated,metrics,ABCD,100,0.95,deferred,8,8,0,5,0,0,3,0,0.625,0.625,,,0.000105,0.994131,0.851064,235,200,8,0
metrics,gated,metrics,ABCD,100,0.95,isolated,8,8,0,0,0,0,8,0,0.0,0.0,,,0.78416,0.183602,0.0,11,0,8,0
metrics,gated,metrics,ABCD,100,0.95,scanner_blank_1,8,8,0,5,0,0,3,0,0.625,0.625,,,0.0,1.0,0.853503,314,268,8,0
metrics,gated,metrics,ABCD,100,0.95,scanner_blank_2,8,8,0,0,0,0,8,0,0.0,0.0,,,0.0,1.0,0.0,196,0,8,0
metrics,gated,metrics,ABCD,100,0.95,scanner_row_delete_1,8,8,0,7,0,0,1,0,0.875,0.875,,,0.001073,0.988421,0.973054,334,325,8,0
metrics,gated,metrics,ABCD,100,0.95,scanner_row_delete_2,8,8,0,1,0,0,7,0,0.125,0.125,,,5e-06,0.999201,0.126016,246,31,8,0
metrics,gated,metrics,ABCD,100,0.95,scanner_misread_1,8,0,8,0,0,0,0,8,,,0.0,0.312344,0.102149,0.142105,,0,0,8,0
metrics,gated,metrics,ABCD,100,0.95,scanner_misread_4,8,0,8,0,0,0,0,8,,,0.0,0.312344,0.174023,0.212853,,0,0,8,0
metrics,gated,metrics,ABCD,100,0.95,scanner_faint_1,8,0,8,0,0,0,0,8,,,0.0,0.312344,0.115474,0.12281,,0,0,8,0
metrics,gated,metrics,ABCD,100,0.95,scanner_faint_4,8,0,8,0,0,0,0,8,,,0.0,0.312344,0.21803,0.233414,,0,0,8,0
metrics,gated,metrics,ABCD,100,0.95,scanner_double_4,8,0,8,0,0,0,0,8,,,0.0,0.312344,1e-06,0.000398,,0,0,8,0
metrics,gated,metrics,ABCD,100,0.95,adv_long_runs,8,0,8,0,0,0,0,8,,,0.0,0.312344,0.000108,0.007816,,0,0,8,0
metrics,gated,metrics,ABCD,100,0.95,adv_favourite,8,0,8,0,0,0,0,8,,,0.0,0.312344,0.0,0.000126,,0,0,8,0
metrics,gated,metrics,ABCD,100,0.95,adv_easy_block,8,0,8,0,0,0,0,8,,,0.0,0.312344,0.419498,0.490309,,0,0,8,0
metrics,gated,metrics,ABCD,100,0.95,adv_key_leakage,8,8,0,0,6,0,2,0,0.0,0.75,,,0.0,1.0,0.726968,597,434,8,0
metrics,gated,metrics,ABCD,100,0.95,adv_cycle,8,0,8,0,0,0,0,8,,,0.0,0.312344,0.398898,0.475123,,0,0,8,0
metrics,gated,metrics,ABCD,150,0.26,none,8,0,8,0,0,0,0,8,,,0.0,0.312344,7e-06,0.002343,,0,0,8,0
metrics,gated,metrics,ABCD,150,0.26,row_skip_1,8,8,0,0,0,0,8,0,0.0,0.0,,,0.988649,0.005736,0.0,16,0,8,43
metrics,gated,metrics,ABCD,150,0.26,row_skip_2,8,8,0,0,0,0,8,0,0.0,0.0,,,0.872209,0.126393,0.0,23,0,8,56
metrics,gated,metrics,ABCD,150,0.26,early_full,8,8,0,0,0,0,8,0,0.0,0.0,,,0.872111,0.126446,0.0,85,0,8,47
metrics,gated,metrics,ABCD,150,0.26,boundary,8,8,0,0,0,0,8,0,0.0,0.0,,,0.995984,0.002011,0.0,9,0,8,7
metrics,gated,metrics,ABCD,150,0.26,short_local,8,8,0,0,0,0,8,0,0.0,0.0,,,0.992882,0.003574,0.0,17,0,8,3
metrics,gated,metrics,ABCD,150,0.26,whole_section,8,8,0,0,0,0,8,0,0.0,0.0,,,0.996193,0.001906,0.0,19,0,8,22
metrics,gated,metrics,ABCD,150,0.26,anxiety,8,8,0,0,0,0,8,0,0.0,0.0,,,0.995876,0.002065,0.0,11,0,8,17
metrics,gated,metrics,ABCD,150,0.26,double_shift,8,8,0,0,0,0,8,0,0.0,0.0,,,0.850359,0.137862,0.0,54,0,8,33
metrics,gated,metrics,ABCD,150,0.26,self_corrected,8,8,0,0,0,0,8,0,0.0,0.0,,,0.995064,0.002474,0.0,22,0,8,8
metrics,gated,metrics,ABCD,150,0.26,deferred,8,8,0,0,0,0,8,0,0.0,0.0,,,0.867336,0.128863,0.0,79,0,8,10
metrics,gated,metrics,ABCD,150,0.26,isolated,8,8,0,0,0,0,8,0,0.0,0.0,,,0.992737,0.003647,0.0,2,0,8,3
metrics,gated,metrics,ABCD,150,0.26,scanner_blank_1,8,8,0,1,0,0,7,0,0.125,0.125,,,0.005628,0.941833,0.352941,34,12,8,5
metrics,gated,metrics,ABCD,150,0.26,scanner_blank_2,8,8,0,0,0,0,8,0,0.0,0.0,,,0.00014,0.990514,0.0,21,0,8,19
metrics,gated,metrics,ABCD,150,0.26,scanner_row_delete_1,8,8,0,0,0,0,8,0,0.0,0.0,,,0.038889,0.831468,0.0,39,0,8,16
metrics,gated,metrics,ABCD,150,0.26,scanner_row_delete_2,8,8,0,0,0,0,8,0,0.0,0.0,,,7e-06,0.998193,0.0,36,0,8,12
metrics,gated,metrics,ABCD,150,0.26,scanner_misread_1,8,0,8,0,0,0,0,8,,,0.0,0.312344,5e-06,0.00207,,0,0,8,0
metrics,gated,metrics,ABCD,150,0.26,scanner_misread_4,8,0,8,0,0,0,0,8,,,0.0,0.312344,0.024036,0.056659,,0,0,8,0
metrics,gated,metrics,ABCD,150,0.26,scanner_faint_1,8,0,8,0,0,0,0,8,,,0.0,0.312344,1.5e-05,0.003386,,0,0,8,0
metrics,gated,metrics,ABCD,150,0.26,scanner_faint_4,8,0,8,0,0,0,0,8,,,0.0,0.312344,0.00041,0.012353,,0,0,8,0
metrics,gated,metrics,ABCD,150,0.26,scanner_double_4,8,0,8,0,0,0,0,8,,,0.0,0.312344,0.000309,0.009138,,0,0,8,0
metrics,gated,metrics,ABCD,150,0.26,adv_long_runs,8,0,8,0,0,0,0,8,,,0.0,0.312344,3e-06,0.001625,,0,0,8,0
metrics,gated,metrics,ABCD,150,0.26,adv_favourite,8,0,8,0,0,0,0,8,,,0.0,0.312344,0.0,8.3e-05,,0,0,8,0
metrics,gated,metrics,ABCD,150,0.26,adv_easy_block,8,0,8,0,0,0,0,8,,,0.0,0.312344,0.000663,0.018003,,0,0,8,0
metrics,gated,metrics,ABCD,150,0.26,adv_key_leakage,8,8,0,0,0,0,8,0,0.0,0.0,,,0.0,1.0,0.0,888,0,8,0
metrics,gated,metrics,ABCD,150,0.26,adv_cycle,8,0,8,0,0,0,0,8,,,0.0,0.312344,3e-06,0.001721,,0,0,8,0
metrics,gated,metrics,ABCD,150,0.4,none,8,0,8,0,0,0,0,8,,,0.0,0.312344,6.8e-05,0.003773,,0,0,8,0
metrics,gated,metrics,ABCD,150,0.4,row_skip_1,8,8,0,1,0,0,7,0,0.125,0.125,,,0.869682,0.127673,0.54902,51,28,8,32
metrics,gated,metrics,ABCD,150,0.4,row_skip_2,8,8,0,0,0,0,8,0,0.0,0.0,,,0.952776,0.024839,0.0,50,0,8,26
metrics,gated,metrics,ABCD,150,0.4,early_full,8,8,0,0,3,0,5,0,0.0,0.375,,,0.403864,0.496767,0.351351,185,65,8,0
metrics,gated,metrics,ABCD,150,0.4,boundary,8,8,0,1,0,0,7,0,0.125,0.125,,,0.869853,0.127576,0.264706,34,9,8,0
metrics,gated,metrics,ABCD,150,0.4,short_local,8,8,0,0,0,0,8,0,0.0,0.0,,,0.996532,0.001738,0.0,8,0,8,0
metrics,gated,metrics,ABCD,150,0.4,whole_section,8,8,0,0,0,0,8,0,0.0,0.0,,,0.964751,0.018247,0.0,36,0,8,39
metrics,gated,metrics,ABCD,150,0.4,anxiety,8,8,0,0,1,0,7,0,0.0,0.125,,,0.626945,0.322164,0.25,96,24,8,0
metrics,gated,metrics,ABCD,150,0.4,double_shift,8,8,0,0,0,0,8,0,0.0,0.0,,,0.891062,0.060908,0.0,96,0,8,3
metrics,gated,metrics,ABCD,150,0.4,self_corrected,8,8,0,0,0,0,8,0,0.0,0.0,,,0.942108,0.031794,0.0,37,0,8,1
metrics,gated,metrics,ABCD,150,0.4,deferred,8,8,0,0,0,0,8,0,0.0,0.0,,,0.952451,0.024616,0.0,49,0,8,4
metrics,gated,metrics,ABCD,150,0.4,isolated,8,8,0,0,0,0,8,0,0.0,0.0,,,0.988367,0.005877,0.0,4,0,8,3
metrics,gated,metrics,ABCD,150,0.4,scanner_blank_1,8,8,0,1,0,0,7,0,0.125,0.125,,,0.02111,0.904549,0.473684,57,27,8,22
metrics,gated,metrics,ABCD,150,0.4,scanner_blank_2,8,8,0,0,0,0,8,0,0.0,0.0,,,8.4e-05,0.995105,0.0,54,0,8,1
metrics,gated,metrics,ABCD,150,0.4,scanner_row_delete_1,8,8,0,2,0,0,6,0,0.25,0.25,,,0.043157,0.872216,0.681818,88,60,8,0
metrics,gated,metrics,ABCD,150,0.4,scanner_row_delete_2,8,8,0,0,0,0,8,0,0.0,0.0,,,2e-06,0.999312,0.0,59,0,8,3
metrics,gated,metrics,ABCD,150,0.4,scanner_misread_1,8,0,8,0,0,0,0,8,,,0.0,0.312344,5.3e-05,0.005745,,0,0,8,0
metrics,gated,metrics,ABCD,150,0.4,scanner_misread_4,8,0,8,0,0,0,0,8,,,0.0,0.312344,1.2e-05,0.002377,,0,0,8,0
metrics,gated,metrics,ABCD,150,0.4,scanner_faint_1,8,0,8,0,0,0,0,8,,,0.0,0.312344,4.1e-05,0.003971,,0,0,8,0
metrics,gated,metrics,ABCD,150,0.4,scanner_faint_4,8,0,8,0,0,0,0,8,,,0.0,0.312344,0.000396,0.008692,,0,0,8,0
metrics,gated,metrics,ABCD,150,0.4,scanner_double_4,8,0,8,0,0,0,0,8,,,0.0,0.312344,0.00012,0.005824,,0,0,8,0
metrics,gated,metrics,ABCD,150,0.4,adv_long_runs,8,0,8,0,0,0,0,8,,,0.0,0.312344,4e-06,0.001952,,0,0,8,0
metrics,gated,metrics,ABCD,150,0.4,adv_favourite,8,0,8,0,0,0,0,8,,,0.0,0.312344,0.0,0.000116,,0,0,8,0
metrics,gated,metrics,ABCD,150,0.4,adv_easy_block,8,0,8,0,0,0,0,8,,,0.0,0.312344,0.225508,0.256988,,0,0,8,0
metrics,gated,metrics,ABCD,150,0.4,adv_key_leakage,8,8,0,0,7,0,1,0,0.0,0.875,,,0.0,1.0,0.858259,896,769,8,0
metrics,gated,metrics,ABCD,150,0.4,adv_cycle,8,0,8,0,0,0,0,8,,,0.0,0.312344,0.000107,0.00833,,0,0,8,0
metrics,gated,metrics,ABCD,150,0.55,none,8,0,8,0,0,0,0,8,,,0.0,0.312344,0.015431,0.047854,,0,0,8,0
metrics,gated,metrics,ABCD,150,0.55,row_skip_1,8,8,0,0,1,0,7,0,0.0,0.125,,,0.595797,0.349257,0.189873,79,15,8,0
metrics,gated,metrics,ABCD,150,0.55,row_skip_2,8,8,0,0,0,0,8,0,0.0,0.0,,,0.497086,0.501458,0.0,133,0,8,17
metrics,gated,metrics,ABCD,150,0.55,early_full,8,8,0,3,3,0,2,0,0.375,0.75,,,0.24763,0.751188,0.856061,264,226,8,14
metrics,gated,metrics,ABCD,150,0.55,boundary,8,8,0,2,1,0,5,0,0.25,0.375,,,0.619656,0.37765,0.72619,84,61,8,6
metrics,gated,metrics,ABCD,150,0.55,short_local,8,8,0,0,0,0,8,0,0.0,0.0,,,0.944957,0.030008,0.0,20,0,8,0
metrics,gated,metrics,ABCD,150,0.55,whole_section,8,8,0,1,3,0,4,0,0.125,0.5,,,0.248972,0.747571,0.565217,115,65,8,12
metrics,gated,metrics,ABCD,150,0.55,anxiety,8,8,0,0,4,0,4,0,0.0,0.5,,,0.480786,0.50993,0.775641,156,121,8,4
metrics,gated,metrics,ABCD,150,0.55,double_shift,8,8,0,1,1,0,6,0,0.125,0.25,,,0.234465,0.745324,0.182796,186,34,8,0
metrics,gated,metrics,ABCD,150,0.55,self_corrected,8,8,0,0,0,0,8,0,0.0,0.0,,,0.828911,0.147698,0.0,40,0,8,4
metrics,gated,metrics,ABCD,150,0.55,deferred,8,8,0,1,2,0,5,0,0.125,0.375,,,0.488628,0.505749,0.494048,168,83,8,16
metrics,gated,metrics,ABCD,150,0.55,isolated,8,8,0,0,0,0,8,0,0.0,0.0,,,0.95468,0.024241,0.0,6,0,8,0
metrics,gated,metrics,ABCD,150,0.55,scanner_blank_1,8,8,0,4,0,0,4,0,0.5,0.5,,,0.000134,0.995078,0.691729,133,92,8,1
metrics,gated,metrics,ABCD,150,0.55,scanner_blank_2,8,8,0,0,0,0,8,0,0.0,0.0,,,0.00038,0.990854,0.0,125,0,8,3
metrics,gated,metrics,ABCD,150,0.55,scanner_row_delete_1,8,8,0,1,0,0,7,0,0.125,0.125,,,0.139764,0.785033,0.526316,57,30,8,15
metrics,gated,metrics,ABCD,150,0.55,scanner_row_delete_2,8,8,0,0,0,0,8,0,0.0,0.0,,,0.0,0.999946,0.0,139,0,8,1
metrics,gated,metrics,ABCD,150,0.55,scanner_misread_1,8,0,8,0,0,0,0,8,,,0.0,0.312344,0.123164,0.124844,,0,0,8,0
metrics,gated,metrics,ABCD,150,0.55,scanner_misread_4,8,0,8,0,0,0,0,8,,,0.0,0.312344,0.000301,0.010979,,0,0,8,0
metrics,gated,metrics,ABCD,150,0.55,scanner_faint_1,8,0,8,0,0,0,0,8,,,0.0,0.312344,0.0,0.000291,,0,0,8,0
metrics,gated,metrics,ABCD,150,0.55,scanner_faint_4,8,0,8,0,0,0,0,8,,,0.0,0.312344,0.000485,0.010669,,0,0,8,0
metrics,gated,metrics,ABCD,150,0.55,scanner_double_4,8,0,8,0,0,0,0,8,,,0.0,0.312344,6e-06,0.00135,,0,0,8,0
metrics,gated,metrics,ABCD,150,0.55,adv_long_runs,8,0,8,0,0,0,0,8,,,0.0,0.312344,1.7e-05,0.003156,,0,0,8,0
metrics,gated,metrics,ABCD,150,0.55,adv_favourite,8,0,8,0,0,0,0,8,,,0.0,0.312344,0.0,9e-05,,0,0,8,0
metrics,gated,metrics,ABCD,150,0.55,adv_easy_block,8,0,8,0,0,0,0,8,,,0.0,0.312344,0.325007,0.411465,,0,0,8,0
metrics,gated,metrics,ABCD,150,0.55,adv_key_leakage,8,8,0,0,7,0,1,0,0.0,0.875,,,0.0,1.0,0.853659,902,770,8,0
metrics,gated,metrics,ABCD,150,0.55,adv_cycle,8,0,8,0,0,0,0,8,,,0.0,0.312344,0.001588,0.025227,,0,0,8,0
metrics,gated,metrics,ABCD,150,0.7,none,8,0,8,0,0,0,0,8,,,0.0,0.312344,0.107057,0.115769,,0,0,8,0
metrics,gated,metrics,ABCD,150,0.7,row_skip_1,8,8,0,2,1,0,5,0,0.25,0.375,,,0.338923,0.642495,0.797927,193,154,8,5
metrics,gated,metrics,ABCD,150,0.7,row_skip_2,8,8,0,0,0,0,8,0,0.0,0.0,,,0.247869,0.751022,0.0,155,0,8,5
metrics,gated,metrics,ABCD,150,0.7,early_full,8,8,0,5,1,0,2,0,0.625,0.75,,,0.004164,0.977175,0.876777,422,370,8,0
metrics,gated,metrics,ABCD,150,0.7,boundary,8,8,0,1,1,0,6,0,0.125,0.25,,,0.649011,0.306274,0.692308,65,45,8,7
metrics,gated,metrics,ABCD,150,0.7,short_local,8,8,0,0,0,0,8,0,0.0,0.0,,,0.948398,0.027547,0.0,31,0,8,0
metrics,gated,metrics,ABCD,150,0.7,whole_section,8,8,0,3,1,0,4,0,0.375,0.5,,,0.102642,0.835453,0.737226,137,101,8,2
metrics,gated,metrics,ABCD,150,0.7,anxiety,8,8,0,2,2,0,4,0,0.25,0.5,,,0.336532,0.645724,0.891626,203,181,8,9
metrics,gated,metrics,ABCD,150,0.7,double_shift,8,8,0,2,0,0,6,0,0.25,0.25,,,0.357538,0.633517,0.321101,218,70,8,2
metrics,gated,metrics,ABCD,150,0.7,self_corrected,8,8,0,2,0,0,6,0,0.25,0.25,,,0.450219,0.500563,0.280702,57,16,8,2
metrics,gated,metrics,ABCD,150,0.7,deferred,8,8,0,4,0,0,4,0,0.5,0.5,,,0.405318,0.562662,0.760417,192,146,8,4
metrics,gated,metrics,ABCD,150,0.7,isolated,8,8,0,0,0,0,8,0,0.0,0.0,,,0.998443,0.00078,0.0,13,0,8,0
metrics,gated,metrics,ABCD,150,0.7,scanner_blank_1,8,8,0,4,0,0,4,0,0.5,0.5,,,1e-05,0.998646,0.816216,185,151,8,7
metrics,gated,metrics,ABCD,150,0.7,scanner_blank_2,8,8,0,0,0,0,8,0,0.0,0.0,,,0.0,0.999975,0.0,207,0,8,0
metrics,gated,metrics,ABCD,150,0.7,scanner_row_delete_1,8,8,0,4,1,0,3,0,0.5,0.625,,,0.001766,0.98368,0.815287,157,128,8,2
metrics,gated,metrics,ABCD,150,0.7,scanner_row_delete_2,8,8,0,1,0,0,7,0,0.125,0.125,,,0.0,1.0,0.087912,182,16,8,0
metrics,gated,metrics,ABCD,150,0.7,scanner_misread_1,8,0,8,0,0,0,0,8,,,0.0,0.312344,0.019899,0.050278,,0,0,8,0
metrics,gated,metrics,ABCD,150,0.7,scanner_misread_4,8,0,8,0,0,0,0,8,,,0.0,0.312344,0.00029,0.008153,,0,0,8,0
metrics,gated,metrics,ABCD,150,0.7,scanner_faint_1,8,0,8,0,0,0,0,8,,,0.0,0.312344,0.0,0.000449,,0,0,8,0
metrics,gated,metrics,ABCD,150,0.7,scanner_faint_4,8,0,8,0,0,0,0,8,,,0.0,0.312344,0.01058,0.036972,,0,0,8,0
metrics,gated,metrics,ABCD,150,0.7,scanner_double_4,8,0,8,0,0,0,0,8,,,0.0,0.312344,0.211846,0.270362,,0,0,8,0
metrics,gated,metrics,ABCD,150,0.7,adv_long_runs,8,0,8,0,0,0,0,8,,,0.0,0.312344,0.000521,0.009981,,0,0,8,0
metrics,gated,metrics,ABCD,150,0.7,adv_favourite,8,0,8,0,0,0,0,8,,,0.0,0.312344,0.0,0.000106,,0,0,8,0
metrics,gated,metrics,ABCD,150,0.7,adv_easy_block,8,0,8,0,0,0,0,8,,,0.0,0.312344,0.519144,0.563076,,0,0,8,0
metrics,gated,metrics,ABCD,150,0.7,adv_key_leakage,8,8,0,0,6,0,2,0,0.0,0.75,,,0.0,1.0,0.742045,880,653,8,0
metrics,gated,metrics,ABCD,150,0.7,adv_cycle,8,0,8,0,0,0,0,8,,,0.0,0.312344,0.100617,0.217322,,0,0,8,0
metrics,gated,metrics,ABCD,150,0.85,none,8,0,8,0,0,0,0,8,,,0.0,0.312344,0.000368,0.012048,,0,0,8,0
metrics,gated,metrics,ABCD,150,0.85,row_skip_1,8,8,0,4,2,0,2,0,0.5,0.75,,,0.062032,0.911944,0.923333,300,277,8,0
metrics,gated,metrics,ABCD,150,0.85,row_skip_2,8,8,0,0,0,0,8,0,0.0,0.0,,,0.279673,0.657029,0.0,138,0,8,18
metrics,gated,metrics,ABCD,150,0.85,early_full,8,8,0,7,1,0,0,0,0.875,1.0,,,0.0,1.0,0.974963,679,662,8,0
metrics,gated,metrics,ABCD,150,0.85,boundary,8,8,0,3,2,0,3,0,0.375,0.625,,,0.248617,0.746387,0.93722,223,209,8,0
metrics,gated,metrics,ABCD,150,0.85,short_local,8,8,0,0,0,0,8,0,0.0,0.0,,,0.887084,0.061926,0.0,29,0,8,0
metrics,gated,metrics,ABCD,150,0.85,whole_section,8,8,0,6,2,0,0,0,0.75,1.0,,,0.0,1.0,0.935897,312,292,8,0
metrics,gated,metrics,ABCD,150,0.85,anxiety,8,8,0,2,2,0,4,0,0.25,0.5,,,0.245983,0.752023,0.799127,229,183,8,6
metrics,gated,metrics,ABCD,150,0.85,double_shift,8,8,0,2,0,0,6,0,0.25,0.25,,,0.0,1.0,0.302326,430,130,8,0
metrics,gated,metrics,ABCD,150,0.85,self_corrected,8,8,0,3,0,0,5,0,0.375,0.375,,,0.122024,0.872936,0.408451,71,29,8,0
metrics,gated,metrics,ABCD,150,0.85,deferred,8,8,0,4,2,0,2,0,0.5,0.75,,,0.125359,0.867461,0.91866,209,192,8,1
metrics,gated,metrics,ABCD,150,0.85,isolated,8,8,0,0,0,0,8,0,0.0,0.0,,,0.751482,0.231718,0.0,9,0,8,0
metrics,gated,metrics,ABCD,150,0.85,scanner_blank_1,8,8,0,6,0,0,2,0,0.75,0.75,,,0.0,1.0,0.894587,351,314,8,0
metrics,gated,metrics,ABCD,150,0.85,scanner_blank_2,8,8,0,0,0,0,8,0,0.0,0.0,,,0.0,1.0,0.0,271,0,8,0
metrics,gated,metrics,ABCD,150,0.85,scanner_row_delete_1,8,8,0,5,0,0,3,0,0.625,0.625,,,0.057724,0.915056,0.908795,307,279,8,10
metrics,gated,metrics,ABCD,150,0.85,scanner_row_delete_2,8,8,0,1,0,0,7,0,0.125,0.125,,,0.0,0.999969,0.246154,325,80,8,0
metrics,gated,metrics,ABCD,150,0.85,scanner_misread_1,8,0,8,0,0,0,0,8,,,0.0,0.312344,0.001824,0.020706,,0,0,8,0
metrics,gated,metrics,ABCD,150,0.85,scanner_misread_4,8,0,8,0,0,0,0,8,,,0.0,0.312344,0.207643,0.227891,,0,0,8,0
metrics,gated,metrics,ABCD,150,0.85,scanner_faint_1,8,0,8,0,0,0,0,8,,,0.0,0.312344,3e-06,0.000789,,0,0,8,0
metrics,gated,metrics,ABCD,150,0.85,scanner_faint_4,8,0,8,0,0,0,0,8,,,0.0,0.312344,0.045678,0.114554,,0,0,8,0
metrics,gated,metrics,ABCD,150,0.85,scanner_double_4,8,0,8,0,0,0,0,8,,,0.0,0.312344,0.064014,0.090328,,0,0,8,0
metrics,gated,metrics,ABCD,150,0.85,adv_long_runs,8,0,8,0,0,0,0,8,,,0.0,0.312344,0.000175,0.006648,,0,0,8,0
metrics,gated,metrics,ABCD,150,0.85,adv_favourite,8,0,8,0,0,0,0,8,,,0.0,0.312344,0.0,0.000113,,0,0,8,0
metrics,gated,metrics,ABCD,150,0.85,adv_easy_block,8,0,8,0,0,0,0,8,,,0.0,0.312344,0.56428,0.648722,,0,0,8,0
metrics,gated,metrics,ABCD,150,0.85,adv_key_leakage,8,8,0,0,8,0,0,0,0.0,1.0,,,0.0,1.0,0.983146,890,875,8,0
metrics,gated,metrics,ABCD,150,0.85,adv_cycle,8,0,8,0,0,0,0,8,,,0.0,0.312344,0.497127,0.563511,,0,0,8,0
metrics,gated,metrics,ABCD,150,0.95,none,8,0,8,0,0,0,0,8,,,0.0,0.312344,0.082773,0.124567,,0,0,8,0
metrics,gated,metrics,ABCD,150,0.95,row_skip_1,8,8,0,4,0,0,4,0,0.5,0.5,,,0.117894,0.870248,0.86194,268,231,8,3
metrics,gated,metrics,ABCD,150,0.95,row_skip_2,8,8,0,0,0,0,8,0,0.0,0.0,,,0.118503,0.876312,0.0,285,0,8,0
metrics,gated,metrics,ABCD,150,0.95,early_full,8,8,0,5,1,0,2,0,0.625,0.75,,,0.124624,0.875188,0.888386,663,589,8,6
metrics,gated,metrics,ABCD,150,0.95,boundary,8,8,0,4,0,0,4,0,0.5,0.5,,,0.233403,0.720016,0.891304,184,164,8,6
metrics,gated,metrics,ABCD,150,0.95,short_local,8,8,0,0,0,0,8,0,0.0,0.0,,,0.361934,0.628833,0.0,28,0,8,4
metrics,gated,metrics,ABCD,150,0.95,whole_section,8,8,0,5,1,0,2,0,0.625,0.75,,,0.0,1.0,0.899696,329,296,8,0
metrics,gated,metrics,ABCD,150,0.95,anxiety,8,8,0,2,3,0,3,0,0.25,0.625,,,0.0,0.999983,0.607889,431,262,8,0
metrics,gated,metrics,ABCD,150,0.95,double_shift,8,8,0,4,0,0,4,0,0.5,0.5,,,0.0,0.999979,0.669173,266,178,8,0
metrics,gated,metrics,ABCD,150,0.95,self_corrected,8,8,0,5,0,0,3,0,0.625,0.625,,,0.217205,0.7672,0.776316,76,59,8,2
metrics,gated,metrics,ABCD,150,0.95,deferred,8,8,0,3,0,0,5,0,0.375,0.375,,,0.0,1.0,0.463343,341,158,8,0
metrics,gated,metrics,ABCD,150,0.95,isolated,8,8,0,0,0,0,8,0,0.0,0.0,,,0.836305,0.143473,0.0,7,0,8,0
metrics,gated,metrics,ABCD,150,0.95,scanner_blank_1,8,8,0,7,0,0,1,0,0.875,0.875,,,0.0,1.0,0.992857,280,278,8,1
metrics,gated,metrics,ABCD,150,0.95,scanner_blank_2,8,8,0,0,0,0,8,0,0.0,0.0,,,0.008532,0.966587,0.0,206,0,8,13
metrics,gated,metrics,ABCD,150,0.95,scanner_row_delete_1,8,8,0,3,2,0,3,0,0.375,0.625,,,0.062407,0.911348,0.933014,209,195,8,2
metrics,gated,metrics,ABCD,150,0.95,scanner_row_delete_2,8,8,0,4,0,0,4,0,0.5,0.5,,,0.0,0.999982,0.668293,205,137,8,1
metrics,gated,metrics,ABCD,150,0.95,scanner_misread_1,8,0,8,0,0,0,0,8,,,0.0,0.312344,0.102907,0.115709,,0,0,8,0
metrics,gated,metrics,ABCD,150,0.95,scanner_misread_4,8,0,8,0,0,0,0,8,,,0.0,0.312344,0.072719,0.115857,,0,0,8,0
metrics,gated,metrics,ABCD,150,0.95,scanner_faint_1,8,0,8,0,0,0,0,8,,,0.0,0.312344,0.099785,0.114853,,0,0,8,0
metrics,gated,metrics,ABCD,150,0.95,scanner_faint_4,8,0,8,0,0,0,0,8,,,0.0,0.312344,0.00121,0.017732,,0,0,8,0
metrics,gated,metrics,ABCD,150,0.95,scanner_double_4,8,0,8,0,0,0,0,8,,,0.0,0.312344,0.295807,0.3287,,0,0,8,0
metrics,gated,metrics,ABCD,150,0.95,adv_long_runs,8,0,8,0,0,0,0,8,,,0.0,0.312344,0.000246,0.011117,,0,0,8,0
metrics,gated,metrics,ABCD,150,0.95,adv_favourite,8,0,8,0,0,0,0,8,,,0.0,0.312344,0.0,0.000129,,0,0,8,0
metrics,gated,metrics,ABCD,150,0.95,adv_easy_block,8,0,8,0,0,0,0,8,,,0.0,0.312344,0.732809,0.766817,,0,0,8,0
metrics,gated,metrics,ABCD,150,0.95,adv_key_leakage,8,8,0,0,7,0,1,0,0.0,0.875,,,0.0,1.0,0.861397,873,752,8,0
metrics,gated,metrics,ABCD,150,0.95,adv_cycle,8,0,8,0,0,0,0,8,,,0.0,0.312344,0.554002,0.680588,,0,0,8,0
metrics,gated,metrics,ABCDE,46,0.26,none,8,0,8,0,0,0,0,8,,,0.0,0.312344,,,,0,0,8,0
metrics,gated,metrics,ABCDE,46,0.26,row_skip_1,8,8,0,0,0,0,8,0,0.0,0.0,,,,,0.0,14,0,8,5
metrics,gated,metrics,ABCDE,46,0.26,row_skip_2,8,8,0,0,0,0,8,0,0.0,0.0,,,,,0.0,30,0,8,11
metrics,gated,metrics,ABCDE,46,0.26,early_full,8,8,0,0,0,0,8,0,0.0,0.0,,,,,0.0,32,0,8,12
metrics,gated,metrics,ABCDE,46,0.26,boundary,8,8,0,0,0,0,8,0,0.0,0.0,,,,,0.0,11,0,8,10
metrics,gated,metrics,ABCDE,46,0.26,short_local,8,8,0,0,0,0,8,0,0.0,0.0,,,,,0.0,16,0,8,3
metrics,gated,metrics,ABCDE,46,0.26,whole_section,8,8,0,0,0,0,8,0,0.0,0.0,,,,,0.0,15,0,8,7
metrics,gated,metrics,ABCDE,46,0.26,anxiety,8,8,0,0,0,0,8,0,0.0,0.0,,,,,0.0,7,0,8,18
metrics,gated,metrics,ABCDE,46,0.26,double_shift,8,8,0,0,0,0,8,0,0.0,0.0,,,,,0.0,11,0,8,8
metrics,gated,metrics,ABCDE,46,0.26,self_corrected,8,8,0,0,0,0,8,0,0.0,0.0,,,,,0.0,8,0,8,13
metrics,gated,metrics,ABCDE,46,0.26,deferred,8,8,0,0,0,0,8,0,0.0,0.0,,,,,0.0,35,0,8,1
metrics,gated,metrics,ABCDE,46,0.26,isolated,8,8,0,0,0,0,8,0,0.0,0.0,,,,,0.0,1,0,8,1
metrics,gated,metrics,ABCDE,46,0.26,scanner_blank_1,8,8,0,0,0,0,8,0,0.0,0.0,,,,,0.0,19,0,8,0
metrics,gated,metrics,ABCDE,46,0.26,scanner_blank_2,8,8,0,0,0,0,8,0,0.0,0.0,,,,,0.0,27,0,8,3
metrics,gated,metrics,ABCDE,46,0.26,scanner_row_delete_1,8,8,0,0,0,0,8,0,0.0,0.0,,,,,0.0,10,0,8,8
metrics,gated,metrics,ABCDE,46,0.26,scanner_row_delete_2,8,8,0,0,0,0,8,0,0.0,0.0,,,,,0.0,21,0,8,0
metrics,gated,metrics,ABCDE,46,0.26,scanner_misread_1,8,0,8,0,0,0,0,8,,,0.0,0.312344,,,,0,0,8,0
metrics,gated,metrics,ABCDE,46,0.26,scanner_misread_4,8,0,8,0,0,0,0,8,,,0.0,0.312344,,,,0,0,8,0
metrics,gated,metrics,ABCDE,46,0.26,scanner_faint_1,8,0,8,0,0,0,0,8,,,0.0,0.312344,,,,0,0,8,0
metrics,gated,metrics,ABCDE,46,0.26,scanner_faint_4,8,0,8,0,0,0,0,8,,,0.0,0.312344,,,,0,0,8,0
metrics,gated,metrics,ABCDE,46,0.26,scanner_double_4,8,0,8,0,0,0,0,8,,,0.0,0.312344,,,,0,0,8,0
metrics,gated,metrics,ABCDE,46,0.26,adv_long_runs,8,0,8,0,0,0,0,8,,,0.0,0.312344,,,,0,0,8,0
metrics,gated,metrics,ABCDE,46,0.26,adv_favourite,8,0,8,0,0,0,0,8,,,0.0,0.312344,,,,0,0,8,0
metrics,gated,metrics,ABCDE,46,0.26,adv_easy_block,8,0,8,0,0,0,0,8,,,0.0,0.312344,,,,0,0,8,0
metrics,gated,metrics,ABCDE,46,0.26,adv_key_leakage,8,8,0,0,0,0,8,0,0.0,0.0,,,,,0.0,286,0,8,0
metrics,gated,metrics,ABCDE,46,0.26,adv_cycle,8,0,8,0,0,0,0,8,,,0.0,0.312344,,,,0,0,8,0
metrics,gated,metrics,ABCDE,46,0.4,none,8,0,8,0,0,0,0,8,,,0.0,0.312344,,,,0,0,8,0
metrics,gated,metrics,ABCDE,46,0.4,row_skip_1,8,8,0,0,0,0,8,0,0.0,0.0,,,,,0.0,58,0,8,2
metrics,gated,metrics,ABCDE,46,0.4,row_skip_2,8,8,0,0,0,0,8,0,0.0,0.0,,,,,0.0,18,0,8,6
metrics,gated,metrics,ABCDE,46,0.4,early_full,8,8,0,0,0,0,8,0,0.0,0.0,,,,,0.0,34,0,8,7
metrics,gated,metrics,ABCDE,46,0.4,boundary,8,8,0,0,0,0,8,0,0.0,0.0,,,,,0.0,27,0,8,0
metrics,gated,metrics,ABCDE,46,0.4,short_local,8,8,0,0,0,0,8,0,0.0,0.0,,,,,0.0,21,0,8,0
metrics,gated,metrics,ABCDE,46,0.4,whole_section,8,8,0,0,0,0,8,0,0.0,0.0,,,,,0.0,29,0,8,1
metrics,gated,metrics,ABCDE,46,0.4,anxiety,8,8,0,0,0,0,8,0,0.0,0.0,,,,,0.0,20,0,8,8
metrics,gated,metrics,ABCDE,46,0.4,double_shift,8,8,0,0,0,0,8,0,0.0,0.0,,,,,0.0,30,0,8,10
metrics,gated,metrics,ABCDE,46,0.4,self_corrected,8,8,0,0,0,0,8,0,0.0,0.0,,,,,0.0,33,0,8,0
metrics,gated,metrics,ABCDE,46,0.4,deferred,8,8,0,0,0,0,8,0,0.0,0.0,,,,,0.0,31,0,8,8
metrics,gated,metrics,ABCDE,46,0.4,isolated,8,8,0,0,0,0,8,0,0.0,0.0,,,,,0.0,5,0,8,1
metrics,gated,metrics,ABCDE,46,0.4,scanner_blank_1,8,8,0,0,0,0,8,0,0.0,0.0,,,,,0.0,15,0,8,8
metrics,gated,metrics,ABCDE,46,0.4,scanner_blank_2,8,8,0,0,0,0,8,0,0.0,0.0,,,,,0.0,25,0,8,4
metrics,gated,metrics,ABCDE,46,0.4,scanner_row_delete_1,8,8,0,0,0,0,8,0,0.0,0.0,,,,,0.0,22,0,8,0
metrics,gated,metrics,ABCDE,46,0.4,scanner_row_delete_2,8,8,0,0,0,0,8,0,0.0,0.0,,,,,0.0,22,0,8,1
metrics,gated,metrics,ABCDE,46,0.4,scanner_misread_1,8,0,8,0,0,0,0,8,,,0.0,0.312344,,,,0,0,8,0
metrics,gated,metrics,ABCDE,46,0.4,scanner_misread_4,8,0,8,0,0,0,0,8,,,0.0,0.312344,,,,0,0,8,0
metrics,gated,metrics,ABCDE,46,0.4,scanner_faint_1,8,0,8,0,0,0,0,8,,,0.0,0.312344,,,,0,0,8,0
metrics,gated,metrics,ABCDE,46,0.4,scanner_faint_4,8,0,8,0,0,0,0,8,,,0.0,0.312344,,,,0,0,8,0
metrics,gated,metrics,ABCDE,46,0.4,scanner_double_4,8,0,8,0,0,0,0,8,,,0.0,0.312344,,,,0,0,8,0
metrics,gated,metrics,ABCDE,46,0.4,adv_long_runs,8,0,8,0,0,0,0,8,,,0.0,0.312344,,,,0,0,8,0
metrics,gated,metrics,ABCDE,46,0.4,adv_favourite,8,0,8,0,0,0,0,8,,,0.0,0.312344,,,,0,0,8,0
metrics,gated,metrics,ABCDE,46,0.4,adv_easy_block,8,0,8,0,0,0,0,8,,,0.0,0.312344,,,,0,0,8,0
metrics,gated,metrics,ABCDE,46,0.4,adv_key_leakage,8,8,0,0,0,0,8,0,0.0,0.0,,,,,0.0,288,0,8,0
metrics,gated,metrics,ABCDE,46,0.4,adv_cycle,8,0,8,0,0,0,0,8,,,0.0,0.312344,,,,0,0,8,0
metrics,gated,metrics,ABCDE,46,0.55,none,8,0,8,0,0,0,0,8,,,0.0,0.312344,,,,0,0,8,0
metrics,gated,metrics,ABCDE,46,0.55,row_skip_1,8,8,0,0,0,0,8,0,0.0,0.0,,,,,0.0,49,0,8,2
metrics,gated,metrics,ABCDE,46,0.55,row_skip_2,8,8,0,0,0,0,8,0,0.0,0.0,,,,,0.0,28,0,8,0
metrics,gated,metrics,ABCDE,46,0.55,early_full,8,8,0,0,0,0,8,0,0.0,0.0,,,,,0.0,139,0,8,0
metrics,gated,metrics,ABCDE,46,0.55,boundary,8,8,0,0,0,0,8,0,0.0,0.0,,,,,0.0,22,0,8,0
metrics,gated,metrics,ABCDE,46,0.55,short_local,8,8,0,0,0,0,8,0,0.0,0.0,,,,,0.0,8,0,8,3
metrics,gated,metrics,ABCDE,46,0.55,whole_section,8,8,0,0,0,0,8,0,0.0,0.0,,,,,0.0,34,0,8,2
metrics,gated,metrics,ABCDE,46,0.55,anxiety,8,8,0,0,0,0,8,0,0.0,0.0,,,,,0.0,41,0,8,0
metrics,gated,metrics,ABCDE,46,0.55,double_shift,8,8,0,0,0,0,8,0,0.0,0.0,,,,,0.0,38,0,8,11
metrics,gated,metrics,ABCDE,46,0.55,self_corrected,8,8,0,0,0,0,8,0,0.0,0.0,,,,,0.0,45,0,8,0
metrics,gated,metrics,ABCDE,46,0.55,deferred,8,8,0,0,0,0,8,0,0.0,0.0,,,,,0.0,68,0,8,0
metrics,gated,metrics,ABCDE,46,0.55,isolated,8,8,0,0,0,0,8,0,0.0,0.0,,,,,0.0,4,0,8,2
metrics,gated,metrics,ABCDE,46,0.55,scanner_blank_1,8,8,0,0,0,0,8,0,0.0,0.0,,,,,0.0,67,0,8,0
metrics,gated,metrics,ABCDE,46,0.55,scanner_blank_2,8,8,0,0,0,0,8,0,0.0,0.0,,,,,0.0,58,0,8,2
metrics,gated,metrics,ABCDE,46,0.55,scanner_row_delete_1,8,8,0,0,0,0,8,0,0.0,0.0,,,,,0.0,54,0,8,0
metrics,gated,metrics,ABCDE,46,0.55,scanner_row_delete_2,8,8,0,0,0,0,8,0,0.0,0.0,,,,,0.0,54,0,8,0
metrics,gated,metrics,ABCDE,46,0.55,scanner_misread_1,8,0,8,0,0,0,0,8,,,0.0,0.312344,,,,0,0,8,0
metrics,gated,metrics,ABCDE,46,0.55,scanner_misread_4,8,0,8,0,0,0,0,8,,,0.0,0.312344,,,,0,0,8,0
metrics,gated,metrics,ABCDE,46,0.55,scanner_faint_1,8,0,8,0,0,0,0,8,,,0.0,0.312344,,,,0,0,8,0
metrics,gated,metrics,ABCDE,46,0.55,scanner_faint_4,8,0,8,0,0,0,0,8,,,0.0,0.312344,,,,0,0,8,0
metrics,gated,metrics,ABCDE,46,0.55,scanner_double_4,8,0,8,0,0,0,0,8,,,0.0,0.312344,,,,0,0,8,0
metrics,gated,metrics,ABCDE,46,0.55,adv_long_runs,8,0,8,0,0,0,0,8,,,0.0,0.312344,,,,0,0,8,0
metrics,gated,metrics,ABCDE,46,0.55,adv_favourite,8,0,8,0,0,0,0,8,,,0.0,0.312344,,,,0,0,8,0
metrics,gated,metrics,ABCDE,46,0.55,adv_easy_block,8,0,8,0,0,0,0,8,,,0.0,0.312344,,,,0,0,8,0
metrics,gated,metrics,ABCDE,46,0.55,adv_key_leakage,8,8,0,0,0,0,8,0,0.0,0.0,,,,,0.0,286,0,8,0
metrics,gated,metrics,ABCDE,46,0.55,adv_cycle,8,0,8,0,0,0,0,8,,,0.0,0.312344,,,,0,0,8,0
metrics,gated,metrics,ABCDE,46,0.7,none,8,0,8,0,0,0,0,8,,,0.0,0.312344,,,,0,0,8,0
metrics,gated,metrics,ABCDE,46,0.7,row_skip_1,8,8,0,0,0,0,8,0,0.0,0.0,,,,,0.0,64,0,8,0
metrics,gated,metrics,ABCDE,46,0.7,row_skip_2,8,8,0,0,0,0,8,0,0.0,0.0,,,,,0.0,91,0,8,0
metrics,gated,metrics,ABCDE,46,0.7,early_full,8,8,0,0,0,0,8,0,0.0,0.0,,,,,0.0,167,0,8,0
metrics,gated,metrics,ABCDE,46,0.7,boundary,8,8,0,0,0,0,8,0,0.0,0.0,,,,,0.0,27,0,8,0
metrics,gated,metrics,ABCDE,46,0.7,short_local,8,8,0,0,0,0,8,0,0.0,0.0,,,,,0.0,21,0,8,2
metrics,gated,metrics,ABCDE,46,0.7,whole_section,8,8,0,0,0,0,8,0,0.0,0.0,,,,,0.0,73,0,8,0
metrics,gated,metrics,ABCDE,46,0.7,anxiety,8,8,0,0,0,0,8,0,0.0,0.0,,,,,0.0,67,0,8,0
metrics,gated,metrics,ABCDE,46,0.7,double_shift,8,8,0,0,0,0,8,0,0.0,0.0,,,,,0.0,97,0,8,7
metrics,gated,metrics,ABCDE,46,0.7,self_corrected,8,8,0,0,0,0,8,0,0.0,0.0,,,,,0.0,56,0,8,0
metrics,gated,metrics,ABCDE,46,0.7,deferred,8,8,0,0,0,0,8,0,0.0,0.0,,,,,0.0,64,0,8,0
metrics,gated,metrics,ABCDE,46,0.7,isolated,8,8,0,0,0,0,8,0,0.0,0.0,,,,,0.0,7,0,8,3
metrics,gated,metrics,ABCDE,46,0.7,scanner_blank_1,8,8,0,0,0,0,8,0,0.0,0.0,,,,,0.0,73,0,8,0
metrics,gated,metrics,ABCDE,46,0.7,scanner_blank_2,8,8,0,0,0,0,8,0,0.0,0.0,,,,,0.0,38,0,8,0
metrics,gated,metrics,ABCDE,46,0.7,scanner_row_delete_1,8,8,0,0,0,0,8,0,0.0,0.0,,,,,0.0,34,0,8,2
metrics,gated,metrics,ABCDE,46,0.7,scanner_row_delete_2,8,8,0,0,0,0,8,0,0.0,0.0,,,,,0.0,53,0,8,2
metrics,gated,metrics,ABCDE,46,0.7,scanner_misread_1,8,0,8,0,0,0,0,8,,,0.0,0.312344,,,,0,0,8,0
metrics,gated,metrics,ABCDE,46,0.7,scanner_misread_4,8,0,8,0,0,0,0,8,,,0.0,0.312344,,,,0,0,8,0
metrics,gated,metrics,ABCDE,46,0.7,scanner_faint_1,8,0,8,0,0,0,0,8,,,0.0,0.312344,,,,0,0,8,0
metrics,gated,metrics,ABCDE,46,0.7,scanner_faint_4,8,0,8,0,0,0,0,8,,,0.0,0.312344,,,,0,0,8,0
metrics,gated,metrics,ABCDE,46,0.7,scanner_double_4,8,0,8,0,0,0,0,8,,,0.0,0.312344,,,,0,0,8,0
metrics,gated,metrics,ABCDE,46,0.7,adv_long_runs,8,0,8,0,0,0,0,8,,,0.0,0.312344,,,,0,0,8,0
metrics,gated,metrics,ABCDE,46,0.7,adv_favourite,8,0,8,0,0,0,0,8,,,0.0,0.312344,,,,0,0,8,0
metrics,gated,metrics,ABCDE,46,0.7,adv_easy_block,8,0,8,0,0,0,0,8,,,0.0,0.312344,,,,0,0,8,0
metrics,gated,metrics,ABCDE,46,0.7,adv_key_leakage,8,8,0,0,0,0,8,0,0.0,0.0,,,,,0.0,297,0,8,0
metrics,gated,metrics,ABCDE,46,0.7,adv_cycle,8,0,8,0,0,0,0,8,,,0.0,0.312344,,,,0,0,8,0
metrics,gated,metrics,ABCDE,46,0.85,none,8,0,8,0,0,0,0,8,,,0.0,0.312344,,,,0,0,8,0
metrics,gated,metrics,ABCDE,46,0.85,row_skip_1,8,8,0,0,0,0,8,0,0.0,0.0,,,,,0.0,54,0,8,0
metrics,gated,metrics,ABCDE,46,0.85,row_skip_2,8,8,0,0,0,0,8,0,0.0,0.0,,,,,0.0,67,0,8,1
metrics,gated,metrics,ABCDE,46,0.85,early_full,8,8,0,0,0,0,8,0,0.0,0.0,,,,,0.0,127,0,8,3
metrics,gated,metrics,ABCDE,46,0.85,boundary,8,8,0,0,0,0,8,0,0.0,0.0,,,,,0.0,47,0,8,2
metrics,gated,metrics,ABCDE,46,0.85,short_local,8,8,0,0,0,0,8,0,0.0,0.0,,,,,0.0,32,0,8,1
metrics,gated,metrics,ABCDE,46,0.85,whole_section,8,8,0,0,0,0,8,0,0.0,0.0,,,,,0.0,70,0,8,0
metrics,gated,metrics,ABCDE,46,0.85,anxiety,8,8,0,0,0,0,8,0,0.0,0.0,,,,,0.0,76,0,8,1
metrics,gated,metrics,ABCDE,46,0.85,double_shift,8,8,0,0,0,0,8,0,0.0,0.0,,,,,0.0,158,0,8,0
metrics,gated,metrics,ABCDE,46,0.85,self_corrected,8,8,0,0,0,0,8,0,0.0,0.0,,,,,0.0,79,0,8,0
metrics,gated,metrics,ABCDE,46,0.85,deferred,8,8,0,0,0,0,8,0,0.0,0.0,,,,,0.0,76,0,8,0
metrics,gated,metrics,ABCDE,46,0.85,isolated,8,8,0,0,0,0,8,0,0.0,0.0,,,,,0.0,3,0,8,0
metrics,gated,metrics,ABCDE,46,0.85,scanner_blank_1,8,8,0,0,0,0,8,0,0.0,0.0,,,,,0.0,55,0,8,0
metrics,gated,metrics,ABCDE,46,0.85,scanner_blank_2,8,8,0,0,0,0,8,0,0.0,0.0,,,,,0.0,101,0,8,0
metrics,gated,metrics,ABCDE,46,0.85,scanner_row_delete_1,8,8,0,0,0,0,8,0,0.0,0.0,,,,,0.0,52,0,8,7
metrics,gated,metrics,ABCDE,46,0.85,scanner_row_delete_2,8,8,0,0,0,0,8,0,0.0,0.0,,,,,0.0,98,0,8,0
metrics,gated,metrics,ABCDE,46,0.85,scanner_misread_1,8,0,8,0,0,0,0,8,,,0.0,0.312344,,,,0,0,8,0
metrics,gated,metrics,ABCDE,46,0.85,scanner_misread_4,8,0,8,0,0,0,0,8,,,0.0,0.312344,,,,0,0,8,0
metrics,gated,metrics,ABCDE,46,0.85,scanner_faint_1,8,0,8,0,0,0,0,8,,,0.0,0.312344,,,,0,0,8,0
metrics,gated,metrics,ABCDE,46,0.85,scanner_faint_4,8,0,8,0,0,0,0,8,,,0.0,0.312344,,,,0,0,8,0
metrics,gated,metrics,ABCDE,46,0.85,scanner_double_4,8,0,8,0,0,0,0,8,,,0.0,0.312344,,,,0,0,8,0
metrics,gated,metrics,ABCDE,46,0.85,adv_long_runs,8,0,8,0,0,0,0,8,,,0.0,0.312344,,,,0,0,8,0
metrics,gated,metrics,ABCDE,46,0.85,adv_favourite,8,0,8,0,0,0,0,8,,,0.0,0.312344,,,,0,0,8,0
metrics,gated,metrics,ABCDE,46,0.85,adv_easy_block,8,0,8,0,0,0,0,8,,,0.0,0.312344,,,,0,0,8,0
metrics,gated,metrics,ABCDE,46,0.85,adv_key_leakage,8,8,0,0,0,0,8,0,0.0,0.0,,,,,0.0,289,0,8,0
metrics,gated,metrics,ABCDE,46,0.85,adv_cycle,8,0,8,0,0,0,0,8,,,0.0,0.312344,,,,0,0,8,0
metrics,gated,metrics,ABCDE,46,0.95,none,8,0,8,0,0,0,0,8,,,0.0,0.312344,,,,0,0,8,0
metrics,gated,metrics,ABCDE,46,0.95,row_skip_1,8,8,0,0,0,0,8,0,0.0,0.0,,,,,0.0,131,0,8,0
metrics,gated,metrics,ABCDE,46,0.95,row_skip_2,8,8,0,0,0,0,8,0,0.0,0.0,,,,,0.0,156,0,8,0
metrics,gated,metrics,ABCDE,46,0.95,early_full,8,8,0,0,0,0,8,0,0.0,0.0,,,,,0.0,192,0,8,0
metrics,gated,metrics,ABCDE,46,0.95,boundary,8,8,0,0,0,0,8,0,0.0,0.0,,,,,0.0,56,0,8,0
metrics,gated,metrics,ABCDE,46,0.95,short_local,8,8,0,0,0,0,8,0,0.0,0.0,,,,,0.0,21,0,8,0
metrics,gated,metrics,ABCDE,46,0.95,whole_section,8,8,0,0,0,0,8,0,0.0,0.0,,,,,0.0,119,0,8,0
metrics,gated,metrics,ABCDE,46,0.95,anxiety,8,8,0,0,0,0,8,0,0.0,0.0,,,,,0.0,103,0,8,0
metrics,gated,metrics,ABCDE,46,0.95,double_shift,8,8,0,0,0,0,8,0,0.0,0.0,,,,,0.0,179,0,8,0
metrics,gated,metrics,ABCDE,46,0.95,self_corrected,8,8,0,0,0,0,8,0,0.0,0.0,,,,,0.0,109,0,8,1
metrics,gated,metrics,ABCDE,46,0.95,deferred,8,8,0,0,0,0,8,0,0.0,0.0,,,,,0.0,112,0,8,3
metrics,gated,metrics,ABCDE,46,0.95,isolated,8,8,0,0,0,0,8,0,0.0,0.0,,,,,0.0,10,0,8,0
metrics,gated,metrics,ABCDE,46,0.95,scanner_blank_1,8,8,0,0,0,0,8,0,0.0,0.0,,,,,0.0,62,0,8,0
metrics,gated,metrics,ABCDE,46,0.95,scanner_blank_2,8,8,0,0,0,0,8,0,0.0,0.0,,,,,0.0,110,0,8,0
metrics,gated,metrics,ABCDE,46,0.95,scanner_row_delete_1,8,8,0,0,0,0,8,0,0.0,0.0,,,,,0.0,86,0,8,0
metrics,gated,metrics,ABCDE,46,0.95,scanner_row_delete_2,8,8,0,0,0,0,8,0,0.0,0.0,,,,,0.0,92,0,8,3
metrics,gated,metrics,ABCDE,46,0.95,scanner_misread_1,8,0,8,0,0,0,0,8,,,0.0,0.312344,,,,0,0,8,0
metrics,gated,metrics,ABCDE,46,0.95,scanner_misread_4,8,0,8,0,0,0,0,8,,,0.0,0.312344,,,,0,0,8,0
metrics,gated,metrics,ABCDE,46,0.95,scanner_faint_1,8,0,8,0,0,0,0,8,,,0.0,0.312344,,,,0,0,8,0
metrics,gated,metrics,ABCDE,46,0.95,scanner_faint_4,8,0,8,0,0,0,0,8,,,0.0,0.312344,,,,0,0,8,0
metrics,gated,metrics,ABCDE,46,0.95,scanner_double_4,8,0,8,0,0,0,0,8,,,0.0,0.312344,,,,0,0,8,0
metrics,gated,metrics,ABCDE,46,0.95,adv_long_runs,8,0,8,0,0,0,0,8,,,0.0,0.312344,,,,0,0,8,0
metrics,gated,metrics,ABCDE,46,0.95,adv_favourite,8,0,8,0,0,0,0,8,,,0.0,0.312344,,,,0,0,8,0
metrics,gated,metrics,ABCDE,46,0.95,adv_easy_block,8,0,8,0,0,0,0,8,,,0.0,0.312344,,,,0,0,8,0
metrics,gated,metrics,ABCDE,46,0.95,adv_key_leakage,8,8,0,0,0,0,8,0,0.0,0.0,,,,,0.0,280,0,8,0
metrics,gated,metrics,ABCDE,46,0.95,adv_cycle,8,0,8,0,0,0,0,8,,,0.0,0.312344,,,,0,0,8,0
metrics,gated,metrics,ABCDE,90,0.26,none,8,0,8,0,0,0,0,8,,,0.0,0.312344,,,,0,0,8,0
metrics,gated,metrics,ABCDE,90,0.26,row_skip_1,8,8,0,0,0,0,8,0,0.0,0.0,,,,,0.0,14,0,8,14
metrics,gated,metrics,ABCDE,90,0.26,row_skip_2,8,8,0,0,0,0,8,0,0.0,0.0,,,,,0.0,1,0,8,19
metrics,gated,metrics,ABCDE,90,0.26,early_full,8,8,0,0,0,0,8,0,0.0,0.0,,,,,0.0,62,0,8,4
metrics,gated,metrics,ABCDE,90,0.26,boundary,8,8,0,0,0,0,8,0,0.0,0.0,,,,,0.0,18,0,8,3
metrics,gated,metrics,ABCDE,90,0.26,short_local,8,8,0,0,0,0,8,0,0.0,0.0,,,,,0.0,10,0,8,7
metrics,gated,metrics,ABCDE,90,0.26,whole_section,8,8,0,0,0,0,8,0,0.0,0.0,,,,,0.0,28,0,8,28
metrics,gated,metrics,ABCDE,90,0.26,anxiety,8,8,0,0,0,0,8,0,0.0,0.0,,,,,0.0,30,0,8,3
metrics,gated,metrics,ABCDE,90,0.26,double_shift,8,8,0,0,0,0,8,0,0.0,0.0,,,,,0.0,22,0,8,1
metrics,gated,metrics,ABCDE,90,0.26,self_corrected,8,8,0,0,0,0,8,0,0.0,0.0,,,,,0.0,18,0,8,3
metrics,gated,metrics,ABCDE,90,0.26,deferred,8,8,0,0,0,0,8,0,0.0,0.0,,,,,0.0,32,0,8,1
metrics,gated,metrics,ABCDE,90,0.26,isolated,8,8,0,0,0,0,8,0,0.0,0.0,,,,,0.0,3,0,8,0
metrics,gated,metrics,ABCDE,90,0.26,scanner_blank_1,8,8,0,0,0,0,8,0,0.0,0.0,,,,,0.0,40,0,8,8
metrics,gated,metrics,ABCDE,90,0.26,scanner_blank_2,8,8,0,0,0,0,8,0,0.0,0.0,,,,,0.0,30,0,8,4
metrics,gated,metrics,ABCDE,90,0.26,scanner_row_delete_1,8,8,0,0,0,0,8,0,0.0,0.0,,,,,0.0,18,0,8,5
metrics,gated,metrics,ABCDE,90,0.26,scanner_row_delete_2,8,8,0,0,0,0,8,0,0.0,0.0,,,,,0.0,18,0,8,18
metrics,gated,metrics,ABCDE,90,0.26,scanner_misread_1,8,0,8,0,0,0,0,8,,,0.0,0.312344,,,,0,0,8,0
metrics,gated,metrics,ABCDE,90,0.26,scanner_misread_4,8,0,8,0,0,0,0,8,,,0.0,0.312344,,,,0,0,8,0
metrics,gated,metrics,ABCDE,90,0.26,scanner_faint_1,8,0,8,0,0,0,0,8,,,0.0,0.312344,,,,0,0,8,0
metrics,gated,metrics,ABCDE,90,0.26,scanner_faint_4,8,0,8,0,0,0,0,8,,,0.0,0.312344,,,,0,0,8,0
metrics,gated,metrics,ABCDE,90,0.26,scanner_double_4,8,0,8,0,0,0,0,8,,,0.0,0.312344,,,,0,0,8,0
metrics,gated,metrics,ABCDE,90,0.26,adv_long_runs,8,0,8,0,0,0,0,8,,,0.0,0.312344,,,,0,0,8,0
metrics,gated,metrics,ABCDE,90,0.26,adv_favourite,8,0,8,0,0,0,0,8,,,0.0,0.312344,,,,0,0,8,0
metrics,gated,metrics,ABCDE,90,0.26,adv_easy_block,8,0,8,0,0,0,0,8,,,0.0,0.312344,,,,0,0,8,0
metrics,gated,metrics,ABCDE,90,0.26,adv_key_leakage,8,8,0,0,0,0,8,0,0.0,0.0,,,,,0.0,570,0,8,0
metrics,gated,metrics,ABCDE,90,0.26,adv_cycle,8,0,8,0,0,0,0,8,,,0.0,0.312344,,,,0,0,8,0
metrics,gated,metrics,ABCDE,90,0.4,none,8,0,8,0,0,0,0,8,,,0.0,0.312344,,,,0,0,8,0
metrics,gated,metrics,ABCDE,90,0.4,row_skip_1,8,8,0,0,0,0,8,0,0.0,0.0,,,,,0.0,68,0,8,0
metrics,gated,metrics,ABCDE,90,0.4,row_skip_2,8,8,0,0,0,0,8,0,0.0,0.0,,,,,0.0,77,0,8,5
metrics,gated,metrics,ABCDE,90,0.4,early_full,8,8,0,0,0,0,8,0,0.0,0.0,,,,,0.0,162,0,8,0
metrics,gated,metrics,ABCDE,90,0.4,boundary,8,8,0,0,0,0,8,0,0.0,0.0,,,,,0.0,30,0,8,1
metrics,gated,metrics,ABCDE,90,0.4,short_local,8,8,0,0,0,0,8,0,0.0,0.0,,,,,0.0,20,0,8,0
metrics,gated,metrics,ABCDE,90,0.4,whole_section,8,8,0,0,0,0,8,0,0.0,0.0,,,,,0.0,61,0,8,10
metrics,gated,metrics,ABCDE,90,0.4,anxiety,8,8,0,0,0,0,8,0,0.0,0.0,,,,,0.0,68,0,8,1
metrics,gated,metrics,ABCDE,90,0.4,double_shift,8,8,0,0,0,0,8,0,0.0,0.0,,,,,0.0,87,0,8,7
metrics,gated,metrics,ABCDE,90,0.4,self_corrected,8,8,0,0,0,0,8,0,0.0,0.0,,,,,0.0,22,0,8,3
metrics,gated,metrics,ABCDE,90,0.4,deferred,8,8,0,0,0,0,8,0,0.0,0.0,,,,,0.0,62,0,8,3
metrics,gated,metrics,ABCDE,90,0.4,isolated,8,8,0,0,0,0,8,0,0.0,0.0,,,,,0.0,4,0,8,2
metrics,gated,metrics,ABCDE,90,0.4,scanner_blank_1,8,8,0,0,0,0,8,0,0.0,0.0,,,,,0.0,124,0,8,9
metrics,gated,metrics,ABCDE,90,0.4,scanner_blank_2,8,8,0,0,0,0,8,0,0.0,0.0,,,,,0.0,70,0,8,0
metrics,gated,metrics,ABCDE,90,0.4,scanner_row_delete_1,8,8,0,0,0,0,8,0,0.0,0.0,,,,,0.0,66,0,8,9
metrics,gated,metrics,ABCDE,90,0.4,scanner_row_delete_2,8,8,0,0,0,0,8,0,0.0,0.0,,,,,0.0,53,0,8,9
metrics,gated,metrics,ABCDE,90,0.4,scanner_misread_1,8,0,8,0,0,0,0,8,,,0.0,0.312344,,,,0,0,8,0
metrics,gated,metrics,ABCDE,90,0.4,scanner_misread_4,8,0,8,0,0,0,0,8,,,0.0,0.312344,,,,0,0,8,0
metrics,gated,metrics,ABCDE,90,0.4,scanner_faint_1,8,0,8,0,0,0,0,8,,,0.0,0.312344,,,,0,0,8,0
metrics,gated,metrics,ABCDE,90,0.4,scanner_faint_4,8,0,8,0,0,0,0,8,,,0.0,0.312344,,,,0,0,8,0
metrics,gated,metrics,ABCDE,90,0.4,scanner_double_4,8,0,8,0,0,0,0,8,,,0.0,0.312344,,,,0,0,8,0
metrics,gated,metrics,ABCDE,90,0.4,adv_long_runs,8,0,8,0,0,0,0,8,,,0.0,0.312344,,,,0,0,8,0
metrics,gated,metrics,ABCDE,90,0.4,adv_favourite,8,0,8,0,0,0,0,8,,,0.0,0.312344,,,,0,0,8,0
metrics,gated,metrics,ABCDE,90,0.4,adv_easy_block,8,0,8,0,0,0,0,8,,,0.0,0.312344,,,,0,0,8,0
metrics,gated,metrics,ABCDE,90,0.4,adv_key_leakage,8,8,0,0,0,0,8,0,0.0,0.0,,,,,0.0,571,0,8,0
metrics,gated,metrics,ABCDE,90,0.4,adv_cycle,8,0,8,0,0,0,0,8,,,0.0,0.312344,,,,0,0,8,0
metrics,gated,metrics,ABCDE,90,0.55,none,8,0,8,0,0,0,0,8,,,0.0,0.312344,,,,0,0,8,0
metrics,gated,metrics,ABCDE,90,0.55,row_skip_1,8,8,0,0,0,0,8,0,0.0,0.0,,,,,0.0,113,0,8,1
metrics,gated,metrics,ABCDE,90,0.55,row_skip_2,8,8,0,0,0,0,8,0,0.0,0.0,,,,,0.0,59,0,8,7
metrics,gated,metrics,ABCDE,90,0.55,early_full,8,8,0,0,0,0,8,0,0.0,0.0,,,,,0.0,183,0,8,0
metrics,gated,metrics,ABCDE,90,0.55,boundary,8,8,0,0,0,0,8,0,0.0,0.0,,,,,0.0,42,0,8,1
metrics,gated,metrics,ABCDE,90,0.55,short_local,8,8,0,0,0,0,8,0,0.0,0.0,,,,,0.0,10,0,8,0
metrics,gated,metrics,ABCDE,90,0.55,whole_section,8,8,0,0,0,0,8,0,0.0,0.0,,,,,0.0,89,0,8,0
metrics,gated,metrics,ABCDE,90,0.55,anxiety,8,8,0,0,0,0,8,0,0.0,0.0,,,,,0.0,145,0,8,0
metrics,gated,metrics,ABCDE,90,0.55,double_shift,8,8,0,0,0,0,8,0,0.0,0.0,,,,,0.0,180,0,8,1
metrics,gated,metrics,ABCDE,90,0.55,self_corrected,8,8,0,0,0,0,8,0,0.0,0.0,,,,,0.0,66,0,8,0
metrics,gated,metrics,ABCDE,90,0.55,deferred,8,8,0,0,0,0,8,0,0.0,0.0,,,,,0.0,78,0,8,1
metrics,gated,metrics,ABCDE,90,0.55,isolated,8,8,0,0,0,0,8,0,0.0,0.0,,,,,0.0,5,0,8,0
metrics,gated,metrics,ABCDE,90,0.55,scanner_blank_1,8,8,0,0,0,0,8,0,0.0,0.0,,,,,0.0,102,0,8,0
metrics,gated,metrics,ABCDE,90,0.55,scanner_blank_2,8,8,0,0,0,0,8,0,0.0,0.0,,,,,0.0,101,0,8,2
metrics,gated,metrics,ABCDE,90,0.55,scanner_row_delete_1,8,8,0,0,0,0,8,0,0.0,0.0,,,,,0.0,149,0,8,1
metrics,gated,metrics,ABCDE,90,0.55,scanner_row_delete_2,8,8,0,0,0,0,8,0,0.0,0.0,,,,,0.0,26,0,8,4
metrics,gated,metrics,ABCDE,90,0.55,scanner_misread_1,8,0,8,0,0,0,0,8,,,0.0,0.312344,,,,0,0,8,0
metrics,gated,metrics,ABCDE,90,0.55,scanner_misread_4,8,0,8,0,0,0,0,8,,,0.0,0.312344,,,,0,0,8,0
metrics,gated,metrics,ABCDE,90,0.55,scanner_faint_1,8,0,8,0,0,0,0,8,,,0.0,0.312344,,,,0,0,8,0
metrics,gated,metrics,ABCDE,90,0.55,scanner_faint_4,8,0,8,0,0,0,0,8,,,0.0,0.312344,,,,0,0,8,0
metrics,gated,metrics,ABCDE,90,0.55,scanner_double_4,8,0,8,0,0,0,0,8,,,0.0,0.312344,,,,0,0,8,0
metrics,gated,metrics,ABCDE,90,0.55,adv_long_runs,8,0,8,0,0,0,0,8,,,0.0,0.312344,,,,0,0,8,0
metrics,gated,metrics,ABCDE,90,0.55,adv_favourite,8,0,8,0,0,0,0,8,,,0.0,0.312344,,,,0,0,8,0
metrics,gated,metrics,ABCDE,90,0.55,adv_easy_block,8,0,8,0,0,0,0,8,,,0.0,0.312344,,,,0,0,8,0
metrics,gated,metrics,ABCDE,90,0.55,adv_key_leakage,8,8,0,0,0,0,8,0,0.0,0.0,,,,,0.0,565,0,8,0
metrics,gated,metrics,ABCDE,90,0.55,adv_cycle,8,0,8,0,0,0,0,8,,,0.0,0.312344,,,,0,0,8,0
metrics,gated,metrics,ABCDE,90,0.7,none,8,0,8,0,0,0,0,8,,,0.0,0.312344,,,,0,0,8,0
metrics,gated,metrics,ABCDE,90,0.7,row_skip_1,8,8,0,0,0,0,8,0,0.0,0.0,,,,,0.0,111,0,8,0
metrics,gated,metrics,ABCDE,90,0.7,row_skip_2,8,8,0,0,0,0,8,0,0.0,0.0,,,,,0.0,129,0,8,0
metrics,gated,metrics,ABCDE,90,0.7,early_full,8,8,0,0,0,0,8,0,0.0,0.0,,,,,0.0,235,0,8,7
metrics,gated,metrics,ABCDE,90,0.7,boundary,8,8,0,0,0,0,8,0,0.0,0.0,,,,,0.0,113,0,8,1
metrics,gated,metrics,ABCDE,90,0.7,short_local,8,8,0,0,0,0,8,0,0.0,0.0,,,,,0.0,29,0,8,0
metrics,gated,metrics,ABCDE,90,0.7,whole_section,8,8,0,0,0,0,8,0,0.0,0.0,,,,,0.0,133,0,8,0
metrics,gated,metrics,ABCDE,90,0.7,anxiety,8,8,0,0,0,0,8,0,0.0,0.0,,,,,0.0,103,0,8,3
metrics,gated,metrics,ABCDE,90,0.7,double_shift,8,8,0,0,0,0,8,0,0.0,0.0,,,,,0.0,207,0,8,0
metrics,gated,metrics,ABCDE,90,0.7,self_corrected,8,8,0,0,0,0,8,0,0.0,0.0,,,,,0.0,65,0,8,0
metrics,gated,metrics,ABCDE,90,0.7,deferred,8,8,0,0,0,0,8,0,0.0,0.0,,,,,0.0,156,0,8,0
metrics,gated,metrics,ABCDE,90,0.7,isolated,8,8,0,0,0,0,8,0,0.0,0.0,,,,,0.0,5,0,8,2
metrics,gated,metrics,ABCDE,90,0.7,scanner_blank_1,8,8,0,0,0,0,8,0,0.0,0.0,,,,,0.0,145,0,8,0
metrics,gated,metrics,ABCDE,90,0.7,scanner_blank_2,8,8,0,0,0,0,8,0,0.0,0.0,,,,,0.0,159,0,8,0
metrics,gated,metrics,ABCDE,90,0.7,scanner_row_delete_1,8,8,0,0,0,0,8,0,0.0,0.0,,,,,0.0,67,0,8,0
metrics,gated,metrics,ABCDE,90,0.7,scanner_row_delete_2,8,8,0,0,0,0,8,0,0.0,0.0,,,,,0.0,132,0,8,0
metrics,gated,metrics,ABCDE,90,0.7,scanner_misread_1,8,0,8,0,0,0,0,8,,,0.0,0.312344,,,,0,0,8,0
metrics,gated,metrics,ABCDE,90,0.7,scanner_misread_4,8,0,8,0,0,0,0,8,,,0.0,0.312344,,,,0,0,8,0
metrics,gated,metrics,ABCDE,90,0.7,scanner_faint_1,8,0,8,0,0,0,0,8,,,0.0,0.312344,,,,0,0,8,0
metrics,gated,metrics,ABCDE,90,0.7,scanner_faint_4,8,0,8,0,0,0,0,8,,,0.0,0.312344,,,,0,0,8,0
metrics,gated,metrics,ABCDE,90,0.7,scanner_double_4,8,0,8,0,0,0,0,8,,,0.0,0.312344,,,,0,0,8,0
metrics,gated,metrics,ABCDE,90,0.7,adv_long_runs,8,0,8,0,0,0,0,8,,,0.0,0.312344,,,,0,0,8,0
metrics,gated,metrics,ABCDE,90,0.7,adv_favourite,8,0,8,0,0,0,0,8,,,0.0,0.312344,,,,0,0,8,0
metrics,gated,metrics,ABCDE,90,0.7,adv_easy_block,8,0,8,0,0,0,0,8,,,0.0,0.312344,,,,0,0,8,0
metrics,gated,metrics,ABCDE,90,0.7,adv_key_leakage,8,8,0,0,0,0,8,0,0.0,0.0,,,,,0.0,554,0,8,0
metrics,gated,metrics,ABCDE,90,0.7,adv_cycle,8,0,8,0,0,0,0,8,,,0.0,0.312344,,,,0,0,8,0
metrics,gated,metrics,ABCDE,90,0.85,none,8,0,8,0,0,0,0,8,,,0.0,0.312344,,,,0,0,8,0
metrics,gated,metrics,ABCDE,90,0.85,row_skip_1,8,8,0,0,0,0,8,0,0.0,0.0,,,,,0.0,165,0,8,3
metrics,gated,metrics,ABCDE,90,0.85,row_skip_2,8,8,0,0,0,0,8,0,0.0,0.0,,,,,0.0,217,0,8,1
metrics,gated,metrics,ABCDE,90,0.85,early_full,8,8,0,0,0,0,8,0,0.0,0.0,,,,,0.0,412,0,8,0
metrics,gated,metrics,ABCDE,90,0.85,boundary,8,8,0,0,0,0,8,0,0.0,0.0,,,,,0.0,170,0,8,0
metrics,gated,metrics,ABCDE,90,0.85,short_local,8,8,0,0,0,0,8,0,0.0,0.0,,,,,0.0,35,0,8,0
metrics,gated,metrics,ABCDE,90,0.85,whole_section,8,8,0,0,0,0,8,0,0.0,0.0,,,,,0.0,135,0,8,3
metrics,gated,metrics,ABCDE,90,0.85,anxiety,8,8,0,0,0,0,8,0,0.0,0.0,,,,,0.0,124,0,8,6
metrics,gated,metrics,ABCDE,90,0.85,double_shift,8,8,0,0,0,0,8,0,0.0,0.0,,,,,0.0,264,0,8,0
metrics,gated,metrics,ABCDE,90,0.85,self_corrected,8,8,0,0,0,0,8,0,0.0,0.0,,,,,0.0,72,0,8,1
metrics,gated,metrics,ABCDE,90,0.85,deferred,8,8,0,0,0,0,8,0,0.0,0.0,,,,,0.0,224,0,8,0
metrics,gated,metrics,ABCDE,90,0.85,isolated,8,8,0,0,0,0,8,0,0.0,0.0,,,,,0.0,8,0,8,0
metrics,gated,metrics,ABCDE,90,0.85,scanner_blank_1,8,8,0,0,0,0,8,0,0.0,0.0,,,,,0.0,195,0,8,1
metrics,gated,metrics,ABCDE,90,0.85,scanner_blank_2,8,8,0,0,0,0,8,0,0.0,0.0,,,,,0.0,157,0,8,0
metrics,gated,metrics,ABCDE,90,0.85,scanner_row_delete_1,8,8,0,0,0,0,8,0,0.0,0.0,,,,,0.0,149,0,8,0
metrics,gated,metrics,ABCDE,90,0.85,scanner_row_delete_2,8,8,0,0,0,0,8,0,0.0,0.0,,,,,0.0,58,0,8,2
metrics,gated,metrics,ABCDE,90,0.85,scanner_misread_1,8,0,8,0,0,0,0,8,,,0.0,0.312344,,,,0,0,8,0
metrics,gated,metrics,ABCDE,90,0.85,scanner_misread_4,8,0,8,0,0,0,0,8,,,0.0,0.312344,,,,0,0,8,0
metrics,gated,metrics,ABCDE,90,0.85,scanner_faint_1,8,0,8,0,0,0,0,8,,,0.0,0.312344,,,,0,0,8,0
metrics,gated,metrics,ABCDE,90,0.85,scanner_faint_4,8,0,8,0,0,0,0,8,,,0.0,0.312344,,,,0,0,8,0
metrics,gated,metrics,ABCDE,90,0.85,scanner_double_4,8,0,8,0,0,0,0,8,,,0.0,0.312344,,,,0,0,8,0
metrics,gated,metrics,ABCDE,90,0.85,adv_long_runs,8,0,8,0,0,0,0,8,,,0.0,0.312344,,,,0,0,8,0
metrics,gated,metrics,ABCDE,90,0.85,adv_favourite,8,0,8,0,0,0,0,8,,,0.0,0.312344,,,,0,0,8,0
metrics,gated,metrics,ABCDE,90,0.85,adv_easy_block,8,0,8,0,0,0,0,8,,,0.0,0.312344,,,,0,0,8,0
metrics,gated,metrics,ABCDE,90,0.85,adv_key_leakage,8,8,0,0,0,0,8,0,0.0,0.0,,,,,0.0,565,0,8,0
metrics,gated,metrics,ABCDE,90,0.85,adv_cycle,8,0,8,0,0,0,0,8,,,0.0,0.312344,,,,0,0,8,0
metrics,gated,metrics,ABCDE,90,0.95,none,8,0,8,0,0,0,0,8,,,0.0,0.312344,,,,0,0,8,0
metrics,gated,metrics,ABCDE,90,0.95,row_skip_1,8,8,0,0,0,0,8,0,0.0,0.0,,,,,0.0,149,0,8,0
metrics,gated,metrics,ABCDE,90,0.95,row_skip_2,8,8,0,0,0,0,8,0,0.0,0.0,,,,,0.0,295,0,8,0
metrics,gated,metrics,ABCDE,90,0.95,early_full,8,8,0,0,0,0,8,0,0.0,0.0,,,,,0.0,394,0,8,1
metrics,gated,metrics,ABCDE,90,0.95,boundary,8,8,0,0,0,0,8,0,0.0,0.0,,,,,0.0,106,0,8,1
metrics,gated,metrics,ABCDE,90,0.95,short_local,8,8,0,0,0,0,8,0,0.0,0.0,,,,,0.0,39,0,8,0
metrics,gated,metrics,ABCDE,90,0.95,whole_section,8,8,0,0,0,0,8,0,0.0,0.0,,,,,0.0,190,0,8,2
metrics,gated,metrics,ABCDE,90,0.95,anxiety,8,8,0,0,0,0,8,0,0.0,0.0,,,,,0.0,255,0,8,0
metrics,gated,metrics,ABCDE,90,0.95,double_shift,8,8,0,0,0,0,8,0,0.0,0.0,,,,,0.0,321,0,8,0
metrics,gated,metrics,ABCDE,90,0.95,self_corrected,8,8,0,0,0,0,8,0,0.0,0.0,,,,,0.0,101,0,8,0
metrics,gated,metrics,ABCDE,90,0.95,deferred,8,8,0,0,0,0,8,0,0.0,0.0,,,,,0.0,285,0,8,0
metrics,gated,metrics,ABCDE,90,0.95,isolated,8,8,0,0,0,0,8,0,0.0,0.0,,,,,0.0,9,0,8,1
metrics,gated,metrics,ABCDE,90,0.95,scanner_blank_1,8,8,0,0,0,0,8,0,0.0,0.0,,,,,0.0,182,0,8,0
metrics,gated,metrics,ABCDE,90,0.95,scanner_blank_2,8,8,0,0,0,0,8,0,0.0,0.0,,,,,0.0,178,0,8,0
metrics,gated,metrics,ABCDE,90,0.95,scanner_row_delete_1,8,8,0,0,0,0,8,0,0.0,0.0,,,,,0.0,175,0,8,0
metrics,gated,metrics,ABCDE,90,0.95,scanner_row_delete_2,8,8,0,0,0,0,8,0,0.0,0.0,,,,,0.0,204,0,8,0
metrics,gated,metrics,ABCDE,90,0.95,scanner_misread_1,8,0,8,0,0,0,0,8,,,0.0,0.312344,,,,0,0,8,0
metrics,gated,metrics,ABCDE,90,0.95,scanner_misread_4,8,0,8,0,0,0,0,8,,,0.0,0.312344,,,,0,0,8,0
metrics,gated,metrics,ABCDE,90,0.95,scanner_faint_1,8,0,8,0,0,0,0,8,,,0.0,0.312344,,,,0,0,8,0
metrics,gated,metrics,ABCDE,90,0.95,scanner_faint_4,8,0,8,0,0,0,0,8,,,0.0,0.312344,,,,0,0,8,0
metrics,gated,metrics,ABCDE,90,0.95,scanner_double_4,8,0,8,0,0,0,0,8,,,0.0,0.312344,,,,0,0,8,0
metrics,gated,metrics,ABCDE,90,0.95,adv_long_runs,8,0,8,0,0,0,0,8,,,0.0,0.312344,,,,0,0,8,0
metrics,gated,metrics,ABCDE,90,0.95,adv_favourite,8,0,8,0,0,0,0,8,,,0.0,0.312344,,,,0,0,8,0
metrics,gated,metrics,ABCDE,90,0.95,adv_easy_block,8,0,8,0,0,0,0,8,,,0.0,0.312344,,,,0,0,8,0
metrics,gated,metrics,ABCDE,90,0.95,adv_key_leakage,8,8,0,0,0,0,8,0,0.0,0.0,,,,,0.0,577,0,8,0
metrics,gated,metrics,ABCDE,90,0.95,adv_cycle,8,0,8,0,0,0,0,8,,,0.0,0.312344,,,,0,0,8,0
metrics,gated,metrics,ABCDE,100,0.26,none,8,0,8,0,0,0,0,8,,,0.0,0.312344,,,,0,0,8,0
metrics,gated,metrics,ABCDE,100,0.26,row_skip_1,8,8,0,0,0,0,8,0,0.0,0.0,,,,,0.0,46,0,8,1
metrics,gated,metrics,ABCDE,100,0.26,row_skip_2,8,8,0,0,0,0,8,0,0.0,0.0,,,,,0.0,42,0,8,3
metrics,gated,metrics,ABCDE,100,0.26,early_full,8,8,0,0,0,0,8,0,0.0,0.0,,,,,0.0,43,0,8,2
metrics,gated,metrics,ABCDE,100,0.26,boundary,8,8,0,0,0,0,8,0,0.0,0.0,,,,,0.0,24,0,8,8
metrics,gated,metrics,ABCDE,100,0.26,short_local,8,8,0,0,0,0,8,0,0.0,0.0,,,,,0.0,9,0,8,6
metrics,gated,metrics,ABCDE,100,0.26,whole_section,8,8,0,0,0,0,8,0,0.0,0.0,,,,,0.0,31,0,8,6
metrics,gated,metrics,ABCDE,100,0.26,anxiety,8,8,0,0,0,0,8,0,0.0,0.0,,,,,0.0,37,0,8,11
metrics,gated,metrics,ABCDE,100,0.26,double_shift,8,8,0,0,0,0,8,0,0.0,0.0,,,,,0.0,17,0,8,19
metrics,gated,metrics,ABCDE,100,0.26,self_corrected,8,8,0,0,0,0,8,0,0.0,0.0,,,,,0.0,32,0,8,0
metrics,gated,metrics,ABCDE,100,0.26,deferred,8,8,0,0,0,0,8,0,0.0,0.0,,,,,0.0,15,0,8,17
metrics,gated,metrics,ABCDE,100,0.26,isolated,8,8,0,0,0,0,8,0,0.0,0.0,,,,,0.0,2,0,8,1
metrics,gated,metrics,ABCDE,100,0.26,scanner_blank_1,8,8,0,0,0,0,8,0,0.0,0.0,,,,,0.0,53,0,8,8
metrics,gated,metrics,ABCDE,100,0.26,scanner_blank_2,8,8,0,0,0,0,8,0,0.0,0.0,,,,,0.0,33,0,8,6
metrics,gated,metrics,ABCDE,100,0.26,scanner_row_delete_1,8,8,0,0,0,0,8,0,0.0,0.0,,,,,0.0,16,0,8,4
metrics,gated,metrics,ABCDE,100,0.26,scanner_row_delete_2,8,8,0,0,0,0,8,0,0.0,0.0,,,,,0.0,14,0,8,39
metrics,gated,metrics,ABCDE,100,0.26,scanner_misread_1,8,0,8,0,0,0,0,8,,,0.0,0.312344,,,,0,0,8,0
metrics,gated,metrics,ABCDE,100,0.26,scanner_misread_4,8,0,8,0,0,0,0,8,,,0.0,0.312344,,,,0,0,8,0
metrics,gated,metrics,ABCDE,100,0.26,scanner_faint_1,8,0,8,0,0,0,0,8,,,0.0,0.312344,,,,0,0,8,0
metrics,gated,metrics,ABCDE,100,0.26,scanner_faint_4,8,0,8,0,0,0,0,8,,,0.0,0.312344,,,,0,0,8,0
metrics,gated,metrics,ABCDE,100,0.26,scanner_double_4,8,0,8,0,0,0,0,8,,,0.0,0.312344,,,,0,0,8,0
metrics,gated,metrics,ABCDE,100,0.26,adv_long_runs,8,0,8,0,0,0,0,8,,,0.0,0.312344,,,,0,0,8,0
metrics,gated,metrics,ABCDE,100,0.26,adv_favourite,8,0,8,0,0,0,0,8,,,0.0,0.312344,,,,0,0,8,0
metrics,gated,metrics,ABCDE,100,0.26,adv_easy_block,8,0,8,0,0,0,0,8,,,0.0,0.312344,,,,0,0,8,0
metrics,gated,metrics,ABCDE,100,0.26,adv_key_leakage,8,8,0,0,0,0,8,0,0.0,0.0,,,,,0.0,627,0,8,0
metrics,gated,metrics,ABCDE,100,0.26,adv_cycle,8,0,8,0,0,0,0,8,,,0.0,0.312344,,,,0,0,8,0
metrics,gated,metrics,ABCDE,100,0.4,none,8,0,8,0,0,0,0,8,,,0.0,0.312344,,,,0,0,8,0
metrics,gated,metrics,ABCDE,100,0.4,row_skip_1,8,8,0,0,0,0,8,0,0.0,0.0,,,,,0.0,63,0,8,6
metrics,gated,metrics,ABCDE,100,0.4,row_skip_2,8,8,0,0,0,0,8,0,0.0,0.0,,,,,0.0,30,0,8,9
metrics,gated,metrics,ABCDE,100,0.4,early_full,8,8,0,0,0,0,8,0,0.0,0.0,,,,,0.0,84,0,8,0
metrics,gated,metrics,ABCDE,100,0.4,boundary,8,8,0,0,0,0,8,0,0.0,0.0,,,,,0.0,54,0,8,4
metrics,gated,metrics,ABCDE,100,0.4,short_local,8,8,0,0,0,0,8,0,0.0,0.0,,,,,0.0,14,0,8,5
metrics,gated,metrics,ABCDE,100,0.4,whole_section,8,8,0,0,0,0,8,0,0.0,0.0,,,,,0.0,62,0,8,0
metrics,gated,metrics,ABCDE,100,0.4,anxiety,8,8,0,0,0,0,8,0,0.0,0.0,,,,,0.0,56,0,8,6
metrics,gated,metrics,ABCDE,100,0.4,double_shift,8,8,0,0,0,0,8,0,0.0,0.0,,,,,0.0,94,0,8,6
metrics,gated,metrics,ABCDE,100,0.4,self_corrected,8,8,0,0,0,0,8,0,0.0,0.0,,,,,0.0,43,0,8,0
metrics,gated,metrics,ABCDE,100,0.4,deferred,8,8,0,0,0,0,8,0,0.0,0.0,,,,,0.0,82,0,8,0
metrics,gated,metrics,ABCDE,100,0.4,isolated,8,8,0,0,0,0,8,0,0.0,0.0,,,,,0.0,5,0,8,2
metrics,gated,metrics,ABCDE,100,0.4,scanner_blank_1,8,8,0,0,0,0,8,0,0.0,0.0,,,,,0.0,107,0,8,0
metrics,gated,metrics,ABCDE,100,0.4,scanner_blank_2,8,8,0,0,0,0,8,0,0.0,0.0,,,,,0.0,85,0,8,9
metrics,gated,metrics,ABCDE,100,0.4,scanner_row_delete_1,8,8,0,0,0,0,8,0,0.0,0.0,,,,,0.0,19,0,8,4
metrics,gated,metrics,ABCDE,100,0.4,scanner_row_delete_2,8,8,0,0,0,0,8,0,0.0,0.0,,,,,0.0,59,0,8,5
metrics,gated,metrics,ABCDE,100,0.4,scanner_misread_1,8,0,8,0,0,0,0,8,,,0.0,0.312344,,,,0,0,8,0
metrics,gated,metrics,ABCDE,100,0.4,scanner_misread_4,8,0,8,0,0,0,0,8,,,0.0,0.312344,,,,0,0,8,0
metrics,gated,metrics,ABCDE,100,0.4,scanner_faint_1,8,0,8,0,0,0,0,8,,,0.0,0.312344,,,,0,0,8,0
metrics,gated,metrics,ABCDE,100,0.4,scanner_faint_4,8,0,8,0,0,0,0,8,,,0.0,0.312344,,,,0,0,8,0
metrics,gated,metrics,ABCDE,100,0.4,scanner_double_4,8,0,8,0,0,0,0,8,,,0.0,0.312344,,,,0,0,8,0
metrics,gated,metrics,ABCDE,100,0.4,adv_long_runs,8,0,8,0,0,0,0,8,,,0.0,0.312344,,,,0,0,8,0
metrics,gated,metrics,ABCDE,100,0.4,adv_favourite,8,0,8,0,0,0,0,8,,,0.0,0.312344,,,,0,0,8,0
metrics,gated,metrics,ABCDE,100,0.4,adv_easy_block,8,0,8,0,0,0,0,8,,,0.0,0.312344,,,,0,0,8,0
metrics,gated,metrics,ABCDE,100,0.4,adv_key_leakage,8,8,0,0,0,0,8,0,0.0,0.0,,,,,0.0,644,0,8,0
metrics,gated,metrics,ABCDE,100,0.4,adv_cycle,8,0,8,0,0,0,0,8,,,0.0,0.312344,,,,0,0,8,0
metrics,gated,metrics,ABCDE,100,0.55,none,8,0,8,0,0,0,0,8,,,0.0,0.312344,,,,0,0,8,0
metrics,gated,metrics,ABCDE,100,0.55,row_skip_1,8,8,0,0,0,0,8,0,0.0,0.0,,,,,0.0,120,0,8,0
metrics,gated,metrics,ABCDE,100,0.55,row_skip_2,8,8,0,0,0,0,8,0,0.0,0.0,,,,,0.0,96,0,8,4
metrics,gated,metrics,ABCDE,100,0.55,early_full,8,8,0,0,0,0,8,0,0.0,0.0,,,,,0.0,173,0,8,0
metrics,gated,metrics,ABCDE,100,0.55,boundary,8,8,0,0,0,0,8,0,0.0,0.0,,,,,0.0,56,0,8,2
metrics,gated,metrics,ABCDE,100,0.55,short_local,8,8,0,0,0,0,8,0,0.0,0.0,,,,,0.0,16,0,8,2
metrics,gated,metrics,ABCDE,100,0.55,whole_section,8,8,0,0,0,0,8,0,0.0,0.0,,,,,0.0,130,0,8,0
metrics,gated,metrics,ABCDE,100,0.55,anxiety,8,8,0,0,0,0,8,0,0.0,0.0,,,,,0.0,130,0,8,0
metrics,gated,metrics,ABCDE,100,0.55,double_shift,8,8,0,0,0,0,8,0,0.0,0.0,,,,,0.0,103,0,8,0
metrics,gated,metrics,ABCDE,100,0.55,self_corrected,8,8,0,0,0,0,8,0,0.0,0.0,,,,,0.0,45,0,8,0
metrics,gated,metrics,ABCDE,100,0.55,deferred,8,8,0,0,0,0,8,0,0.0,0.0,,,,,0.0,122,0,8,4
metrics,gated,metrics,ABCDE,100,0.55,isolated,8,8,0,0,0,0,8,0,0.0,0.0,,,,,0.0,5,0,8,1
metrics,gated,metrics,ABCDE,100,0.55,scanner_blank_1,8,8,0,0,0,0,8,0,0.0,0.0,,,,,0.0,55,0,8,2
metrics,gated,metrics,ABCDE,100,0.55,scanner_blank_2,8,8,0,0,0,0,8,0,0.0,0.0,,,,,0.0,77,0,8,1
metrics,gated,metrics,ABCDE,100,0.55,scanner_row_delete_1,8,8,0,0,0,0,8,0,0.0,0.0,,,,,0.0,144,0,8,0
metrics,gated,metrics,ABCDE,100,0.55,scanner_row_delete_2,8,8,0,0,0,0,8,0,0.0,0.0,,,,,0.0,36,0,8,0
metrics,gated,metrics,ABCDE,100,0.55,scanner_misread_1,8,0,8,0,0,0,0,8,,,0.0,0.312344,,,,0,0,8,0
metrics,gated,metrics,ABCDE,100,0.55,scanner_misread_4,8,0,8,0,0,0,0,8,,,0.0,0.312344,,,,0,0,8,0
metrics,gated,metrics,ABCDE,100,0.55,scanner_faint_1,8,0,8,0,0,0,0,8,,,0.0,0.312344,,,,0,0,8,0
metrics,gated,metrics,ABCDE,100,0.55,scanner_faint_4,8,0,8,0,0,0,0,8,,,0.0,0.312344,,,,0,0,8,0
metrics,gated,metrics,ABCDE,100,0.55,scanner_double_4,8,0,8,0,0,0,0,8,,,0.0,0.312344,,,,0,0,8,0
metrics,gated,metrics,ABCDE,100,0.55,adv_long_runs,8,0,8,0,0,0,0,8,,,0.0,0.312344,,,,0,0,8,0
metrics,gated,metrics,ABCDE,100,0.55,adv_favourite,8,0,8,0,0,0,0,8,,,0.0,0.312344,,,,0,0,8,0
metrics,gated,metrics,ABCDE,100,0.55,adv_easy_block,8,0,8,0,0,0,0,8,,,0.0,0.312344,,,,0,0,8,0
metrics,gated,metrics,ABCDE,100,0.55,adv_key_leakage,8,8,0,0,0,0,8,0,0.0,0.0,,,,,0.0,620,0,8,0
metrics,gated,metrics,ABCDE,100,0.55,adv_cycle,8,0,8,0,0,0,0,8,,,0.0,0.312344,,,,0,0,8,0
metrics,gated,metrics,ABCDE,100,0.7,none,8,0,8,0,0,0,0,8,,,0.0,0.312344,,,,0,0,8,0
metrics,gated,metrics,ABCDE,100,0.7,row_skip_1,8,8,0,0,0,0,8,0,0.0,0.0,,,,,0.0,96,0,8,3
metrics,gated,metrics,ABCDE,100,0.7,row_skip_2,8,8,0,0,0,0,8,0,0.0,0.0,,,,,0.0,202,0,8,4
metrics,gated,metrics,ABCDE,100,0.7,early_full,8,8,0,0,0,0,8,0,0.0,0.0,,,,,0.0,358,0,8,0
metrics,gated,metrics,ABCDE,100,0.7,boundary,8,8,0,0,0,0,8,0,0.0,0.0,,,,,0.0,44,0,8,0
metrics,gated,metrics,ABCDE,100,0.7,short_local,8,8,0,0,0,0,8,0,0.0,0.0,,,,,0.0,27,0,8,0
metrics,gated,metrics,ABCDE,100,0.7,whole_section,8,8,0,0,0,0,8,0,0.0,0.0,,,,,0.0,153,0,8,0
metrics,gated,metrics,ABCDE,100,0.7,anxiety,8,8,0,0,0,0,8,0,0.0,0.0,,,,,0.0,197,0,8,0
metrics,gated,metrics,ABCDE,100,0.7,double_shift,8,8,0,0,0,0,8,0,0.0,0.0,,,,,0.0,231,0,8,0
metrics,gated,metrics,ABCDE,100,0.7,self_corrected,8,8,0,0,0,0,8,0,0.0,0.0,,,,,0.0,67,0,8,3
metrics,gated,metrics,ABCDE,100,0.7,deferred,8,8,0,0,0,0,8,0,0.0,0.0,,,,,0.0,148,0,8,1
metrics,gated,metrics,ABCDE,100,0.7,isolated,8,8,0,0,0,0,8,0,0.0,0.0,,,,,0.0,6,0,8,3
metrics,gated,metrics,ABCDE,100,0.7,scanner_blank_1,8,8,0,0,0,0,8,0,0.0,0.0,,,,,0.0,178,0,8,0
metrics,gated,metrics,ABCDE,100,0.7,scanner_blank_2,8,8,0,0,0,0,8,0,0.0,0.0,,,,,0.0,227,0,8,0
metrics,gated,metrics,ABCDE,100,0.7,scanner_row_delete_1,8,8,0,0,0,0,8,0,0.0,0.0,,,,,0.0,180,0,8,2
metrics,gated,metrics,ABCDE,100,0.7,scanner_row_delete_2,8,8,0,0,0,0,8,0,0.0,0.0,,,,,0.0,152,0,8,0
metrics,gated,metrics,ABCDE,100,0.7,scanner_misread_1,8,0,8,0,0,0,0,8,,,0.0,0.312344,,,,0,0,8,0
metrics,gated,metrics,ABCDE,100,0.7,scanner_misread_4,8,0,8,0,0,0,0,8,,,0.0,0.312344,,,,0,0,8,0
metrics,gated,metrics,ABCDE,100,0.7,scanner_faint_1,8,0,8,0,0,0,0,8,,,0.0,0.312344,,,,0,0,8,0
metrics,gated,metrics,ABCDE,100,0.7,scanner_faint_4,8,0,8,0,0,0,0,8,,,0.0,0.312344,,,,0,0,8,0
metrics,gated,metrics,ABCDE,100,0.7,scanner_double_4,8,0,8,0,0,0,0,8,,,0.0,0.312344,,,,0,0,8,0
metrics,gated,metrics,ABCDE,100,0.7,adv_long_runs,8,0,8,0,0,0,0,8,,,0.0,0.312344,,,,0,0,8,0
metrics,gated,metrics,ABCDE,100,0.7,adv_favourite,8,0,8,0,0,0,0,8,,,0.0,0.312344,,,,0,0,8,0
metrics,gated,metrics,ABCDE,100,0.7,adv_easy_block,8,0,8,0,0,0,0,8,,,0.0,0.312344,,,,0,0,8,0
metrics,gated,metrics,ABCDE,100,0.7,adv_key_leakage,8,8,0,0,0,0,8,0,0.0,0.0,,,,,0.0,645,0,8,0
metrics,gated,metrics,ABCDE,100,0.7,adv_cycle,8,0,8,0,0,0,0,8,,,0.0,0.312344,,,,0,0,8,0
metrics,gated,metrics,ABCDE,100,0.85,none,8,0,8,0,0,0,0,8,,,0.0,0.312344,,,,0,0,8,0
metrics,gated,metrics,ABCDE,100,0.85,row_skip_1,8,8,0,0,0,0,8,0,0.0,0.0,,,,,0.0,237,0,8,0
metrics,gated,metrics,ABCDE,100,0.85,row_skip_2,8,8,0,0,0,0,8,0,0.0,0.0,,,,,0.0,116,0,8,0
metrics,gated,metrics,ABCDE,100,0.85,early_full,8,8,0,0,0,0,8,0,0.0,0.0,,,,,0.0,257,0,8,11
metrics,gated,metrics,ABCDE,100,0.85,boundary,8,8,0,0,0,0,8,0,0.0,0.0,,,,,0.0,120,0,8,0
metrics,gated,metrics,ABCDE,100,0.85,short_local,8,8,0,0,0,0,8,0,0.0,0.0,,,,,0.0,24,0,8,1
metrics,gated,metrics,ABCDE,100,0.85,whole_section,8,8,0,0,0,0,8,0,0.0,0.0,,,,,0.0,135,0,8,3
metrics,gated,metrics,ABCDE,100,0.85,anxiety,8,8,0,0,0,0,8,0,0.0,0.0,,,,,0.0,188,0,8,0
metrics,gated,metrics,ABCDE,100,0.85,double_shift,8,8,0,0,0,0,8,0,0.0,0.0,,,,,0.0,322,0,8,0
metrics,gated,metrics,ABCDE,100,0.85,self_corrected,8,8,0,0,0,0,8,0,0.0,0.0,,,,,0.0,94,0,8,2
metrics,gated,metrics,ABCDE,100,0.85,deferred,8,8,0,0,0,0,8,0,0.0,0.0,,,,,0.0,138,0,8,0
metrics,gated,metrics,ABCDE,100,0.85,isolated,8,8,0,0,0,0,8,0,0.0,0.0,,,,,0.0,7,0,8,2
metrics,gated,metrics,ABCDE,100,0.85,scanner_blank_1,8,8,0,0,0,0,8,0,0.0,0.0,,,,,0.0,112,0,8,0
metrics,gated,metrics,ABCDE,100,0.85,scanner_blank_2,8,8,0,0,0,0,8,0,0.0,0.0,,,,,0.0,157,0,8,0
metrics,gated,metrics,ABCDE,100,0.85,scanner_row_delete_1,8,8,0,0,0,0,8,0,0.0,0.0,,,,,0.0,321,0,8,0
metrics,gated,metrics,ABCDE,100,0.85,scanner_row_delete_2,8,8,0,0,0,0,8,0,0.0,0.0,,,,,0.0,195,0,8,0
metrics,gated,metrics,ABCDE,100,0.85,scanner_misread_1,8,0,8,0,0,0,0,8,,,0.0,0.312344,,,,0,0,8,0
metrics,gated,metrics,ABCDE,100,0.85,scanner_misread_4,8,0,8,0,0,0,0,8,,,0.0,0.312344,,,,0,0,8,0
metrics,gated,metrics,ABCDE,100,0.85,scanner_faint_1,8,0,8,0,0,0,0,8,,,0.0,0.312344,,,,0,0,8,0
metrics,gated,metrics,ABCDE,100,0.85,scanner_faint_4,8,0,8,0,0,0,0,8,,,0.0,0.312344,,,,0,0,8,0
metrics,gated,metrics,ABCDE,100,0.85,scanner_double_4,8,0,8,0,0,0,0,8,,,0.0,0.312344,,,,0,0,8,0
metrics,gated,metrics,ABCDE,100,0.85,adv_long_runs,8,0,8,0,0,0,0,8,,,0.0,0.312344,,,,0,0,8,0
metrics,gated,metrics,ABCDE,100,0.85,adv_favourite,8,0,8,0,0,0,0,8,,,0.0,0.312344,,,,0,0,8,0
metrics,gated,metrics,ABCDE,100,0.85,adv_easy_block,8,0,8,0,0,0,0,8,,,0.0,0.312344,,,,0,0,8,0
metrics,gated,metrics,ABCDE,100,0.85,adv_key_leakage,8,8,0,0,0,0,8,0,0.0,0.0,,,,,0.0,628,0,8,0
metrics,gated,metrics,ABCDE,100,0.85,adv_cycle,8,0,8,0,0,0,0,8,,,0.0,0.312344,,,,0,0,8,0
metrics,gated,metrics,ABCDE,100,0.95,none,8,0,8,0,0,0,0,8,,,0.0,0.312344,,,,0,0,8,0
metrics,gated,metrics,ABCDE,100,0.95,row_skip_1,8,8,0,0,0,0,8,0,0.0,0.0,,,,,0.0,333,0,8,2
metrics,gated,metrics,ABCDE,100,0.95,row_skip_2,8,8,0,0,0,0,8,0,0.0,0.0,,,,,0.0,199,0,8,2
metrics,gated,metrics,ABCDE,100,0.95,early_full,8,8,0,0,0,0,8,0,0.0,0.0,,,,,0.0,384,0,8,0
metrics,gated,metrics,ABCDE,100,0.95,boundary,8,8,0,0,0,0,8,0,0.0,0.0,,,,,0.0,164,0,8,0
metrics,gated,metrics,ABCDE,100,0.95,short_local,8,8,0,0,0,0,8,0,0.0,0.0,,,,,0.0,32,0,8,2
metrics,gated,metrics,ABCDE,100,0.95,whole_section,8,8,0,0,0,0,8,0,0.0,0.0,,,,,0.0,239,0,8,0
metrics,gated,metrics,ABCDE,100,0.95,anxiety,8,8,0,0,0,0,8,0,0.0,0.0,,,,,0.0,197,0,8,1
metrics,gated,metrics,ABCDE,100,0.95,double_shift,8,8,0,0,0,0,8,0,0.0,0.0,,,,,0.0,331,0,8,4
metrics,gated,metrics,ABCDE,100,0.95,self_corrected,8,8,0,0,0,0,8,0,0.0,0.0,,,,,0.0,66,0,8,2
metrics,gated,metrics,ABCDE,100,0.95,deferred,8,8,0,0,0,0,8,0,0.0,0.0,,,,,0.0,243,0,8,3
metrics,gated,metrics,ABCDE,100,0.95,isolated,8,8,0,0,0,0,8,0,0.0,0.0,,,,,0.0,12,0,8,0
metrics,gated,metrics,ABCDE,100,0.95,scanner_blank_1,8,8,0,0,0,0,8,0,0.0,0.0,,,,,0.0,274,0,8,0
metrics,gated,metrics,ABCDE,100,0.95,scanner_blank_2,8,8,0,0,0,0,8,0,0.0,0.0,,,,,0.0,175,0,8,0
metrics,gated,metrics,ABCDE,100,0.95,scanner_row_delete_1,8,8,0,0,0,0,8,0,0.0,0.0,,,,,0.0,270,0,8,1
metrics,gated,metrics,ABCDE,100,0.95,scanner_row_delete_2,8,8,0,0,0,0,8,0,0.0,0.0,,,,,0.0,181,0,8,0
metrics,gated,metrics,ABCDE,100,0.95,scanner_misread_1,8,0,8,0,0,0,0,8,,,0.0,0.312344,,,,0,0,8,0
metrics,gated,metrics,ABCDE,100,0.95,scanner_misread_4,8,0,8,0,0,0,0,8,,,0.0,0.312344,,,,0,0,8,0
metrics,gated,metrics,ABCDE,100,0.95,scanner_faint_1,8,0,8,0,0,0,0,8,,,0.0,0.312344,,,,0,0,8,0
metrics,gated,metrics,ABCDE,100,0.95,scanner_faint_4,8,0,8,0,0,0,0,8,,,0.0,0.312344,,,,0,0,8,0
metrics,gated,metrics,ABCDE,100,0.95,scanner_double_4,8,0,8,0,0,0,0,8,,,0.0,0.312344,,,,0,0,8,0
metrics,gated,metrics,ABCDE,100,0.95,adv_long_runs,8,0,8,0,0,0,0,8,,,0.0,0.312344,,,,0,0,8,0
metrics,gated,metrics,ABCDE,100,0.95,adv_favourite,8,0,8,0,0,0,0,8,,,0.0,0.312344,,,,0,0,8,0
metrics,gated,metrics,ABCDE,100,0.95,adv_easy_block,8,0,8,0,0,0,0,8,,,0.0,0.312344,,,,0,0,8,0
metrics,gated,metrics,ABCDE,100,0.95,adv_key_leakage,8,8,0,0,0,0,8,0,0.0,0.0,,,,,0.0,633,0,8,0
metrics,gated,metrics,ABCDE,100,0.95,adv_cycle,8,0,8,0,0,0,0,8,,,0.0,0.312344,,,,0,0,8,0
metrics,gated,metrics,ABCDE,150,0.26,none,8,0,8,0,0,0,0,8,,,0.0,0.312344,,,,0,0,8,0
metrics,gated,metrics,ABCDE,150,0.26,row_skip_1,8,8,0,0,0,0,8,0,0.0,0.0,,,,,0.0,35,0,8,0
metrics,gated,metrics,ABCDE,150,0.26,row_skip_2,8,8,0,0,0,0,8,0,0.0,0.0,,,,,0.0,30,0,8,21
metrics,gated,metrics,ABCDE,150,0.26,early_full,8,8,0,0,0,0,8,0,0.0,0.0,,,,,0.0,155,0,8,11
metrics,gated,metrics,ABCDE,150,0.26,boundary,8,8,0,0,0,0,8,0,0.0,0.0,,,,,0.0,40,0,8,8
metrics,gated,metrics,ABCDE,150,0.26,short_local,8,8,0,0,0,0,8,0,0.0,0.0,,,,,0.0,4,0,8,6
metrics,gated,metrics,ABCDE,150,0.26,whole_section,8,8,0,0,0,0,8,0,0.0,0.0,,,,,0.0,40,0,8,5
metrics,gated,metrics,ABCDE,150,0.26,anxiety,8,8,0,0,0,0,8,0,0.0,0.0,,,,,0.0,45,0,8,9
metrics,gated,metrics,ABCDE,150,0.26,double_shift,8,8,0,0,0,0,8,0,0.0,0.0,,,,,0.0,66,0,8,36
metrics,gated,metrics,ABCDE,150,0.26,self_corrected,8,8,0,0,0,0,8,0,0.0,0.0,,,,,0.0,14,0,8,7
metrics,gated,metrics,ABCDE,150,0.26,deferred,8,8,0,0,0,0,8,0,0.0,0.0,,,,,0.0,83,0,8,2
metrics,gated,metrics,ABCDE,150,0.26,isolated,8,8,0,0,0,0,8,0,0.0,0.0,,,,,,0,0,8,0
metrics,gated,metrics,ABCDE,150,0.26,scanner_blank_1,8,8,0,0,0,0,8,0,0.0,0.0,,,,,0.0,24,0,8,7
metrics,gated,metrics,ABCDE,150,0.26,scanner_blank_2,8,8,0,0,0,0,8,0,0.0,0.0,,,,,0.0,60,0,8,2
metrics,gated,metrics,ABCDE,150,0.26,scanner_row_delete_1,8,8,0,0,0,0,8,0,0.0,0.0,,,,,0.0,71,0,8,2
metrics,gated,metrics,ABCDE,150,0.26,scanner_row_delete_2,8,8,0,0,0,0,8,0,0.0,0.0,,,,,0.0,57,0,8,7
metrics,gated,metrics,ABCDE,150,0.26,scanner_misread_1,8,0,8,0,0,0,0,8,,,0.0,0.312344,,,,0,0,8,0
metrics,gated,metrics,ABCDE,150,0.26,scanner_misread_4,8,0,8,0,0,0,0,8,,,0.0,0.312344,,,,0,0,8,0
metrics,gated,metrics,ABCDE,150,0.26,scanner_faint_1,8,0,8,0,0,0,0,8,,,0.0,0.312344,,,,0,0,8,0
metrics,gated,metrics,ABCDE,150,0.26,scanner_faint_4,8,0,8,0,0,0,0,8,,,0.0,0.312344,,,,0,0,8,0
metrics,gated,metrics,ABCDE,150,0.26,scanner_double_4,8,0,8,0,0,0,0,8,,,0.0,0.312344,,,,0,0,8,0
metrics,gated,metrics,ABCDE,150,0.26,adv_long_runs,8,0,8,0,0,0,0,8,,,0.0,0.312344,,,,0,0,8,0
metrics,gated,metrics,ABCDE,150,0.26,adv_favourite,8,0,8,0,0,0,0,8,,,0.0,0.312344,,,,0,0,8,0
metrics,gated,metrics,ABCDE,150,0.26,adv_easy_block,8,0,8,0,0,0,0,8,,,0.0,0.312344,,,,0,0,8,0
metrics,gated,metrics,ABCDE,150,0.26,adv_key_leakage,8,8,0,0,0,0,8,0,0.0,0.0,,,,,0.0,930,0,8,0
metrics,gated,metrics,ABCDE,150,0.26,adv_cycle,8,0,8,0,0,0,0,8,,,0.0,0.312344,,,,0,0,8,0
metrics,gated,metrics,ABCDE,150,0.4,none,8,0,8,0,0,0,0,8,,,0.0,0.312344,,,,0,0,8,0
metrics,gated,metrics,ABCDE,150,0.4,row_skip_1,8,8,0,0,0,0,8,0,0.0,0.0,,,,,0.0,144,0,8,6
metrics,gated,metrics,ABCDE,150,0.4,row_skip_2,8,8,0,0,0,0,8,0,0.0,0.0,,,,,0.0,87,0,8,14
metrics,gated,metrics,ABCDE,150,0.4,early_full,8,8,0,0,0,0,8,0,0.0,0.0,,,,,0.0,220,0,8,0
metrics,gated,metrics,ABCDE,150,0.4,boundary,8,8,0,0,0,0,8,0,0.0,0.0,,,,,0.0,69,0,8,2
metrics,gated,metrics,ABCDE,150,0.4,short_local,8,8,0,0,0,0,8,0,0.0,0.0,,,,,0.0,2,0,8,7
metrics,gated,metrics,ABCDE,150,0.4,whole_section,8,8,0,0,0,0,8,0,0.0,0.0,,,,,0.0,62,0,8,15
metrics,gated,metrics,ABCDE,150,0.4,anxiety,8,8,0,0,0,0,8,0,0.0,0.0,,,,,0.0,81,0,8,5
metrics,gated,metrics,ABCDE,150,0.4,double_shift,8,8,0,0,0,0,8,0,0.0,0.0,,,,,0.0,130,0,8,0
metrics,gated,metrics,ABCDE,150,0.4,self_corrected,8,8,0,0,0,0,8,0,0.0,0.0,,,,,0.0,41,0,8,0
metrics,gated,metrics,ABCDE,150,0.4,deferred,8,8,0,0,0,0,8,0,0.0,0.0,,,,,0.0,107,0,8,13
metrics,gated,metrics,ABCDE,150,0.4,isolated,8,8,0,0,0,0,8,0,0.0,0.0,,,,,0.0,7,0,8,0
metrics,gated,metrics,ABCDE,150,0.4,scanner_blank_1,8,8,0,0,0,0,8,0,0.0,0.0,,,,,0.0,56,0,8,5
metrics,gated,metrics,ABCDE,150,0.4,scanner_blank_2,8,8,0,0,0,0,8,0,0.0,0.0,,,,,0.0,42,0,8,2
metrics,gated,metrics,ABCDE,150,0.4,scanner_row_delete_1,8,8,0,0,0,0,8,0,0.0,0.0,,,,,0.0,53,0,8,2
metrics,gated,metrics,ABCDE,150,0.4,scanner_row_delete_2,8,8,0,0,0,0,8,0,0.0,0.0,,,,,0.0,97,0,8,12
metrics,gated,metrics,ABCDE,150,0.4,scanner_misread_1,8,0,8,0,0,0,0,8,,,0.0,0.312344,,,,0,0,8,0
metrics,gated,metrics,ABCDE,150,0.4,scanner_misread_4,8,0,8,0,0,0,0,8,,,0.0,0.312344,,,,0,0,8,0
metrics,gated,metrics,ABCDE,150,0.4,scanner_faint_1,8,0,8,0,0,0,0,8,,,0.0,0.312344,,,,0,0,8,0
metrics,gated,metrics,ABCDE,150,0.4,scanner_faint_4,8,0,8,0,0,0,0,8,,,0.0,0.312344,,,,0,0,8,0
metrics,gated,metrics,ABCDE,150,0.4,scanner_double_4,8,0,8,0,0,0,0,8,,,0.0,0.312344,,,,0,0,8,0
metrics,gated,metrics,ABCDE,150,0.4,adv_long_runs,8,0,8,0,0,0,0,8,,,0.0,0.312344,,,,0,0,8,0
metrics,gated,metrics,ABCDE,150,0.4,adv_favourite,8,0,8,0,0,0,0,8,,,0.0,0.312344,,,,0,0,8,0
metrics,gated,metrics,ABCDE,150,0.4,adv_easy_block,8,0,8,0,0,0,0,8,,,0.0,0.312344,,,,0,0,8,0
metrics,gated,metrics,ABCDE,150,0.4,adv_key_leakage,8,8,0,0,0,0,8,0,0.0,0.0,,,,,0.0,927,0,8,0
metrics,gated,metrics,ABCDE,150,0.4,adv_cycle,8,0,8,0,0,0,0,8,,,0.0,0.312344,,,,0,0,8,0
metrics,gated,metrics,ABCDE,150,0.55,none,8,0,8,0,0,0,0,8,,,0.0,0.312344,,,,0,0,8,0
metrics,gated,metrics,ABCDE,150,0.55,row_skip_1,8,8,0,0,0,0,8,0,0.0,0.0,,,,,0.0,95,0,8,11
metrics,gated,metrics,ABCDE,150,0.55,row_skip_2,8,8,0,0,0,0,8,0,0.0,0.0,,,,,0.0,125,0,8,2
metrics,gated,metrics,ABCDE,150,0.55,early_full,8,8,0,0,0,0,8,0,0.0,0.0,,,,,0.0,329,0,8,0
metrics,gated,metrics,ABCDE,150,0.55,boundary,8,8,0,0,0,0,8,0,0.0,0.0,,,,,0.0,53,0,8,2
metrics,gated,metrics,ABCDE,150,0.55,short_local,8,8,0,0,0,0,8,0,0.0,0.0,,,,,0.0,24,0,8,2
metrics,gated,metrics,ABCDE,150,0.55,whole_section,8,8,0,0,0,0,8,0,0.0,0.0,,,,,0.0,170,0,8,0
metrics,gated,metrics,ABCDE,150,0.55,anxiety,8,8,0,0,0,0,8,0,0.0,0.0,,,,,0.0,145,0,8,0
metrics,gated,metrics,ABCDE,150,0.55,double_shift,8,8,0,0,0,0,8,0,0.0,0.0,,,,,0.0,194,0,8,13
metrics,gated,metrics,ABCDE,150,0.55,self_corrected,8,8,0,0,0,0,8,0,0.0,0.0,,,,,0.0,33,0,8,2
metrics,gated,metrics,ABCDE,150,0.55,deferred,8,8,0,0,0,0,8,0,0.0,0.0,,,,,0.0,91,0,8,1
metrics,gated,metrics,ABCDE,150,0.55,isolated,8,8,0,0,0,0,8,0,0.0,0.0,,,,,0.0,5,0,8,3
metrics,gated,metrics,ABCDE,150,0.55,scanner_blank_1,8,8,0,0,0,0,8,0,0.0,0.0,,,,,0.0,137,0,8,5
metrics,gated,metrics,ABCDE,150,0.55,scanner_blank_2,8,8,0,0,0,0,8,0,0.0,0.0,,,,,0.0,136,0,8,0
metrics,gated,metrics,ABCDE,150,0.55,scanner_row_delete_1,8,8,0,0,0,0,8,0,0.0,0.0,,,,,0.0,135,0,8,7
metrics,gated,metrics,ABCDE,150,0.55,scanner_row_delete_2,8,8,0,0,0,0,8,0,0.0,0.0,,,,,0.0,155,0,8,0
metrics,gated,metrics,ABCDE,150,0.55,scanner_misread_1,8,0,8,0,0,0,0,8,,,0.0,0.312344,,,,0,0,8,0
metrics,gated,metrics,ABCDE,150,0.55,scanner_misread_4,8,0,8,0,0,0,0,8,,,0.0,0.312344,,,,0,0,8,0
metrics,gated,metrics,ABCDE,150,0.55,scanner_faint_1,8,0,8,0,0,0,0,8,,,0.0,0.312344,,,,0,0,8,0
metrics,gated,metrics,ABCDE,150,0.55,scanner_faint_4,8,0,8,0,0,0,0,8,,,0.0,0.312344,,,,0,0,8,0
metrics,gated,metrics,ABCDE,150,0.55,scanner_double_4,8,0,8,0,0,0,0,8,,,0.0,0.312344,,,,0,0,8,0
metrics,gated,metrics,ABCDE,150,0.55,adv_long_runs,8,0,8,0,0,0,0,8,,,0.0,0.312344,,,,0,0,8,0
metrics,gated,metrics,ABCDE,150,0.55,adv_favourite,8,0,8,0,0,0,0,8,,,0.0,0.312344,,,,0,0,8,0
metrics,gated,metrics,ABCDE,150,0.55,adv_easy_block,8,0,8,0,0,0,0,8,,,0.0,0.312344,,,,0,0,8,0
metrics,gated,metrics,ABCDE,150,0.55,adv_key_leakage,8,8,0,0,0,0,8,0,0.0,0.0,,,,,0.0,952,0,8,0
metrics,gated,metrics,ABCDE,150,0.55,adv_cycle,8,0,8,0,0,0,0,8,,,0.0,0.312344,,,,0,0,8,0
metrics,gated,metrics,ABCDE,150,0.7,none,8,0,8,0,0,0,0,8,,,0.0,0.312344,,,,0,0,8,0
metrics,gated,metrics,ABCDE,150,0.7,row_skip_1,8,8,0,0,0,0,8,0,0.0,0.0,,,,,0.0,135,0,8,0
metrics,gated,metrics,ABCDE,150,0.7,row_skip_2,8,8,0,0,0,0,8,0,0.0,0.0,,,,,0.0,258,0,8,0
metrics,gated,metrics,ABCDE,150,0.7,early_full,8,8,0,0,0,0,8,0,0.0,0.0,,,,,0.0,383,0,8,4
metrics,gated,metrics,ABCDE,150,0.7,boundary,8,8,0,0,0,0,8,0,0.0,0.0,,,,,0.0,162,0,8,0
metrics,gated,metrics,ABCDE,150,0.7,short_local,8,8,0,0,0,0,8,0,0.0,0.0,,,,,0.0,19,0,8,0
metrics,gated,metrics,ABCDE,150,0.7,whole_section,8,8,0,0,0,0,8,0,0.0,0.0,,,,,0.0,194,0,8,0
metrics,gated,metrics,ABCDE,150,0.7,anxiety,8,8,0,0,0,0,8,0,0.0,0.0,,,,,0.0,262,0,8,16
metrics,gated,metrics,ABCDE,150,0.7,double_shift,8,8,0,0,0,0,8,0,0.0,0.0,,,,,0.0,248,0,8,12
metrics,gated,metrics,ABCDE,150,0.7,self_corrected,8,8,0,0,0,0,8,0,0.0,0.0,,,,,0.0,69,0,8,0
metrics,gated,metrics,ABCDE,150,0.7,deferred,8,8,0,0,0,0,8,0,0.0,0.0,,,,,0.0,134,0,8,0
metrics,gated,metrics,ABCDE,150,0.7,isolated,8,8,0,0,0,0,8,0,0.0,0.0,,,,,0.0,6,0,8,0
metrics,gated,metrics,ABCDE,150,0.7,scanner_blank_1,8,8,0,0,0,0,8,0,0.0,0.0,,,,,0.0,204,0,8,0
metrics,gated,metrics,ABCDE,150,0.7,scanner_blank_2,8,8,0,0,0,0,8,0,0.0,0.0,,,,,0.0,176,0,8,8
metrics,gated,metrics,ABCDE,150,0.7,scanner_row_delete_1,8,8,0,0,0,0,8,0,0.0,0.0,,,,,0.0,189,0,8,0
metrics,gated,metrics,ABCDE,150,0.7,scanner_row_delete_2,8,8,0,0,0,0,8,0,0.0,0.0,,,,,0.0,269,0,8,0
metrics,gated,metrics,ABCDE,150,0.7,scanner_misread_1,8,0,8,0,0,0,0,8,,,0.0,0.312344,,,,0,0,8,0
metrics,gated,metrics,ABCDE,150,0.7,scanner_misread_4,8,0,8,0,0,0,0,8,,,0.0,0.312344,,,,0,0,8,0
metrics,gated,metrics,ABCDE,150,0.7,scanner_faint_1,8,0,8,0,0,0,0,8,,,0.0,0.312344,,,,0,0,8,0
metrics,gated,metrics,ABCDE,150,0.7,scanner_faint_4,8,0,8,0,0,0,0,8,,,0.0,0.312344,,,,0,0,8,0
metrics,gated,metrics,ABCDE,150,0.7,scanner_double_4,8,0,8,0,0,0,0,8,,,0.0,0.312344,,,,0,0,8,0
metrics,gated,metrics,ABCDE,150,0.7,adv_long_runs,8,0,8,0,0,0,0,8,,,0.0,0.312344,,,,0,0,8,0
metrics,gated,metrics,ABCDE,150,0.7,adv_favourite,8,0,8,0,0,0,0,8,,,0.0,0.312344,,,,0,0,8,0
metrics,gated,metrics,ABCDE,150,0.7,adv_easy_block,8,0,8,0,0,0,0,8,,,0.0,0.312344,,,,0,0,8,0
metrics,gated,metrics,ABCDE,150,0.7,adv_key_leakage,8,8,0,0,0,0,8,0,0.0,0.0,,,,,0.0,972,0,8,0
metrics,gated,metrics,ABCDE,150,0.7,adv_cycle,8,0,8,0,0,0,0,8,,,0.0,0.312344,,,,0,0,8,0
metrics,gated,metrics,ABCDE,150,0.85,none,8,0,8,0,0,0,0,8,,,0.0,0.312344,,,,0,0,8,0
metrics,gated,metrics,ABCDE,150,0.85,row_skip_1,8,8,0,0,0,0,8,0,0.0,0.0,,,,,0.0,221,0,8,1
metrics,gated,metrics,ABCDE,150,0.85,row_skip_2,8,8,0,0,0,0,8,0,0.0,0.0,,,,,0.0,251,0,8,0
metrics,gated,metrics,ABCDE,150,0.85,early_full,8,8,0,0,0,0,8,0,0.0,0.0,,,,,0.0,592,0,8,0
metrics,gated,metrics,ABCDE,150,0.85,boundary,8,8,0,0,0,0,8,0,0.0,0.0,,,,,0.0,146,0,8,0
metrics,gated,metrics,ABCDE,150,0.85,short_local,8,8,0,0,0,0,8,0,0.0,0.0,,,,,0.0,20,0,8,5
metrics,gated,metrics,ABCDE,150,0.85,whole_section,8,8,0,0,0,0,8,0,0.0,0.0,,,,,0.0,229,0,8,0
metrics,gated,metrics,ABCDE,150,0.85,anxiety,8,8,0,0,0,0,8,0,0.0,0.0,,,,,0.0,491,0,8,0
metrics,gated,metrics,ABCDE,150,0.85,double_shift,8,8,0,0,0,0,8,0,0.0,0.0,,,,,0.0,341,0,8,7
metrics,gated,metrics,ABCDE,150,0.85,self_corrected,8,8,0,0,0,0,8,0,0.0,0.0,,,,,0.0,82,0,8,0
metrics,gated,metrics,ABCDE,150,0.85,deferred,8,8,0,0,0,0,8,0,0.0,0.0,,,,,0.0,297,0,8,0
metrics,gated,metrics,ABCDE,150,0.85,isolated,8,8,0,0,0,0,8,0,0.0,0.0,,,,,0.0,10,0,8,0
metrics,gated,metrics,ABCDE,150,0.85,scanner_blank_1,8,8,0,0,0,0,8,0,0.0,0.0,,,,,0.0,255,0,8,2
metrics,gated,metrics,ABCDE,150,0.85,scanner_blank_2,8,8,0,0,0,0,8,0,0.0,0.0,,,,,0.0,253,0,8,0
metrics,gated,metrics,ABCDE,150,0.85,scanner_row_delete_1,8,8,0,0,0,0,8,0,0.0,0.0,,,,,0.0,131,0,8,6
metrics,gated,metrics,ABCDE,150,0.85,scanner_row_delete_2,8,8,0,0,0,0,8,0,0.0,0.0,,,,,0.0,246,0,8,0
metrics,gated,metrics,ABCDE,150,0.85,scanner_misread_1,8,0,8,0,0,0,0,8,,,0.0,0.312344,,,,0,0,8,0
metrics,gated,metrics,ABCDE,150,0.85,scanner_misread_4,8,0,8,0,0,0,0,8,,,0.0,0.312344,,,,0,0,8,0
metrics,gated,metrics,ABCDE,150,0.85,scanner_faint_1,8,0,8,0,0,0,0,8,,,0.0,0.312344,,,,0,0,8,0
metrics,gated,metrics,ABCDE,150,0.85,scanner_faint_4,8,0,8,0,0,0,0,8,,,0.0,0.312344,,,,0,0,8,0
metrics,gated,metrics,ABCDE,150,0.85,scanner_double_4,8,0,8,0,0,0,0,8,,,0.0,0.312344,,,,0,0,8,0
metrics,gated,metrics,ABCDE,150,0.85,adv_long_runs,8,0,8,0,0,0,0,8,,,0.0,0.312344,,,,0,0,8,0
metrics,gated,metrics,ABCDE,150,0.85,adv_favourite,8,0,8,0,0,0,0,8,,,0.0,0.312344,,,,0,0,8,0
metrics,gated,metrics,ABCDE,150,0.85,adv_easy_block,8,0,8,0,0,0,0,8,,,0.0,0.312344,,,,0,0,8,0
metrics,gated,metrics,ABCDE,150,0.85,adv_key_leakage,8,8,0,0,0,0,8,0,0.0,0.0,,,,,0.0,943,0,8,0
metrics,gated,metrics,ABCDE,150,0.85,adv_cycle,8,0,8,0,0,0,0,8,,,0.0,0.312344,,,,0,0,8,0
metrics,gated,metrics,ABCDE,150,0.95,none,8,0,8,0,0,0,0,8,,,0.0,0.312344,,,,0,0,8,0
metrics,gated,metrics,ABCDE,150,0.95,row_skip_1,8,8,0,0,0,0,8,0,0.0,0.0,,,,,0.0,295,0,8,0
metrics,gated,metrics,ABCDE,150,0.95,row_skip_2,8,8,0,0,0,0,8,0,0.0,0.0,,,,,0.0,252,0,8,2
metrics,gated,metrics,ABCDE,150,0.95,early_full,8,8,0,0,0,0,8,0,0.0,0.0,,,,,0.0,757,0,8,0
metrics,gated,metrics,ABCDE,150,0.95,boundary,8,8,0,0,0,0,8,0,0.0,0.0,,,,,0.0,88,0,8,3
metrics,gated,metrics,ABCDE,150,0.95,short_local,8,8,0,0,0,0,8,0,0.0,0.0,,,,,0.0,36,0,8,0
metrics,gated,metrics,ABCDE,150,0.95,whole_section,8,8,0,0,0,0,8,0,0.0,0.0,,,,,0.0,374,0,8,0
metrics,gated,metrics,ABCDE,150,0.95,anxiety,8,8,0,0,0,0,8,0,0.0,0.0,,,,,0.0,238,0,8,16
metrics,gated,metrics,ABCDE,150,0.95,double_shift,8,8,0,0,0,0,8,0,0.0,0.0,,,,,0.0,478,0,8,0
metrics,gated,metrics,ABCDE,150,0.95,self_corrected,8,8,0,0,0,0,8,0,0.0,0.0,,,,,0.0,115,0,8,0
metrics,gated,metrics,ABCDE,150,0.95,deferred,8,8,0,0,0,0,8,0,0.0,0.0,,,,,0.0,266,0,8,0
metrics,gated,metrics,ABCDE,150,0.95,isolated,8,8,0,0,0,0,8,0,0.0,0.0,,,,,0.0,14,0,8,0
metrics,gated,metrics,ABCDE,150,0.95,scanner_blank_1,8,8,0,0,0,0,8,0,0.0,0.0,,,,,0.0,529,0,8,0
metrics,gated,metrics,ABCDE,150,0.95,scanner_blank_2,8,8,0,0,0,0,8,0,0.0,0.0,,,,,0.0,295,0,8,0
metrics,gated,metrics,ABCDE,150,0.95,scanner_row_delete_1,8,8,0,0,0,0,8,0,0.0,0.0,,,,,0.0,458,0,8,0
metrics,gated,metrics,ABCDE,150,0.95,scanner_row_delete_2,8,8,0,0,0,0,8,0,0.0,0.0,,,,,0.0,249,0,8,7
metrics,gated,metrics,ABCDE,150,0.95,scanner_misread_1,8,0,8,0,0,0,0,8,,,0.0,0.312344,,,,0,0,8,0
metrics,gated,metrics,ABCDE,150,0.95,scanner_misread_4,8,0,8,0,0,0,0,8,,,0.0,0.312344,,,,0,0,8,0
metrics,gated,metrics,ABCDE,150,0.95,scanner_faint_1,8,0,8,0,0,0,0,8,,,0.0,0.312344,,,,0,0,8,0
metrics,gated,metrics,ABCDE,150,0.95,scanner_faint_4,8,0,8,0,0,0,0,8,,,0.0,0.312344,,,,0,0,8,0
metrics,gated,metrics,ABCDE,150,0.95,scanner_double_4,8,0,8,0,0,0,0,8,,,0.0,0.312344,,,,0,0,8,0
metrics,gated,metrics,ABCDE,150,0.95,adv_long_runs,8,0,8,0,0,0,0,8,,,0.0,0.312344,,,,0,0,8,0
metrics,gated,metrics,ABCDE,150,0.95,adv_favourite,8,0,8,0,0,0,0,8,,,0.0,0.312344,,,,0,0,8,0
metrics,gated,metrics,ABCDE,150,0.95,adv_easy_block,8,0,8,0,0,0,0,8,,,0.0,0.312344,,,,0,0,8,0
metrics,gated,metrics,ABCDE,150,0.95,adv_key_leakage,8,8,0,0,0,0,8,0,0.0,0.0,,,,,0.0,944,0,8,0
metrics,gated,metrics,ABCDE,150,0.95,adv_cycle,8,0,8,0,0,0,0,8,,,0.0,0.312344,,,,0,0,8,0
metrics,bruteforce,metrics,ABCD,46,0.26,none,8,0,8,0,0,0,0,8,,,0.0,0.312344,0.009189,0.072464,,0,0,8,0
metrics,bruteforce,metrics,ABCD,46,0.26,row_skip_1,8,8,0,0,3,0,5,0,0.0,0.375,,,0.584646,0.253623,0.666667,9,6,8,25
metrics,bruteforce,metrics,ABCD,46,0.26,row_skip_2,8,8,0,0,3,0,5,0,0.0,0.375,,,0.698199,0.208333,0.181818,11,2,8,23
metrics,bruteforce,metrics,ABCD,46,0.26,early_full,8,8,0,1,3,0,4,0,0.125,0.5,,,0.414461,0.449275,0.777778,54,42,8,4
metrics,bruteforce,metrics,ABCD,46,0.26,boundary,8,8,0,0,2,0,6,0,0.0,0.25,,,0.692817,0.18116,1.0,2,2,8,21
metrics,bruteforce,metrics,ABCD,46,0.26,short_local,8,8,0,0,3,0,5,0,0.0,0.375,,,0.547338,0.324275,0.2,10,2,8,26
metrics,bruteforce,metrics,ABCD,46,0.26,whole_section,8,8,0,0,1,0,7,0,0.0,0.125,,,0.780114,0.13587,0.0,10,0,8,14
metrics,bruteforce,metrics,ABCD,46,0.26,anxiety,8,8,0,0,4,0,4,0,0.0,0.5,,,0.541063,0.289855,0.571429,7,4,8,26
metrics,bruteforce,metrics,ABCD,46,0.26,double_shift,8,8,0,0,3,0,5,0,0.0,0.375,,,0.585276,0.297102,0.48,25,12,8,25
metrics,bruteforce,metrics,ABCD,46,0.26,self_corrected,8,8,0,0,3,0,5,0,0.0,0.375,,,0.600399,0.253623,0.117647,17,2,8,29
metrics,bruteforce,metrics,ABCD,46,0.26,deferred,8,8,0,0,1,0,7,0,0.0,0.125,,,0.72511,0.163043,0.333333,18,6,8,5
metrics,bruteforce,metrics,ABCD,46,0.26,isolated,8,8,0,0,2,0,6,0,0.0,0.25,,,0.493016,0.307971,0.333333,3,1,8,14
metrics,bruteforce,metrics,ABCD,46,0.26,scanner_blank_1,8,8,0,0,2,0,6,0,0.0,0.25,,,0.720778,0.172101,0.066667,15,1,8,20
metrics,bruteforce,metrics,ABCD,46,0.26,scanner_blank_2,8,8,0,0,2,0,6,0,0.0,0.25,,,0.645925,0.26087,0.4375,32,14,8,15
metrics,bruteforce,metrics,ABCD,46,0.26,scanner_row_delete_1,8,8,0,0,0,0,8,0,0.0,0.0,,,,,0.0,28,0,8,10
metrics,bruteforce,metrics,ABCD,46,0.26,scanner_row_delete_2,8,8,0,0,0,0,8,0,0.0,0.0,,,,,0.0,13,0,8,13
metrics,bruteforce,metrics,ABCD,46,0.26,scanner_misread_1,8,0,8,0,0,2,0,6,,,0.25,0.599689,0.078109,0.208333,,0,0,8,13
metrics,bruteforce,metrics,ABCD,46,0.26,scanner_misread_4,8,0,8,0,0,3,0,5,,,0.375,0.710759,0.199827,0.306159,,0,0,8,28
metrics,bruteforce,metrics,ABCD,46,0.26,scanner_faint_1,8,0,8,0,0,4,0,4,,,0.5,0.807097,0.095174,0.244565,,0,0,8,23
metrics,bruteforce,metrics,ABCD,46,0.26,scanner_faint_4,8,0,8,0,0,4,0,4,,,0.5,0.807097,0.179847,0.344203,,0,0,8,31
metrics,bruteforce,metrics,ABCD,46,0.26,scanner_double_4,8,0,8,0,0,5,0,3,,,0.625,0.888887,0.279248,0.460145,,0,0,8,44
metrics,bruteforce,metrics,ABCD,46,0.26,adv_long_runs,8,0,8,0,0,0,0,8,,,0.0,0.312344,0.007876,0.054348,,0,0,8,0
metrics,bruteforce,metrics,ABCD,46,0.26,adv_favourite,8,0,8,0,0,0,0,8,,,0.0,0.312344,0.0,0.0,,0,0,8,0
metrics,bruteforce,metrics,ABCD,46,0.26,adv_easy_block,8,0,8,0,0,0,0,8,,,0.0,0.312344,0.0,0.0,,0,0,8,0
metrics,bruteforce,metrics,ABCD,46,0.26,adv_key_leakage,8,8,0,8,0,0,0,0,1.0,1.0,,,0.0,1.0,1.0,267,267,8,0
metrics,bruteforce,metrics,ABCD,46,0.26,adv_cycle,8,0,8,0,0,4,0,4,,,0.5,0.807097,0.239209,0.414855,,0,0,8,35
metrics,bruteforce,metrics,ABCD,46,0.4,none,8,0,8,0,0,1,0,7,,,0.125,0.470679,0.032162,0.063406,,0,0,8,7
metrics,bruteforce,metrics,ABCD,46,0.4,row_skip_1,8,8,0,0,2,0,6,0,0.0,0.25,,,0.629673,0.244565,0.142857,14,2,8,18
metrics,bruteforce,metrics,ABCD,46,0.4,row_skip_2,8,8,0,0,3,0,5,0,0.0,0.375,,,0.680214,0.199275,0.521739,23,12,8,12
metrics,bruteforce,metrics,ABCD,46,0.4,early_full,8,8,0,2,4,0,2,0,0.25,0.75,,,0.358984,0.461956,0.78,50,39,8,11
metrics,bruteforce,metrics,ABCD,46,0.4,boundary,8,8,0,0,1,0,7,0,0.0,0.125,,,0.866493,0.081522,0.555556,9,5,8,3
metrics,bruteforce,metrics,ABCD,46,0.4,short_local,8,8,0,0,2,0,6,0,0.0,0.25,,,0.786678,0.13587,0.090909,11,1,8,14
metrics,bruteforce,metrics,ABCD,46,0.4,whole_section,8,8,0,0,1,0,7,0,0.0,0.125,,,0.805057,0.13587,0.214286,28,6,8,5
metrics,bruteforce,metrics,ABCD,46,0.4,anxiety,8,8,0,0,0,0,8,0,0.0,0.0,,,0.948934,0.027174,0.0,18,0,8,13
metrics,bruteforce,metrics,ABCD,46,0.4,double_shift,8,8,0,0,1,0,7,0,0.0,0.125,,,0.825929,0.108696,0.304348,23,7,8,10
metrics,bruteforce,metrics,ABCD,46,0.4,self_corrected,8,8,0,0,2,0,6,0,0.0,0.25,,,0.739157,0.172101,0.333333,24,8,8,12
metrics,bruteforce,metrics,ABCD,46,0.4,deferred,8,8,0,0,1,0,7,0,0.0,0.125,,,0.723929,0.190218,0.521739,23,12,8,16
metrics,bruteforce,metrics,ABCD,46,0.4,isolated,8,8,0,0,0,0,8,0,0.0,0.0,,,0.931474,0.036232,0.0,3,0,8,3
metrics,bruteforce,metrics,ABCD,46,0.4,scanner_blank_1,8,8,0,0,2,0,6,0,0.0,0.25,,,0.798493,0.13587,0.263158,38,10,8,4
metrics,bruteforce,metrics,ABCD,46,0.4,scanner_blank_2,8,8,0,0,6,0,2,0,0.0,0.75,,,0.508375,0.317029,0.703704,27,19,8,16
metrics,bruteforce,metrics,ABCD,46,0.4,scanner_row_delete_1,8,8,0,0,0,0,8,0,0.0,0.0,,,,,0.0,23,0,8,5
metrics,bruteforce,metrics,ABCD,46,0.4,scanner_row_delete_2,8,8,0,0,0,0,8,0,0.0,0.0,,,,,0.0,39,0,8,1
metrics,bruteforce,metrics,ABCD,46,0.4,scanner_misread_1,8,0,8,0,0,2,0,6,,,0.25,0.599689,0.054479,0.13587,,0,0,8,12
metrics,bruteforce,metrics,ABCD,46,0.4,scanner_misread_4,8,0,8,0,0,1,0,7,,,0.125,0.470679,0.053823,0.09058,,0,0,8,9
metrics,bruteforce,metrics,ABCD,46,0.4,scanner_faint_1,8,0,8,0,0,0,0,8,,,0.0,0.312344,0.010502,0.036232,,0,0,8,0
metrics,bruteforce,metrics,ABCD,46,0.4,scanner_faint_4,8,0,8,0,0,0,0,8,,,0.0,0.312344,0.002625,0.018116,,0,0,8,0
metrics,bruteforce,metrics,ABCD,46,0.4,scanner_double_4,8,0,8,0,0,0,0,8,,,0.0,0.312344,0.005907,0.027174,,0,0,8,0
metrics,bruteforce,metrics,ABCD,46,0.4,adv_long_runs,8,0,8,0,0,0,0,8,,,0.0,0.312344,0.020348,0.099638,,0,0,8,0
metrics,bruteforce,metrics,ABCD,46,0.4,adv_favourite,8,0,8,0,0,0,0,8,,,0.0,0.312344,0.0,0.0,,0,0,8,0
metrics,bruteforce,metrics,ABCD,46,0.4,adv_easy_block,8,0,8,0,0,0,0,8,,,0.0,0.312344,0.0,0.0,,0,0,8,0
metrics,bruteforce,metrics,ABCD,46,0.4,adv_key_leakage,8,8,0,8,0,0,0,0,1.0,1.0,,,0.0,1.0,1.0,271,271,8,0
metrics,bruteforce,metrics,ABCD,46,0.4,adv_cycle,8,0,8,0,0,5,0,3,,,0.625,0.888887,0.154905,0.326087,,0,0,8,33
metrics,bruteforce,metrics,ABCD,46,0.55,none,8,0,8,0,0,0,0,8,,,0.0,0.312344,0.0,0.0,,0,0,8,0
metrics,bruteforce,metrics,ABCD,46,0.55,row_skip_1,8,8,0,0,1,0,7,0,0.0,0.125,,,0.733118,0.190217,0.261905,42,11,8,1
metrics,bruteforce,metrics,ABCD,46,0.55,row_skip_2,8,8,0,0,4,0,4,0,0.0,0.5,,,0.620878,0.235507,0.390244,41,16,8,9
metrics,bruteforce,metrics,ABCD,46,0.55,early_full,8,8,0,1,4,0,3,0,0.125,0.625,,,0.297758,0.567029,0.746835,79,59,8,2
metrics,bruteforce,metrics,ABCD,46,0.55,boundary,8,8,0,0,1,0,7,0,0.0,0.125,,,0.90837,0.054348,0.25,20,5,8,3
metrics,bruteforce,metrics,ABCD,46,0.55,short_local,8,8,0,0,3,0,5,0,0.0,0.375,,,0.715658,0.199275,0.384615,13,5,8,20
metrics,bruteforce,metrics,ABCD,46,0.55,whole_section,8,8,0,0,1,0,7,0,0.0,0.125,,,0.753466,0.144927,0.09434,53,5,8,1
metrics,bruteforce,metrics,ABCD,46,0.55,anxiety,8,8,0,0,2,0,6,0,0.0,0.25,,,0.692554,0.217391,0.354167,48,17,8,0
metrics,bruteforce,metrics,ABCD,46,0.55,double_shift,8,8,0,0,1,0,7,0,0.0,0.125,,,0.755697,0.153985,0.181818,44,8,8,13
metrics,bruteforce,metrics,ABCD,46,0.55,self_corrected,8,8,0,0,0,0,8,0,0.0,0.0,,,0.876077,0.072464,0.0,50,0,8,1
metrics,bruteforce,metrics,ABCD,46,0.55,deferred,8,8,0,0,2,0,6,0,0.0,0.25,,,0.752389,0.197464,0.409091,44,18,8,7
metrics,bruteforce,metrics,ABCD,46,0.55,isolated,8,8,0,0,1,0,7,0,0.0,0.125,,,0.795342,0.117754,0.0,5,0,8,7
metrics,bruteforce,metrics,ABCD,46,0.55,scanner_blank_1,8,8,0,0,1,0,7,0,0.0,0.125,,,0.707782,0.199275,0.192982,57,11,8,0
metrics,bruteforce,metrics,ABCD,46,0.55,scanner_blank_2,8,8,0,0,4,0,4,0,0.0,0.5,,,0.633612,0.244565,0.529412,51,27,8,1
metrics,bruteforce,metrics,ABCD,46,0.55,scanner_row_delete_1,8,8,0,0,0,0,8,0,0.0,0.0,,,,,0.0,50,0,8,4
metrics,bruteforce,metrics,ABCD,46,0.55,scanner_row_delete_2,8,8,0,0,0,0,8,0,0.0,0.0,,,,,0.0,51,0,8,0
metrics,bruteforce,metrics,ABCD,46,0.55,scanner_misread_1,8,0,8,0,0,0,0,8,,,0.0,0.312344,0.010502,0.036232,,0,0,8,0
metrics,bruteforce,metrics,ABCD,46,0.55,scanner_misread_4,8,0,8,0,0,0,0,8,,,0.0,0.312344,0.009189,0.054348,,0,0,8,0
metrics,bruteforce,metrics,ABCD,46,0.55,scanner_faint_1,8,0,8,0,0,1,0,7,,,0.125,0.470679,0.026255,0.072464,,0,0,8,6
metrics,bruteforce,metrics,ABCD,46,0.55,scanner_faint_4,8,0,8,0,0,0,0,8,,,0.0,0.312344,0.019035,0.081522,,0,0,8,0
metrics,bruteforce,metrics,ABCD,46,0.55,scanner_double_4,8,0,8,0,0,1,0,7,,,0.125,0.470679,0.042664,0.099638,,0,0,8,7
metrics,bruteforce,metrics,ABCD,46,0.55,adv_long_runs,8,0,8,0,0,0,0,8,,,0.0,0.312344,0.023629,0.126812,,0,0,8,0
metrics,bruteforce,metrics,ABCD,46,0.55,adv_favourite,8,0,8,0,0,0,0,8,,,0.0,0.312344,0.0,0.0,,0,0,8,0
metrics,bruteforce,metrics,ABCD,46,0.55,adv_easy_block,8,0,8,0,0,0,0,8,,,0.0,0.312344,0.0,0.0,,0,0,8,0
metrics,bruteforce,metrics,ABCD,46,0.55,adv_key_leakage,8,8,0,8,0,0,0,0,1.0,1.0,,,0.0,1.0,1.0,270,270,8,0
metrics,bruteforce,metrics,ABCD,46,0.55,adv_cycle,8,0,8,0,0,3,0,5,,,0.375,0.710759,0.158843,0.271739,,0,0,8,25
metrics,bruteforce,metrics,ABCD,46,0.7,none,8,0,8,0,0,0,0,8,,,0.0,0.312344,0.0,0.0,,0,0,8,0
metrics,bruteforce,metrics,ABCD,46,0.7,row_skip_1,8,8,0,0,2,0,6,0,0.0,0.25,,,0.731517,0.224638,0.380952,63,24,8,0
metrics,bruteforce,metrics,ABCD,46,0.7,row_skip_2,8,8,0,0,2,0,6,0,0.0,0.25,,,0.778408,0.144928,0.291667,48,14,8,2
metrics,bruteforce,metrics,ABCD,46,0.7,early_full,8,8,0,1,6,0,1,0,0.125,0.875,,,0.166719,0.710145,0.833333,102,85,8,1
metrics,bruteforce,metrics,ABCD,46,0.7,boundary,8,8,0,0,1,0,7,0,0.0,0.125,,,0.753072,0.153985,0.259259,27,7,8,2
metrics,bruteforce,metrics,ABCD,46,0.7,short_local,8,8,0,0,0,0,8,0,0.0,0.0,,,1.0,0.0,0.0,17,0,8,0
metrics,bruteforce,metrics,ABCD,46,0.7,whole_section,8,8,0,0,1,0,7,0,0.0,0.125,,,0.852972,0.09058,0.147059,34,5,8,8
metrics,bruteforce,metrics,ABCD,46,0.7,anxiety,8,8,0,0,2,0,6,0,0.0,0.25,,,0.686909,0.226449,0.461538,39,18,8,12
metrics,bruteforce,metrics,ABCD,46,0.7,double_shift,8,8,0,0,2,0,6,0,0.0,0.25,,,0.794948,0.126812,0.135593,59,8,8,4
metrics,bruteforce,metrics,ABCD,46,0.7,self_corrected,8,8,0,0,1,0,7,0,0.0,0.125,,,0.74257,0.153985,0.109091,55,6,8,0
metrics,bruteforce,metrics,ABCD,46,0.7,deferred,8,8,0,0,4,0,4,0,0.0,0.5,,,0.62928,0.253623,0.466667,60,28,8,6
metrics,bruteforce,metrics,ABCD,46,0.7,isolated,8,8,0,0,1,0,7,0,0.0,0.125,,,0.887891,0.072464,0.0,6,0,8,8
metrics,bruteforce,metrics,ABCD,46,0.7,scanner_blank_1,8,8,0,0,2,0,6,0,0.0,0.25,,,0.80083,0.17029,0.298701,77,23,8,0
metrics,bruteforce,metrics,ABCD,46,0.7,scanner_blank_2,8,8,0,0,3,0,5,0,0.0,0.375,,,0.693342,0.199275,0.253165,79,20,8,1
metrics,bruteforce,metrics,ABCD,46,0.7,scanner_row_delete_1,8,8,0,0,0,0,8,0,0.0,0.0,,,,,0.0,42,0,8,10
metrics,bruteforce,metrics,ABCD,46,0.7,scanner_row_delete_2,8,8,0,0,0,0,8,0,0.0,0.0,,,,,0.0,51,0,8,5
metrics,bruteforce,metrics,ABCD,46,0.7,scanner_misread_1,8,0,8,0,0,1,0,7,,,0.125,0.470679,0.042664,0.081522,,0,0,8,8
metrics,bruteforce,metrics,ABCD,46,0.7,scanner_misread_4,8,0,8,0,0,0,0,8,,,0.0,0.312344,0.005907,0.027174,,0,0,8,0
metrics,bruteforce,metrics,ABCD,46,0.7,scanner_faint_1,8,0,8,0,0,0,0,8,,,0.0,0.312344,0.0,0.0,,0,0,8,0
metrics,bruteforce,metrics,ABCD,46,0.7,scanner_faint_4,8,0,8,0,0,0,0,8,,,0.0,0.312344,0.005907,0.027174,,0,0,8,0
metrics,bruteforce,metrics,ABCD,46,0.7,scanner_double_4,8,0,8,0,0,0,0,8,,,0.0,0.312344,0.002625,0.018116,,0,0,8,0
metrics,bruteforce,metrics,ABCD,46,0.7,adv_long_runs,8,0,8,0,0,1,0,7,,,0.125,0.470679,0.069576,0.253623,,0,0,8,5
metrics,bruteforce,metrics,ABCD,46,0.7,adv_favourite,8,0,8,0,0,0,0,8,,,0.0,0.312344,0.0,0.0,,0,0,8,0
metrics,bruteforce,metrics,ABCD,46,0.7,adv_easy_block,8,0,8,0,0,0,0,8,,,0.0,0.312344,0.0,0.0,,0,0,8,0
metrics,bruteforce,metrics,ABCD,46,0.7,adv_key_leakage,8,8,0,8,0,0,0,0,1.0,1.0,,,0.0,1.0,1.0,262,262,8,0
metrics,bruteforce,metrics,ABCD,46,0.7,adv_cycle,8,0,8,0,0,2,0,6,,,0.25,0.599689,0.101082,0.271739,,0,0,8,14
metrics,bruteforce,metrics,ABCD,46,0.85,none,8,0,8,0,0,0,0,8,,,0.0,0.312344,0.010502,0.036232,,0,0,8,0
metrics,bruteforce,metrics,ABCD,46,0.85,row_skip_1,8,8,0,0,2,0,6,0,0.0,0.25,,,0.765123,0.206522,0.384615,65,25,8,0
metrics,bruteforce,metrics,ABCD,46,0.85,row_skip_2,8,8,0,0,4,0,4,0,0.0,0.5,,,0.544555,0.38587,0.58209,67,39,8,10
metrics,bruteforce,metrics,ABCD,46,0.85,early_full,8,8,0,1,7,0,0,0,0.125,1.0,,,0.055976,0.894927,0.89441,161,144,8,6
metrics,bruteforce,metrics,ABCD,46,0.85,boundary,8,8,0,0,1,0,7,0,0.0,0.125,,,0.871744,0.081522,0.152174,46,7,8,1
metrics,bruteforce,metrics,ABCD,46,0.85,short_local,8,8,0,0,0,0,8,0,0.0,0.0,,,1.0,0.0,0.0,42,0,8,1
metrics,bruteforce,metrics,ABCD,46,0.85,whole_section,8,8,0,0,1,0,7,0,0.0,0.125,,,0.92583,0.04529,0.060241,83,5,8,0
metrics,bruteforce,metrics,ABCD,46,0.85,anxiety,8,8,0,0,3,0,5,0,0.0,0.375,,,0.653828,0.262681,0.430769,65,28,8,8
metrics,bruteforce,metrics,ABCD,46,0.85,double_shift,8,8,0,0,3,0,5,0,0.0,0.375,,,0.614839,0.253623,0.165354,127,21,8,0
metrics,bruteforce,metrics,ABCD,46,0.85,self_corrected,8,8,0,0,4,0,4,0,0.0,0.5,,,0.621403,0.253623,0.274725,91,25,8,3
metrics,bruteforce,metrics,ABCD,46,0.85,deferred,8,8,0,0,3,0,5,0,0.0,0.375,,,0.600872,0.358696,0.6,90,54,8,0
metrics,bruteforce,metrics,ABCD,46,0.85,isolated,8,8,0,0,0,0,8,0,0.0,0.0,,,0.966394,0.018116,0.0,10,0,8,0
metrics,bruteforce,metrics,ABCD,46,0.85,scanner_blank_1,8,8,0,0,5,0,3,0,0.0,0.625,,,0.438905,0.432971,0.571429,77,44,8,1
metrics,bruteforce,metrics,ABCD,46,0.85,scanner_blank_2,8,8,0,0,2,0,6,0,0.0,0.25,,,0.789934,0.179348,0.368421,57,21,8,9
metrics,bruteforce,metrics,ABCD,46,0.85,scanner_row_delete_1,8,8,0,0,0,0,8,0,0.0,0.0,,,,,0.0,96,0,8,0
metrics,bruteforce,metrics,ABCD,46,0.85,scanner_row_delete_2,8,8,0,0,0,0,8,0,0.0,0.0,,,,,0.0,96,0,8,2
metrics,bruteforce,metrics,ABCD,46,0.85,scanner_misread_1,8,0,8,0,0,1,0,7,,,0.125,0.470679,0.079421,0.099638,,0,0,8,11
metrics,bruteforce,metrics,ABCD,46,0.85,scanner_misread_4,8,0,8,0,0,0,0,8,,,0.0,0.312344,0.010502,0.036232,,0,0,8,0
metrics,bruteforce,metrics,ABCD,46,0.85,scanner_faint_1,8,0,8,0,0,0,0,8,,,0.0,0.312344,0.0,0.0,,0,0,8,0
metrics,bruteforce,metrics,ABCD,46,0.85,scanner_faint_4,8,0,8,0,0,0,0,8,,,0.0,0.312344,0.005907,0.027174,,0,0,8,0
metrics,bruteforce,metrics,ABCD,46,0.85,scanner_double_4,8,0,8,0,0,0,0,8,,,0.0,0.312344,0.0,0.0,,0,0,8,0
metrics,bruteforce,metrics,ABCD,46,0.85,adv_long_runs,8,0,8,0,0,3,0,5,,,0.375,0.710759,0.066294,0.208334,,0,0,8,16
metrics,bruteforce,metrics,ABCD,46,0.85,adv_favourite,8,0,8,0,0,0,0,8,,,0.0,0.312344,0.0,0.0,,0,0,8,0
metrics,bruteforce,metrics,ABCD,46,0.85,adv_easy_block,8,0,8,0,0,0,0,8,,,0.0,0.312344,0.0,0.0,,0,0,8,0
metrics,bruteforce,metrics,ABCD,46,0.85,adv_key_leakage,8,8,0,8,0,0,0,0,1.0,1.0,,,0.0,1.0,1.0,266,266,8,0
metrics,bruteforce,metrics,ABCD,46,0.85,adv_cycle,8,0,8,0,0,3,0,5,,,0.375,0.710759,0.084672,0.226449,,0,0,8,17
metrics,bruteforce,metrics,ABCD,46,0.95,none,8,0,8,0,0,1,0,7,,,0.125,0.470679,0.02363,0.054348,,0,0,8,6
metrics,bruteforce,metrics,ABCD,46,0.95,row_skip_1,8,8,0,0,1,0,7,0,0.0,0.125,,,0.875,0.125,0.333333,66,22,8,0
metrics,bruteforce,metrics,ABCD,46,0.95,row_skip_2,8,8,0,0,3,0,5,0,0.0,0.375,,,0.598535,0.324275,0.388235,85,33,8,9
metrics,bruteforce,metrics,ABCD,46,0.95,early_full,8,8,0,2,6,0,0,0,0.25,1.0,,,0.039934,0.929348,0.948454,194,184,8,7
metrics,bruteforce,metrics,ABCD,46,0.95,boundary,8,8,0,0,0,0,8,0,0.0,0.0,,,1.0,0.0,0.0,37,0,8,3
metrics,bruteforce,metrics,ABCD,46,0.95,short_local,8,8,0,0,0,0,8,0,0.0,0.0,,,0.98254,0.009058,0.0,28,0,8,1
metrics,bruteforce,metrics,ABCD,46,0.95,whole_section,8,8,0,0,0,0,8,0,0.0,0.0,,,0.938038,0.036232,0.0,99,0,8,0
metrics,bruteforce,metrics,ABCD,46,0.95,anxiety,8,8,0,0,3,0,5,0,0.0,0.375,,,0.557787,0.411232,0.558559,111,62,8,0
metrics,bruteforce,metrics,ABCD,46,0.95,double_shift,8,8,0,0,6,0,2,0,0.0,0.75,,,0.316661,0.585145,0.428571,168,72,8,0
metrics,bruteforce,metrics,ABCD,46,0.95,self_corrected,8,8,0,0,2,0,6,0,0.0,0.25,,,0.789698,0.126812,0.059524,84,5,8,7
metrics,bruteforce,metrics,ABCD,46,0.95,deferred,8,8,0,0,5,0,3,0,0.0,0.625,,,0.336037,0.617754,0.652174,138,90,8,0
metrics,bruteforce,metrics,ABCD,46,0.95,isolated,8,8,0,0,0,0,8,0,0.0,0.0,,,0.938038,0.036232,0.0,9,0,8,0
metrics,bruteforce,metrics,ABCD,46,0.95,scanner_blank_1,8,8,0,0,4,0,4,0,0.0,0.5,,,0.491493,0.456522,0.474138,116,55,8,4
metrics,bruteforce,metrics,ABCD,46,0.95,scanner_blank_2,8,8,0,0,3,0,5,0,0.0,0.375,,,0.649207,0.306159,0.373832,107,40,8,1
metrics,bruteforce,metrics,ABCD,46,0.95,scanner_row_delete_1,8,8,0,0,0,0,8,0,0.0,0.0,,,,,0.0,69,0,8,0
metrics,bruteforce,metrics,ABCD,46,0.95,scanner_row_delete_2,8,8,0,0,0,0,8,0,0.0,0.0,,,,,0.0,89,0,8,0
metrics,bruteforce,metrics,ABCD,46,0.95,scanner_misread_1,8,0,8,0,0,1,0,7,,,0.125,0.470679,0.02363,0.054348,,0,0,8,6
metrics,bruteforce,metrics,ABCD,46,0.95,scanner_misread_4,8,0,8,0,0,0,0,8,,,0.0,0.312344,0.0,0.0,,0,0,8,0
metrics,bruteforce,metrics,ABCD,46,0.95,scanner_faint_1,8,0,8,0,0,0,0,8,,,0.0,0.312344,0.0,0.0,,0,0,8,0
metrics,bruteforce,metrics,ABCD,46,0.95,scanner_faint_4,8,0,8,0,0,1,0,7,,,0.125,0.470679,0.032162,0.063406,,0,0,8,7
metrics,bruteforce,metrics,ABCD,46,0.95,scanner_double_4,8,0,8,0,0,0,0,8,,,0.0,0.312344,0.010502,0.036232,,0,0,8,0
metrics,bruteforce,metrics,ABCD,46,0.95,adv_long_runs,8,0,8,0,0,0,0,8,,,0.0,0.312344,0.017722,0.081522,,0,0,8,0
metrics,bruteforce,metrics,ABCD,46,0.95,adv_favourite,8,0,8,0,0,0,0,8,,,0.0,0.312344,0.0,0.0,,0,0,8,0
metrics,bruteforce,metrics,ABCD,46,0.95,adv_easy_block,8,0,8,0,0,0,0,8,,,0.0,0.312344,0.0,0.0,,0,0,8,0
metrics,bruteforce,metrics,ABCD,46,0.95,adv_key_leakage,8,8,0,8,0,0,0,0,1.0,1.0,,,0.0,1.0,1.0,260,260,8,0
metrics,bruteforce,metrics,ABCD,46,0.95,adv_cycle,8,0,8,0,0,1,0,7,,,0.125,0.470679,0.051854,0.172101,,0,0,8,7
metrics,bruteforce,metrics,ABCD,90,0.26,none,8,0,8,0,0,2,0,6,,,0.25,0.599689,0.01989,0.083333,,0,0,8,14
metrics,bruteforce,metrics,ABCD,90,0.26,row_skip_1,8,8,0,0,2,0,6,0,0.0,0.25,,,0.848422,0.083333,0.0,13,0,8,22
metrics,bruteforce,metrics,ABCD,90,0.26,row_skip_2,8,8,0,0,4,0,4,0,0.0,0.5,,,0.678498,0.208333,0.5625,16,9,8,41
metrics,bruteforce,metrics,ABCD,90,0.26,early_full,8,8,0,1,5,0,2,0,0.125,0.75,,,0.635802,0.212963,0.92,25,23,8,40
metrics,bruteforce,metrics,ABCD,90,0.26,boundary,8,8,0,0,2,0,6,0,0.0,0.25,,,0.834019,0.101852,0.2,10,2,8,24
metrics,bruteforce,metrics,ABCD,90,0.26,short_local,8,8,0,0,4,0,4,0,0.0,0.5,,,0.612654,0.24537,0.0,1,0,8,58
metrics,bruteforce,metrics,ABCD,90,0.26,whole_section,8,8,0,0,7,0,1,0,0.0,0.875,,,0.576475,0.25,1.0,10,10,8,60
metrics,bruteforce,metrics,ABCD,90,0.26,anxiety,8,8,0,0,2,0,6,0,0.0,0.25,,,0.856139,0.078704,1.0,7,7,8,17
metrics,bruteforce,metrics,ABCD,90,0.26,double_shift,8,8,0,0,4,0,4,0,0.0,0.5,,,0.719307,0.162037,0.028571,35,1,8,58
metrics,bruteforce,metrics,ABCD,90,0.26,self_corrected,8,8,0,0,2,0,6,0,0.0,0.25,,,0.819959,0.101852,0.105263,19,2,8,22
metrics,bruteforce,metrics,ABCD,90,0.26,deferred,8,8,0,0,6,0,2,0,0.0,0.75,,,0.623971,0.217592,0.777778,9,7,8,63
metrics,bruteforce,metrics,ABCD,90,0.26,isolated,8,8,0,0,5,0,3,0,0.0,0.625,,,0.587963,0.263889,0.5,2,1,8,52
metrics,bruteforce,metrics,ABCD,90,0.26,scanner_blank_1,8,8,0,0,4,0,4,0,0.0,0.5,,,0.695473,0.175926,0.4,20,8,8,37
metrics,bruteforce,metrics,ABCD,90,0.26,scanner_blank_2,8,8,0,0,3,0,5,0,0.0,0.375,,,0.810185,0.106481,0.235294,34,8,8,26
metrics,bruteforce,metrics,ABCD,90,0.26,scanner_row_delete_1,8,8,0,0,0,0,8,0,0.0,0.0,,,,,0.0,39,0,8,10
metrics,bruteforce,metrics,ABCD,90,0.26,scanner_row_delete_2,8,8,0,0,0,0,8,0,0.0,0.0,,,,,0.0,27,0,8,24
metrics,bruteforce,metrics,ABCD,90,0.26,scanner_misread_1,8,0,8,0,0,4,0,4,,,0.5,0.807097,0.130658,0.240741,,0,0,8,52
metrics,bruteforce,metrics,ABCD,90,0.26,scanner_misread_4,8,0,8,0,0,5,0,3,,,0.625,0.888887,0.121399,0.268518,,0,0,8,58
metrics,bruteforce,metrics,ABCD,90,0.26,scanner_faint_1,8,0,8,0,0,3,0,5,,,0.375,0.710759,0.080761,0.208333,,0,0,8,34
metrics,bruteforce,metrics,ABCD,90,0.26,scanner_faint_4,8,0,8,0,0,5,0,3,,,0.625,0.888887,0.106653,0.25,,0,0,8,54
metrics,bruteforce,metrics,ABCD,90,0.26,scanner_double_4,8,0,8,0,0,2,0,6,,,0.25,0.599689,0.031893,0.101852,,0,0,8,18
metrics,bruteforce,metrics,ABCD,90,0.26,adv_long_runs,8,0,8,0,0,1,0,7,,,0.125,0.470679,0.008745,0.069444,,0,0,8,5
metrics,bruteforce,metrics,ABCD,90,0.26,adv_favourite,8,0,8,0,0,0,0,8,,,0.0,0.312344,0.0,0.0,,0,0,8,0
metrics,bruteforce,metrics,ABCD,90,0.26,adv_easy_block,8,0,8,0,0,0,0,8,,,0.0,0.312344,0.0,0.0,,0,0,8,0
metrics,bruteforce,metrics,ABCD,90,0.26,adv_key_leakage,8,8,0,8,0,0,0,0,1.0,1.0,,,0.0,1.0,1.0,538,538,8,0
metrics,bruteforce,metrics,ABCD,90,0.26,adv_cycle,8,0,8,0,0,2,0,6,,,0.25,0.599689,0.034465,0.115741,,0,0,8,17
metrics,bruteforce,metrics,ABCD,90,0.4,none,8,0,8,0,0,1,0,7,,,0.125,0.470679,0.020919,0.083333,,0,0,8,10
metrics,bruteforce,metrics,ABCD,90,0.4,row_skip_1,8,8,0,0,1,0,7,0,0.0,0.125,,,0.821159,0.106481,0.342105,38,13,8,8
metrics,bruteforce,metrics,ABCD,90,0.4,row_skip_2,8,8,0,0,1,0,7,0,0.0,0.125,,,0.8131,0.157407,0.457627,59,27,8,6
metrics,bruteforce,metrics,ABCD,90,0.4,early_full,8,8,0,0,6,0,2,0,0.0,0.75,,,0.336591,0.532407,0.940299,134,126,8,10
metrics,bruteforce,metrics,ABCD,90,0.4,boundary,8,8,0,0,2,0,6,0,0.0,0.25,,,0.862483,0.083333,0.294118,17,5,8,27
metrics,bruteforce,metrics,ABCD,90,0.4,short_local,8,8,0,0,2,0,6,0,0.0,0.25,,,0.822188,0.115741,0.0,12,0,8,29
metrics,bruteforce,metrics,ABCD,90,0.4,whole_section,8,8,0,0,3,0,5,0,0.0,0.375,,,0.780864,0.12963,0.403226,62,25,8,0
metrics,bruteforce,metrics,ABCD,90,0.4,anxiety,8,8,0,0,3,0,5,0,0.0,0.375,,,0.716392,0.203704,0.6,45,27,8,21
metrics,bruteforce,metrics,ABCD,90,0.4,double_shift,8,8,0,0,4,0,4,0,0.0,0.5,,,0.815501,0.101852,0.311475,61,19,8,5
metrics,bruteforce,metrics,ABCD,90,0.4,self_corrected,8,8,0,0,1,0,7,0,0.0,0.125,,,0.9369,0.037037,0.0,53,0,8,8
metrics,bruteforce,metrics,ABCD,90,0.4,deferred,8,8,0,0,4,0,4,0,0.0,0.5,,,0.611797,0.277778,0.632184,87,55,8,2
metrics,bruteforce,metrics,ABCD,90,0.4,isolated,8,8,0,0,1,0,7,0,0.0,0.125,,,0.877572,0.083333,0.166667,6,1,8,15
metrics,bruteforce,metrics,ABCD,90,0.4,scanner_blank_1,8,8,0,0,3,0,5,0,0.0,0.375,,,0.7512,0.143518,0.297297,37,11,8,17
metrics,bruteforce,metrics,ABCD,90,0.4,scanner_blank_2,8,8,0,0,2,0,6,0,0.0,0.25,,,0.875,0.069444,0.28125,32,9,8,8
metrics,bruteforce,metrics,ABCD,90,0.4,scanner_row_delete_1,8,8,0,0,0,0,8,0,0.0,0.0,,,,,0.0,49,0,8,9
metrics,bruteforce,metrics,ABCD,90,0.4,scanner_row_delete_2,8,8,0,0,0,0,8,0,0.0,0.0,,,,,0.0,48,0,8,0
metrics,bruteforce,metrics,ABCD,90,0.4,scanner_misread_1,8,0,8,0,0,1,0,7,,,0.125,0.470679,0.023491,0.069444,,0,0,8,11
metrics,bruteforce,metrics,ABCD,90,0.4,scanner_misread_4,8,0,8,0,0,0,0,8,,,0.0,0.312344,0.002229,0.023148,,0,0,8,0
metrics,bruteforce,metrics,ABCD,90,0.4,scanner_faint_1,8,0,8,0,0,0,0,8,,,0.0,0.312344,0.0,0.0,,0,0,8,0
metrics,bruteforce,metrics,ABCD,90,0.4,scanner_faint_4,8,0,8,0,0,0,0,8,,,0.0,0.312344,0.000686,0.009259,,0,0,8,0
metrics,bruteforce,metrics,ABCD,90,0.4,scanner_double_4,8,0,8,0,0,1,0,7,,,0.125,0.470679,0.009602,0.055556,,0,0,8,6
metrics,bruteforce,metrics,ABCD,90,0.4,adv_long_runs,8,0,8,0,0,2,0,6,,,0.25,0.599689,0.033436,0.143518,,0,0,8,17
metrics,bruteforce,metrics,ABCD,90,0.4,adv_favourite,8,0,8,0,0,0,0,8,,,0.0,0.312344,0.0,0.0,,0,0,8,0
metrics,bruteforce,metrics,ABCD,90,0.4,adv_easy_block,8,0,8,0,0,0,0,8,,,0.0,0.312344,0.0,0.0,,0,0,8,0
metrics,bruteforce,metrics,ABCD,90,0.4,adv_key_leakage,8,8,0,8,0,0,0,0,1.0,1.0,,,0.0,1.0,1.0,512,512,8,0
metrics,bruteforce,metrics,ABCD,90,0.4,adv_cycle,8,0,8,0,0,4,0,4,,,0.5,0.807097,0.059499,0.180555,,0,0,8,36
metrics,bruteforce,metrics,ABCD,90,0.55,none,8,0,8,0,0,1,0,7,,,0.125,0.470679,0.024691,0.055556,,0,0,8,12
metrics,bruteforce,metrics,ABCD,90,0.55,row_skip_1,8,8,0,0,4,0,4,0,0.0,0.5,,,0.600137,0.296296,0.714286,84,60,8,3
metrics,bruteforce,metrics,ABCD,90,0.55,row_skip_2,8,8,0,0,3,0,5,0,0.0,0.375,,,0.845165,0.087963,0.137931,58,8,8,12
metrics,bruteforce,metrics,ABCD,90,0.55,early_full,8,8,0,0,8,0,0,0,0.0,1.0,,,0.134088,0.796296,0.978378,185,181,8,5
metrics,bruteforce,metrics,ABCD,90,0.55,boundary,8,8,0,0,3,0,5,0,0.0,0.375,,,0.776234,0.134259,0.295082,61,18,8,13
metrics,bruteforce,metrics,ABCD,90,0.55,short_local,8,8,0,0,0,0,8,0,0.0,0.0,,,1.0,0.0,0.0,11,0,8,2
metrics,bruteforce,metrics,ABCD,90,0.55,whole_section,8,8,0,0,1,0,7,0,0.0,0.125,,,0.880144,0.069444,0.106383,94,10,8,0
metrics,bruteforce,metrics,ABCD,90,0.55,anxiety,8,8,0,0,2,0,6,0,0.0,0.25,,,0.834534,0.134259,0.460317,63,29,8,5
metrics,bruteforce,metrics,ABCD,90,0.55,double_shift,8,8,0,0,5,0,3,0,0.0,0.625,,,0.529664,0.300926,0.378378,148,56,8,1
metrics,bruteforce,metrics,ABCD,90,0.55,self_corrected,8,8,0,0,1,0,7,0,0.0,0.125,,,0.927812,0.041667,0.02439,41,1,8,8
metrics,bruteforce,metrics,ABCD,90,0.55,deferred,8,8,0,0,6,0,2,0,0.0,0.75,,,0.556927,0.277778,0.455446,101,46,8,16
metrics,bruteforce,metrics,ABCD,90,0.55,isolated,8,8,0,0,0,0,8,0,0.0,0.0,,,1.0,0.0,0.0,6,0,8,0
metrics,bruteforce,metrics,ABCD,90,0.55,scanner_blank_1,8,8,0,0,2,0,6,0,0.0,0.25,,,0.794753,0.152778,0.532258,62,33,8,1
metrics,bruteforce,metrics,ABCD,90,0.55,scanner_blank_2,8,8,0,0,2,0,6,0,0.0,0.25,,,0.757545,0.166667,0.627451,51,32,8,5
metrics,bruteforce,metrics,ABCD,90,0.55,scanner_row_delete_1,8,8,0,0,0,0,8,0,0.0,0.0,,,,,0.0,69,0,8,17
metrics,bruteforce,metrics,ABCD,90,0.55,scanner_row_delete_2,8,8,0,0,0,0,8,0,0.0,0.0,,,,,0.0,55,0,8,2
metrics,bruteforce,metrics,ABCD,90,0.55,scanner_misread_1,8,0,8,0,0,0,0,8,,,0.0,0.312344,0.002743,0.018519,,0,0,8,0
metrics,bruteforce,metrics,ABCD,90,0.55,scanner_misread_4,8,0,8,0,0,1,0,7,,,0.125,0.470679,0.013717,0.055556,,0,0,8,8
metrics,bruteforce,metrics,ABCD,90,0.55,scanner_faint_1,8,0,8,0,0,0,0,8,,,0.0,0.312344,0.0,0.0,,0,0,8,0
metrics,bruteforce,metrics,ABCD,90,0.55,scanner_faint_4,8,0,8,0,0,1,0,7,,,0.125,0.470679,0.006173,0.027778,,0,0,8,6
metrics,bruteforce,metrics,ABCD,90,0.55,scanner_double_4,8,0,8,0,0,0,0,8,,,0.0,0.312344,0.0,0.0,,0,0,8,0
metrics,bruteforce,metrics,ABCD,90,0.55,adv_long_runs,8,0,8,0,0,2,0,6,,,0.25,0.599689,0.024691,0.111111,,0,0,8,16
metrics,bruteforce,metrics,ABCD,90,0.55,adv_favourite,8,0,8,0,0,0,0,8,,,0.0,0.312344,0.0,0.0,,0,0,8,0
metrics,bruteforce,metrics,ABCD,90,0.55,adv_easy_block,8,0,8,0,0,0,0,8,,,0.0,0.312344,0.0,0.0,,0,0,8,0
metrics,bruteforce,metrics,ABCD,90,0.55,adv_key_leakage,8,8,0,8,0,0,0,0,1.0,1.0,,,0.0,1.0,1.0,522,522,8,0
metrics,bruteforce,metrics,ABCD,90,0.55,adv_cycle,8,0,8,0,0,5,0,3,,,0.625,0.888887,0.042353,0.171296,,0,0,8,33
metrics,bruteforce,metrics,ABCD,90,0.7,none,8,0,8,0,0,1,0,7,,,0.125,0.470679,0.008402,0.032407,,0,0,8,7
metrics,bruteforce,metrics,ABCD,90,0.7,row_skip_1,8,8,0,0,4,0,4,0,0.0,0.5,,,0.626886,0.324074,0.672727,110,74,8,14
metrics,bruteforce,metrics,ABCD,90,0.7,row_skip_2,8,8,0,0,5,0,3,0,0.0,0.625,,,0.486111,0.421296,0.627329,161,101,8,0
metrics,bruteforce,metrics,ABCD,90,0.7,early_full,8,8,0,2,6,0,0,0,0.25,1.0,,,0.061386,0.87963,0.963636,220,212,8,13
metrics,bruteforce,metrics,ABCD,90,0.7,boundary,8,8,0,0,0,0,8,0,0.0,0.0,,,0.97308,0.013889,0.0,53,0,8,3
metrics,bruteforce,metrics,ABCD,90,0.7,short_local,8,8,0,0,0,0,8,0,0.0,0.0,,,1.0,0.0,0.0,20,0,8,1
metrics,bruteforce,metrics,ABCD,90,0.7,whole_section,8,8,0,0,3,0,5,0,0.0,0.375,,,0.804184,0.111111,0.126761,71,9,8,16
metrics,bruteforce,metrics,ABCD,90,0.7,anxiety,8,8,0,0,5,0,3,0,0.0,0.625,,,0.653292,0.240741,0.329114,158,52,8,0
metrics,bruteforce,metrics,ABCD,90,0.7,double_shift,8,8,0,0,4,0,4,0,0.0,0.5,,,0.673525,0.222222,0.306667,150,46,8,13
metrics,bruteforce,metrics,ABCD,90,0.7,self_corrected,8,8,0,0,0,0,8,0,0.0,0.0,,,1.0,0.0,0.0,75,0,8,0
metrics,bruteforce,metrics,ABCD,90,0.7,deferred,8,8,0,0,3,0,5,0,0.0,0.375,,,0.720336,0.217592,0.38843,121,47,8,5
metrics,bruteforce,metrics,ABCD,90,0.7,isolated,8,8,0,0,0,0,8,0,0.0,0.0,,,1.0,0.0,0.0,4,0,8,1
metrics,bruteforce,metrics,ABCD,90,0.7,scanner_blank_1,8,8,0,0,1,0,7,0,0.0,0.125,,,0.875686,0.115741,0.328947,76,25,8,3
metrics,bruteforce,metrics,ABCD,90,0.7,scanner_blank_2,8,8,0,0,1,0,7,0,0.0,0.125,,,0.91358,0.055556,0.10084,119,12,8,0
metrics,bruteforce,metrics,ABCD,90,0.7,scanner_row_delete_1,8,8,0,0,0,0,8,0,0.0,0.0,,,,,0.0,126,0,8,0
metrics,bruteforce,metrics,ABCD,90,0.7,scanner_row_delete_2,8,8,0,0,0,0,8,0,0.0,0.0,,,,,0.0,203,0,8,0
metrics,bruteforce,metrics,ABCD,90,0.7,scanner_misread_1,8,0,8,0,0,0,0,8,,,0.0,0.312344,0.0,0.0,,0,0,8,0
metrics,bruteforce,metrics,ABCD,90,0.7,scanner_misread_4,8,0,8,0,0,0,0,8,,,0.0,0.312344,0.000686,0.009259,,0,0,8,0
metrics,bruteforce,metrics,ABCD,90,0.7,scanner_faint_1,8,0,8,0,0,0,0,8,,,0.0,0.312344,0.0,0.0,,0,0,8,0
metrics,bruteforce,metrics,ABCD,90,0.7,scanner_faint_4,8,0,8,0,0,0,0,8,,,0.0,0.312344,0.0,0.0,,0,0,8,0
metrics,bruteforce,metrics,ABCD,90,0.7,scanner_double_4,8,0,8,0,0,1,0,7,,,0.125,0.470679,0.006173,0.027778,,0,0,8,6
metrics,bruteforce,metrics,ABCD,90,0.7,adv_long_runs,8,0,8,0,0,1,0,7,,,0.125,0.470679,0.020919,0.111111,,0,0,8,9
metrics,bruteforce,metrics,ABCD,90,0.7,adv_favourite,8,0,8,0,0,0,0,8,,,0.0,0.312344,0.0,0.0,,0,0,8,0
metrics,bruteforce,metrics,ABCD,90,0.7,adv_easy_block,8,0,8,0,0,0,0,8,,,0.0,0.312344,0.0,0.0,,0,0,8,0
metrics,bruteforce,metrics,ABCD,90,0.7,adv_key_leakage,8,8,0,8,0,0,0,0,1.0,1.0,,,0.0,1.0,1.0,538,538,8,0
metrics,bruteforce,metrics,ABCD,90,0.7,adv_cycle,8,0,8,0,0,1,0,7,,,0.125,0.470679,0.032236,0.092592,,0,0,8,13
metrics,bruteforce,metrics,ABCD,90,0.85,none,8,0,8,0,0,0,0,8,,,0.0,0.312344,0.0,0.0,,0,0,8,0
metrics,bruteforce,metrics,ABCD,90,0.85,row_skip_1,8,8,0,0,4,0,4,0,0.0,0.5,,,0.603566,0.296296,0.365591,186,68,8,0
metrics,bruteforce,metrics,ABCD,90,0.85,row_skip_2,8,8,0,0,1,0,7,0,0.0,0.125,,,0.875686,0.115741,0.192308,130,25,8,1
metrics,bruteforce,metrics,ABCD,90,0.85,early_full,8,8,0,3,5,0,0,0,0.375,1.0,,,0.000686,0.990741,0.972452,363,353,8,1
metrics,bruteforce,metrics,ABCD,90,0.85,boundary,8,8,0,0,1,0,7,0,0.0,0.125,,,0.869513,0.087963,0.034483,58,2,8,16
metrics,bruteforce,metrics,ABCD,90,0.85,short_local,8,8,0,0,0,0,8,0,0.0,0.0,,,1.0,0.0,0.0,19,0,8,0
metrics,bruteforce,metrics,ABCD,90,0.85,whole_section,8,8,0,0,1,0,7,0,0.0,0.125,,,0.861969,0.078704,0.048128,187,9,8,0
metrics,bruteforce,metrics,ABCD,90,0.85,anxiety,8,8,0,0,3,0,5,0,0.0,0.375,,,0.624657,0.337963,0.470588,153,72,8,3
metrics,bruteforce,metrics,ABCD,90,0.85,double_shift,8,8,0,0,6,0,2,0,0.0,0.75,,,0.340363,0.476852,0.365385,260,95,8,2
metrics,bruteforce,metrics,ABCD,90,0.85,self_corrected,8,8,0,0,0,0,8,0,0.0,0.0,,,0.973765,0.013889,0.0,71,0,8,0
metrics,bruteforce,metrics,ABCD,90,0.85,deferred,8,8,0,0,1,0,7,0,0.0,0.125,,,0.91358,0.055556,0.086331,139,12,8,0
metrics,bruteforce,metrics,ABCD,90,0.85,isolated,8,8,0,0,0,0,8,0,0.0,0.0,,,1.0,0.0,0.0,7,0,8,1
metrics,bruteforce,metrics,ABCD,90,0.85,scanner_blank_1,8,8,0,0,3,0,5,0,0.0,0.375,,,0.70216,0.263889,0.606061,132,80,8,0
metrics,bruteforce,metrics,ABCD,90,0.85,scanner_blank_2,8,8,0,0,1,0,7,0,0.0,0.125,,,0.943587,0.032407,0.058824,119,7,8,0
metrics,bruteforce,metrics,ABCD,90,0.85,scanner_row_delete_1,8,8,0,0,0,0,8,0,0.0,0.0,,,,,0.0,152,0,8,4
metrics,bruteforce,metrics,ABCD,90,0.85,scanner_row_delete_2,8,8,0,0,0,0,8,0,0.0,0.0,,,,,0.0,168,0,8,4
metrics,bruteforce,metrics,ABCD,90,0.85,scanner_misread_1,8,0,8,0,0,0,0,8,,,0.0,0.312344,0.0,0.0,,0,0,8,0
metrics,bruteforce,metrics,ABCD,90,0.85,scanner_misread_4,8,0,8,0,0,1,0,7,,,0.125,0.470679,0.006173,0.027778,,0,0,8,6
metrics,bruteforce,metrics,ABCD,90,0.85,scanner_faint_1,8,0,8,0,0,0,0,8,,,0.0,0.312344,0.001543,0.013889,,0,0,8,0
metrics,bruteforce,metrics,ABCD,90,0.85,scanner_faint_4,8,0,8,0,0,0,0,8,,,0.0,0.312344,0.0,0.0,,0,0,8,0
metrics,bruteforce,metrics,ABCD,90,0.85,scanner_double_4,8,0,8,0,0,2,0,6,,,0.25,0.599689,0.016804,0.064815,,0,0,8,14
metrics,bruteforce,metrics,ABCD,90,0.85,adv_long_runs,8,0,8,0,0,3,0,5,,,0.375,0.710759,0.029664,0.134259,,0,0,8,20
metrics,bruteforce,metrics,ABCD,90,0.85,adv_favourite,8,0,8,0,0,0,0,8,,,0.0,0.312344,0.0,0.0,,0,0,8,0
metrics,bruteforce,metrics,ABCD,90,0.85,adv_easy_block,8,0,8,0,0,0,0,8,,,0.0,0.312344,0.0,0.0,,0,0,8,0
metrics,bruteforce,metrics,ABCD,90,0.85,adv_key_leakage,8,8,0,8,0,0,0,0,1.0,1.0,,,0.0,1.0,1.0,541,541,8,0
metrics,bruteforce,metrics,ABCD,90,0.85,adv_cycle,8,0,8,0,0,3,0,5,,,0.375,0.710759,0.073903,0.199074,,0,0,8,33
metrics,bruteforce,metrics,ABCD,90,0.95,none,8,0,8,0,0,1,0,7,,,0.125,0.470679,0.008573,0.037037,,0,0,8,7
metrics,bruteforce,metrics,ABCD,90,0.95,row_skip_1,8,8,0,0,5,0,3,0,0.0,0.625,,,0.443587,0.532407,0.780374,214,167,8,4
metrics,bruteforce,metrics,ABCD,90,0.95,row_skip_2,8,8,0,0,5,0,3,0,0.0,0.625,,,0.526063,0.388889,0.417004,247,103,8,0
metrics,bruteforce,metrics,ABCD,90,0.95,early_full,8,8,0,3,5,0,0,0,0.375,1.0,,,0.00583,0.962963,0.971722,389,378,8,0
metrics,bruteforce,metrics,ABCD,90,0.95,boundary,8,8,0,0,2,0,6,0,0.0,0.25,,,0.85511,0.087963,0.102041,98,10,8,10
metrics,bruteforce,metrics,ABCD,90,0.95,short_local,8,8,0,0,1,0,7,0,0.0,0.125,,,0.950617,0.027778,0.03125,32,1,8,5
metrics,bruteforce,metrics,ABCD,90,0.95,whole_section,8,8,0,0,0,0,8,0,0.0,0.0,,,0.956619,0.023148,0.0,195,0,8,0
metrics,bruteforce,metrics,ABCD,90,0.95,anxiety,8,8,0,0,4,0,4,0,0.0,0.5,,,0.500171,0.49537,0.761658,193,147,8,2
metrics,bruteforce,metrics,ABCD,90,0.95,double_shift,8,8,0,0,6,0,2,0,0.0,0.75,,,0.435185,0.472222,0.415179,224,93,8,24
metrics,bruteforce,metrics,ABCD,90,0.95,self_corrected,8,8,0,0,0,0,8,0,0.0,0.0,,,0.982167,0.009259,0.0,71,0,8,0
metrics,bruteforce,metrics,ABCD,90,0.95,deferred,8,8,0,0,3,0,5,0,0.0,0.375,,,0.693587,0.282407,0.428,250,107,8,0
metrics,bruteforce,metrics,ABCD,90,0.95,isolated,8,8,0,0,0,0,8,0,0.0,0.0,,,1.0,0.0,0.0,8,0,8,0
metrics,bruteforce,metrics,ABCD,90,0.95,scanner_blank_1,8,8,0,0,5,0,3,0,0.0,0.625,,,0.538237,0.347222,0.428571,238,102,8,0
metrics,bruteforce,metrics,ABCD,90,0.95,scanner_blank_2,8,8,0,0,4,0,4,0,0.0,0.5,,,0.500686,0.490741,0.559259,270,151,8,0
metrics,bruteforce,metrics,ABCD,90,0.95,scanner_row_delete_1,8,8,0,0,0,0,8,0,0.0,0.0,,,,,0.0,142,0,8,0
metrics,bruteforce,metrics,ABCD,90,0.95,scanner_row_delete_2,8,8,0,0,0,0,8,0,0.0,0.0,,,,,0.0,109,0,8,2
metrics,bruteforce,metrics,ABCD,90,0.95,scanner_misread_1,8,0,8,0,0,0,0,8,,,0.0,0.312344,0.0,0.0,,0,0,8,0
metrics,bruteforce,metrics,ABCD,90,0.95,scanner_misread_4,8,0,8,0,0,0,0,8,,,0.0,0.312344,0.000171,0.00463,,0,0,8,0
metrics,bruteforce,metrics,ABCD,90,0.95,scanner_faint_1,8,0,8,0,0,1,0,7,,,0.125,0.470679,0.008402,0.032407,,0,0,8,7
metrics,bruteforce,metrics,ABCD,90,0.95,scanner_faint_4,8,0,8,0,0,3,0,5,,,0.375,0.710759,0.042695,0.125,,0,0,8,27
metrics,bruteforce,metrics,ABCD,90,0.95,scanner_double_4,8,0,8,0,0,1,0,7,,,0.125,0.470679,0.008402,0.032407,,0,0,8,7
metrics,bruteforce,metrics,ABCD,90,0.95,adv_long_runs,8,0,8,0,0,0,0,8,,,0.0,0.312344,0.007202,0.055556,,0,0,8,0
metrics,bruteforce,metrics,ABCD,90,0.95,adv_favourite,8,0,8,0,0,0,0,8,,,0.0,0.312344,0.0,0.0,,0,0,8,0
metrics,bruteforce,metrics,ABCD,90,0.95,adv_easy_block,8,0,8,0,0,0,0,8,,,0.0,0.312344,0.0,0.0,,0,0,8,0
metrics,bruteforce,metrics,ABCD,90,0.95,adv_key_leakage,8,8,0,8,0,0,0,0,1.0,1.0,,,0.0,1.0,1.0,519,519,8,0
metrics,bruteforce,metrics,ABCD,90,0.95,adv_cycle,8,0,8,0,0,3,0,5,,,0.375,0.710759,0.091735,0.208333,,0,0,8,38
metrics,bruteforce,metrics,ABCD,100,0.26,none,8,0,8,0,0,1,0,7,,,0.125,0.470679,0.035139,0.104167,,0,0,8,15
metrics,bruteforce,metrics,ABCD,100,0.26,row_skip_1,8,8,0,0,5,0,3,0,0.0,0.625,,,0.603194,0.2375,0.7,30,21,8,40
metrics,bruteforce,metrics,ABCD,100,0.26,row_skip_2,8,8,0,0,5,0,3,0,0.0,0.625,,,0.670833,0.191667,0.416667,24,10,8,45
metrics,bruteforce,metrics,ABCD,100,0.26,early_full,8,8,0,2,5,0,1,0,0.25,0.875,,,0.442222,0.391667,0.87931,58,51,8,58
metrics,bruteforce,metrics,ABCD,100,0.26,boundary,8,8,0,0,4,0,4,0,0.0,0.5,,,0.622361,0.245833,0.238095,42,10,8,48
metrics,bruteforce,metrics,ABCD,100,0.26,short_local,8,8,0,0,5,0,3,0,0.0,0.625,,,0.465278,0.375,0.75,8,6,8,82
metrics,bruteforce,metrics,ABCD,100,0.26,whole_section,8,8,0,0,3,0,5,0,0.0,0.375,,,0.790694,0.120833,0.357143,14,5,8,34
metrics,bruteforce,metrics,ABCD,100,0.26,anxiety,8,8,0,0,3,0,5,0,0.0,0.375,,,0.748889,0.166667,0.272727,33,9,8,31
metrics,bruteforce,metrics,ABCD,100,0.26,double_shift,8,8,0,0,5,0,3,0,0.0,0.625,,,0.706806,0.170833,0.875,24,21,8,55
metrics,bruteforce,metrics,ABCD,100,0.26,self_corrected,8,8,0,0,7,0,1,0,0.0,0.875,,,0.568055,0.258333,0.846154,13,11,8,54
metrics,bruteforce,metrics,ABCD,100,0.26,deferred,8,8,0,0,3,0,5,0,0.0,0.375,,,0.741389,0.15,0.35,40,14,8,13
metrics,bruteforce,metrics,ABCD,100,0.26,isolated,8,8,0,0,4,0,4,0,0.0,0.5,,,0.669583,0.229167,,0,0,8,57
metrics,bruteforce,metrics,ABCD,100,0.26,scanner_blank_1,8,8,0,0,4,0,4,0,0.0,0.5,,,0.777361,0.129167,0.5,26,13,8,40
metrics,bruteforce,metrics,ABCD,100,0.26,scanner_blank_2,8,8,0,0,3,0,5,0,0.0,0.375,,,0.767083,0.1375,0.0,12,0,8,42
metrics,bruteforce,metrics,ABCD,100,0.26,scanner_row_delete_1,8,8,0,0,0,0,8,0,0.0,0.0,,,,,0.0,10,0,8,16
metrics,bruteforce,metrics,ABCD,100,0.26,scanner_row_delete_2,8,8,0,0,0,0,8,0,0.0,0.0,,,,,0.0,27,0,8,0
metrics,bruteforce,metrics,ABCD,100,0.26,scanner_misread_1,8,0,8,0,0,3,0,5,,,0.375,0.710759,0.113472,0.195833,,0,0,8,47
metrics,bruteforce,metrics,ABCD,100,0.26,scanner_misread_4,8,0,8,0,0,4,0,4,,,0.5,0.807097,0.151389,0.266667,,0,0,8,59
metrics,bruteforce,metrics,ABCD,100,0.26,scanner_faint_1,8,0,8,0,0,4,0,4,,,0.5,0.807097,0.074305,0.204167,,0,0,8,45
metrics,bruteforce,metrics,ABCD,100,0.26,scanner_faint_4,8,0,8,0,0,3,0,5,,,0.375,0.710759,0.065833,0.191667,,0,0,8,35
metrics,bruteforce,metrics,ABCD,100,0.26,scanner_double_4,8,0,8,0,0,2,0,6,,,0.25,0.599689,0.034167,0.116667,,0,0,8,21
metrics,bruteforce,metrics,ABCD,100,0.26,adv_long_runs,8,0,8,0,0,2,0,6,,,0.25,0.599689,0.010556,0.075,,0,0,8,11
metrics,bruteforce,metrics,ABCD,100,0.26,adv_favourite,8,0,8,0,0,0,0,8,,,0.0,0.312344,0.0,0.0,,0,0,8,0
metrics,bruteforce,metrics,ABCD,100,0.26,adv_easy_block,8,0,8,0,0,0,0,8,,,0.0,0.312344,0.0,0.0,,0,0,8,0
metrics,bruteforce,metrics,ABCD,100,0.26,adv_key_leakage,8,8,0,8,0,0,0,0,1.0,1.0,,,0.0,1.0,1.0,587,587,8,0
metrics,bruteforce,metrics,ABCD,100,0.26,adv_cycle,8,0,8,0,0,3,0,5,,,0.375,0.710759,0.081111,0.2,,0,0,8,37
metrics,bruteforce,metrics,ABCD,100,0.4,none,8,0,8,0,0,0,0,8,,,0.0,0.312344,0.0,0.0,,0,0,8,0
metrics,bruteforce,metrics,ABCD,100,0.4,row_skip_1,8,8,0,0,5,0,3,0,0.0,0.625,,,0.618472,0.2375,0.704918,61,43,8,18
metrics,bruteforce,metrics,ABCD,100,0.4,row_skip_2,8,8,0,0,3,0,5,0,0.0,0.375,,,0.84625,0.0875,0.296296,27,8,8,46
metrics,bruteforce,metrics,ABCD,100,0.4,early_full,8,8,0,2,5,0,1,0,0.25,0.875,,,0.464305,0.3875,0.922222,90,83,8,28
metrics,bruteforce,metrics,ABCD,100,0.4,boundary,8,8,0,0,3,0,5,0,0.0,0.375,,,0.791528,0.129167,0.474576,59,28,8,13
metrics,bruteforce,metrics,ABCD,100,0.4,short_local,8,8,0,0,3,0,5,0,0.0,0.375,,,0.802083,0.129167,0.0,11,0,8,36
metrics,bruteforce,metrics,ABCD,100,0.4,whole_section,8,8,0,0,2,0,6,0,0.0,0.25,,,0.849167,0.083333,0.206349,63,13,8,0
metrics,bruteforce,metrics,ABCD,100,0.4,anxiety,8,8,0,0,3,0,5,0,0.0,0.375,,,0.77875,0.1375,0.625,32,20,8,29
metrics,bruteforce,metrics,ABCD,100,0.4,double_shift,8,8,0,0,4,0,4,0,0.0,0.5,,,0.768056,0.133333,0.32,50,16,8,22
metrics,bruteforce,metrics,ABCD,100,0.4,self_corrected,8,8,0,0,2,0,6,0,0.0,0.25,,,0.880278,0.066667,0.0,33,0,8,14
metrics,bruteforce,metrics,ABCD,100,0.4,deferred,8,8,0,0,3,0,5,0,0.0,0.375,,,0.753194,0.1375,0.382353,34,13,8,13
metrics,bruteforce,metrics,ABCD,100,0.4,isolated,8,8,0,0,1,0,7,0,0.0,0.125,,,0.93625,0.0375,0.0,5,0,8,11
metrics,bruteforce,metrics,ABCD,100,0.4,scanner_blank_1,8,8,0,0,4,0,4,0,0.0,0.5,,,0.634028,0.304167,0.837838,74,62,8,24
metrics,bruteforce,metrics,ABCD,100,0.4,scanner_blank_2,8,8,0,0,4,0,4,0,0.0,0.5,,,0.699861,0.1875,0.39759,83,33,8,13
metrics,bruteforce,metrics,ABCD,100,0.4,scanner_row_delete_1,8,8,0,0,0,0,8,0,0.0,0.0,,,,,0.0,44,0,8,16
metrics,bruteforce,metrics,ABCD,100,0.4,scanner_row_delete_2,8,8,0,0,0,0,8,0,0.0,0.0,,,,,0.0,43,0,8,7
metrics,bruteforce,metrics,ABCD,100,0.4,scanner_misread_1,8,0,8,0,0,1,0,7,,,0.125,0.470679,0.01125,0.0375,,0,0,8,9
metrics,bruteforce,metrics,ABCD,100,0.4,scanner_misread_4,8,0,8,0,0,2,0,6,,,0.25,0.599689,0.030278,0.083333,,0,0,8,20
metrics,bruteforce,metrics,ABCD,100,0.4,scanner_faint_1,8,0,8,0,0,2,0,6,,,0.25,0.599689,0.025694,0.079167,,0,0,8,19
metrics,bruteforce,metrics,ABCD,100,0.4,scanner_faint_4,8,0,8,0,0,4,0,4,,,0.5,0.807097,0.044306,0.145834,,0,0,8,33
metrics,bruteforce,metrics,ABCD,100,0.4,scanner_double_4,8,0,8,0,0,1,0,7,,,0.125,0.470679,0.005,0.025,,0,0,8,6
metrics,bruteforce,metrics,ABCD,100,0.4,adv_long_runs,8,0,8,0,0,2,0,6,,,0.25,0.599689,0.011944,0.083333,,0,0,8,11
metrics,bruteforce,metrics,ABCD,100,0.4,adv_favourite,8,0,8,0,0,0,0,8,,,0.0,0.312344,0.0,0.0,,0,0,8,0
metrics,bruteforce,metrics,ABCD,100,0.4,adv_easy_block,8,0,8,0,0,0,0,8,,,0.0,0.312344,0.0,0.0,,0,0,8,0
metrics,bruteforce,metrics,ABCD,100,0.4,adv_key_leakage,8,8,0,8,0,0,0,0,1.0,1.0,,,0.0,1.0,1.0,556,556,8,0
metrics,bruteforce,metrics,ABCD,100,0.4,adv_cycle,8,0,8,0,0,2,0,6,,,0.25,0.599689,0.014445,0.1,,0,0,8,11
metrics,bruteforce,metrics,ABCD,100,0.55,none,8,0,8,0,0,0,0,8,,,0.0,0.312344,0.0,0.0,,0,0,8,0
metrics,bruteforce,metrics,ABCD,100,0.55,row_skip_1,8,8,0,0,2,0,6,0,0.0,0.25,,,0.806944,0.133333,0.627451,51,32,8,7
metrics,bruteforce,metrics,ABCD,100,0.55,row_skip_2,8,8,0,0,4,0,4,0,0.0,0.5,,,0.624861,0.2875,0.657143,105,69,8,0
metrics,bruteforce,metrics,ABCD,100,0.55,early_full,8,8,0,1,6,0,1,0,0.125,0.875,,,0.286666,0.566667,0.906667,150,136,8,23
metrics,bruteforce,metrics,ABCD,100,0.55,boundary,8,8,0,0,0,0,8,0,0.0,0.0,,,0.960694,0.020833,0.0,52,0,8,4
metrics,bruteforce,metrics,ABCD,100,0.55,short_local,8,8,0,0,0,0,8,0,0.0,0.0,,,1.0,0.0,0.0,27,0,8,2
metrics,bruteforce,metrics,ABCD,100,0.55,whole_section,8,8,0,0,2,0,6,0,0.0,0.25,,,0.897222,0.058333,0.245614,57,14,8,7
metrics,bruteforce,metrics,ABCD,100,0.55,anxiety,8,8,0,0,2,0,6,0,0.0,0.25,,,0.802083,0.129167,0.391304,69,27,8,12
metrics,bruteforce,metrics,ABCD,100,0.55,double_shift,8,8,0,0,5,0,3,0,0.0,0.625,,,0.526667,0.341667,0.405714,175,71,8,8
metrics,bruteforce,metrics,ABCD,100,0.55,self_corrected,8,8,0,0,0,0,8,0,0.0,0.0,,,1.0,0.0,0.0,39,0,8,1
metrics,bruteforce,metrics,ABCD,100,0.55,deferred,8,8,0,0,1,0,7,0,0.0,0.125,,,0.930555,0.041667,0.131579,76,10,8,0
metrics,bruteforce,metrics,ABCD,100,0.55,isolated,8,8,0,0,0,0,8,0,0.0,0.0,,,1.0,0.0,0.0,1,0,8,1
metrics,bruteforce,metrics,ABCD,100,0.55,scanner_blank_1,8,8,0,0,2,0,6,0,0.0,0.25,,,0.821111,0.1,0.096154,104,10,8,10
metrics,bruteforce,metrics,ABCD,100,0.55,scanner_blank_2,8,8,0,0,2,0,6,0,0.0,0.25,,,0.838472,0.095833,0.4,50,20,8,2
metrics,bruteforce,metrics,ABCD,100,0.55,scanner_row_delete_1,8,8,0,0,0,0,8,0,0.0,0.0,,,,,0.0,63,0,8,17
metrics,bruteforce,metrics,ABCD,100,0.55,scanner_row_delete_2,8,8,0,0,0,0,8,0,0.0,0.0,,,,,0.0,93,0,8,5
metrics,bruteforce,metrics,ABCD,100,0.55,scanner_misread_1,8,0,8,0,0,1,0,7,,,0.125,0.470679,0.014444,0.05,,0,0,8,10
metrics,bruteforce,metrics,ABCD,100,0.55,scanner_misread_4,8,0,8,0,0,2,0,6,,,0.25,0.599689,0.013889,0.058333,,0,0,8,14
metrics,bruteforce,metrics,ABCD,100,0.55,scanner_faint_1,8,0,8,0,0,2,0,6,,,0.25,0.599689,0.018055,0.066667,,0,0,8,16
metrics,bruteforce,metrics,ABCD,100,0.55,scanner_faint_4,8,0,8,0,0,0,0,8,,,0.0,0.312344,0.0,0.0,,0,0,8,0
metrics,bruteforce,metrics,ABCD,100,0.55,scanner_double_4,8,0,8,0,0,0,0,8,,,0.0,0.312344,0.0,0.0,,0,0,8,0
metrics,bruteforce,metrics,ABCD,100,0.55,adv_long_runs,8,0,8,0,0,0,0,8,,,0.0,0.312344,0.006111,0.058333,,0,0,8,0
metrics,bruteforce,metrics,ABCD,100,0.55,adv_favourite,8,0,8,0,0,0,0,8,,,0.0,0.312344,0.0,0.0,,0,0,8,0
metrics,bruteforce,metrics,ABCD,100,0.55,adv_easy_block,8,0,8,0,0,0,0,8,,,0.0,0.312344,0.0,0.0,,0,0,8,0
metrics,bruteforce,metrics,ABCD,100,0.55,adv_key_leakage,8,8,0,8,0,0,0,0,1.0,1.0,,,0.0,1.0,1.0,588,588,8,0
metrics,bruteforce,metrics,ABCD,100,0.55,adv_cycle,8,0,8,0,0,6,0,2,,,0.75,0.953611,0.097917,0.245834,,0,0,8,59
metrics,bruteforce,metrics,ABCD,100,0.7,none,8,0,8,0,0,1,0,7,,,0.125,0.470679,0.027222,0.058333,,0,0,8,14
metrics,bruteforce,metrics,ABCD,100,0.7,row_skip_1,8,8,0,0,1,0,7,0,0.0,0.125,,,0.898472,0.070833,0.175258,97,17,8,0
metrics,bruteforce,metrics,ABCD,100,0.7,row_skip_2,8,8,0,0,0,0,8,0,0.0,0.0,,,0.968889,0.016667,0.0,91,0,8,3
metrics,bruteforce,metrics,ABCD,100,0.7,early_full,8,8,0,2,4,0,2,0,0.25,0.75,,,0.215139,0.745833,0.962343,239,230,8,0
metrics,bruteforce,metrics,ABCD,100,0.7,boundary,8,8,0,0,5,0,3,0,0.0,0.625,,,0.619305,0.2375,0.421687,83,35,8,22
metrics,bruteforce,metrics,ABCD,100,0.7,short_local,8,8,0,0,3,0,5,0,0.0,0.375,,,0.798333,0.116667,0.428571,7,3,8,24
metrics,bruteforce,metrics,ABCD,100,0.7,whole_section,8,8,0,0,1,0,7,0,0.0,0.125,,,0.961805,0.020833,0.056818,88,5,8,1
metrics,bruteforce,metrics,ABCD,100,0.7,anxiety,8,8,0,0,3,0,5,0,0.0,0.375,,,0.64625,0.3125,0.585714,140,82,8,0
metrics,bruteforce,metrics,ABCD,100,0.7,double_shift,8,8,0,0,7,0,1,0,0.0,0.875,,,0.388889,0.433333,0.429752,242,104,8,0
metrics,bruteforce,metrics,ABCD,100,0.7,self_corrected,8,8,0,0,1,0,7,0,0.0,0.125,,,0.925139,0.045833,0.02,50,1,8,14
metrics,bruteforce,metrics,ABCD,100,0.7,deferred,8,8,0,0,3,0,5,0,0.0,0.375,,,0.706111,0.241667,0.547619,126,69,8,5
metrics,bruteforce,metrics,ABCD,100,0.7,isolated,8,8,0,0,1,0,7,0,0.0,0.125,,,0.930555,0.041667,0.0,5,0,8,12
metrics,bruteforce,metrics,ABCD,100,0.7,scanner_blank_1,8,8,0,0,4,0,4,0,0.0,0.5,,,0.588889,0.366667,0.668831,154,103,8,6
metrics,bruteforce,metrics,ABCD,100,0.7,scanner_blank_2,8,8,0,0,3,0,5,0,0.0,0.375,,,0.681944,0.266667,0.467066,167,78,8,0
metrics,bruteforce,metrics,ABCD,100,0.7,scanner_row_delete_1,8,8,0,0,0,0,8,0,0.0,0.0,,,,,0.0,148,0,8,4
metrics,bruteforce,metrics,ABCD,100,0.7,scanner_row_delete_2,8,8,0,0,0,0,8,0,0.0,0.0,,,,,0.0,56,0,8,0
metrics,bruteforce,metrics,ABCD,100,0.7,scanner_misread_1,8,0,8,0,0,1,0,7,,,0.125,0.470679,0.006944,0.033333,,0,0,8,7
metrics,bruteforce,metrics,ABCD,100,0.7,scanner_misread_4,8,0,8,0,0,0,0,8,,,0.0,0.312344,0.0,0.0,,0,0,8,0
metrics,bruteforce,metrics,ABCD,100,0.7,scanner_faint_1,8,0,8,0,0,0,0,8,,,0.0,0.312344,0.0,0.0,,0,0,8,0
metrics,bruteforce,metrics,ABCD,100,0.7,scanner_faint_4,8,0,8,0,0,2,0,6,,,0.25,0.599689,0.036111,0.091667,,0,0,8,22
metrics,bruteforce,metrics,ABCD,100,0.7,scanner_double_4,8,0,8,0,0,1,0,7,,,0.125,0.470679,0.016806,0.045833,,0,0,8,11
metrics,bruteforce,metrics,ABCD,100,0.7,adv_long_runs,8,0,8,0,0,1,0,7,,,0.125,0.470679,0.015555,0.1,,0,0,8,8
metrics,bruteforce,metrics,ABCD,100,0.7,adv_favourite,8,0,8,0,0,0,0,8,,,0.0,0.312344,0.0,0.0,,0,0,8,0
metrics,bruteforce,metrics,ABCD,100,0.7,adv_easy_block,8,0,8,0,0,0,0,8,,,0.0,0.312344,0.0,0.0,,0,0,8,0
metrics,bruteforce,metrics,ABCD,100,0.7,adv_key_leakage,8,8,0,8,0,0,0,0,1.0,1.0,,,0.0,1.0,1.0,591,591,8,0
metrics,bruteforce,metrics,ABCD,100,0.7,adv_cycle,8,0,8,0,0,2,0,6,,,0.25,0.599689,0.014444,0.066667,,0,0,8,14
metrics,bruteforce,metrics,ABCD,100,0.85,none,8,0,8,0,0,0,0,8,,,0.0,0.312344,0.0,0.0,,0,0,8,0
metrics,bruteforce,metrics,ABCD,100,0.85,row_skip_1,8,8,0,0,6,0,2,0,0.0,0.75,,,0.374861,0.5125,0.568627,204,116,8,8
metrics,bruteforce,metrics,ABCD,100,0.85,row_skip_2,8,8,0,0,1,0,7,0,0.0,0.125,,,0.875,0.125,0.210843,166,35,8,2
metrics,bruteforce,metrics,ABCD,100,0.85,early_full,8,8,0,2,6,0,0,0,0.25,1.0,,,0.173611,0.791667,0.977961,363,355,8,15
metrics,bruteforce,metrics,ABCD,100,0.85,boundary,8,8,0,0,1,0,7,0,0.0,0.125,,,0.930555,0.041667,0.1,100,10,8,0
metrics,bruteforce,metrics,ABCD,100,0.85,short_local,8,8,0,0,1,0,7,0,0.0,0.125,,,0.930694,0.0375,0.0,22,0,8,7
metrics,bruteforce,metrics,ABCD,100,0.85,whole_section,8,8,0,0,3,0,5,0,0.0,0.375,,,0.804722,0.116667,0.103659,164,17,8,12
metrics,bruteforce,metrics,ABCD,100,0.85,anxiety,8,8,0,0,4,0,4,0,0.0,0.5,,,0.483611,0.433333,0.68617,188,129,8,10
metrics,bruteforce,metrics,ABCD,100,0.85,double_shift,8,8,0,0,7,0,1,0,0.0,0.875,,,0.2725,0.616667,0.543103,348,189,8,0
metrics,bruteforce,metrics,ABCD,100,0.85,self_corrected,8,8,0,0,1,0,7,0,0.0,0.125,,,0.922361,0.045833,0.0,75,0,8,15
metrics,bruteforce,metrics,ABCD,100,0.85,deferred,8,8,0,0,3,0,5,0,0.0,0.375,,,0.686944,0.25,0.351598,219,77,8,0
metrics,bruteforce,metrics,ABCD,100,0.85,isolated,8,8,0,0,0,0,8,0,0.0,0.0,,,0.97625,0.0125,0.0,11,0,8,0
metrics,bruteforce,metrics,ABCD,100,0.85,scanner_blank_1,8,8,0,0,5,0,3,0,0.0,0.625,,,0.402222,0.566667,0.656566,297,195,8,0
metrics,bruteforce,metrics,ABCD,100,0.85,scanner_blank_2,8,8,0,0,4,0,4,0,0.0,0.5,,,0.543472,0.329166,0.376884,199,75,8,0
metrics,bruteforce,metrics,ABCD,100,0.85,scanner_row_delete_1,8,8,0,0,0,0,8,0,0.0,0.0,,,,,0.0,112,0,8,6
metrics,bruteforce,metrics,ABCD,100,0.85,scanner_row_delete_2,8,8,0,0,0,0,8,0,0.0,0.0,,,,,0.0,116,0,8,1
metrics,bruteforce,metrics,ABCD,100,0.85,scanner_misread_1,8,0,8,0,0,0,0,8,,,0.0,0.312344,0.0,0.0,,0,0,8,0
metrics,bruteforce,metrics,ABCD,100,0.85,scanner_misread_4,8,0,8,0,0,1,0,7,,,0.125,0.470679,0.01125,0.0375,,0,0,8,9
metrics,bruteforce,metrics,ABCD,100,0.85,scanner_faint_1,8,0,8,0,0,0,0,8,,,0.0,0.312344,0.0,0.0,,0,0,8,0
metrics,bruteforce,metrics,ABCD,100,0.85,scanner_faint_4,8,0,8,0,0,1,0,7,,,0.125,0.470679,0.013889,0.041667,,0,0,8,10
metrics,bruteforce,metrics,ABCD,100,0.85,scanner_double_4,8,0,8,0,0,0,0,8,,,0.0,0.312344,0.0,0.0,,0,0,8,0
metrics,bruteforce,metrics,ABCD,100,0.85,adv_long_runs,8,0,8,0,0,1,0,7,,,0.125,0.470679,0.009444,0.075,,0,0,8,6
metrics,bruteforce,metrics,ABCD,100,0.85,adv_favourite,8,0,8,0,0,0,0,8,,,0.0,0.312344,0.0,0.0,,0,0,8,0
metrics,bruteforce,metrics,ABCD,100,0.85,adv_easy_block,8,0,8,0,0,0,0,8,,,0.0,0.312344,0.0,0.0,,0,0,8,0
metrics,bruteforce,metrics,ABCD,100,0.85,adv_key_leakage,8,8,0,8,0,0,0,0,1.0,1.0,,,0.0,1.0,1.0,588,588,8,0
metrics,bruteforce,metrics,ABCD,100,0.85,adv_cycle,8,0,8,0,0,6,0,2,,,0.75,0.953611,0.076111,0.225,,0,0,8,53
metrics,bruteforce,metrics,ABCD,100,0.95,none,8,0,8,0,0,0,0,8,,,0.0,0.312344,0.0,0.0,,0,0,8,0
metrics,bruteforce,metrics,ABCD,100,0.95,row_skip_1,8,8,0,0,4,0,4,0,0.0,0.5,,,0.604583,0.304167,0.437126,167,73,8,0
metrics,bruteforce,metrics,ABCD,100,0.95,row_skip_2,8,8,0,0,5,0,3,0,0.0,0.625,,,0.511944,0.35,0.40884,181,74,8,6
metrics,bruteforce,metrics,ABCD,100,0.95,early_full,8,8,0,0,8,0,0,0,0.0,1.0,,,0.082361,0.870833,0.966184,414,400,8,3
metrics,bruteforce,metrics,ABCD,100,0.95,boundary,8,8,0,0,2,0,6,0,0.0,0.25,,,0.84125,0.095833,0.040984,122,5,8,15
metrics,bruteforce,metrics,ABCD,100,0.95,short_local,8,8,0,0,0,0,8,0,0.0,0.0,,,1.0,0.0,0.0,38,0,8,0
metrics,bruteforce,metrics,ABCD,100,0.95,whole_section,8,8,0,0,1,0,7,0,0.0,0.125,,,0.889028,0.0625,0.040909,220,9,8,0
metrics,bruteforce,metrics,ABCD,100,0.95,anxiety,8,8,0,0,5,0,3,0,0.0,0.625,,,0.395694,0.554167,0.671429,280,188,8,3
metrics,bruteforce,metrics,ABCD,100,0.95,double_shift,8,8,0,0,2,0,6,0,0.0,0.25,,,0.723889,0.241667,0.272727,242,66,8,2
metrics,bruteforce,metrics,ABCD,100,0.95,self_corrected,8,8,0,0,1,0,7,0,0.0,0.125,,,0.942222,0.033333,0.0,76,0,8,8
metrics,bruteforce,metrics,ABCD,100,0.95,deferred,8,8,0,0,3,0,5,0,0.0,0.375,,,0.60125,0.3875,0.578723,235,136,8,0
metrics,bruteforce,metrics,ABCD,100,0.95,isolated,8,8,0,0,1,0,7,0,0.0,0.125,,,0.915139,0.054167,0.181818,11,2,8,11
metrics,bruteforce,metrics,ABCD,100,0.95,scanner_blank_1,8,8,0,0,6,0,2,0,0.0,0.75,,,0.3325,0.608333,0.605096,314,190,8,0
metrics,bruteforce,metrics,ABCD,100,0.95,scanner_blank_2,8,8,0,0,3,0,5,0,0.0,0.375,,,0.705,0.275,0.494898,196,97,8,0
metrics,bruteforce,metrics,ABCD,100,0.95,scanner_row_delete_1,8,8,0,0,0,0,8,0,0.0,0.0,,,,,0.0,334,0,8,0
metrics,bruteforce,metrics,ABCD,100,0.95,scanner_row_delete_2,8,8,0,0,0,0,8,0,0.0,0.0,,,,,0.0,246,0,8,0
metrics,bruteforce,metrics,ABCD,100,0.95,scanner_misread_1,8,0,8,0,0,0,0,8,,,0.0,0.312344,0.0,0.0,,0,0,8,0
metrics,bruteforce,metrics,ABCD,100,0.95,scanner_misread_4,8,0,8,0,0,1,0,7,,,0.125,0.470679,0.02,0.05,,0,0,8,12
metrics,bruteforce,metrics,ABCD,100,0.95,scanner_faint_1,8,0,8,0,0,1,0,7,,,0.125,0.470679,0.005,0.025,,0,0,8,6
metrics,bruteforce,metrics,ABCD,100,0.95,scanner_faint_4,8,0,8,0,0,0,0,8,,,0.0,0.312344,0.002222,0.016667,,0,0,8,0
metrics,bruteforce,metrics,ABCD,100,0.95,scanner_double_4,8,0,8,0,0,0,0,8,,,0.0,0.312344,0.0,0.0,,0,0,8,0
metrics,bruteforce,metrics,ABCD,100,0.95,adv_long_runs,8,0,8,0,0,1,0,7,,,0.125,0.470679,0.006667,0.058333,,0,0,8,5
metrics,bruteforce,metrics,ABCD,100,0.95,adv_favourite,8,0,8,0,0,0,0,8,,,0.0,0.312344,0.0,0.0,,0,0,8,0
metrics,bruteforce,metrics,ABCD,100,0.95,adv_easy_block,8,0,8,0,0,0,0,8,,,0.0,0.312344,0.0,0.0,,0,0,8,0
metrics,bruteforce,metrics,ABCD,100,0.95,adv_key_leakage,8,8,0,8,0,0,0,0,1.0,1.0,,,0.0,1.0,1.0,597,597,8,0
metrics,bruteforce,metrics,ABCD,100,0.95,adv_cycle,8,0,8,0,0,4,0,4,,,0.5,0.807097,0.095417,0.195833,,0,0,8,47
metrics,bruteforce,metrics,ABCD,150,0.26,none,8,0,8,0,0,4,0,4,,,0.5,0.807097,0.103148,0.197222,,0,0,8,68
metrics,bruteforce,metrics,ABCD,150,0.26,row_skip_1,8,8,0,0,5,0,3,0,0.0,0.625,,,0.714691,0.166667,0.1875,16,3,8,97
metrics,bruteforce,metrics,ABCD,150,0.26,row_skip_2,8,8,0,0,5,0,3,0,0.0,0.625,,,0.754321,0.138889,0.173913,23,4,8,99
metrics,bruteforce,metrics,ABCD,150,0.26,early_full,8,8,0,0,5,0,3,0,0.0,0.625,,,0.616605,0.269444,0.964706,85,82,8,71
metrics,bruteforce,metrics,ABCD,150,0.26,boundary,8,8,0,0,6,0,2,0,0.0,0.75,,,0.602099,0.25,0.666667,9,6,8,91
metrics,bruteforce,metrics,ABCD,150,0.26,short_local,8,8,0,0,3,0,5,0,0.0,0.375,,,0.792469,0.127778,0.176471,17,3,8,46
metrics,bruteforce,metrics,ABCD,150,0.26,whole_section,8,8,0,0,4,0,4,0,0.0,0.5,,,0.802037,0.113889,0.421053,19,8,8,52
metrics,bruteforce,metrics,ABCD,150,0.26,anxiety,8,8,0,0,3,0,5,0,0.0,0.375,,,0.781913,0.119444,0.272727,11,3,8,43
metrics,bruteforce,metrics,ABCD,150,0.26,double_shift,8,8,0,0,2,0,6,0,0.0,0.25,,,0.875988,0.069444,0.166667,54,9,8,45
metrics,bruteforce,metrics,ABCD,150,0.26,self_corrected,8,8,0,0,4,0,4,0,0.0,0.5,,,0.821852,0.1,0.409091,22,9,8,33
metrics,bruteforce,metrics,ABCD,150,0.26,deferred,8,8,0,0,3,0,5,0,0.0,0.375,,,0.802531,0.163889,0.658228,79,52,8,16
metrics,bruteforce,metrics,ABCD,150,0.26,isolated,8,8,0,0,5,0,3,0,0.0,0.625,,,0.569012,0.283333,0.5,2,1,8,102
metrics,bruteforce,metrics,ABCD,150,0.26,scanner_blank_1,8,8,0,0,4,0,4,0,0.0,0.5,,,0.772654,0.125,0.147059,34,5,8,35
metrics,bruteforce,metrics,ABCD,150,0.26,scanner_blank_2,8,8,0,0,4,0,4,0,0.0,0.5,,,0.679753,0.188889,0.52381,21,11,8,65
metrics,bruteforce,metrics,ABCD,150,0.26,scanner_row_delete_1,8,8,0,0,0,0,8,0,0.0,0.0,,,,,0.0,39,0,8,16
metrics,bruteforce,metrics,ABCD,150,0.26,scanner_row_delete_2,8,8,0,0,0,0,8,0,0.0,0.0,,,,,0.0,36,0,8,12
metrics,bruteforce,metrics,ABCD,150,0.26,scanner_misread_1,8,0,8,0,0,4,0,4,,,0.5,0.807097,0.107716,0.208333,,0,0,8,71
metrics,bruteforce,metrics,ABCD,150,0.26,scanner_misread_4,8,0,8,0,0,5,0,3,,,0.625,0.888887,0.042654,0.163889,,0,0,8,56
metrics,bruteforce,metrics,ABCD,150,0.26,scanner_faint_1,8,0,8,0,0,7,0,1,,,0.875,0.993609,0.140247,0.311111,,0,0,8,112
metrics,bruteforce,metrics,ABCD,150,0.26,scanner_faint_4,8,0,8,0,0,5,0,3,,,0.625,0.888887,0.056482,0.175,,0,0,8,63
metrics,bruteforce,metrics,ABCD,150,0.26,scanner_double_4,8,0,8,0,0,3,0,5,,,0.375,0.710759,0.043519,0.136111,,0,0,8,45
metrics,bruteforce,metrics,ABCD,150,0.26,adv_long_runs,8,0,8,0,0,3,0,5,,,0.375,0.710759,0.015494,0.102778,,0,0,8,22
metrics,bruteforce,metrics,ABCD,150,0.26,adv_favourite,8,0,8,0,0,0,0,8,,,0.0,0.312344,0.0,0.0,,0,0,8,0
metrics,bruteforce,metrics,ABCD,150,0.26,adv_easy_block,8,0,8,0,0,0,0,8,,,0.0,0.312344,0.0,0.0,,0,0,8,0
metrics,bruteforce,metrics,ABCD,150,0.26,adv_key_leakage,8,8,0,8,0,0,0,0,1.0,1.0,,,0.0,1.0,1.0,888,888,8,0
metrics,bruteforce,metrics,ABCD,150,0.26,adv_cycle,8,0,8,0,0,4,0,4,,,0.5,0.807097,0.021235,0.122222,,0,0,8,33
metrics,bruteforce,metrics,ABCD,150,0.4,none,8,0,8,0,0,0,0,8,,,0.0,0.312344,0.0,0.0,,0,0,8,0
metrics,bruteforce,metrics,ABCD,150,0.4,row_skip_1,8,8,0,0,3,0,5,0,0.0,0.375,,,0.884876,0.063889,0.333333,51,17,8,38
metrics,bruteforce,metrics,ABCD,150,0.4,row_skip_2,8,8,0,0,2,0,6,0,0.0,0.25,,,0.821111,0.116667,0.8,50,40,8,28
metrics,bruteforce,metrics,ABCD,150,0.4,early_full,8,8,0,4,4,0,0,0,0.5,1.0,,,0.268827,0.513889,0.994595,185,184,8,1
metrics,bruteforce,metrics,ABCD,150,0.4,boundary,8,8,0,0,1,0,7,0,0.0,0.125,,,0.948642,0.027778,0.0,34,0,8,8
metrics,bruteforce,metrics,ABCD,150,0.4,short_local,8,8,0,0,1,0,7,0,0.0,0.125,,,0.963395,0.019444,0.0,8,0,8,6
metrics,bruteforce,metrics,ABCD,150,0.4,whole_section,8,8,0,0,3,0,5,0,0.0,0.375,,,0.877531,0.066667,0.333333,36,12,8,49
metrics,bruteforce,metrics,ABCD,150,0.4,anxiety,8,8,0,0,5,0,3,0,0.0,0.625,,,0.700309,0.175,0.46875,96,45,8,15
metrics,bruteforce,metrics,ABCD,150,0.4,double_shift,8,8,0,0,5,0,3,0,0.0,0.625,,,0.712469,0.172222,0.458333,96,44,8,21
metrics,bruteforce,metrics,ABCD,150,0.4,self_corrected,8,8,0,0,1,0,7,0,0.0,0.125,,,0.923395,0.047222,0.0,37,0,8,18
metrics,bruteforce,metrics,ABCD,150,0.4,deferred,8,8,0,0,1,0,7,0,0.0,0.125,,,0.91821,0.047222,0.204082,49,10,8,8
metrics,bruteforce,metrics,ABCD,150,0.4,isolated,8,8,0,0,1,0,7,0,0.0,0.125,,,0.92642,0.038889,0.0,4,0,8,9
metrics,bruteforce,metrics,ABCD,150,0.4,scanner_blank_1,8,8,0,0,3,0,5,0,0.0,0.375,,,0.802531,0.113889,0.508772,57,29,8,29
metrics,bruteforce,metrics,ABCD,150,0.4,scanner_blank_2,8,8,0,0,3,0,5,0,0.0,0.375,,,0.764506,0.136111,0.314815,54,17,8,24
metrics,bruteforce,metrics,ABCD,150,0.4,scanner_row_delete_1,8,8,0,0,0,0,8,0,0.0,0.0,,,,,0.0,88,0,8,0
metrics,bruteforce,metrics,ABCD,150,0.4,scanner_row_delete_2,8,8,0,0,0,0,8,0,0.0,0.0,,,,,0.0,59,0,8,3
metrics,bruteforce,metrics,ABCD,150,0.4,scanner_misread_1,8,0,8,0,0,4,0,4,,,0.5,0.807097,0.047037,0.144445,,0,0,8,52
metrics,bruteforce,metrics,ABCD,150,0.4,scanner_misread_4,8,0,8,0,0,3,0,5,,,0.375,0.710759,0.045309,0.122222,,0,0,8,44
metrics,bruteforce,metrics,ABCD,150,0.4,scanner_faint_1,8,0,8,0,0,2,0,6,,,0.25,0.599689,0.045679,0.094445,,0,0,8,34
metrics,bruteforce,metrics,ABCD,150,0.4,scanner_faint_4,8,0,8,0,0,0,0,8,,,0.0,0.312344,0.0,0.0,,0,0,8,0
metrics,bruteforce,metrics,ABCD,150,0.4,scanner_double_4,8,0,8,0,0,1,0,7,,,0.125,0.470679,0.003951,0.022222,,0,0,8,8
metrics,bruteforce,metrics,ABCD,150,0.4,adv_long_runs,8,0,8,0,0,4,0,4,,,0.5,0.807097,0.016543,0.116667,,0,0,8,28
metrics,bruteforce,metrics,ABCD,150,0.4,adv_favourite,8,0,8,0,0,0,0,8,,,0.0,0.312344,0.0,0.0,,0,0,8,0
metrics,bruteforce,metrics,ABCD,150,0.4,adv_easy_block,8,0,8,0,0,0,0,8,,,0.0,0.312344,0.0,0.0,,0,0,8,0
metrics,bruteforce,metrics,ABCD,150,0.4,adv_key_leakage,8,8,0,8,0,0,0,0,1.0,1.0,,,0.0,1.0,1.0,896,896,8,0
metrics,bruteforce,metrics,ABCD,150,0.4,adv_cycle,8,0,8,0,0,6,0,2,,,0.75,0.953611,0.040247,0.166666,,0,0,8,60
metrics,bruteforce,metrics,ABCD,150,0.55,none,8,0,8,0,0,1,0,7,,,0.125,0.470679,0.010432,0.036111,,0,0,8,13
metrics,bruteforce,metrics,ABCD,150,0.55,row_skip_1,8,8,0,0,1,0,7,0,0.0,0.125,,,0.945123,0.030555,0.126582,79,10,8,0
metrics,bruteforce,metrics,ABCD,150,0.55,row_skip_2,8,8,0,0,3,0,5,0,0.0,0.375,,,0.772531,0.158333,0.37594,133,50,8,24
metrics,bruteforce,metrics,ABCD,150,0.55,early_full,8,8,0,1,5,0,2,0,0.125,0.75,,,0.23821,0.675,0.981061,264,259,8,14
metrics,bruteforce,metrics,ABCD,150,0.55,boundary,8,8,0,0,2,0,6,0,0.0,0.25,,,0.900864,0.055556,0.142857,84,12,8,13
metrics,bruteforce,metrics,ABCD,150,0.55,short_local,8,8,0,0,0,0,8,0,0.0,0.0,,,1.0,0.0,0.0,20,0,8,0
metrics,bruteforce,metrics,ABCD,150,0.55,whole_section,8,8,0,0,1,0,7,0,0.0,0.125,,,0.952531,0.025,0.043478,115,5,8,9
metrics,bruteforce,metrics,ABCD,150,0.55,anxiety,8,8,0,0,4,0,4,0,0.0,0.5,,,0.609445,0.308333,0.698718,156,109,8,7
metrics,bruteforce,metrics,ABCD,150,0.55,double_shift,8,8,0,0,2,0,6,0,0.0,0.25,,,0.845309,0.094444,0.16129,186,30,8,0
metrics,bruteforce,metrics,ABCD,150,0.55,self_corrected,8,8,0,0,1,0,7,0,0.0,0.125,,,0.93821,0.036111,0.0,40,0,8,17
metrics,bruteforce,metrics,ABCD,150,0.55,deferred,8,8,0,0,4,0,4,0,0.0,0.5,,,0.645,0.263889,0.565476,168,95,8,16
metrics,bruteforce,metrics,ABCD,150,0.55,isolated,8,8,0,0,1,0,7,0,0.0,0.125,,,0.925062,0.044444,0.166667,6,1,8,14
metrics,bruteforce,metrics,ABCD,150,0.55,scanner_blank_1,8,8,0,0,1,0,7,0,0.0,0.125,,,0.952778,0.025,0.0,133,0,8,7
metrics,bruteforce,metrics,ABCD,150,0.55,scanner_blank_2,8,8,0,0,3,0,5,0,0.0,0.375,,,0.817654,0.111111,0.32,125,40,8,3
metrics,bruteforce,metrics,ABCD,150,0.55,scanner_row_delete_1,8,8,0,0,0,0,8,0,0.0,0.0,,,,,0.0,57,0,8,15
metrics,bruteforce,metrics,ABCD,150,0.55,scanner_row_delete_2,8,8,0,0,0,0,8,0,0.0,0.0,,,,,0.0,139,0,8,1
metrics,bruteforce,metrics,ABCD,150,0.55,scanner_misread_1,8,0,8,0,0,0,0,8,,,0.0,0.312344,0.0,0.0,,0,0,8,0
metrics,bruteforce,metrics,ABCD,150,0.55,scanner_misread_4,8,0,8,0,0,3,0,5,,,0.375,0.710759,0.024445,0.094444,,0,0,8,34
metrics,bruteforce,metrics,ABCD,150,0.55,scanner_faint_1,8,0,8,0,0,0,0,8,,,0.0,0.312344,0.0,0.0,,0,0,8,0
metrics,bruteforce,metrics,ABCD,150,0.55,scanner_faint_4,8,0,8,0,0,1,0,7,,,0.125,0.470679,0.005,0.025,,0,0,8,9
metrics,bruteforce,metrics,ABCD,150,0.55,scanner_double_4,8,0,8,0,0,0,0,8,,,0.0,0.312344,0.0,0.0,,0,0,8,0
metrics,bruteforce,metrics,ABCD,150,0.55,adv_long_runs,8,0,8,0,0,2,0,6,,,0.25,0.599689,0.009506,0.077778,,0,0,8,15
metrics,bruteforce,metrics,ABCD,150,0.55,adv_favourite,8,0,8,0,0,0,0,8,,,0.0,0.312344,0.0,0.0,,0,0,8,0
metrics,bruteforce,metrics,ABCD,150,0.55,adv_easy_block,8,0,8,0,0,0,0,8,,,0.0,0.312344,0.0,0.0,,0,0,8,0
metrics,bruteforce,metrics,ABCD,150,0.55,adv_key_leakage,8,8,0,8,0,0,0,0,1.0,1.0,,,0.0,1.0,1.0,902,902,8,0
metrics,bruteforce,metrics,ABCD,150,0.55,adv_cycle,8,0,8,0,0,5,0,3,,,0.625,0.888887,0.049074,0.175,,0,0,8,61
metrics,bruteforce,metrics,ABCD,150,0.7,none,8,0,8,0,0,0,0,8,,,0.0,0.312344,0.0,0.0,,0,0,8,0
metrics,bruteforce,metrics,ABCD,150,0.7,row_skip_1,8,8,0,0,3,0,5,0,0.0,0.375,,,0.654876,0.313889,0.626943,193,121,8,5
metrics,bruteforce,metrics,ABCD,150,0.7,row_skip_2,8,8,0,0,1,0,7,0,0.0,0.125,,,0.89284,0.077778,0.180645,155,28,8,5
metrics,bruteforce,metrics,ABCD,150,0.7,early_full,8,8,0,4,4,0,0,0,0.5,1.0,,,0.113272,0.813889,0.981043,422,414,8,0
metrics,bruteforce,metrics,ABCD,150,0.7,boundary,8,8,0,0,0,0,8,0,0.0,0.0,,,0.962654,0.019444,0.0,65,0,8,7
metrics,bruteforce,metrics,ABCD,150,0.7,short_local,8,8,0,0,0,0,8,0,0.0,0.0,,,1.0,0.0,0.0,31,0,8,0
metrics,bruteforce,metrics,ABCD,150,0.7,whole_section,8,8,0,0,0,0,8,0,0.0,0.0,,,1.0,0.0,0.0,137,0,8,0
metrics,bruteforce,metrics,ABCD,150,0.7,anxiety,8,8,0,0,3,0,5,0,0.0,0.375,,,0.631173,0.347222,0.724138,203,147,8,9
metrics,bruteforce,metrics,ABCD,150,0.7,double_shift,8,8,0,0,5,0,3,0,0.0,0.625,,,0.614321,0.283333,0.431193,218,94,8,10
metrics,bruteforce,metrics,ABCD,150,0.7,self_corrected,8,8,0,0,1,0,7,0,0.0,0.125,,,0.912531,0.052778,0.070175,57,4,8,15
metrics,bruteforce,metrics,ABCD,150,0.7,deferred,8,8,0,0,4,0,4,0,0.0,0.5,,,0.687716,0.236111,0.479167,192,92,8,9
metrics,bruteforce,metrics,ABCD,150,0.7,isolated,8,8,0,0,0,0,8,0,0.0,0.0,,,1.0,0.0,0.0,13,0,8,0
metrics,bruteforce,metrics,ABCD,150,0.7,scanner_blank_1,8,8,0,0,4,0,4,0,0.0,0.5,,,0.707531,0.222222,0.394595,185,73,8,28
metrics,bruteforce,metrics,ABCD,150,0.7,scanner_blank_2,8,8,0,0,3,0,5,0,0.0,0.375,,,0.690802,0.213889,0.362319,207,75,8,0
metrics,bruteforce,metrics,ABCD,150,0.7,scanner_row_delete_1,8,8,0,0,0,0,8,0,0.0,0.0,,,,,0.0,157,0,8,0
metrics,bruteforce,metrics,ABCD,150,0.7,scanner_row_delete_2,8,8,0,0,0,0,8,0,0.0,0.0,,,,,0.0,182,0,8,0
metrics,bruteforce,metrics,ABCD,150,0.7,scanner_misread_1,8,0,8,0,0,1,0,7,,,0.125,0.470679,0.006173,0.027778,,0,0,8,10
metrics,bruteforce,metrics,ABCD,150,0.7,scanner_misread_4,8,0,8,0,0,0,0,8,,,0.0,0.312344,0.0,0.0,,0,0,8,0
metrics,bruteforce,metrics,ABCD,150,0.7,scanner_faint_1,8,0,8,0,0,0,0,8,,,0.0,0.312344,0.0,0.0,,0,0,8,0
metrics,bruteforce,metrics,ABCD,150,0.7,scanner_faint_4,8,0,8,0,0,1,0,7,,,0.125,0.470679,0.003025,0.019444,,0,0,8,7
metrics,bruteforce,metrics,ABCD,150,0.7,scanner_double_4,8,0,8,0,0,3,0,5,,,0.375,0.710759,0.02321,0.088889,,0,0,8,32
metrics,bruteforce,metrics,ABCD,150,0.7,adv_long_runs,8,0,8,0,0,3,0,5,,,0.375,0.710759,0.021111,0.094444,,0,0,8,28
metrics,bruteforce,metrics,ABCD,150,0.7,adv_favourite,8,0,8,0,0,0,0,8,,,0.0,0.312344,0.0,0.0,,0,0,8,0
metrics,bruteforce,metrics,ABCD,150,0.7,adv_easy_block,8,0,8,0,0,0,0,8,,,0.0,0.312344,0.0,0.0,,0,0,8,0
metrics,bruteforce,metrics,ABCD,150,0.7,adv_key_leakage,8,8,0,8,0,0,0,0,1.0,1.0,,,0.0,1.0,1.0,880,880,8,0
metrics,bruteforce,metrics,ABCD,150,0.7,adv_cycle,8,0,8,0,0,7,0,1,,,0.875,0.993609,0.024877,0.141667,,0,0,8,51
metrics,bruteforce,metrics,ABCD,150,0.85,none,8,0,8,0,0,1,0,7,,,0.125,0.470679,0.007716,0.036111,,0,0,8,11
metrics,bruteforce,metrics,ABCD,150,0.85,row_skip_1,8,8,0,0,3,0,5,0,0.0,0.375,,,0.620123,0.322222,0.386667,300,116,8,0
metrics,bruteforce,metrics,ABCD,150,0.85,row_skip_2,8,8,0,0,6,0,2,0,0.0,0.75,,,0.627099,0.225,0.376812,138,52,8,44
metrics,bruteforce,metrics,ABCD,150,0.85,early_full,8,8,0,2,6,0,0,0,0.25,1.0,,,0.0,1.0,0.9838,679,668,8,0
metrics,bruteforce,metrics,ABCD,150,0.85,boundary,8,8,0,0,4,0,4,0,0.0,0.5,,,0.789568,0.125,0.188341,223,42,8,3
metrics,bruteforce,metrics,ABCD,150,0.85,short_local,8,8,0,0,0,0,8,0,0.0,0.0,,,1.0,0.0,0.0,29,0,8,0
metrics,bruteforce,metrics,ABCD,150,0.85,whole_section,8,8,0,0,3,0,5,0,0.0,0.375,,,0.860309,0.075,0.067308,312,21,8,0
metrics,bruteforce,metrics,ABCD,150,0.85,anxiety,8,8,0,0,2,0,6,0,0.0,0.25,,,0.756173,0.222222,0.524017,229,120,8,7
metrics,bruteforce,metrics,ABCD,150,0.85,double_shift,8,8,0,0,7,0,1,0,0.0,0.875,,,0.327593,0.575,0.504651,430,217,8,0
metrics,bruteforce,metrics,ABCD,150,0.85,self_corrected,8,8,0,0,0,0,8,0,0.0,0.0,,,1.0,0.0,0.0,71,0,8,0
metrics,bruteforce,metrics,ABCD,150,0.85,deferred,8,8,0,0,3,0,5,0,0.0,0.375,,,0.720309,0.241667,0.492823,209,103,8,8
metrics,bruteforce,metrics,ABCD,150,0.85,isolated,8,8,0,0,2,0,6,0,0.0,0.25,,,0.861173,0.086111,0.222222,9,2,8,29
metrics,bruteforce,metrics,ABCD,150,0.85,scanner_blank_1,8,8,0,0,4,0,4,0,0.0,0.5,,,0.596481,0.308333,0.333333,351,117,8,0
metrics,bruteforce,metrics,ABCD,150,0.85,scanner_blank_2,8,8,0,0,4,0,4,0,0.0,0.5,,,0.676543,0.238889,0.350554,271,95,8,3
metrics,bruteforce,metrics,ABCD,150,0.85,scanner_row_delete_1,8,8,0,0,0,0,8,0,0.0,0.0,,,,,0.0,307,0,8,10
metrics,bruteforce,metrics,ABCD,150,0.85,scanner_row_delete_2,8,8,0,0,0,0,8,0,0.0,0.0,,,,,0.0,325,0,8,0
metrics,bruteforce,metrics,ABCD,150,0.85,scanner_misread_1,8,0,8,0,0,2,0,6,,,0.25,0.599689,0.008025,0.044444,,0,0,8,16
metrics,bruteforce,metrics,ABCD,150,0.85,scanner_misread_4,8,0,8,0,0,1,0,7,,,0.125,0.470679,0.010494,0.038889,,0,0,8,13
metrics,bruteforce,metrics,ABCD,150,0.85,scanner_faint_1,8,0,8,0,0,0,0,8,,,0.0,0.312344,0.0,0.0,,0,0,8,0
metrics,bruteforce,metrics,ABCD,150,0.85,scanner_faint_4,8,0,8,0,0,1,0,7,,,0.125,0.470679,0.001543,0.013889,,0,0,8,5
metrics,bruteforce,metrics,ABCD,150,0.85,scanner_double_4,8,0,8,0,0,0,0,8,,,0.0,0.312344,0.000556,0.008333,,0,0,8,0
metrics,bruteforce,metrics,ABCD,150,0.85,adv_long_runs,8,0,8,0,0,1,0,7,,,0.125,0.470679,0.003827,0.044444,,0,0,8,5
metrics,bruteforce,metrics,ABCD,150,0.85,adv_favourite,8,0,8,0,0,0,0,8,,,0.0,0.312344,0.0,0.0,,0,0,8,0
metrics,bruteforce,metrics,ABCD,150,0.85,adv_easy_block,8,0,8,0,0,0,0,8,,,0.0,0.312344,0.0,0.0,,0,0,8,0
metrics,bruteforce,metrics,ABCD,150,0.85,adv_key_leakage,8,8,0,8,0,0,0,0,1.0,1.0,,,0.0,1.0,1.0,890,890,8,0
metrics,bruteforce,metrics,ABCD,150,0.85,adv_cycle,8,0,8,0,0,6,0,2,,,0.75,0.953611,0.051173,0.191667,,0,0,8,63
metrics,bruteforce,metrics,ABCD,150,0.95,none,8,0,8,0,0,1,0,7,,,0.125,0.470679,0.003025,0.019444,,0,0,8,7
metrics,bruteforce,metrics,ABCD,150,0.95,row_skip_1,8,8,0,0,4,0,4,0,0.0,0.5,,,0.634444,0.316667,0.526119,268,141,8,12
metrics,bruteforce,metrics,ABCD,150,0.95,row_skip_2,8,8,0,0,3,0,5,0,0.0,0.375,,,0.705,0.275,0.414035,285,118,8,8
metrics,bruteforce,metrics,ABCD,150,0.95,early_full,8,8,0,2,5,0,1,0,0.25,0.875,,,0.125,0.875,0.983409,663,652,8,6
metrics,bruteforce,metrics,ABCD,150,0.95,boundary,8,8,0,0,1,0,7,0,0.0,0.125,,,0.902654,0.052778,0.0,184,0,8,16
metrics,bruteforce,metrics,ABCD,150,0.95,short_local,8,8,0,0,1,0,7,0,0.0,0.125,,,0.916728,0.052778,0.142857,28,4,8,19
metrics,bruteforce,metrics,ABCD,150,0.95,whole_section,8,8,0,0,0,0,8,0,0.0,0.0,,,0.973025,0.013889,0.0,329,0,8,0
metrics,bruteforce,metrics,ABCD,150,0.95,anxiety,8,8,0,0,6,0,2,0,0.0,0.75,,,0.317778,0.6,0.663573,431,286,8,14
metrics,bruteforce,metrics,ABCD,150,0.95,double_shift,8,8,0,0,4,0,4,0,0.0,0.5,,,0.658889,0.283333,0.409774,266,109,8,11
metrics,bruteforce,metrics,ABCD,150,0.95,self_corrected,8,8,0,0,0,0,8,0,0.0,0.0,,,0.983889,0.008333,0.0,76,0,8,2
metrics,bruteforce,metrics,ABCD,150,0.95,deferred,8,8,0,0,2,0,6,0,0.0,0.25,,,0.744753,0.247222,0.40176,341,137,8,0
metrics,bruteforce,metrics,ABCD,150,0.95,isolated,8,8,0,0,1,0,7,0,0.0,0.125,,,0.927346,0.041667,0.142857,7,1,8,12
metrics,bruteforce,metrics,ABCD,150,0.95,scanner_blank_1,8,8,0,0,4,0,4,0,0.0,0.5,,,0.571358,0.405556,0.582143,280,163,8,12
metrics,bruteforce,metrics,ABCD,150,0.95,scanner_blank_2,8,8,0,0,1,0,7,0,0.0,0.125,,,0.869753,0.122222,0.208738,206,43,8,13
metrics,bruteforce,metrics,ABCD,150,0.95,scanner_row_delete_1,8,8,0,0,0,0,8,0,0.0,0.0,,,,,0.0,209,0,8,2
metrics,bruteforce,metrics,ABCD,150,0.95,scanner_row_delete_2,8,8,0,0,0,0,8,0,0.0,0.0,,,,,0.0,205,0,8,1
metrics,bruteforce,metrics,ABCD,150,0.95,scanner_misread_1,8,0,8,0,0,1,0,7,,,0.125,0.470679,0.005,0.025,,0,0,8,9
metrics,bruteforce,metrics,ABCD,150,0.95,scanner_misread_4,8,0,8,0,0,0,0,8,,,0.0,0.312344,0.0,0.0,,0,0,8,0
metrics,bruteforce,metrics,ABCD,150,0.95,scanner_faint_1,8,0,8,0,0,1,0,7,,,0.125,0.470679,0.010432,0.036111,,0,0,8,13
metrics,bruteforce,metrics,ABCD,150,0.95,scanner_faint_4,8,0,8,0,0,0,0,8,,,0.0,0.312344,0.000247,0.005555,,0,0,8,0
metrics,bruteforce,metrics,ABCD,150,0.95,scanner_double_4,8,0,8,0,0,1,0,7,,,0.125,0.470679,0.015803,0.044444,,0,0,8,16
metrics,bruteforce,metrics,ABCD,150,0.95,adv_long_runs,8,0,8,0,0,2,0,6,,,0.25,0.599689,0.00679,0.055556,,0,0,8,13
metrics,bruteforce,metrics,ABCD,150,0.95,adv_favourite,8,0,8,0,0,0,0,8,,,0.0,0.312344,0.0,0.0,,0,0,8,0
metrics,bruteforce,metrics,ABCD,150,0.95,adv_easy_block,8,0,8,0,0,0,0,8,,,0.0,0.312344,0.0,0.0,,0,0,8,0
metrics,bruteforce,metrics,ABCD,150,0.95,adv_key_leakage,8,8,0,8,0,0,0,0,1.0,1.0,,,0.0,1.0,1.0,873,873,8,0
metrics,bruteforce,metrics,ABCD,150,0.95,adv_cycle,8,0,8,0,0,3,0,5,,,0.375,0.710759,0.042716,0.138889,,0,0,8,44
metrics,bruteforce,metrics,ABCDE,46,0.26,none,8,0,8,0,0,0,0,8,,,0.0,0.312344,0.016409,0.063406,,0,0,8,0
metrics,bruteforce,metrics,ABCDE,46,0.26,row_skip_1,8,8,0,0,1,0,7,0,0.0,0.125,,,0.835512,0.099638,0.428571,14,6,8,5
metrics,bruteforce,metrics,ABCDE,46,0.26,row_skip_2,8,8,0,0,3,0,5,0,0.0,0.375,,,0.527935,0.289855,0.566667,30,17,8,13
metrics,bruteforce,metrics,ABCDE,46,0.26,early_full,8,8,0,1,3,0,4,0,0.125,0.5,,,0.529091,0.351449,0.96875,32,31,8,25
metrics,bruteforce,metrics,ABCDE,46,0.26,boundary,8,8,0,0,2,0,6,0,0.0,0.25,,,0.755697,0.153986,0.727273,11,8,8,15
metrics,bruteforce,metrics,ABCDE,46,0.26,short_local,8,8,0,0,1,0,7,0,0.0,0.125,,,0.914934,0.054348,0.0,16,0,8,9
metrics,bruteforce,metrics,ABCDE,46,0.26,whole_section,8,8,0,0,2,0,6,0,0.0,0.25,,,0.788516,0.153985,0.4,15,6,8,17
metrics,bruteforce,metrics,ABCDE,46,0.26,anxiety,8,8,0,0,2,0,6,0,0.0,0.25,,,0.754778,0.144928,0.142857,7,1,8,27
metrics,bruteforce,metrics,ABCDE,46,0.26,double_shift,8,8,0,0,0,0,8,0,0.0,0.0,,,0.682315,0.181159,0.0,11,0,8,8
metrics,bruteforce,metrics,ABCDE,46,0.26,self_corrected,8,8,0,0,1,0,7,0,0.0,0.125,,,0.830261,0.099638,0.0,8,0,8,19
metrics,bruteforce,metrics,ABCDE,46,0.26,deferred,8,8,0,0,2,0,6,0,0.0,0.25,,,0.689797,0.190217,0.314286,35,11,8,2
metrics,bruteforce,metrics,ABCDE,46,0.26,isolated,8,8,0,0,2,0,6,0,0.0,0.25,,,0.707257,0.181159,1.0,1,1,8,12
metrics,bruteforce,metrics,ABCDE,46,0.26,scanner_blank_1,8,8,0,0,2,0,6,0,0.0,0.25,,,0.674963,0.199275,0.368421,19,7,8,6
metrics,bruteforce,metrics,ABCDE,46,0.26,scanner_blank_2,8,8,0,0,2,0,6,0,0.0,0.25,,,0.688222,0.226449,0.555556,27,15,8,6
metrics,bruteforce,metrics,ABCDE,46,0.26,scanner_row_delete_1,8,8,0,0,0,0,8,0,0.0,0.0,,,,,0.0,10,0,8,8
metrics,bruteforce,metrics,ABCDE,46,0.26,scanner_row_delete_2,8,8,0,0,0,0,8,0,0.0,0.0,,,,,0.0,21,0,8,0
metrics,bruteforce,metrics,ABCDE,46,0.26,scanner_misread_1,8,0,8,0,0,2,0,6,,,0.25,0.599689,0.05973,0.13587,,0,0,8,13
metrics,bruteforce,metrics,ABCDE,46,0.26,scanner_misread_4,8,0,8,0,0,1,0,7,,,0.125,0.470679,0.03807,0.108696,,0,0,8,7
metrics,bruteforce,metrics,ABCDE,46,0.26,scanner_faint_1,8,0,8,0,0,1,0,7,,,0.125,0.470679,0.064981,0.153986,,0,0,8,9
metrics,bruteforce,metrics,ABCDE,46,0.26,scanner_faint_4,8,0,8,0,0,2,0,6,,,0.25,0.599689,0.076796,0.153985,,0,0,8,15
metrics,bruteforce,metrics,ABCDE,46,0.26,scanner_double_4,8,0,8,0,0,0,0,8,,,0.0,0.312344,0.017066,0.072464,,0,0,8,0
metrics,bruteforce,metrics,ABCDE,46,0.26,adv_long_runs,8,0,8,0,0,0,0,8,,,0.0,0.312344,0.012471,0.081522,,0,0,8,0
metrics,bruteforce,metrics,ABCDE,46,0.26,adv_favourite,8,0,8,0,0,0,0,8,,,0.0,0.312344,0.0,0.0,,0,0,8,0
metrics,bruteforce,metrics,ABCDE,46,0.26,adv_easy_block,8,0,8,0,0,0,0,8,,,0.0,0.312344,0.0,0.0,,0,0,8,0
metrics,bruteforce,metrics,ABCDE,46,0.26,adv_key_leakage,8,8,0,8,0,0,0,0,1.0,1.0,,,0.0,1.0,1.0,286,286,8,0
metrics,bruteforce,metrics,ABCDE,46,0.26,adv_cycle,8,0,8,0,0,2,0,6,,,0.25,0.599689,0.092549,0.226449,,0,0,8,15
metrics,bruteforce,metrics,ABCDE,46,0.4,none,8,0,8,0,0,1,0,7,,,0.125,0.470679,0.032162,0.099638,,0,0,8,6
metrics,bruteforce,metrics,ABCDE,46,0.4,row_skip_1,8,8,0,0,5,0,3,0,0.0,0.625,,,0.486715,0.362319,0.689655,58,40,8,2
metrics,bruteforce,metrics,ABCDE,46,0.4,row_skip_2,8,8,0,0,2,0,6,0,0.0,0.25,,,0.778014,0.153985,0.111111,18,2,8,20
metrics,bruteforce,metrics,ABCDE,46,0.4,early_full,8,8,0,0,2,0,6,0,0.0,0.25,,,0.57782,0.289855,0.529412,34,18,8,7
metrics,bruteforce,metrics,ABCDE,46,0.4,boundary,8,8,0,0,1,0,7,0,0.0,0.125,,,0.914934,0.054348,0.222222,27,6,8,0
metrics,bruteforce,metrics,ABCDE,46,0.4,short_local,8,8,0,0,0,0,8,0,0.0,0.0,,,0.903119,0.054348,0.0,21,0,8,0
metrics,bruteforce,metrics,ABCDE,46,0.4,whole_section,8,8,0,0,1,0,7,0,0.0,0.125,,,0.708963,0.172101,0.206897,29,6,8,1
metrics,bruteforce,metrics,ABCDE,46,0.4,anxiety,8,8,0,0,3,0,5,0,0.0,0.375,,,0.62521,0.226449,0.3,20,6,8,19
metrics,bruteforce,metrics,ABCDE,46,0.4,double_shift,8,8,0,0,1,0,7,0,0.0,0.125,,,0.863474,0.09058,0.266667,30,8,8,10
metrics,bruteforce,metrics,ABCDE,46,0.4,self_corrected,8,8,0,0,3,0,5,0,0.0,0.375,,,0.576507,0.289855,0.484848,33,16,8,8
metrics,bruteforce,metrics,ABCDE,46,0.4,deferred,8,8,0,0,1,0,7,0,0.0,0.125,,,0.773157,0.144927,0.258065,31,8,8,8
metrics,bruteforce,metrics,ABCDE,46,0.4,isolated,8,8,0,0,2,0,6,0,0.0,0.25,,,0.83118,0.108696,0.2,5,1,8,12
metrics,bruteforce,metrics,ABCDE,46,0.4,scanner_blank_1,8,8,0,0,1,0,7,0,0.0,0.125,,,0.887891,0.072464,0.466667,15,7,8,8
metrics,bruteforce,metrics,ABCDE,46,0.4,scanner_blank_2,8,8,0,0,3,0,5,0,0.0,0.375,,,0.676276,0.199275,0.36,25,9,8,12
metrics,bruteforce,metrics,ABCDE,46,0.4,scanner_row_delete_1,8,8,0,0,0,0,8,0,0.0,0.0,,,,,0.0,22,0,8,0
metrics,bruteforce,metrics,ABCDE,46,0.4,scanner_row_delete_2,8,8,0,0,0,0,8,0,0.0,0.0,,,,,0.0,22,0,8,1
metrics,bruteforce,metrics,ABCDE,46,0.4,scanner_misread_1,8,0,8,0,0,0,0,8,,,0.0,0.312344,0.0,0.0,,0,0,8,0
metrics,bruteforce,metrics,ABCDE,46,0.4,scanner_misread_4,8,0,8,0,0,1,0,7,,,0.125,0.470679,0.016409,0.04529,,0,0,8,5
metrics,bruteforce,metrics,ABCDE,46,0.4,scanner_faint_1,8,0,8,0,0,0,0,8,,,0.0,0.312344,0.011158,0.04529,,0,0,8,0
metrics,bruteforce,metrics,ABCDE,46,0.4,scanner_faint_4,8,0,8,0,0,0,0,8,,,0.0,0.312344,0.000656,0.009058,,0,0,8,0
metrics,bruteforce,metrics,ABCDE,46,0.4,scanner_double_4,8,0,8,0,0,1,0,7,,,0.125,0.470679,0.016409,0.04529,,0,0,8,5
metrics,bruteforce,metrics,ABCDE,46,0.4,adv_long_runs,8,0,8,0,0,0,0,8,,,0.0,0.312344,0.013128,0.072464,,0,0,8,0
metrics,bruteforce,metrics,ABCDE,46,0.4,adv_favourite,8,0,8,0,0,0,0,8,,,0.0,0.312344,0.0,0.0,,0,0,8,0
metrics,bruteforce,metrics,ABCDE,46,0.4,adv_easy_block,8,0,8,0,0,0,0,8,,,0.0,0.312344,0.0,0.0,,0,0,8,0
metrics,bruteforce,metrics,ABCDE,46,0.4,adv_key_leakage,8,8,0,8,0,0,0,0,1.0,1.0,,,0.0,1.0,1.0,288,288,8,0
metrics,bruteforce,metrics,ABCDE,46,0.4,adv_cycle,8,0,8,0,0,2,0,6,,,0.25,0.599689,0.078109,0.208333,,0,0,8,13
metrics,bruteforce,metrics,ABCDE,46,0.55,none,8,0,8,0,0,1,0,7,,,0.125,0.470679,0.02363,0.054348,,0,0,8,6
metrics,bruteforce,metrics,ABCDE,46,0.55,row_skip_1,8,8,0,0,2,0,6,0,0.0,0.25,,,0.641199,0.278985,0.469388,49,23,8,2
metrics,bruteforce,metrics,ABCDE,46,0.55,row_skip_2,8,8,0,0,1,0,7,0,0.0,0.125,,,0.815165,0.144927,0.428571,28,12,8,0
metrics,bruteforce,metrics,ABCDE,46,0.55,early_full,8,8,0,2,6,0,0,0,0.25,1.0,,,0.011605,0.949275,0.971223,139,135,8,0
metrics,bruteforce,metrics,ABCDE,46,0.55,boundary,8,8,0,0,0,0,8,0,0.0,0.0,,,0.966394,0.018116,0.0,22,0,8,0
metrics,bruteforce,metrics,ABCDE,46,0.55,short_local,8,8,0,0,0,0,8,0,0.0,0.0,,,0.938038,0.036232,0.0,8,0,8,3
metrics,bruteforce,metrics,ABCDE,46,0.55,whole_section,8,8,0,0,1,0,7,0,0.0,0.125,,,0.866493,0.081522,0.176471,34,6,8,2
metrics,bruteforce,metrics,ABCDE,46,0.55,anxiety,8,8,0,0,2,0,6,0,0.0,0.25,,,0.711326,0.208333,0.463415,41,19,8,0
metrics,bruteforce,metrics,ABCDE,46,0.55,double_shift,8,8,0,0,2,0,6,0,0.0,0.25,,,0.688091,0.199275,0.263158,38,10,8,16
metrics,bruteforce,metrics,ABCDE,46,0.55,self_corrected,8,8,0,0,0,0,8,0,0.0,0.0,,,0.827636,0.099638,0.0,45,0,8,0
metrics,bruteforce,metrics,ABCDE,46,0.55,deferred,8,8,0,0,5,0,3,0,0.0,0.625,,,0.498924,0.353261,0.470588,68,32,8,7
metrics,bruteforce,metrics,ABCDE,46,0.55,isolated,8,8,0,0,0,0,8,0,0.0,0.0,,,0.95156,0.027174,0.0,4,0,8,2
metrics,bruteforce,metrics,ABCDE,46,0.55,scanner_blank_1,8,8,0,0,3,0,5,0,0.0,0.375,,,0.585302,0.298913,0.402985,67,27,8,0
metrics,bruteforce,metrics,ABCDE,46,0.55,scanner_blank_2,8,8,0,0,1,0,7,0,0.0,0.125,,,0.805844,0.117754,0.12069,58,7,8,2
metrics,bruteforce,metrics,ABCDE,46,0.55,scanner_row_delete_1,8,8,0,0,0,0,8,0,0.0,0.0,,,,,0.0,54,0,8,0
metrics,bruteforce,metrics,ABCDE,46,0.55,scanner_row_delete_2,8,8,0,0,0,0,8,0,0.0,0.0,,,,,0.0,54,0,8,0
metrics,bruteforce,metrics,ABCDE,46,0.55,scanner_misread_1,8,0,8,0,0,0,0,8,,,0.0,0.312344,0.0,0.0,,0,0,8,0
metrics,bruteforce,metrics,ABCDE,46,0.55,scanner_misread_4,8,0,8,0,0,0,0,8,,,0.0,0.312344,0.000656,0.009058,,0,0,8,0
metrics,bruteforce,metrics,ABCDE,46,0.55,scanner_faint_1,8,0,8,0,0,0,0,8,,,0.0,0.312344,0.0,0.0,,0,0,8,0
metrics,bruteforce,metrics,ABCDE,46,0.55,scanner_faint_4,8,0,8,0,0,0,0,8,,,0.0,0.312344,0.021004,0.072464,,0,0,8,0
metrics,bruteforce,metrics,ABCDE,46,0.55,scanner_double_4,8,0,8,0,0,1,0,7,,,0.125,0.470679,0.016409,0.04529,,0,0,8,5
metrics,bruteforce,metrics,ABCDE,46,0.55,adv_long_runs,8,0,8,0,0,1,0,7,,,0.125,0.470679,0.047259,0.18116,,0,0,8,6
metrics,bruteforce,metrics,ABCDE,46,0.55,adv_favourite,8,0,8,0,0,0,0,8,,,0.0,0.312344,0.0,0.0,,0,0,8,0
metrics,bruteforce,metrics,ABCDE,46,0.55,adv_easy_block,8,0,8,0,0,0,0,8,,,0.0,0.312344,0.0,0.0,,0,0,8,0
metrics,bruteforce,metrics,ABCDE,46,0.55,adv_key_leakage,8,8,0,8,0,0,0,0,1.0,1.0,,,0.0,1.0,1.0,286,286,8,0
metrics,bruteforce,metrics,ABCDE,46,0.55,adv_cycle,8,0,8,0,0,5,0,3,,,0.625,0.888887,0.192318,0.389493,,0,0,8,35
metrics,bruteforce,metrics,ABCDE,46,0.7,none,8,0,8,0,0,0,0,8,,,0.0,0.312344,0.0,0.0,,0,0,8,0
metrics,bruteforce,metrics,ABCDE,46,0.7,row_skip_1,8,8,0,0,2,0,6,0,0.0,0.25,,,0.704369,0.217391,0.3125,64,20,8,0
metrics,bruteforce,metrics,ABCDE,46,0.7,row_skip_2,8,8,0,0,3,0,5,0,0.0,0.375,,,0.590658,0.324275,0.373626,91,34,8,0
metrics,bruteforce,metrics,ABCDE,46,0.7,early_full,8,8,0,3,5,0,0,0,0.375,1.0,,,0.002127,0.983696,0.94012,167,157,8,1
metrics,bruteforce,metrics,ABCDE,46,0.7,boundary,8,8,0,0,1,0,7,0,0.0,0.125,,,0.905351,0.063406,0.259259,27,7,8,0
metrics,bruteforce,metrics,ABCDE,46,0.7,short_local,8,8,0,0,0,0,8,0,0.0,0.0,,,1.0,0.0,0.0,21,0,8,2
metrics,bruteforce,metrics,ABCDE,46,0.7,whole_section,8,8,0,0,1,0,7,0,0.0,0.125,,,0.815427,0.108696,0.068493,73,5,8,0
metrics,bruteforce,metrics,ABCDE,46,0.7,anxiety,8,8,0,0,1,0,7,0,0.0,0.125,,,0.658816,0.208333,0.119403,67,8,8,0
metrics,bruteforce,metrics,ABCDE,46,0.7,double_shift,8,8,0,0,3,0,5,0,0.0,0.375,,,0.527148,0.307971,0.237113,97,23,8,7
metrics,bruteforce,metrics,ABCDE,46,0.7,self_corrected,8,8,0,0,1,0,7,0,0.0,0.125,,,0.863868,0.081522,0.089286,56,5,8,0
metrics,bruteforce,metrics,ABCDE,46,0.7,deferred,8,8,0,0,1,0,7,0,0.0,0.125,,,0.795579,0.17029,0.25,64,16,8,0
metrics,bruteforce,metrics,ABCDE,46,0.7,isolated,8,8,0,0,0,0,8,0,0.0,0.0,,,1.0,0.0,0.0,7,0,8,3
metrics,bruteforce,metrics,ABCDE,46,0.7,scanner_blank_1,8,8,0,0,2,0,6,0,0.0,0.25,,,0.75,0.25,0.493151,73,36,8,0
metrics,bruteforce,metrics,ABCDE,46,0.7,scanner_blank_2,8,8,0,0,0,0,8,0,0.0,0.0,,,0.855991,0.081522,0.0,38,0,8,0
metrics,bruteforce,metrics,ABCDE,46,0.7,scanner_row_delete_1,8,8,0,0,0,0,8,0,0.0,0.0,,,,,0.0,34,0,8,2
metrics,bruteforce,metrics,ABCDE,46,0.7,scanner_row_delete_2,8,8,0,0,0,0,8,0,0.0,0.0,,,,,0.0,53,0,8,2
metrics,bruteforce,metrics,ABCDE,46,0.7,scanner_misread_1,8,0,8,0,0,1,0,7,,,0.125,0.470679,0.079421,0.099638,,0,0,8,11
metrics,bruteforce,metrics,ABCDE,46,0.7,scanner_misread_4,8,0,8,0,0,0,0,8,,,0.0,0.312344,0.0,0.0,,0,0,8,0
metrics,bruteforce,metrics,ABCDE,46,0.7,scanner_faint_1,8,0,8,0,0,0,0,8,,,0.0,0.312344,0.0,0.0,,0,0,8,0
metrics,bruteforce,metrics,ABCDE,46,0.7,scanner_faint_4,8,0,8,0,0,0,0,8,,,0.0,0.312344,0.000656,0.009058,,0,0,8,0
metrics,bruteforce,metrics,ABCDE,46,0.7,scanner_double_4,8,0,8,0,0,0,0,8,,,0.0,0.312344,0.0,0.0,,0,0,8,0
metrics,bruteforce,metrics,ABCDE,46,0.7,adv_long_runs,8,0,8,0,0,1,0,7,,,0.125,0.470679,0.038726,0.13587,,0,0,8,6
metrics,bruteforce,metrics,ABCDE,46,0.7,adv_favourite,8,0,8,0,0,0,0,8,,,0.0,0.312344,0.0,0.0,,0,0,8,0
metrics,bruteforce,metrics,ABCDE,46,0.7,adv_easy_block,8,0,8,0,0,0,0,8,,,0.0,0.312344,0.0,0.0,,0,0,8,0
metrics,bruteforce,metrics,ABCDE,46,0.7,adv_key_leakage,8,8,0,8,0,0,0,0,1.0,1.0,,,0.0,1.0,1.0,297,297,8,0
metrics,bruteforce,metrics,ABCDE,46,0.7,adv_cycle,8,0,8,0,0,1,0,7,,,0.125,0.470679,0.042008,0.163044,,0,0,8,5
metrics,bruteforce,metrics,ABCDE,46,0.85,none,8,0,8,0,0,0,0,8,,,0.0,0.312344,0.0,0.0,,0,0,8,0
metrics,bruteforce,metrics,ABCDE,46,0.85,row_skip_1,8,8,0,0,0,0,8,0,0.0,0.0,,,1.0,0.0,0.0,54,0,8,0
metrics,bruteforce,metrics,ABCDE,46,0.85,row_skip_2,8,8,0,0,2,0,6,0,0.0,0.25,,,0.780351,0.188406,0.328358,67,22,8,1
metrics,bruteforce,metrics,ABCDE,46,0.85,early_full,8,8,0,2,4,0,2,0,0.25,0.75,,,0.185701,0.751812,0.944882,127,120,8,3
metrics,bruteforce,metrics,ABCDE,46,0.85,boundary,8,8,0,0,2,0,6,0,0.0,0.25,,,0.812408,0.117754,0.191489,47,9,8,5
metrics,bruteforce,metrics,ABCDE,46,0.85,short_local,8,8,0,0,0,0,8,0,0.0,0.0,,,1.0,0.0,0.0,32,0,8,1
metrics,bruteforce,metrics,ABCDE,46,0.85,whole_section,8,8,0,0,0,0,8,0,0.0,0.0,,,0.9341,0.036232,0.0,70,0,8,0
metrics,bruteforce,metrics,ABCDE,46,0.85,anxiety,8,8,0,0,3,0,5,0,0.0,0.375,,,0.613868,0.331522,0.513158,76,39,8,1
metrics,bruteforce,metrics,ABCDE,46,0.85,double_shift,8,8,0,0,6,0,2,0,0.0,0.75,,,0.332283,0.557971,0.436709,158,69,8,0
metrics,bruteforce,metrics,ABCDE,46,0.85,self_corrected,8,8,0,0,0,0,8,0,0.0,0.0,,,0.932787,0.036232,0.0,79,0,8,0
metrics,bruteforce,metrics,ABCDE,46,0.85,deferred,8,8,0,0,1,0,7,0,0.0,0.125,,,0.875,0.125,0.25,76,19,8,0
metrics,bruteforce,metrics,ABCDE,46,0.85,isolated,8,8,0,0,0,0,8,0,0.0,0.0,,,0.966394,0.018116,0.0,3,0,8,0
metrics,bruteforce,metrics,ABCDE,46,0.85,scanner_blank_1,8,8,0,0,0,0,8,0,0.0,0.0,,,0.98254,0.009058,0.0,55,0,8,0
metrics,bruteforce,metrics,ABCDE,46,0.85,scanner_blank_2,8,8,0,0,4,0,4,0,0.0,0.5,,,0.440742,0.451087,0.485149,101,49,8,0
metrics,bruteforce,metrics,ABCDE,46,0.85,scanner_row_delete_1,8,8,0,0,0,0,8,0,0.0,0.0,,,,,0.0,52,0,8,7
metrics,bruteforce,metrics,ABCDE,46,0.85,scanner_row_delete_2,8,8,0,0,0,0,8,0,0.0,0.0,,,,,0.0,98,0,8,0
metrics,bruteforce,metrics,ABCDE,46,0.85,scanner_misread_1,8,0,8,0,0,1,0,7,,,0.125,0.470679,0.02363,0.054348,,0,0,8,6
metrics,bruteforce,metrics,ABCDE,46,0.85,scanner_misread_4,8,0,8,0,0,0,0,8,,,0.0,0.312344,0.0,0.0,,0,0,8,0
metrics,bruteforce,metrics,ABCDE,46,0.85,scanner_faint_1,8,0,8,0,0,0,0,8,,,0.0,0.312344,0.013127,0.054348,,0,0,8,0
metrics,bruteforce,metrics,ABCDE,46,0.85,scanner_faint_4,8,0,8,0,0,0,0,8,,,0.0,0.312344,0.000656,0.009058,,0,0,8,0
metrics,bruteforce,metrics,ABCDE,46,0.85,scanner_double_4,8,0,8,0,0,1,0,7,,,0.125,0.470679,0.044633,0.09058,,0,0,8,8
metrics,bruteforce,metrics,ABCDE,46,0.85,adv_long_runs,8,0,8,0,0,0,0,8,,,0.0,0.312344,0.01444,0.09058,,0,0,8,0
metrics,bruteforce,metrics,ABCDE,46,0.85,adv_favourite,8,0,8,0,0,0,0,8,,,0.0,0.312344,0.0,0.0,,0,0,8,0
metrics,bruteforce,metrics,ABCDE,46,0.85,adv_easy_block,8,0,8,0,0,0,0,8,,,0.0,0.312344,0.0,0.0,,0,0,8,0
metrics,bruteforce,metrics,ABCDE,46,0.85,adv_key_leakage,8,8,0,8,0,0,0,0,1.0,1.0,,,0.0,1.0,1.0,289,289,8,0
metrics,bruteforce,metrics,ABCDE,46,0.85,adv_cycle,8,0,8,0,0,1,0,7,,,0.125,0.470679,0.063012,0.144927,,0,0,8,8
metrics,bruteforce,metrics,ABCDE,46,0.95,none,8,0,8,0,0,0,0,8,,,0.0,0.312344,0.0,0.0,,0,0,8,0
metrics,bruteforce,metrics,ABCDE,46,0.95,row_skip_1,8,8,0,0,4,0,4,0,0.0,0.5,,,0.515123,0.456522,0.557252,131,73,8,0
metrics,bruteforce,metrics,ABCDE,46,0.95,row_skip_2,8,8,0,0,6,0,2,0,0.0,0.75,,,0.305372,0.603261,0.5,156,78,8,0
metrics,bruteforce,metrics,ABCDE,46,0.95,early_full,8,8,0,2,5,0,1,0,0.25,0.875,,,0.091394,0.893116,0.947917,192,182,8,0
metrics,bruteforce,metrics,ABCDE,46,0.95,boundary,8,8,0,0,0,0,8,0,0.0,0.0,,,0.965081,0.018116,0.0,56,0,8,0
metrics,bruteforce,metrics,ABCDE,46,0.95,short_local,8,8,0,0,1,0,7,0,0.0,0.125,,,0.852972,0.09058,0.142857,21,3,8,3
metrics,bruteforce,metrics,ABCDE,46,0.95,whole_section,8,8,0,0,0,0,8,0,0.0,0.0,,,0.965081,0.018116,0.0,119,0,8,0
metrics,bruteforce,metrics,ABCDE,46,0.95,anxiety,8,8,0,0,5,0,3,0,0.0,0.625,,,0.40199,0.494565,0.543689,103,56,8,0
metrics,bruteforce,metrics,ABCDE,46,0.95,double_shift,8,8,0,0,5,0,3,0,0.0,0.625,,,0.283869,0.586956,0.340782,179,61,8,0
metrics,bruteforce,metrics,ABCDE,46,0.95,self_corrected,8,8,0,0,2,0,6,0,0.0,0.25,,,0.73535,0.199275,0.165138,109,18,8,1
metrics,bruteforce,metrics,ABCDE,46,0.95,deferred,8,8,0,0,4,0,4,0,0.0,0.5,,,0.57291,0.367754,0.473214,112,53,8,11
metrics,bruteforce,metrics,ABCDE,46,0.95,isolated,8,8,0,0,0,0,8,0,0.0,0.0,,,1.0,0.0,0.0,10,0,8,0
metrics,bruteforce,metrics,ABCDE,46,0.95,scanner_blank_1,8,8,0,0,2,0,6,0,0.0,0.25,,,0.67008,0.278985,0.467742,62,29,8,0
metrics,bruteforce,metrics,ABCDE,46,0.95,scanner_blank_2,8,8,0,0,3,0,5,0,0.0,0.375,,,0.608118,0.315217,0.3,110,33,8,3
metrics,bruteforce,metrics,ABCDE,46,0.95,scanner_row_delete_1,8,8,0,0,0,0,8,0,0.0,0.0,,,,,0.0,86,0,8,0
metrics,bruteforce,metrics,ABCDE,46,0.95,scanner_row_delete_2,8,8,0,0,0,0,8,0,0.0,0.0,,,,,0.0,92,0,8,3
metrics,bruteforce,metrics,ABCDE,46,0.95,scanner_misread_1,8,0,8,0,0,0,0,8,,,0.0,0.312344,0.0,0.0,,0,0,8,0
metrics,bruteforce,metrics,ABCDE,46,0.95,scanner_misread_4,8,0,8,0,0,0,0,8,,,0.0,0.312344,0.0,0.0,,0,0,8,0
metrics,bruteforce,metrics,ABCDE,46,0.95,scanner_faint_1,8,0,8,0,0,0,0,8,,,0.0,0.312344,0.0,0.0,,0,0,8,0
metrics,bruteforce,metrics,ABCDE,46,0.95,scanner_faint_4,8,0,8,0,0,0,0,8,,,0.0,0.312344,0.008533,0.04529,,0,0,8,0
metrics,bruteforce,metrics,ABCDE,46,0.95,scanner_double_4,8,0,8,0,0,0,0,8,,,0.0,0.312344,0.0,0.0,,0,0,8,0
metrics,bruteforce,metrics,ABCDE,46,0.95,adv_long_runs,8,0,8,0,0,0,0,8,,,0.0,0.312344,0.019691,0.108696,,0,0,8,0
metrics,bruteforce,metrics,ABCDE,46,0.95,adv_favourite,8,0,8,0,0,0,0,8,,,0.0,0.312344,0.0,0.0,,0,0,8,0
metrics,bruteforce,metrics,ABCDE,46,0.95,adv_easy_block,8,0,8,0,0,0,0,8,,,0.0,0.312344,0.0,0.0,,0,0,8,0
metrics,bruteforce,metrics,ABCDE,46,0.95,adv_key_leakage,8,8,0,8,0,0,0,0,1.0,1.0,,,0.0,1.0,1.0,280,280,8,0
metrics,bruteforce,metrics,ABCDE,46,0.95,adv_cycle,8,0,8,0,0,4,0,4,,,0.5,0.807097,0.189036,0.326087,,0,0,8,32
metrics,bruteforce,metrics,ABCDE,90,0.26,none,8,0,8,0,0,0,0,8,,,0.0,0.312344,0.0,0.0,,0,0,8,0
metrics,bruteforce,metrics,ABCDE,90,0.26,row_skip_1,8,8,0,0,2,0,6,0,0.0,0.25,,,0.817044,0.106481,0.785714,14,11,8,21
metrics,bruteforce,metrics,ABCDE,90,0.26,row_skip_2,8,8,0,0,2,0,6,0,0.0,0.25,,,0.856824,0.078704,1.0,1,1,8,30
metrics,bruteforce,metrics,ABCDE,90,0.26,early_full,8,8,0,1,4,0,3,0,0.125,0.625,,,0.51749,0.314815,0.919355,62,57,8,8
metrics,bruteforce,metrics,ABCDE,90,0.26,boundary,8,8,0,0,2,0,6,0,0.0,0.25,,,0.800926,0.115741,0.222222,18,4,8,17
metrics,bruteforce,metrics,ABCDE,90,0.26,short_local,8,8,0,0,1,0,7,0,0.0,0.125,,,0.902606,0.055556,0.0,10,0,8,15
metrics,bruteforce,metrics,ABCDE,90,0.26,whole_section,8,8,0,0,4,0,4,0,0.0,0.5,,,0.798525,0.115741,0.321429,28,9,8,44
metrics,bruteforce,metrics,ABCDE,90,0.26,anxiety,8,8,0,0,4,0,4,0,0.0,0.5,,,0.687585,0.185185,0.266667,30,8,8,26
metrics,bruteforce,metrics,ABCDE,90,0.26,double_shift,8,8,0,0,3,0,5,0,0.0,0.375,,,0.747599,0.138889,0.363636,22,8,8,11
metrics,bruteforce,metrics,ABCDE,90,0.26,self_corrected,8,8,0,0,0,0,8,0,0.0,0.0,,,0.947531,0.027778,0.0,18,0,8,3
metrics,bruteforce,metrics,ABCDE,90,0.26,deferred,8,8,0,0,5,0,3,0,0.0,0.625,,,0.661351,0.208333,0.90625,32,29,8,16
metrics,bruteforce,metrics,ABCDE,90,0.26,isolated,8,8,0,0,3,0,5,0,0.0,0.375,,,0.784465,0.125,0.333333,3,1,8,22
metrics,bruteforce,metrics,ABCDE,90,0.26,scanner_blank_1,8,8,0,0,3,0,5,0,0.0,0.375,,,0.75823,0.138889,0.225,40,9,8,22
metrics,bruteforce,metrics,ABCDE,90,0.26,scanner_blank_2,8,8,0,0,4,0,4,0,0.0,0.5,,,0.707476,0.166666,0.766667,30,23,8,9
metrics,bruteforce,metrics,ABCDE,90,0.26,scanner_row_delete_1,8,8,0,0,0,0,8,0,0.0,0.0,,,,,0.0,18,0,8,5
metrics,bruteforce,metrics,ABCDE,90,0.26,scanner_row_delete_2,8,8,0,0,0,0,8,0,0.0,0.0,,,,,0.0,18,0,8,18
metrics,bruteforce,metrics,ABCDE,90,0.26,scanner_misread_1,8,0,8,0,0,1,0,7,,,0.125,0.470679,0.010974,0.037037,,0,0,8,8
metrics,bruteforce,metrics,ABCDE,90,0.26,scanner_misread_4,8,0,8,0,0,0,0,8,,,0.0,0.312344,0.000857,0.013889,,0,0,8,0
metrics,bruteforce,metrics,ABCDE,90,0.26,scanner_faint_1,8,0,8,0,0,2,0,6,,,0.25,0.599689,0.060014,0.138889,,0,0,8,23
metrics,bruteforce,metrics,ABCDE,90,0.26,scanner_faint_4,8,0,8,0,0,2,0,6,,,0.25,0.599689,0.03738,0.111111,,0,0,8,19
metrics,bruteforce,metrics,ABCDE,90,0.26,scanner_double_4,8,0,8,0,0,1,0,7,,,0.125,0.470679,0.041838,0.12037,,0,0,8,14
metrics,bruteforce,metrics,ABCDE,90,0.26,adv_long_runs,8,0,8,0,0,4,0,4,,,0.5,0.807097,0.034808,0.152778,,0,0,8,27
metrics,bruteforce,metrics,ABCDE,90,0.26,adv_favourite,8,0,8,0,0,0,0,8,,,0.0,0.312344,0.0,0.0,,0,0,8,0
metrics,bruteforce,metrics,ABCDE,90,0.26,adv_easy_block,8,0,8,0,0,0,0,8,,,0.0,0.312344,0.0,0.0,,0,0,8,0
metrics,bruteforce,metrics,ABCDE,90,0.26,adv_key_leakage,8,8,0,8,0,0,0,0,1.0,1.0,,,0.0,1.0,1.0,570,570,8,0
metrics,bruteforce,metrics,ABCDE,90,0.26,adv_cycle,8,0,8,0,0,5,0,3,,,0.625,0.888887,0.074588,0.236111,,0,0,8,43
metrics,bruteforce,metrics,ABCDE,90,0.4,none,8,0,8,0,0,2,0,6,,,0.25,0.599689,0.021605,0.083333,,0,0,8,15
metrics,bruteforce,metrics,ABCDE,90,0.4,row_skip_1,8,8,0,0,1,0,7,0,0.0,0.125,,,0.869684,0.083333,0.205882,68,14,8,0
metrics,bruteforce,metrics,ABCDE,90,0.4,row_skip_2,8,8,0,0,3,0,5,0,0.0,0.375,,,0.694616,0.199074,0.480519,77,37,8,5
metrics,bruteforce,metrics,ABCDE,90,0.4,early_full,8,8,0,2,5,0,1,0,0.25,0.875,,,0.221365,0.652778,0.975309,162,158,8,0
metrics,bruteforce,metrics,ABCDE,90,0.4,boundary,8,8,0,0,1,0,7,0,0.0,0.125,,,0.906721,0.055555,0.0,30,0,8,11
metrics,bruteforce,metrics,ABCDE,90,0.4,short_local,8,8,0,0,3,0,5,0,0.0,0.375,,,0.806413,0.115741,0.35,20,7,8,18
metrics,bruteforce,metrics,ABCDE,90,0.4,whole_section,8,8,0,0,1,0,7,0,0.0,0.125,,,0.862483,0.074074,0.098361,61,6,8,10
metrics,bruteforce,metrics,ABCDE,90,0.4,anxiety,8,8,0,0,3,0,5,0,0.0,0.375,,,0.725823,0.171296,0.426471,68,29,8,6
metrics,bruteforce,metrics,ABCDE,90,0.4,double_shift,8,8,0,0,2,0,6,0,0.0,0.25,,,0.796125,0.115741,0.183908,87,16,8,7
metrics,bruteforce,metrics,ABCDE,90,0.4,self_corrected,8,8,0,0,2,0,6,0,0.0,0.25,,,0.901578,0.055556,0.136364,22,3,8,12
metrics,bruteforce,metrics,ABCDE,90,0.4,deferred,8,8,0,0,2,0,6,0,0.0,0.25,,,0.764918,0.143518,0.225806,62,14,8,12
metrics,bruteforce,metrics,ABCDE,90,0.4,isolated,8,8,0,0,1,0,7,0,0.0,0.125,,,0.883059,0.064815,0.0,4,0,8,9
metrics,bruteforce,metrics,ABCDE,90,0.4,scanner_blank_1,8,8,0,0,5,0,3,0,0.0,0.625,,,0.451132,0.412037,0.701613,124,87,8,9
metrics,bruteforce,metrics,ABCDE,90,0.4,scanner_blank_2,8,8,0,0,3,0,5,0,0.0,0.375,,,0.701303,0.185185,0.457143,70,32,8,0
metrics,bruteforce,metrics,ABCDE,90,0.4,scanner_row_delete_1,8,8,0,0,0,0,8,0,0.0,0.0,,,,,0.0,66,0,8,9
metrics,bruteforce,metrics,ABCDE,90,0.4,scanner_row_delete_2,8,8,0,0,0,0,8,0,0.0,0.0,,,,,0.0,53,0,8,9
metrics,bruteforce,metrics,ABCDE,90,0.4,scanner_misread_1,8,0,8,0,0,1,0,7,,,0.125,0.470679,0.008402,0.032407,,0,0,8,7
metrics,bruteforce,metrics,ABCDE,90,0.4,scanner_misread_4,8,0,8,0,0,1,0,7,,,0.125,0.470679,0.006173,0.027778,,0,0,8,6
metrics,bruteforce,metrics,ABCDE,90,0.4,scanner_faint_1,8,0,8,0,0,0,0,8,,,0.0,0.312344,0.000686,0.009259,,0,0,8,0
metrics,bruteforce,metrics,ABCDE,90,0.4,scanner_faint_4,8,0,8,0,0,1,0,7,,,0.125,0.470679,0.017318,0.050926,,0,0,8,10
metrics,bruteforce,metrics,ABCDE,90,0.4,scanner_double_4,8,0,8,0,0,0,0,8,,,0.0,0.312344,0.002915,0.023148,,0,0,8,0
metrics,bruteforce,metrics,ABCDE,90,0.4,adv_long_runs,8,0,8,0,0,0,0,8,,,0.0,0.312344,0.00703,0.069444,,0,0,8,0
metrics,bruteforce,metrics,ABCDE,90,0.4,adv_favourite,8,0,8,0,0,0,0,8,,,0.0,0.312344,0.0,0.0,,0,0,8,0
metrics,bruteforce,metrics,ABCDE,90,0.4,adv_easy_block,8,0,8,0,0,0,0,8,,,0.0,0.312344,0.0,0.0,,0,0,8,0
metrics,bruteforce,metrics,ABCDE,90,0.4,adv_key_leakage,8,8,0,8,0,0,0,0,1.0,1.0,,,0.0,1.0,1.0,571,571,8,0
metrics,bruteforce,metrics,ABCDE,90,0.4,adv_cycle,8,0,8,0,0,5,0,3,,,0.625,0.888887,0.076646,0.226852,,0,0,8,43
metrics,bruteforce,metrics,ABCDE,90,0.55,none,8,0,8,0,0,0,0,8,,,0.0,0.312344,0.0,0.0,,0,0,8,0
metrics,bruteforce,metrics,ABCDE,90,0.55,row_skip_1,8,8,0,0,4,0,4,0,0.0,0.5,,,0.59585,0.282407,0.504425,113,57,8,1
metrics,bruteforce,metrics,ABCDE,90,0.55,row_skip_2,8,8,0,0,2,0,6,0,0.0,0.25,,,0.784979,0.166667,0.542373,59,32,8,7
metrics,bruteforce,metrics,ABCDE,90,0.55,early_full,8,8,0,0,8,0,0,0,0.0,1.0,,,0.134602,0.75463,0.923497,183,169,8,0
metrics,bruteforce,metrics,ABCDE,90,0.55,boundary,8,8,0,0,1,0,7,0,0.0,0.125,,,0.924554,0.046296,0.238095,42,10,8,1
metrics,bruteforce,metrics,ABCDE,90,0.55,short_local,8,8,0,0,0,0,8,0,0.0,0.0,,,1.0,0.0,0.0,10,0,8,0
metrics,bruteforce,metrics,ABCDE,90,0.55,whole_section,8,8,0,0,1,0,7,0,0.0,0.125,,,0.904321,0.055556,0.022472,89,2,8,7
metrics,bruteforce,metrics,ABCDE,90,0.55,anxiety,8,8,0,0,4,0,4,0,0.0,0.5,,,0.548183,0.347222,0.510345,145,74,8,0
metrics,bruteforce,metrics,ABCDE,90,0.55,double_shift,8,8,0,0,6,0,2,0,0.0,0.75,,,0.347908,0.513889,0.611111,180,110,8,1
metrics,bruteforce,metrics,ABCDE,90,0.55,self_corrected,8,8,0,0,0,0,8,0,0.0,0.0,,,0.973765,0.013889,0.0,66,0,8,0
metrics,bruteforce,metrics,ABCDE,90,0.55,deferred,8,8,0,0,2,0,6,0,0.0,0.25,,,0.764575,0.162037,0.410256,78,32,8,1
metrics,bruteforce,metrics,ABCDE,90,0.55,isolated,8,8,0,0,0,0,8,0,0.0,0.0,,,1.0,0.0,0.0,5,0,8,0
metrics,bruteforce,metrics,ABCDE,90,0.55,scanner_blank_1,8,8,0,0,3,0,5,0,0.0,0.375,,,0.679527,0.263889,0.558824,102,57,8,0
metrics,bruteforce,metrics,ABCDE,90,0.55,scanner_blank_2,8,8,0,0,3,0,5,0,0.0,0.375,,,0.601166,0.296296,0.554455,101,56,8,2
metrics,bruteforce,metrics,ABCDE,90,0.55,scanner_row_delete_1,8,8,0,0,0,0,8,0,0.0,0.0,,,,,0.0,149,0,8,1
metrics,bruteforce,metrics,ABCDE,90,0.55,scanner_row_delete_2,8,8,0,0,0,0,8,0,0.0,0.0,,,,,0.0,26,0,8,4
metrics,bruteforce,metrics,ABCDE,90,0.55,scanner_misread_1,8,0,8,0,0,0,0,8,,,0.0,0.312344,0.0,0.0,,0,0,8,0
metrics,bruteforce,metrics,ABCDE,90,0.55,scanner_misread_4,8,0,8,0,0,0,0,8,,,0.0,0.312344,0.0,0.0,,0,0,8,0
metrics,bruteforce,metrics,ABCDE,90,0.55,scanner_faint_1,8,0,8,0,0,0,0,8,,,0.0,0.312344,0.0,0.0,,0,0,8,0
metrics,bruteforce,metrics,ABCDE,90,0.55,scanner_faint_4,8,0,8,0,0,2,0,6,,,0.25,0.599689,0.024863,0.078704,,0,0,8,17
metrics,bruteforce,metrics,ABCDE,90,0.55,scanner_double_4,8,0,8,0,0,0,0,8,,,0.0,0.312344,0.000686,0.009259,,0,0,8,0
metrics,bruteforce,metrics,ABCDE,90,0.55,adv_long_runs,8,0,8,0,0,4,0,4,,,0.5,0.807097,0.027435,0.138889,,0,0,8,24
metrics,bruteforce,metrics,ABCDE,90,0.55,adv_favourite,8,0,8,0,0,0,0,8,,,0.0,0.312344,0.0,0.0,,0,0,8,0
metrics,bruteforce,metrics,ABCDE,90,0.55,adv_easy_block,8,0,8,0,0,0,0,8,,,0.0,0.312344,0.0,0.0,,0,0,8,0
metrics,bruteforce,metrics,ABCDE,90,0.55,adv_key_leakage,8,8,0,8,0,0,0,0,1.0,1.0,,,0.0,1.0,1.0,565,565,8,0
metrics,bruteforce,metrics,ABCDE,90,0.55,adv_cycle,8,0,8,0,0,5,0,3,,,0.625,0.888887,0.039609,0.171296,,0,0,8,33
metrics,bruteforce,metrics,ABCDE,90,0.7,none,8,0,8,0,0,0,0,8,,,0.0,0.312344,0.0,0.0,,0,0,8,0
metrics,bruteforce,metrics,ABCDE,90,0.7,row_skip_1,8,8,0,0,1,0,7,0,0.0,0.125,,,0.857167,0.134259,0.369369,111,41,8,0
metrics,bruteforce,metrics,ABCDE,90,0.7,row_skip_2,8,8,0,0,4,0,4,0,0.0,0.5,,,0.585562,0.337963,0.503876,129,65,8,8
metrics,bruteforce,metrics,ABCDE,90,0.7,early_full,8,8,0,2,5,0,1,0,0.25,0.875,,,0.213134,0.726852,0.978723,235,230,8,21
metrics,bruteforce,metrics,ABCDE,90,0.7,boundary,8,8,0,0,3,0,5,0,0.0,0.375,,,0.832133,0.097222,0.185841,113,21,8,1
metrics,bruteforce,metrics,ABCDE,90,0.7,short_local,8,8,0,0,0,0,8,0,0.0,0.0,,,1.0,0.0,0.0,29,0,8,0
metrics,bruteforce,metrics,ABCDE,90,0.7,whole_section,8,8,0,0,2,0,6,0,0.0,0.25,,,0.798525,0.115741,0.12782,133,17,8,0
metrics,bruteforce,metrics,ABCDE,90,0.7,anxiety,8,8,0,0,1,0,7,0,0.0,0.125,,,0.876543,0.111111,0.23301,103,24,8,3
metrics,bruteforce,metrics,ABCDE,90,0.7,double_shift,8,8,0,0,4,0,4,0,0.0,0.5,,,0.694445,0.194444,0.198068,207,41,8,0
metrics,bruteforce,metrics,ABCDE,90,0.7,self_corrected,8,8,0,0,0,0,8,0,0.0,0.0,,,0.990912,0.00463,0.0,65,0,8,0
metrics,bruteforce,metrics,ABCDE,90,0.7,deferred,8,8,0,0,2,0,6,0,0.0,0.25,,,0.755487,0.175926,0.224359,156,35,8,0
metrics,bruteforce,metrics,ABCDE,90,0.7,isolated,8,8,0,0,0,0,8,0,0.0,0.0,,,1.0,0.0,0.0,5,0,8,2
metrics,bruteforce,metrics,ABCDE,90,0.7,scanner_blank_1,8,8,0,0,3,0,5,0,0.0,0.375,,,0.671982,0.273148,0.406897,145,59,8,0
metrics,bruteforce,metrics,ABCDE,90,0.7,scanner_blank_2,8,8,0,0,2,0,6,0,0.0,0.25,,,0.765604,0.199074,0.36478,159,58,8,0
metrics,bruteforce,metrics,ABCDE,90,0.7,scanner_row_delete_1,8,8,0,0,0,0,8,0,0.0,0.0,,,,,0.0,67,0,8,0
metrics,bruteforce,metrics,ABCDE,90,0.7,scanner_row_delete_2,8,8,0,0,0,0,8,0,0.0,0.0,,,,,0.0,132,0,8,0
metrics,bruteforce,metrics,ABCDE,90,0.7,scanner_misread_1,8,0,8,0,0,0,0,8,,,0.0,0.312344,0.0,0.0,,0,0,8,0
metrics,bruteforce,metrics,ABCDE,90,0.7,scanner_misread_4,8,0,8,0,0,1,0,7,,,0.125,0.470679,0.00703,0.041667,,0,0,8,5
metrics,bruteforce,metrics,ABCDE,90,0.7,scanner_faint_1,8,0,8,0,0,0,0,8,,,0.0,0.312344,0.0,0.0,,0,0,8,0
metrics,bruteforce,metrics,ABCDE,90,0.7,scanner_faint_4,8,0,8,0,0,2,0,6,,,0.25,0.599689,0.03738,0.092592,,0,0,8,20
metrics,bruteforce,metrics,ABCDE,90,0.7,scanner_double_4,8,0,8,0,0,0,0,8,,,0.0,0.312344,0.002743,0.018519,,0,0,8,0
metrics,bruteforce,metrics,ABCDE,90,0.7,adv_long_runs,8,0,8,0,0,1,0,7,,,0.125,0.470679,0.009088,0.069444,,0,0,8,5
metrics,bruteforce,metrics,ABCDE,90,0.7,adv_favourite,8,0,8,0,0,0,0,8,,,0.0,0.312344,0.0,0.0,,0,0,8,0
metrics,bruteforce,metrics,ABCDE,90,0.7,adv_easy_block,8,0,8,0,0,0,0,8,,,0.0,0.312344,0.0,0.0,,0,0,8,0
metrics,bruteforce,metrics,ABCDE,90,0.7,adv_key_leakage,8,8,0,8,0,0,0,0,1.0,1.0,,,0.0,1.0,1.0,554,554,8,0
metrics,bruteforce,metrics,ABCDE,90,0.7,adv_cycle,8,0,8,0,0,4,0,4,,,0.5,0.807097,0.038237,0.162037,,0,0,8,27
metrics,bruteforce,metrics,ABCDE,90,0.85,none,8,0,8,0,0,1,0,7,,,0.125,0.470679,0.012517,0.050926,,0,0,8,8
metrics,bruteforce,metrics,ABCDE,90,0.85,row_skip_1,8,8,0,0,3,0,5,0,0.0,0.375,,,0.735597,0.203704,0.212121,165,35,8,11
metrics,bruteforce,metrics,ABCDE,90,0.85,row_skip_2,8,8,0,0,3,0,5,0,0.0,0.375,,,0.576817,0.351852,0.313364,217,68,8,1
metrics,bruteforce,metrics,ABCDE,90,0.85,early_full,8,8,0,2,6,0,0,0,0.25,1.0,,,0.0,1.0,0.953883,412,393,8,0
metrics,bruteforce,metrics,ABCDE,90,0.85,boundary,8,8,0,0,2,0,6,0,0.0,0.25,,,0.835905,0.106482,0.123529,170,21,8,0
metrics,bruteforce,metrics,ABCDE,90,0.85,short_local,8,8,0,0,0,0,8,0,0.0,0.0,,,1.0,0.0,0.0,35,0,8,0
metrics,bruteforce,metrics,ABCDE,90,0.85,whole_section,8,8,0,0,0,0,8,0,0.0,0.0,,,0.938786,0.032407,0.0,135,0,8,3
metrics,bruteforce,metrics,ABCDE,90,0.85,anxiety,8,8,0,0,3,0,5,0,0.0,0.375,,,0.73371,0.162037,0.25,124,31,8,6
metrics,bruteforce,metrics,ABCDE,90,0.85,double_shift,8,8,0,0,5,0,3,0,0.0,0.625,,,0.510459,0.356481,0.299242,264,79,8,0
metrics,bruteforce,metrics,ABCDE,90,0.85,self_corrected,8,8,0,0,2,0,6,0,0.0,0.25,,,0.832647,0.111111,0.138889,72,10,8,15
metrics,bruteforce,metrics,ABCDE,90,0.85,deferred,8,8,0,0,4,0,4,0,0.0,0.5,,,0.568587,0.407407,0.486607,224,109,8,0
metrics,bruteforce,metrics,ABCDE,90,0.85,isolated,8,8,0,0,0,0,8,0,0.0,0.0,,,1.0,0.0,0.0,8,0,8,0
metrics,bruteforce,metrics,ABCDE,90,0.85,scanner_blank_1,8,8,0,0,4,0,4,0,0.0,0.5,,,0.574931,0.356481,0.538462,195,105,8,7
metrics,bruteforce,metrics,ABCDE,90,0.85,scanner_blank_2,8,8,0,0,5,0,3,0,0.0,0.625,,,0.522119,0.375,0.605096,157,95,8,10
metrics,bruteforce,metrics,ABCDE,90,0.85,scanner_row_delete_1,8,8,0,0,0,0,8,0,0.0,0.0,,,,,0.0,149,0,8,0
metrics,bruteforce,metrics,ABCDE,90,0.85,scanner_row_delete_2,8,8,0,0,0,0,8,0,0.0,0.0,,,,,0.0,58,0,8,2
metrics,bruteforce,metrics,ABCDE,90,0.85,scanner_misread_1,8,0,8,0,0,0,0,8,,,0.0,0.312344,0.0,0.0,,0,0,8,0
metrics,bruteforce,metrics,ABCDE,90,0.85,scanner_misread_4,8,0,8,0,0,0,0,8,,,0.0,0.312344,0.0,0.0,,0,0,8,0
metrics,bruteforce,metrics,ABCDE,90,0.85,scanner_faint_1,8,0,8,0,0,0,0,8,,,0.0,0.312344,0.0,0.0,,0,0,8,0
metrics,bruteforce,metrics,ABCDE,90,0.85,scanner_faint_4,8,0,8,0,0,0,0,8,,,0.0,0.312344,0.0,0.0,,0,0,8,0
metrics,bruteforce,metrics,ABCDE,90,0.85,scanner_double_4,8,0,8,0,0,1,0,7,,,0.125,0.470679,0.028978,0.060185,,0,0,8,13
metrics,bruteforce,metrics,ABCDE,90,0.85,adv_long_runs,8,0,8,0,0,2,0,6,,,0.25,0.599689,0.020919,0.111111,,0,0,8,13
metrics,bruteforce,metrics,ABCDE,90,0.85,adv_favourite,8,0,8,0,0,0,0,8,,,0.0,0.312344,0.0,0.0,,0,0,8,0
metrics,bruteforce,metrics,ABCDE,90,0.85,adv_easy_block,8,0,8,0,0,0,0,8,,,0.0,0.312344,0.0,0.0,,0,0,8,0
metrics,bruteforce,metrics,ABCDE,90,0.85,adv_key_leakage,8,8,0,8,0,0,0,0,1.0,1.0,,,0.0,1.0,1.0,565,565,8,0
metrics,bruteforce,metrics,ABCDE,90,0.85,adv_cycle,8,0,8,0,0,5,0,3,,,0.625,0.888887,0.108368,0.268518,,0,0,8,52
metrics,bruteforce,metrics,ABCDE,90,0.95,none,8,0,8,0,0,0,0,8,,,0.0,0.312344,0.0,0.0,,0,0,8,0
metrics,bruteforce,metrics,ABCDE,90,0.95,row_skip_1,8,8,0,0,1,0,7,0,0.0,0.125,,,0.892147,0.078704,0.114094,149,17,8,0
metrics,bruteforce,metrics,ABCDE,90,0.95,row_skip_2,8,8,0,0,6,0,2,0,0.0,0.75,,,0.283265,0.657408,0.637288,295,188,8,0
metrics,bruteforce,metrics,ABCDE,90,0.95,early_full,8,8,0,3,5,0,0,0,0.375,1.0,,,0.055556,0.916667,0.967005,394,381,8,10
metrics,bruteforce,metrics,ABCDE,90,0.95,boundary,8,8,0,0,1,0,7,0,0.0,0.125,,,0.9369,0.037037,0.075472,106,8,8,1
metrics,bruteforce,metrics,ABCDE,90,0.95,short_local,8,8,0,0,1,0,7,0,0.0,0.125,,,0.895748,0.074074,0.025641,39,1,8,15
metrics,bruteforce,metrics,ABCDE,90,0.95,whole_section,8,8,0,0,3,0,5,0,0.0,0.375,,,0.783779,0.125,0.089474,190,17,8,8
metrics,bruteforce,metrics,ABCDE,90,0.95,anxiety,8,8,0,0,5,0,3,0,0.0,0.625,,,0.376372,0.606482,0.592157,255,151,8,0
metrics,bruteforce,metrics,ABCDE,90,0.95,double_shift,8,8,0,0,6,0,2,0,0.0,0.75,,,0.292009,0.625,0.448598,321,144,8,0
metrics,bruteforce,metrics,ABCDE,90,0.95,self_corrected,8,8,0,0,0,0,8,0,0.0,0.0,,,1.0,0.0,0.0,101,0,8,0
metrics,bruteforce,metrics,ABCDE,90,0.95,deferred,8,8,0,0,4,0,4,0,0.0,0.5,,,0.483711,0.49537,0.561404,285,160,8,0
metrics,bruteforce,metrics,ABCDE,90,0.95,isolated,8,8,0,0,1,0,7,0,0.0,0.125,,,0.884602,0.069444,0.0,9,0,8,12
metrics,bruteforce,metrics,ABCDE,90,0.95,scanner_blank_1,8,8,0,0,3,0,5,0,0.0,0.375,,,0.700617,0.277778,0.456044,182,83,8,5
metrics,bruteforce,metrics,ABCDE,90,0.95,scanner_blank_2,8,8,0,0,3,0,5,0,0.0,0.375,,,0.716049,0.231482,0.286517,178,51,8,2
metrics,bruteforce,metrics,ABCDE,90,0.95,scanner_row_delete_1,8,8,0,0,0,0,8,0,0.0,0.0,,,,,0.0,175,0,8,0
metrics,bruteforce,metrics,ABCDE,90,0.95,scanner_row_delete_2,8,8,0,0,0,0,8,0,0.0,0.0,,,,,0.0,204,0,8,0
metrics,bruteforce,metrics,ABCDE,90,0.95,scanner_misread_1,8,0,8,0,0,0,0,8,,,0.0,0.312344,0.0,0.0,,0,0,8,0
metrics,bruteforce,metrics,ABCDE,90,0.95,scanner_misread_4,8,0,8,0,0,2,0,6,,,0.25,0.599689,0.029149,0.083333,,0,0,8,18
metrics,bruteforce,metrics,ABCDE,90,0.95,scanner_faint_1,8,0,8,0,0,0,0,8,,,0.0,0.312344,0.0,0.0,,0,0,8,0
metrics,bruteforce,metrics,ABCDE,90,0.95,scanner_faint_4,8,0,8,0,0,0,0,8,,,0.0,0.312344,0.0,0.0,,0,0,8,0
metrics,bruteforce,metrics,ABCDE,90,0.95,scanner_double_4,8,0,8,0,0,0,0,8,,,0.0,0.312344,0.0,0.0,,0,0,8,0
metrics,bruteforce,metrics,ABCDE,90,0.95,adv_long_runs,8,0,8,0,0,1,0,7,,,0.125,0.470679,0.012174,0.087963,,0,0,8,5
metrics,bruteforce,metrics,ABCDE,90,0.95,adv_favourite,8,0,8,0,0,0,0,8,,,0.0,0.312344,0.0,0.0,,0,0,8,0
metrics,bruteforce,metrics,ABCDE,90,0.95,adv_easy_block,8,0,8,0,0,0,0,8,,,0.0,0.312344,0.0,0.0,,0,0,8,0
metrics,bruteforce,metrics,ABCDE,90,0.95,adv_key_leakage,8,8,0,8,0,0,0,0,1.0,1.0,,,0.0,1.0,1.0,577,577,8,0
metrics,bruteforce,metrics,ABCDE,90,0.95,adv_cycle,8,0,8,0,0,5,0,3,,,0.625,0.888887,0.057956,0.203704,,0,0,8,39
metrics,bruteforce,metrics,ABCDE,100,0.26,none,8,0,8,0,0,0,0,8,,,0.0,0.312344,0.0,0.0,,0,0,8,0
metrics,bruteforce,metrics,ABCDE,100,0.26,row_skip_1,8,8,0,0,3,0,5,0,0.0,0.375,,,0.794861,0.120833,0.456522,46,21,8,6
metrics,bruteforce,metrics,ABCDE,100,0.26,row_skip_2,8,8,0,0,2,0,6,0,0.0,0.25,,,0.86125,0.079167,0.380952,42,16,8,3
metrics,bruteforce,metrics,ABCDE,100,0.26,early_full,8,8,0,0,5,0,3,0,0.0,0.625,,,0.626111,0.225,0.883721,43,38,8,12
metrics,bruteforce,metrics,ABCDE,100,0.26,boundary,8,8,0,0,1,0,7,0,0.0,0.125,,,0.878611,0.066667,0.291667,24,7,8,9
metrics,bruteforce,metrics,ABCDE,100,0.26,short_local,8,8,0,0,1,0,7,0,0.0,0.125,,,0.891389,0.066667,0.0,9,0,8,19
metrics,bruteforce,metrics,ABCDE,100,0.26,whole_section,8,8,0,0,3,0,5,0,0.0,0.375,,,0.77625,0.1375,0.322581,31,10,8,27
metrics,bruteforce,metrics,ABCDE,100,0.26,anxiety,8,8,0,0,3,0,5,0,0.0,0.375,,,0.824722,0.1,0.405405,37,15,8,18
metrics,bruteforce,metrics,ABCDE,100,0.26,double_shift,8,8,0,0,1,0,7,0,0.0,0.125,,,0.875278,0.066667,0.0,17,0,8,25
metrics,bruteforce,metrics,ABCDE,100,0.26,self_corrected,8,8,0,0,0,0,8,0,0.0,0.0,,,1.0,0.0,0.0,32,0,8,0
metrics,bruteforce,metrics,ABCDE,100,0.26,deferred,8,8,0,0,2,0,6,0,0.0,0.25,,,0.866945,0.075,0.533333,15,8,8,24
metrics,bruteforce,metrics,ABCDE,100,0.26,isolated,8,8,0,0,3,0,5,0,0.0,0.375,,,0.818194,0.104167,0.5,2,1,8,22
metrics,bruteforce,metrics,ABCDE,100,0.26,scanner_blank_1,8,8,0,0,2,0,6,0,0.0,0.25,,,0.850556,0.091667,0.415094,53,22,8,8
metrics,bruteforce,metrics,ABCDE,100,0.26,scanner_blank_2,8,8,0,0,2,0,6,0,0.0,0.25,,,0.789305,0.120833,0.363636,33,12,8,13
metrics,bruteforce,metrics,ABCDE,100,0.26,scanner_row_delete_1,8,8,0,0,0,0,8,0,0.0,0.0,,,,,0.0,16,0,8,4
metrics,bruteforce,metrics,ABCDE,100,0.26,scanner_row_delete_2,8,8,0,0,0,0,8,0,0.0,0.0,,,,,0.0,14,0,8,39
metrics,bruteforce,metrics,ABCDE,100,0.26,scanner_misread_1,8,0,8,0,0,0,0,8,,,0.0,0.312344,0.001806,0.020833,,0,0,8,0
metrics,bruteforce,metrics,ABCDE,100,0.26,scanner_misread_4,8,0,8,0,0,4,0,4,,,0.5,0.807097,0.050694,0.170833,,0,0,8,36
metrics,bruteforce,metrics,ABCDE,100,0.26,scanner_faint_1,8,0,8,0,0,1,0,7,,,0.125,0.470679,0.013889,0.041667,,0,0,8,10
metrics,bruteforce,metrics,ABCDE,100,0.26,scanner_faint_4,8,0,8,0,0,2,0,6,,,0.25,0.599689,0.047222,0.108333,,0,0,8,26
metrics,bruteforce,metrics,ABCDE,100,0.26,scanner_double_4,8,0,8,0,0,3,0,5,,,0.375,0.710759,0.012083,0.070833,,0,0,8,16
metrics,bruteforce,metrics,ABCDE,100,0.26,adv_long_runs,8,0,8,0,0,1,0,7,,,0.125,0.470679,0.008056,0.075,,0,0,8,5
metrics,bruteforce,metrics,ABCDE,100,0.26,adv_favourite,8,0,8,0,0,0,0,8,,,0.0,0.312344,0.0,0.0,,0,0,8,0
metrics,bruteforce,metrics,ABCDE,100,0.26,adv_easy_block,8,0,8,0,0,0,0,8,,,0.0,0.312344,0.0,0.0,,0,0,8,0
metrics,bruteforce,metrics,ABCDE,100,0.26,adv_key_leakage,8,8,0,8,0,0,0,0,1.0,1.0,,,0.0,1.0,1.0,627,627,8,0
metrics,bruteforce,metrics,ABCDE,100,0.26,adv_cycle,8,0,8,0,0,6,0,2,,,0.75,0.953611,0.103889,0.275,,0,0,8,62
metrics,bruteforce,metrics,ABCDE,100,0.4,none,8,0,8,0,0,1,0,7,,,0.125,0.470679,0.008889,0.033333,,0,0,8,8
metrics,bruteforce,metrics,ABCDE,100,0.4,row_skip_1,8,8,0,0,3,0,5,0,0.0,0.375,,,0.680417,0.2125,0.68254,63,43,8,7
metrics,bruteforce,metrics,ABCDE,100,0.4,row_skip_2,8,8,0,0,2,0,6,0,0.0,0.25,,,0.791389,0.133333,0.6,30,18,8,18
metrics,bruteforce,metrics,ABCDE,100,0.4,early_full,8,8,0,0,5,0,3,0,0.0,0.625,,,0.490555,0.375,0.940476,84,79,8,8
metrics,bruteforce,metrics,ABCDE,100,0.4,boundary,8,8,0,0,4,0,4,0,0.0,0.5,,,0.765278,0.141667,0.537037,54,29,8,9
metrics,bruteforce,metrics,ABCDE,100,0.4,short_local,8,8,0,0,1,0,7,0,0.0,0.125,,,0.948472,0.029167,0.0,14,0,8,12
metrics,bruteforce,metrics,ABCDE,100,0.4,whole_section,8,8,0,0,2,0,6,0,0.0,0.25,,,0.895278,0.058333,0.209677,62,13,8,0
metrics,bruteforce,metrics,ABCDE,100,0.4,anxiety,8,8,0,0,3,0,5,0,0.0,0.375,,,0.729583,0.1875,0.625,56,35,8,16
metrics,bruteforce,metrics,ABCDE,100,0.4,double_shift,8,8,0,0,5,0,3,0,0.0,0.625,,,0.628889,0.233333,0.489362,94,46,8,12
metrics,bruteforce,metrics,ABCDE,100,0.4,self_corrected,8,8,0,0,0,0,8,0,0.0,0.0,,,1.0,0.0,0.0,43,0,8,0
metrics,bruteforce,metrics,ABCDE,100,0.4,deferred,8,8,0,0,5,0,3,0,0.0,0.625,,,0.644028,0.220833,0.536585,82,44,8,6
metrics,bruteforce,metrics,ABCDE,100,0.4,isolated,8,8,0,0,3,0,5,0,0.0,0.375,,,0.812361,0.1125,0.2,5,1,8,28
metrics,bruteforce,metrics,ABCDE,100,0.4,scanner_blank_1,8,8,0,0,4,0,4,0,0.0,0.5,,,0.660972,0.204167,0.401869,107,43,8,0
metrics,bruteforce,metrics,ABCDE,100,0.4,scanner_blank_2,8,8,0,0,3,0,5,0,0.0,0.375,,,0.77375,0.1375,0.364706,85,31,8,9
metrics,bruteforce,metrics,ABCDE,100,0.4,scanner_row_delete_1,8,8,0,0,0,0,8,0,0.0,0.0,,,,,0.0,19,0,8,4
metrics,bruteforce,metrics,ABCDE,100,0.4,scanner_row_delete_2,8,8,0,0,0,0,8,0,0.0,0.0,,,,,0.0,59,0,8,5
metrics,bruteforce,metrics,ABCDE,100,0.4,scanner_misread_1,8,0,8,0,0,1,0,7,,,0.125,0.470679,0.003472,0.020833,,0,0,8,5
metrics,bruteforce,metrics,ABCDE,100,0.4,scanner_misread_4,8,0,8,0,0,0,0,8,,,0.0,0.312344,0.00125,0.0125,,0,0,8,0
metrics,bruteforce,metrics,ABCDE,100,0.4,scanner_faint_1,8,0,8,0,0,0,0,8,,,0.0,0.312344,0.000556,0.008333,,0,0,8,0
metrics,bruteforce,metrics,ABCDE,100,0.4,scanner_faint_4,8,0,8,0,0,0,0,8,,,0.0,0.312344,0.001111,0.016667,,0,0,8,0
metrics,bruteforce,metrics,ABCDE,100,0.4,scanner_double_4,8,0,8,0,0,1,0,7,,,0.125,0.470679,0.003472,0.020833,,0,0,8,5
metrics,bruteforce,metrics,ABCDE,100,0.4,adv_long_runs,8,0,8,0,0,4,0,4,,,0.5,0.807097,0.015972,0.104167,,0,0,8,21
metrics,bruteforce,metrics,ABCDE,100,0.4,adv_favourite,8,0,8,0,0,0,0,8,,,0.0,0.312344,0.0,0.0,,0,0,8,0
metrics,bruteforce,metrics,ABCDE,100,0.4,adv_easy_block,8,0,8,0,0,0,0,8,,,0.0,0.312344,0.0,0.0,,0,0,8,0
metrics,bruteforce,metrics,ABCDE,100,0.4,adv_key_leakage,8,8,0,8,0,0,0,0,1.0,1.0,,,0.0,1.0,1.0,644,644,8,0
metrics,bruteforce,metrics,ABCDE,100,0.4,adv_cycle,8,0,8,0,0,2,0,6,,,0.25,0.599689,0.021667,0.091667,,0,0,8,16
metrics,bruteforce,metrics,ABCDE,100,0.55,none,8,0,8,0,0,0,0,8,,,0.0,0.312344,0.000139,0.004167,,0,0,8,0
metrics,bruteforce,metrics,ABCDE,100,0.55,row_skip_1,8,8,0,0,3,0,5,0,0.0,0.375,,,0.742361,0.204167,0.408333,120,49,8,0
metrics,bruteforce,metrics,ABCDE,100,0.55,row_skip_2,8,8,0,0,2,0,6,0,0.0,0.25,,,0.890694,0.0625,0.15625,96,15,8,4
metrics,bruteforce,metrics,ABCDE,100,0.55,early_full,8,8,0,1,5,0,2,0,0.125,0.75,,,0.301528,0.6125,0.913295,173,158,8,1
metrics,bruteforce,metrics,ABCDE,100,0.55,boundary,8,8,0,0,2,0,6,0,0.0,0.25,,,0.843194,0.095833,0.392857,56,22,8,2
metrics,bruteforce,metrics,ABCDE,100,0.55,short_local,8,8,0,0,1,0,7,0,0.0,0.125,,,0.93625,0.0375,0.0,16,0,8,11
metrics,bruteforce,metrics,ABCDE,100,0.55,whole_section,8,8,0,0,2,0,6,0,0.0,0.25,,,0.903472,0.054167,0.1,130,13,8,0
metrics,bruteforce,metrics,ABCDE,100,0.55,anxiety,8,8,0,0,3,0,5,0,0.0,0.375,,,0.738611,0.183333,0.338462,130,44,8,0
metrics,bruteforce,metrics,ABCDE,100,0.55,double_shift,8,8,0,0,5,0,3,0,0.0,0.625,,,0.66125,0.204167,0.456311,103,47,8,2
metrics,bruteforce,metrics,ABCDE,100,0.55,self_corrected,8,8,0,0,1,0,7,0,0.0,0.125,,,0.925139,0.045833,0.022222,45,1,8,10
metrics,bruteforce,metrics,ABCDE,100,0.55,deferred,8,8,0,0,3,0,5,0,0.0,0.375,,,0.747083,0.154167,0.262295,122,32,8,4
metrics,bruteforce,metrics,ABCDE,100,0.55,isolated,8,8,0,0,0,0,8,0,0.0,0.0,,,1.0,0.0,0.0,5,0,8,1
metrics,bruteforce,metrics,ABCDE,100,0.55,scanner_blank_1,8,8,0,0,0,0,8,0,0.0,0.0,,,1.0,0.0,0.0,55,0,8,2
metrics,bruteforce,metrics,ABCDE,100,0.55,scanner_blank_2,8,8,0,0,2,0,6,0,0.0,0.25,,,0.829861,0.095833,0.207792,77,16,8,1
metrics,bruteforce,metrics,ABCDE,100,0.55,scanner_row_delete_1,8,8,0,0,0,0,8,0,0.0,0.0,,,,,0.0,144,0,8,0
metrics,bruteforce,metrics,ABCDE,100,0.55,scanner_row_delete_2,8,8,0,0,0,0,8,0,0.0,0.0,,,,,0.0,36,0,8,0
metrics,bruteforce,metrics,ABCDE,100,0.55,scanner_misread_1,8,0,8,0,0,0,0,8,,,0.0,0.312344,0.0,0.0,,0,0,8,0
metrics,bruteforce,metrics,ABCDE,100,0.55,scanner_misread_4,8,0,8,0,0,1,0,7,,,0.125,0.470679,0.009028,0.0375,,0,0,8,8
metrics,bruteforce,metrics,ABCDE,100,0.55,scanner_faint_1,8,0,8,0,0,2,0,6,,,0.25,0.599689,0.011806,0.054167,,0,0,8,13
metrics,bruteforce,metrics,ABCDE,100,0.55,scanner_faint_4,8,0,8,0,0,1,0,7,,,0.125,0.470679,0.007222,0.041667,,0,0,8,6
metrics,bruteforce,metrics,ABCDE,100,0.55,scanner_double_4,8,0,8,0,0,0,0,8,,,0.0,0.312344,0.002222,0.016667,,0,0,8,0
metrics,bruteforce,metrics,ABCDE,100,0.55,adv_long_runs,8,0,8,0,0,2,0,6,,,0.25,0.599689,0.016389,0.108333,,0,0,8,12
metrics,bruteforce,metrics,ABCDE,100,0.55,adv_favourite,8,0,8,0,0,0,0,8,,,0.0,0.312344,0.0,0.0,,0,0,8,0
metrics,bruteforce,metrics,ABCDE,100,0.55,adv_easy_block,8,0,8,0,0,0,0,8,,,0.0,0.312344,0.0,0.0,,0,0,8,0
metrics,bruteforce,metrics,ABCDE,100,0.55,adv_key_leakage,8,8,0,8,0,0,0,0,1.0,1.0,,,0.0,1.0,1.0,620,620,8,0
metrics,bruteforce,metrics,ABCDE,100,0.55,adv_cycle,8,0,8,0,0,6,0,2,,,0.75,0.953611,0.047639,0.195833,,0,0,8,42
metrics,bruteforce,metrics,ABCDE,100,0.7,none,8,0,8,0,0,0,0,8,,,0.0,0.312344,0.0,0.0,,0,0,8,0
metrics,bruteforce,metrics,ABCDE,100,0.7,row_skip_1,8,8,0,0,1,0,7,0,0.0,0.125,,,0.92,0.05,0.125,96,12,8,3
metrics,bruteforce,metrics,ABCDE,100,0.7,row_skip_2,8,8,0,0,4,0,4,0,0.0,0.5,,,0.504028,0.4625,0.559406,202,113,8,4
metrics,bruteforce,metrics,ABCDE,100,0.7,early_full,8,8,0,2,6,0,0,0,0.25,1.0,,,0.008889,0.966667,0.949721,358,340,8,0
metrics,bruteforce,metrics,ABCDE,100,0.7,boundary,8,8,0,0,0,0,8,0,0.0,0.0,,,1.0,0.0,0.0,44,0,8,0
metrics,bruteforce,metrics,ABCDE,100,0.7,short_local,8,8,0,0,0,0,8,0,0.0,0.0,,,1.0,0.0,0.0,27,0,8,0
metrics,bruteforce,metrics,ABCDE,100,0.7,whole_section,8,8,0,0,0,0,8,0,0.0,0.0,,,0.921667,0.041667,0.0,153,0,8,0
metrics,bruteforce,metrics,ABCDE,100,0.7,anxiety,8,8,0,0,5,0,3,0,0.0,0.625,,,0.445972,0.479167,0.629442,197,124,8,0
metrics,bruteforce,metrics,ABCDE,100,0.7,double_shift,8,8,0,0,5,0,3,0,0.0,0.625,,,0.556944,0.333333,0.354978,231,82,8,0
metrics,bruteforce,metrics,ABCDE,100,0.7,self_corrected,8,8,0,0,0,0,8,0,0.0,0.0,,,1.0,0.0,0.0,67,0,8,3
metrics,bruteforce,metrics,ABCDE,100,0.7,deferred,8,8,0,0,3,0,5,0,0.0,0.375,,,0.7175,0.225,0.364865,148,54,8,1
metrics,bruteforce,metrics,ABCDE,100,0.7,isolated,8,8,0,0,0,0,8,0,0.0,0.0,,,0.968889,0.016667,0.0,6,0,8,3
metrics,bruteforce,metrics,ABCDE,100,0.7,scanner_blank_1,8,8,0,0,3,0,5,0,0.0,0.375,,,0.761944,0.191667,0.308989,178,55,8,0
metrics,bruteforce,metrics,ABCDE,100,0.7,scanner_blank_2,8,8,0,0,3,0,5,0,0.0,0.375,,,0.628611,0.325,0.427313,227,97,8,0
metrics,bruteforce,metrics,ABCDE,100,0.7,scanner_row_delete_1,8,8,0,0,0,0,8,0,0.0,0.0,,,,,0.0,180,0,8,2
metrics,bruteforce,metrics,ABCDE,100,0.7,scanner_row_delete_2,8,8,0,0,0,0,8,0,0.0,0.0,,,,,0.0,152,0,8,0
metrics,bruteforce,metrics,ABCDE,100,0.7,scanner_misread_1,8,0,8,0,0,0,0,8,,,0.0,0.312344,0.0,0.0,,0,0,8,0
metrics,bruteforce,metrics,ABCDE,100,0.7,scanner_misread_4,8,0,8,0,0,0,0,8,,,0.0,0.312344,0.0,0.0,,0,0,8,0
metrics,bruteforce,metrics,ABCDE,100,0.7,scanner_faint_1,8,0,8,0,0,1,0,7,,,0.125,0.470679,0.003472,0.020833,,0,0,8,5
metrics,bruteforce,metrics,ABCDE,100,0.7,scanner_faint_4,8,0,8,0,0,0,0,8,,,0.0,0.312344,0.0,0.0,,0,0,8,0
metrics,bruteforce,metrics,ABCDE,100,0.7,scanner_double_4,8,0,8,0,0,1,0,7,,,0.125,0.470679,0.016806,0.045833,,0,0,8,11
metrics,bruteforce,metrics,ABCDE,100,0.7,adv_long_runs,8,0,8,0,0,1,0,7,,,0.125,0.470679,0.009167,0.075,,0,0,8,6
metrics,bruteforce,metrics,ABCDE,100,0.7,adv_favourite,8,0,8,0,0,0,0,8,,,0.0,0.312344,0.0,0.0,,0,0,8,0
metrics,bruteforce,metrics,ABCDE,100,0.7,adv_easy_block,8,0,8,0,0,0,0,8,,,0.0,0.312344,0.0,0.0,,0,0,8,0
metrics,bruteforce,metrics,ABCDE,100,0.7,adv_key_leakage,8,8,0,8,0,0,0,0,1.0,1.0,,,0.0,1.0,1.0,645,645,8,0
metrics,bruteforce,metrics,ABCDE,100,0.7,adv_cycle,8,0,8,0,0,6,0,2,,,0.75,0.953611,0.060694,0.204167,,0,0,8,46
metrics,bruteforce,metrics,ABCDE,100,0.85,none,8,0,8,0,0,1,0,7,,,0.125,0.470679,0.008889,0.033333,,0,0,8,8
metrics,bruteforce,metrics,ABCDE,100,0.85,row_skip_1,8,8,0,0,4,0,4,0,0.0,0.5,,,0.60625,0.3375,0.35865,237,85,8,0
metrics,bruteforce,metrics,ABCDE,100,0.85,row_skip_2,8,8,0,0,1,0,7,0,0.0,0.125,,,0.930694,0.0375,0.043103,116,5,8,0
metrics,bruteforce,metrics,ABCDE,100,0.85,early_full,8,8,0,2,4,0,2,0,0.25,0.75,,,0.277222,0.666667,0.957198,257,246,8,12
metrics,bruteforce,metrics,ABCDE,100,0.85,boundary,8,8,0,0,2,0,6,0,0.0,0.25,,,0.916805,0.045833,0.091667,120,11,8,0
metrics,bruteforce,metrics,ABCDE,100,0.85,short_local,8,8,0,0,2,0,6,0,0.0,0.25,,,0.916805,0.045833,0.0,24,0,8,12
metrics,bruteforce,metrics,ABCDE,100,0.85,whole_section,8,8,0,0,1,0,7,0,0.0,0.125,,,0.90625,0.0625,0.0,135,0,8,18
metrics,bruteforce,metrics,ABCDE,100,0.85,anxiety,8,8,0,0,3,0,5,0,0.0,0.375,,,0.638889,0.316667,0.547872,188,103,8,0
metrics,bruteforce,metrics,ABCDE,100,0.85,double_shift,8,8,0,0,5,0,3,0,0.0,0.625,,,0.507083,0.4125,0.347826,322,112,8,0
metrics,bruteforce,metrics,ABCDE,100,0.85,self_corrected,8,8,0,0,0,0,8,0,0.0,0.0,,,1.0,0.0,0.0,94,0,8,2
metrics,bruteforce,metrics,ABCDE,100,0.85,deferred,8,8,0,0,2,0,6,0,0.0,0.25,,,0.75,0.25,0.630435,138,87,8,0
metrics,bruteforce,metrics,ABCDE,100,0.85,isolated,8,8,0,0,0,0,8,0,0.0,0.0,,,1.0,0.0,0.0,7,0,8,2
metrics,bruteforce,metrics,ABCDE,100,0.85,scanner_blank_1,8,8,0,0,0,0,8,0,0.0,0.0,,,1.0,0.0,0.0,112,0,8,0
metrics,bruteforce,metrics,ABCDE,100,0.85,scanner_blank_2,8,8,0,0,1,0,7,0,0.0,0.125,,,0.948472,0.029167,0.044586,157,7,8,0
metrics,bruteforce,metrics,ABCDE,100,0.85,scanner_row_delete_1,8,8,0,0,0,0,8,0,0.0,0.0,,,,,0.0,321,0,8,0
metrics,bruteforce,metrics,ABCDE,100,0.85,scanner_row_delete_2,8,8,0,0,0,0,8,0,0.0,0.0,,,,,0.0,195,0,8,0
metrics,bruteforce,metrics,ABCDE,100,0.85,scanner_misread_1,8,0,8,0,0,0,0,8,,,0.0,0.312344,0.0,0.0,,0,0,8,0
metrics,bruteforce,metrics,ABCDE,100,0.85,scanner_misread_4,8,0,8,0,0,0,0,8,,,0.0,0.312344,0.002222,0.016667,,0,0,8,0
metrics,bruteforce,metrics,ABCDE,100,0.85,scanner_faint_1,8,0,8,0,0,0,0,8,,,0.0,0.312344,0.0,0.0,,0,0,8,0
metrics,bruteforce,metrics,ABCDE,100,0.85,scanner_faint_4,8,0,8,0,0,0,0,8,,,0.0,0.312344,0.0,0.0,,0,0,8,0
metrics,bruteforce,metrics,ABCDE,100,0.85,scanner_double_4,8,0,8,0,0,0,0,8,,,0.0,0.312344,0.0,0.0,,0,0,8,0
metrics,bruteforce,metrics,ABCDE,100,0.85,adv_long_runs,8,0,8,0,0,3,0,5,,,0.375,0.710759,0.028333,0.133333,,0,0,8,22
metrics,bruteforce,metrics,ABCDE,100,0.85,adv_favourite,8,0,8,0,0,0,0,8,,,0.0,0.312344,0.0,0.0,,0,0,8,0
metrics,bruteforce,metrics,ABCDE,100,0.85,adv_easy_block,8,0,8,0,0,0,0,8,,,0.0,0.312344,0.0,0.0,,0,0,8,0
metrics,bruteforce,metrics,ABCDE,100,0.85,adv_key_leakage,8,8,0,8,0,0,0,0,1.0,1.0,,,0.0,1.0,1.0,628,628,8,0
metrics,bruteforce,metrics,ABCDE,100,0.85,adv_cycle,8,0,8,0,0,2,0,6,,,0.25,0.599689,0.026528,0.095833,,0,0,8,18
metrics,bruteforce,metrics,ABCDE,100,0.95,none,8,0,8,0,0,0,0,8,,,0.0,0.312344,0.0,0.0,,0,0,8,0
metrics,bruteforce,metrics,ABCDE,100,0.95,row_skip_1,8,8,0,0,6,0,2,0,0.0,0.75,,,0.349583,0.5875,0.630631,333,210,8,8
metrics,bruteforce,metrics,ABCDE,100,0.95,row_skip_2,8,8,0,0,3,0,5,0,0.0,0.375,,,0.712361,0.2625,0.341709,199,68,8,2
metrics,bruteforce,metrics,ABCDE,100,0.95,early_full,8,8,0,2,5,0,1,0,0.25,0.875,,,0.155139,0.804167,0.963542,384,370,8,0
metrics,bruteforce,metrics,ABCDE,100,0.95,boundary,8,8,0,0,2,0,6,0,0.0,0.25,,,0.845139,0.095833,0.140244,164,23,8,0
metrics,bruteforce,metrics,ABCDE,100,0.95,short_local,8,8,0,0,0,0,8,0,0.0,0.0,,,1.0,0.0,0.0,32,0,8,2
metrics,bruteforce,metrics,ABCDE,100,0.95,whole_section,8,8,0,0,0,0,8,0,0.0,0.0,,,0.945139,0.029167,0.0,239,0,8,0
metrics,bruteforce,metrics,ABCDE,100,0.95,anxiety,8,8,0,0,3,0,5,0,0.0,0.375,,,0.709722,0.241667,0.299492,197,59,8,1
metrics,bruteforce,metrics,ABCDE,100,0.95,double_shift,8,8,0,0,5,0,3,0,0.0,0.625,,,0.455694,0.4875,0.392749,331,130,8,4
metrics,bruteforce,metrics,ABCDE,100,0.95,self_corrected,8,8,0,0,0,0,8,0,0.0,0.0,,,1.0,0.0,0.0,66,0,8,2
metrics,bruteforce,metrics,ABCDE,100,0.95,deferred,8,8,0,0,5,0,3,0,0.0,0.625,,,0.553611,0.375,0.469136,243,114,8,8
metrics,bruteforce,metrics,ABCDE,100,0.95,isolated,8,8,0,0,1,0,7,0,0.0,0.125,,,0.948472,0.029167,0.083333,12,1,8,6
metrics,bruteforce,metrics,ABCDE,100,0.95,scanner_blank_1,8,8,0,0,3,0,5,0,0.0,0.375,,,0.627222,0.358333,0.485401,274,133,8,0
metrics,bruteforce,metrics,ABCDE,100,0.95,scanner_blank_2,8,8,0,0,3,0,5,0,0.0,0.375,,,0.696805,0.279167,0.411429,175,72,8,6
metrics,bruteforce,metrics,ABCDE,100,0.95,scanner_row_delete_1,8,8,0,0,0,0,8,0,0.0,0.0,,,,,0.0,270,0,8,1
metrics,bruteforce,metrics,ABCDE,100,0.95,scanner_row_delete_2,8,8,0,0,0,0,8,0,0.0,0.0,,,,,0.0,181,0,8,0
metrics,bruteforce,metrics,ABCDE,100,0.95,scanner_misread_1,8,0,8,0,0,1,0,7,,,0.125,0.470679,0.010139,0.045833,,0,0,8,8
metrics,bruteforce,metrics,ABCDE,100,0.95,scanner_misread_4,8,0,8,0,0,0,0,8,,,0.0,0.312344,0.0,0.0,,0,0,8,0
metrics,bruteforce,metrics,ABCDE,100,0.95,scanner_faint_1,8,0,8,0,0,0,0,8,,,0.0,0.312344,0.0,0.0,,0,0,8,0
metrics,bruteforce,metrics,ABCDE,100,0.95,scanner_faint_4,8,0,8,0,0,0,0,8,,,0.0,0.312344,0.0,0.0,,0,0,8,0
metrics,bruteforce,metrics,ABCDE,100,0.95,scanner_double_4,8,0,8,0,0,1,0,7,,,0.125,0.470679,0.013889,0.041667,,0,0,8,10
metrics,bruteforce,metrics,ABCDE,100,0.95,adv_long_runs,8,0,8,0,0,4,0,4,,,0.5,0.807097,0.020833,0.116667,,0,0,8,23
metrics,bruteforce,metrics,ABCDE,100,0.95,adv_favourite,8,0,8,0,0,0,0,8,,,0.0,0.312344,0.0,0.0,,0,0,8,0
metrics,bruteforce,metrics,ABCDE,100,0.95,adv_easy_block,8,0,8,0,0,0,0,8,,,0.0,0.312344,0.0,0.0,,0,0,8,0
metrics,bruteforce,metrics,ABCDE,100,0.95,adv_key_leakage,8,8,0,8,0,0,0,0,1.0,1.0,,,0.0,1.0,1.0,633,633,8,0
metrics,bruteforce,metrics,ABCDE,100,0.95,adv_cycle,8,0,8,0,0,5,0,3,,,0.625,0.888887,0.080556,0.208334,,0,0,8,45
metrics,bruteforce,metrics,ABCDE,150,0.26,none,8,0,8,0,0,0,0,8,,,0.0,0.312344,0.000556,0.008333,,0,0,8,0
metrics,bruteforce,metrics,ABCDE,150,0.26,row_skip_1,8,8,0,0,4,0,4,0,0.0,0.5,,,0.811296,0.108333,0.571429,35,20,8,19
metrics,bruteforce,metrics,ABCDE,150,0.26,row_skip_2,8,8,0,0,4,0,4,0,0.0,0.5,,,0.83358,0.088889,0.566667,30,17,8,29
metrics,bruteforce,metrics,ABCDE,150,0.26,early_full,8,8,0,2,4,0,2,0,0.25,0.75,,,0.52321,0.35,0.987097,155,153,8,19
metrics,bruteforce,metrics,ABCDE,150,0.26,boundary,8,8,0,0,2,0,6,0,0.0,0.25,,,0.810741,0.111111,0.5,40,20,8,18
metrics,bruteforce,metrics,ABCDE,150,0.26,short_local,8,8,0,0,1,0,7,0,0.0,0.125,,,0.968271,0.016667,0.0,4,0,8,11
metrics,bruteforce,metrics,ABCDE,150,0.26,whole_section,8,8,0,0,1,0,7,0,0.0,0.125,,,0.905308,0.05,0.2,40,8,8,5
metrics,bruteforce,metrics,ABCDE,150,0.26,anxiety,8,8,0,0,4,0,4,0,0.0,0.5,,,0.814259,0.102778,0.333333,45,15,8,29
metrics,bruteforce,metrics,ABCDE,150,0.26,double_shift,8,8,0,0,6,0,2,0,0.0,0.75,,,0.714197,0.161111,0.5,66,33,8,57
metrics,bruteforce,metrics,ABCDE,150,0.26,self_corrected,8,8,0,0,2,0,6,0,0.0,0.25,,,0.83821,0.102778,0.142857,14,2,8,42
metrics,bruteforce,metrics,ABCDE,150,0.26,deferred,8,8,0,0,6,0,2,0,0.0,0.75,,,0.657716,0.241667,0.746988,83,62,8,27
metrics,bruteforce,metrics,ABCDE,150,0.26,isolated,8,8,0,0,2,0,6,0,0.0,0.25,,,0.895,0.058333,,0,0,8,18
metrics,bruteforce,metrics,ABCDE,150,0.26,scanner_blank_1,8,8,0,0,4,0,4,0,0.0,0.5,,,0.725926,0.161111,0.75,24,18,8,40
metrics,bruteforce,metrics,ABCDE,150,0.26,scanner_blank_2,8,8,0,0,2,0,6,0,0.0,0.25,,,0.851543,0.086111,0.266667,60,16,8,13
metrics,bruteforce,metrics,ABCDE,150,0.26,scanner_row_delete_1,8,8,0,0,0,0,8,0,0.0,0.0,,,,,0.0,71,0,8,2
metrics,bruteforce,metrics,ABCDE,150,0.26,scanner_row_delete_2,8,8,0,0,0,0,8,0,0.0,0.0,,,,,0.0,57,0,8,7
metrics,bruteforce,metrics,ABCDE,150,0.26,scanner_misread_1,8,0,8,0,0,3,0,5,,,0.375,0.710759,0.014074,0.072222,,0,0,8,26
metrics,bruteforce,metrics,ABCDE,150,0.26,scanner_misread_4,8,0,8,0,0,1,0,7,,,0.125,0.470679,0.027346,0.063889,,0,0,8,21
metrics,bruteforce,metrics,ABCDE,150,0.26,scanner_faint_1,8,0,8,0,0,3,0,5,,,0.375,0.710759,0.058519,0.138889,,0,0,8,50
metrics,bruteforce,metrics,ABCDE,150,0.26,scanner_faint_4,8,0,8,0,0,0,0,8,,,0.0,0.312344,0.001543,0.019444,,0,0,8,0
metrics,bruteforce,metrics,ABCDE,150,0.26,scanner_double_4,8,0,8,0,0,5,0,3,,,0.625,0.888887,0.057531,0.155555,,0,0,8,54
metrics,bruteforce,metrics,ABCDE,150,0.26,adv_long_runs,8,0,8,0,0,2,0,6,,,0.25,0.599689,0.007531,0.061111,,0,0,8,14
metrics,bruteforce,metrics,ABCDE,150,0.26,adv_favourite,8,0,8,0,0,0,0,8,,,0.0,0.312344,0.0,0.0,,0,0,8,0
metrics,bruteforce,metrics,ABCDE,150,0.26,adv_easy_block,8,0,8,0,0,0,0,8,,,0.0,0.312344,0.0,0.0,,0,0,8,0
metrics,bruteforce,metrics,ABCDE,150,0.26,adv_key_leakage,8,8,0,8,0,0,0,0,1.0,1.0,,,0.0,1.0,1.0,930,930,8,0
metrics,bruteforce,metrics,ABCDE,150,0.26,adv_cycle,8,0,8,0,0,5,0,3,,,0.625,0.888887,0.019012,0.122222,,0,0,8,37
metrics,bruteforce,metrics,ABCDE,150,0.4,none,8,0,8,0,0,1,0,7,,,0.125,0.470679,0.003025,0.019444,,0,0,8,7
metrics,bruteforce,metrics,ABCDE,150,0.4,row_skip_1,8,8,0,0,4,0,4,0,0.0,0.5,,,0.685802,0.244445,0.625,144,90,8,6
metrics,bruteforce,metrics,ABCDE,150,0.4,row_skip_2,8,8,0,0,5,0,3,0,0.0,0.625,,,0.665309,0.233333,0.597701,87,52,8,46
metrics,bruteforce,metrics,ABCDE,150,0.4,early_full,8,8,0,4,4,0,0,0,0.5,1.0,,,0.188827,0.652778,0.995455,220,219,8,17
metrics,bruteforce,metrics,ABCDE,150,0.4,boundary,8,8,0,0,1,0,7,0,0.0,0.125,,,0.958642,0.022222,0.101449,69,7,8,2
metrics,bruteforce,metrics,ABCDE,150,0.4,short_local,8,8,0,0,2,0,6,0,0.0,0.25,,,0.884568,0.066667,0.0,2,0,8,31
metrics,bruteforce,metrics,ABCDE,150,0.4,whole_section,8,8,0,0,2,0,6,0,0.0,0.25,,,0.915988,0.047222,0.193548,62,12,8,20
metrics,bruteforce,metrics,ABCDE,150,0.4,anxiety,8,8,0,0,2,0,6,0,0.0,0.25,,,0.761605,0.166667,0.666667,81,54,8,6
metrics,bruteforce,metrics,ABCDE,150,0.4,double_shift,8,8,0,0,4,0,4,0,0.0,0.5,,,0.696296,0.188889,0.461538,130,60,8,2
metrics,bruteforce,metrics,ABCDE,150,0.4,self_corrected,8,8,0,0,1,0,7,0,0.0,0.125,,,0.955,0.025,0.121951,41,5,8,4
metrics,bruteforce,metrics,ABCDE,150,0.4,deferred,8,8,0,0,2,0,6,0,0.0,0.25,,,0.761111,0.2,0.700935,107,75,8,13
metrics,bruteforce,metrics,ABCDE,150,0.4,isolated,8,8,0,0,1,0,7,0,0.0,0.125,,,0.930555,0.041667,0.0,7,0,8,15
metrics,bruteforce,metrics,ABCDE,150,0.4,scanner_blank_1,8,8,0,0,2,0,6,0,0.0,0.25,,,0.893271,0.058333,0.160714,56,9,8,13
metrics,bruteforce,metrics,ABCDE,150,0.4,scanner_blank_2,8,8,0,0,2,0,6,0,0.0,0.25,,,0.862407,0.080556,0.380952,42,16,8,13
metrics,bruteforce,metrics,ABCDE,150,0.4,scanner_row_delete_1,8,8,0,0,0,0,8,0,0.0,0.0,,,,,0.0,53,0,8,2
metrics,bruteforce,metrics,ABCDE,150,0.4,scanner_row_delete_2,8,8,0,0,0,0,8,0,0.0,0.0,,,,,0.0,97,0,8,12
metrics,bruteforce,metrics,ABCDE,150,0.4,scanner_misread_1,8,0,8,0,0,0,0,8,,,0.0,0.312344,0.0,0.0,,0,0,8,0
metrics,bruteforce,metrics,ABCDE,150,0.4,scanner_misread_4,8,0,8,0,0,1,0,7,,,0.125,0.470679,0.022284,0.052778,,0,0,8,19
metrics,bruteforce,metrics,ABCDE,150,0.4,scanner_faint_1,8,0,8,0,0,2,0,6,,,0.25,0.599689,0.011482,0.055556,,0,0,8,19
metrics,bruteforce,metrics,ABCDE,150,0.4,scanner_faint_4,8,0,8,0,0,0,0,8,,,0.0,0.312344,0.000988,0.011111,,0,0,8,0
metrics,bruteforce,metrics,ABCDE,150,0.4,scanner_double_4,8,0,8,0,0,1,0,7,,,0.125,0.470679,0.003951,0.022222,,0,0,8,8
metrics,bruteforce,metrics,ABCDE,150,0.4,adv_long_runs,8,0,8,0,0,3,0,5,,,0.375,0.710759,0.006173,0.061111,,0,0,8,16
metrics,bruteforce,metrics,ABCDE,150,0.4,adv_favourite,8,0,8,0,0,0,0,8,,,0.0,0.312344,0.0,0.0,,0,0,8,0
metrics,bruteforce,metrics,ABCDE,150,0.4,adv_easy_block,8,0,8,0,0,0,0,8,,,0.0,0.312344,0.0,0.0,,0,0,8,0
metrics,bruteforce,metrics,ABCDE,150,0.4,adv_key_leakage,8,8,0,8,0,0,0,0,1.0,1.0,,,0.0,1.0,1.0,927,927,8,0
metrics,bruteforce,metrics,ABCDE,150,0.4,adv_cycle,8,0,8,0,0,6,0,2,,,0.75,0.953611,0.030556,0.141667,,0,0,8,51
metrics,bruteforce,metrics,ABCDE,150,0.55,none,8,0,8,0,0,0,0,8,,,0.0,0.312344,0.0,0.0,,0,0,8,0
metrics,bruteforce,metrics,ABCDE,150,0.55,row_skip_1,8,8,0,0,2,0,6,0,0.0,0.25,,,0.859691,0.097222,0.368421,95,35,8,11
metrics,bruteforce,metrics,ABCDE,150,0.55,row_skip_2,8,8,0,0,2,0,6,0,0.0,0.25,,,0.81321,0.161111,0.464,125,58,8,2
metrics,bruteforce,metrics,ABCDE,150,0.55,early_full,8,8,0,4,4,0,0,0,0.5,1.0,,,0.097222,0.819445,0.978723,329,322,8,0
metrics,bruteforce,metrics,ABCDE,150,0.55,boundary,8,8,0,0,0,0,8,0,0.0,0.0,,,1.0,0.0,0.0,53,0,8,2
metrics,bruteforce,metrics,ABCDE,150,0.55,short_local,8,8,0,0,0,0,8,0,0.0,0.0,,,1.0,0.0,0.0,24,0,8,2
metrics,bruteforce,metrics,ABCDE,150,0.55,whole_section,8,8,0,0,2,0,6,0,0.0,0.25,,,0.878395,0.066667,0.105882,170,18,8,0
metrics,bruteforce,metrics,ABCDE,150,0.55,anxiety,8,8,0,0,3,0,5,0,0.0,0.375,,,0.752469,0.161111,0.296552,145,43,8,14
metrics,bruteforce,metrics,ABCDE,150,0.55,double_shift,8,8,0,0,4,0,4,0,0.0,0.5,,,0.628148,0.266667,0.474227,194,92,8,13
metrics,bruteforce,metrics,ABCDE,150,0.55,self_corrected,8,8,0,0,0,0,8,0,0.0,0.0,,,0.978765,0.011111,0.0,33,0,8,2
metrics,bruteforce,metrics,ABCDE,150,0.55,deferred,8,8,0,0,1,0,7,0,0.0,0.125,,,0.860864,0.116667,0.428571,91,39,8,1
metrics,bruteforce,metrics,ABCDE,150,0.55,isolated,8,8,0,0,0,0,8,0,0.0,0.0,,,0.978765,0.011111,0.0,5,0,8,3
metrics,bruteforce,metrics,ABCDE,150,0.55,scanner_blank_1,8,8,0,0,2,0,6,0,0.0,0.25,,,0.800123,0.166667,0.437956,137,60,8,5
metrics,bruteforce,metrics,ABCDE,150,0.55,scanner_blank_2,8,8,0,0,1,0,7,0,0.0,0.125,,,0.927346,0.041667,0.095588,136,13,8,0
metrics,bruteforce,metrics,ABCDE,150,0.55,scanner_row_delete_1,8,8,0,0,0,0,8,0,0.0,0.0,,,,,0.0,135,0,8,7
metrics,bruteforce,metrics,ABCDE,150,0.55,scanner_row_delete_2,8,8,0,0,0,0,8,0,0.0,0.0,,,,,0.0,155,0,8,0
metrics,bruteforce,metrics,ABCDE,150,0.55,scanner_misread_1,8,0,8,0,0,1,0,7,,,0.125,0.470679,0.005,0.025,,0,0,8,9
metrics,bruteforce,metrics,ABCDE,150,0.55,scanner_misread_4,8,0,8,0,0,1,0,7,,,0.125,0.470679,0.008889,0.033333,,0,0,8,12
metrics,bruteforce,metrics,ABCDE,150,0.55,scanner_faint_1,8,0,8,0,0,0,0,8,,,0.0,0.312344,0.0,0.0,,0,0,8,0
metrics,bruteforce,metrics,ABCDE,150,0.55,scanner_faint_4,8,0,8,0,0,0,0,8,,,0.0,0.312344,0.000247,0.005555,,0,0,8,0
metrics,bruteforce,metrics,ABCDE,150,0.55,scanner_double_4,8,0,8,0,0,0,0,8,,,0.0,0.312344,0.0,0.0,,0,0,8,0
metrics,bruteforce,metrics,ABCDE,150,0.55,adv_long_runs,8,0,8,0,0,3,0,5,,,0.375,0.710759,0.008272,0.072222,,0,0,8,19
metrics,bruteforce,metrics,ABCDE,150,0.55,adv_favourite,8,0,8,0,0,0,0,8,,,0.0,0.312344,0.0,0.0,,0,0,8,0
metrics,bruteforce,metrics,ABCDE,150,0.55,adv_easy_block,8,0,8,0,0,0,0,8,,,0.0,0.312344,0.0,0.0,,0,0,8,0
metrics,bruteforce,metrics,ABCDE,150,0.55,adv_key_leakage,8,8,0,8,0,0,0,0,1.0,1.0,,,0.0,1.0,1.0,952,952,8,0
metrics,bruteforce,metrics,ABCDE,150,0.55,adv_cycle,8,0,8,0,0,4,0,4,,,0.5,0.807097,0.024136,0.102778,,0,0,8,33
metrics,bruteforce,metrics,ABCDE,150,0.7,none,8,0,8,0,0,0,0,8,,,0.0,0.312344,0.0,0.0,,0,0,8,0
metrics,bruteforce,metrics,ABCDE,150,0.7,row_skip_1,8,8,0,0,2,0,6,0,0.0,0.25,,,0.827531,0.127778,0.340741,135,46,8,0
metrics,bruteforce,metrics,ABCDE,150,0.7,row_skip_2,8,8,0,0,4,0,4,0,0.0,0.5,,,0.560556,0.363889,0.507752,258,131,8,0
metrics,bruteforce,metrics,ABCDE,150,0.7,early_full,8,8,0,3,4,0,1,0,0.375,0.875,,,0.177099,0.780556,0.979112,383,375,8,12
metrics,bruteforce,metrics,ABCDE,150,0.7,boundary,8,8,0,0,2,0,6,0,0.0,0.25,,,0.867654,0.077778,0.148148,162,24,8,0
metrics,bruteforce,metrics,ABCDE,150,0.7,short_local,8,8,0,0,0,0,8,0,0.0,0.0,,,1.0,0.0,0.0,19,0,8,0
metrics,bruteforce,metrics,ABCDE,150,0.7,whole_section,8,8,0,0,2,0,6,0,0.0,0.25,,,0.884938,0.066667,0.123711,194,24,8,0
metrics,bruteforce,metrics,ABCDE,150,0.7,anxiety,8,8,0,0,4,0,4,0,0.0,0.5,,,0.634938,0.277778,0.400763,262,105,8,16
metrics,bruteforce,metrics,ABCDE,150,0.7,double_shift,8,8,0,0,4,0,4,0,0.0,0.5,,,0.676111,0.219444,0.306452,248,76,8,12
metrics,bruteforce,metrics,ABCDE,150,0.7,self_corrected,8,8,0,0,0,0,8,0,0.0,0.0,,,1.0,0.0,0.0,69,0,8,0
metrics,bruteforce,metrics,ABCDE,150,0.7,deferred,8,8,0,0,1,0,7,0,0.0,0.125,,,0.875247,0.119444,0.320896,134,43,8,0
metrics,bruteforce,metrics,ABCDE,150,0.7,isolated,8,8,0,0,0,0,8,0,0.0,0.0,,,1.0,0.0,0.0,6,0,8,0
metrics,bruteforce,metrics,ABCDE,150,0.7,scanner_blank_1,8,8,0,0,3,0,5,0,0.0,0.375,,,0.781852,0.155556,0.27451,204,56,8,0
metrics,bruteforce,metrics,ABCDE,150,0.7,scanner_blank_2,8,8,0,0,3,0,5,0,0.0,0.375,,,0.698642,0.25,0.528409,176,93,8,8
metrics,bruteforce,metrics,ABCDE,150,0.7,scanner_row_delete_1,8,8,0,0,0,0,8,0,0.0,0.0,,,,,0.0,189,0,8,0
metrics,bruteforce,metrics,ABCDE,150,0.7,scanner_row_delete_2,8,8,0,0,0,0,8,0,0.0,0.0,,,,,0.0,269,0,8,0
metrics,bruteforce,metrics,ABCDE,150,0.7,scanner_misread_1,8,0,8,0,0,1,0,7,,,0.125,0.470679,0.006173,0.027778,,0,0,8,10
metrics,bruteforce,metrics,ABCDE,150,0.7,scanner_misread_4,8,0,8,0,0,1,0,7,,,0.125,0.470679,0.001543,0.013889,,0,0,8,5
metrics,bruteforce,metrics,ABCDE,150,0.7,scanner_faint_1,8,0,8,0,0,1,0,7,,,0.125,0.470679,0.014444,0.05,,0,0,8,15
metrics,bruteforce,metrics,ABCDE,150,0.7,scanner_faint_4,8,0,8,0,0,1,0,7,,,0.125,0.470679,0.001543,0.013889,,0,0,8,5
metrics,bruteforce,metrics,ABCDE,150,0.7,scanner_double_4,8,0,8,0,0,1,0,7,,,0.125,0.470679,0.010432,0.036111,,0,0,8,13
metrics,bruteforce,metrics,ABCDE,150,0.7,adv_long_runs,8,0,8,0,0,2,0,6,,,0.25,0.599689,0.006111,0.052778,,0,0,8,13
metrics,bruteforce,metrics,ABCDE,150,0.7,adv_favourite,8,0,8,0,0,0,0,8,,,0.0,0.312344,0.0,0.0,,0,0,8,0
metrics,bruteforce,metrics,ABCDE,150,0.7,adv_easy_block,8,0,8,0,0,0,0,8,,,0.0,0.312344,0.0,0.0,,0,0,8,0
metrics,bruteforce,metrics,ABCDE,150,0.7,adv_key_leakage,8,8,0,8,0,0,0,0,1.0,1.0,,,0.0,1.0,1.0,972,972,8,0
metrics,bruteforce,metrics,ABCDE,150,0.7,adv_cycle,8,0,8,0,0,6,0,2,,,0.75,0.953611,0.053704,0.188889,,0,0,8,65
metrics,bruteforce,metrics,ABCDE,150,0.85,none,8,0,8,0,0,1,0,7,,,0.125,0.470679,0.003025,0.019444,,0,0,8,7
metrics,bruteforce,metrics,ABCDE,150,0.85,row_skip_1,8,8,0,0,3,0,5,0,0.0,0.375,,,0.712469,0.244445,0.484163,221,107,8,5
metrics,bruteforce,metrics,ABCDE,150,0.85,row_skip_2,8,8,0,0,2,0,6,0,0.0,0.25,,,0.825617,0.152778,0.247012,251,62,8,3
metrics,bruteforce,metrics,ABCDE,150,0.85,early_full,8,8,0,0,8,0,0,0,0.0,1.0,,,0.048951,0.913889,0.976351,592,578,8,7
metrics,bruteforce,metrics,ABCDE,150,0.85,boundary,8,8,0,0,1,0,7,0,0.0,0.125,,,0.946358,0.030555,0.075342,146,11,8,0
metrics,bruteforce,metrics,ABCDE,150,0.85,short_local,8,8,0,0,0,0,8,0,0.0,0.0,,,1.0,0.0,0.0,20,0,8,5
metrics,bruteforce,metrics,ABCDE,150,0.85,whole_section,8,8,0,0,1,0,7,0,0.0,0.125,,,0.926111,0.041667,0.052402,229,12,8,0
metrics,bruteforce,metrics,ABCDE,150,0.85,anxiety,8,8,0,0,5,0,3,0,0.0,0.625,,,0.375,0.625,0.651731,491,320,8,0
metrics,bruteforce,metrics,ABCDE,150,0.85,double_shift,8,8,0,0,3,0,5,0,0.0,0.375,,,0.671481,0.261111,0.293255,341,100,8,7
metrics,bruteforce,metrics,ABCDE,150,0.85,self_corrected,8,8,0,0,0,0,8,0,0.0,0.0,,,1.0,0.0,0.0,82,0,8,0
metrics,bruteforce,metrics,ABCDE,150,0.85,deferred,8,8,0,0,3,0,5,0,0.0,0.375,,,0.697654,0.277778,0.346801,297,103,8,0
metrics,bruteforce,metrics,ABCDE,150,0.85,isolated,8,8,0,0,0,0,8,0,0.0,0.0,,,1.0,0.0,0.0,10,0,8,0
metrics,bruteforce,metrics,ABCDE,150,0.85,scanner_blank_1,8,8,0,0,4,0,4,0,0.0,0.5,,,0.608086,0.291667,0.360784,255,92,8,15
metrics,bruteforce,metrics,ABCDE,150,0.85,scanner_blank_2,8,8,0,0,1,0,7,0,0.0,0.125,,,0.875,0.125,0.237154,253,60,8,0
metrics,bruteforce,metrics,ABCDE,150,0.85,scanner_row_delete_1,8,8,0,0,0,0,8,0,0.0,0.0,,,,,0.0,131,0,8,6
metrics,bruteforce,metrics,ABCDE,150,0.85,scanner_row_delete_2,8,8,0,0,0,0,8,0,0.0,0.0,,,,,0.0,246,0,8,0
metrics,bruteforce,metrics,ABCDE,150,0.85,scanner_misread_1,8,0,8,0,0,0,0,8,,,0.0,0.312344,6.2e-05,0.002778,,0,0,8,0
metrics,bruteforce,metrics,ABCDE,150,0.85,scanner_misread_4,8,0,8,0,0,0,0,8,,,0.0,0.312344,0.0,0.0,,0,0,8,0
metrics,bruteforce,metrics,ABCDE,150,0.85,scanner_faint_1,8,0,8,0,0,0,0,8,,,0.0,0.312344,0.0,0.0,,0,0,8,0
metrics,bruteforce,metrics,ABCDE,150,0.85,scanner_faint_4,8,0,8,0,0,0,0,8,,,0.0,0.312344,0.000556,0.008333,,0,0,8,0
metrics,bruteforce,metrics,ABCDE,150,0.85,scanner_double_4,8,0,8,0,0,0,0,8,,,0.0,0.312344,0.0,0.0,,0,0,8,0
metrics,bruteforce,metrics,ABCDE,150,0.85,adv_long_runs,8,0,8,0,0,1,0,7,,,0.125,0.470679,0.006296,0.061111,,0,0,8,8
metrics,bruteforce,metrics,ABCDE,150,0.85,adv_favourite,8,0,8,0,0,0,0,8,,,0.0,0.312344,0.0,0.0,,0,0,8,0
metrics,bruteforce,metrics,ABCDE,150,0.85,adv_easy_block,8,0,8,0,0,0,0,8,,,0.0,0.312344,0.0,0.0,,0,0,8,0
metrics,bruteforce,metrics,ABCDE,150,0.85,adv_key_leakage,8,8,0,8,0,0,0,0,1.0,1.0,,,0.0,1.0,1.0,943,943,8,0
metrics,bruteforce,metrics,ABCDE,150,0.85,adv_cycle,8,0,8,0,0,4,0,4,,,0.5,0.807097,0.028148,0.127778,,0,0,8,40
metrics,bruteforce,metrics,ABCDE,150,0.95,none,8,0,8,0,0,0,0,8,,,0.0,0.312344,0.0,0.0,,0,0,8,0
metrics,bruteforce,metrics,ABCDE,150,0.95,row_skip_1,8,8,0,0,4,0,4,0,0.0,0.5,,,0.606543,0.338889,0.474576,295,140,8,4
metrics,bruteforce,metrics,ABCDE,150,0.95,row_skip_2,8,8,0,0,3,0,5,0,0.0,0.375,,,0.699321,0.236111,0.337302,252,85,8,2
metrics,bruteforce,metrics,ABCDE,150,0.95,early_full,8,8,0,1,7,0,0,0,0.125,1.0,,,0.071358,0.905555,0.985469,757,746,8,11
metrics,bruteforce,metrics,ABCDE,150,0.95,boundary,8,8,0,0,3,0,5,0,0.0,0.375,,,0.861358,0.077778,0.159091,88,14,8,17
metrics,bruteforce,metrics,ABCDE,150,0.95,short_local,8,8,0,0,0,0,8,0,0.0,0.0,,,1.0,0.0,0.0,36,0,8,0
metrics,bruteforce,metrics,ABCDE,150,0.95,whole_section,8,8,0,0,0,0,8,0,0.0,0.0,,,0.95179,0.025,0.0,374,0,8,0
metrics,bruteforce,metrics,ABCDE,150,0.95,anxiety,8,8,0,0,2,0,6,0,0.0,0.25,,,0.834012,0.108333,0.163866,238,39,8,16
metrics,bruteforce,metrics,ABCDE,150,0.95,double_shift,8,8,0,0,6,0,2,0,0.0,0.75,,,0.409383,0.5,0.433054,478,207,8,5
metrics,bruteforce,metrics,ABCDE,150,0.95,self_corrected,8,8,0,0,0,0,8,0,0.0,0.0,,,1.0,0.0,0.0,115,0,8,0
metrics,bruteforce,metrics,ABCDE,150,0.95,deferred,8,8,0,0,2,0,6,0,0.0,0.25,,,0.849753,0.127778,0.172932,266,46,8,0
metrics,bruteforce,metrics,ABCDE,150,0.95,isolated,8,8,0,0,0,0,8,0,0.0,0.0,,,1.0,0.0,0.0,14,0,8,0
metrics,bruteforce,metrics,ABCDE,150,0.95,scanner_blank_1,8,8,0,0,4,0,4,0,0.0,0.5,,,0.478765,0.511111,0.521739,529,276,8,0
metrics,bruteforce,metrics,ABCDE,150,0.95,scanner_blank_2,8,8,0,0,3,0,5,0,0.0,0.375,,,0.666728,0.302778,0.423729,295,125,8,9
metrics,bruteforce,metrics,ABCDE,150,0.95,scanner_row_delete_1,8,8,0,0,0,0,8,0,0.0,0.0,,,,,0.0,458,0,8,0
metrics,bruteforce,metrics,ABCDE,150,0.95,scanner_row_delete_2,8,8,0,0,0,0,8,0,0.0,0.0,,,,,0.0,249,0,8,7
metrics,bruteforce,metrics,ABCDE,150,0.95,scanner_misread_1,8,0,8,0,0,1,0,7,,,0.125,0.470679,0.003025,0.019444,,0,0,8,7
metrics,bruteforce,metrics,ABCDE,150,0.95,scanner_misread_4,8,0,8,0,0,0,0,8,,,0.0,0.312344,0.0,0.0,,0,0,8,0
metrics,bruteforce,metrics,ABCDE,150,0.95,scanner_faint_1,8,0,8,0,0,2,0,6,,,0.25,0.599689,0.005247,0.036111,,0,0,8,13
metrics,bruteforce,metrics,ABCDE,150,0.95,scanner_faint_4,8,0,8,0,0,1,0,7,,,0.125,0.470679,0.003951,0.022222,,0,0,8,8
metrics,bruteforce,metrics,ABCDE,150,0.95,scanner_double_4,8,0,8,0,0,0,0,8,,,0.0,0.312344,0.0,0.0,,0,0,8,0
metrics,bruteforce,metrics,ABCDE,150,0.95,adv_long_runs,8,0,8,0,0,4,0,4,,,0.5,0.807097,0.014445,0.088889,,0,0,8,30
metrics,bruteforce,metrics,ABCDE,150,0.95,adv_favourite,8,0,8,0,0,0,0,8,,,0.0,0.312344,0.0,0.0,,0,0,8,0
metrics,bruteforce,metrics,ABCDE,150,0.95,adv_easy_block,8,0,8,0,0,0,0,8,,,0.0,0.312344,0.0,0.0,,0,0,8,0
metrics,bruteforce,metrics,ABCDE,150,0.95,adv_key_leakage,8,8,0,8,0,0,0,0,1.0,1.0,,,0.0,1.0,1.0,944,944,8,0
metrics,bruteforce,metrics,ABCDE,150,0.95,adv_cycle,8,0,8,0,0,4,0,4,,,0.5,0.807097,0.018272,0.111111,,0,0,8,32
metrics,noop,metrics,ABCD,46,0.26,none,8,0,8,0,0,0,0,8,,,0.0,0.312344,0.0,0.0,,0,0,8,0
metrics,noop,metrics,ABCD,46,0.26,row_skip_1,8,8,0,0,0,0,8,0,0.0,0.0,,,1.0,0.0,0.0,9,0,8,13
metrics,noop,metrics,ABCD,46,0.26,row_skip_2,8,8,0,0,0,0,8,0,0.0,0.0,,,1.0,0.0,0.0,11,0,8,3
metrics,noop,metrics,ABCD,46,0.26,early_full,8,8,0,0,0,0,8,0,0.0,0.0,,,1.0,0.0,0.0,54,0,8,1
metrics,noop,metrics,ABCD,46,0.26,boundary,8,8,0,0,0,0,8,0,0.0,0.0,,,1.0,0.0,0.0,2,0,8,12
metrics,noop,metrics,ABCD,46,0.26,short_local,8,8,0,0,0,0,8,0,0.0,0.0,,,1.0,0.0,0.0,10,0,8,2
metrics,noop,metrics,ABCD,46,0.26,whole_section,8,8,0,0,0,0,8,0,0.0,0.0,,,1.0,0.0,0.0,10,0,8,6
metrics,noop,metrics,ABCD,46,0.26,anxiety,8,8,0,0,0,0,8,0,0.0,0.0,,,1.0,0.0,0.0,7,0,8,5
metrics,noop,metrics,ABCD,46,0.26,double_shift,8,8,0,0,0,0,8,0,0.0,0.0,,,1.0,0.0,0.0,25,0,8,10
metrics,noop,metrics,ABCD,46,0.26,self_corrected,8,8,0,0,0,0,8,0,0.0,0.0,,,1.0,0.0,0.0,17,0,8,11
metrics,noop,metrics,ABCD,46,0.26,deferred,8,8,0,0,0,0,8,0,0.0,0.0,,,1.0,0.0,0.0,18,0,8,5
metrics,noop,metrics,ABCD,46,0.26,isolated,8,8,0,0,0,0,8,0,0.0,0.0,,,1.0,0.0,0.0,3,0,8,2
metrics,noop,metrics,ABCD,46,0.26,scanner_blank_1,8,8,0,0,0,0,8,0,0.0,0.0,,,1.0,0.0,0.0,15,0,8,8
metrics,noop,metrics,ABCD,46,0.26,scanner_blank_2,8,8,0,0,0,0,8,0,0.0,0.0,,,1.0,0.0,0.0,32,0,8,9
metrics,noop,metrics,ABCD,46,0.26,scanner_row_delete_1,8,8,0,0,0,0,8,0,0.0,0.0,,,1.0,0.0,0.0,28,0,8,10
metrics,noop,metrics,ABCD,46,0.26,scanner_row_delete_2,8,8,0,0,0,0,8,0,0.0,0.0,,,1.0,0.0,0.0,13,0,8,13
metrics,noop,metrics,ABCD,46,0.26,scanner_misread_1,8,0,8,0,0,0,0,8,,,0.0,0.312344,0.0,0.0,,0,0,8,0
metrics,noop,metrics,ABCD,46,0.26,scanner_misread_4,8,0,8,0,0,0,0,8,,,0.0,0.312344,0.0,0.0,,0,0,8,0
metrics,noop,metrics,ABCD,46,0.26,scanner_faint_1,8,0,8,0,0,0,0,8,,,0.0,0.312344,0.0,0.0,,0,0,8,0
metrics,noop,metrics,ABCD,46,0.26,scanner_faint_4,8,0,8,0,0,0,0,8,,,0.0,0.312344,0.0,0.0,,0,0,8,0
metrics,noop,metrics,ABCD,46,0.26,scanner_double_4,8,0,8,0,0,0,0,8,,,0.0,0.312344,0.0,0.0,,0,0,8,0
metrics,noop,metrics,ABCD,46,0.26,adv_long_runs,8,0,8,0,0,0,0,8,,,0.0,0.312344,0.0,0.0,,0,0,8,0
metrics,noop,metrics,ABCD,46,0.26,adv_favourite,8,0,8,0,0,0,0,8,,,0.0,0.312344,0.0,0.0,,0,0,8,0
metrics,noop,metrics,ABCD,46,0.26,adv_easy_block,8,0,8,0,0,0,0,8,,,0.0,0.312344,0.0,0.0,,0,0,8,0
metrics,noop,metrics,ABCD,46,0.26,adv_key_leakage,8,8,0,0,0,0,8,0,0.0,0.0,,,1.0,0.0,0.0,267,0,8,0
metrics,noop,metrics,ABCD,46,0.26,adv_cycle,8,0,8,0,0,0,0,8,,,0.0,0.312344,0.0,0.0,,0,0,8,0
metrics,noop,metrics,ABCD,46,0.4,none,8,0,8,0,0,0,0,8,,,0.0,0.312344,0.0,0.0,,0,0,8,0
metrics,noop,metrics,ABCD,46,0.4,row_skip_1,8,8,0,0,0,0,8,0,0.0,0.0,,,1.0,0.0,0.0,14,0,8,3
metrics,noop,metrics,ABCD,46,0.4,row_skip_2,8,8,0,0,0,0,8,0,0.0,0.0,,,1.0,0.0,0.0,23,0,8,6
metrics,noop,metrics,ABCD,46,0.4,early_full,8,8,0,0,0,0,8,0,0.0,0.0,,,1.0,0.0,0.0,50,0,8,3
metrics,noop,metrics,ABCD,46,0.4,boundary,8,8,0,0,0,0,8,0,0.0,0.0,,,1.0,0.0,0.0,9,0,8,2
metrics,noop,metrics,ABCD,46,0.4,short_local,8,8,0,0,0,0,8,0,0.0,0.0,,,1.0,0.0,0.0,11,0,8,2
metrics,noop,metrics,ABCD,46,0.4,whole_section,8,8,0,0,0,0,8,0,0.0,0.0,,,1.0,0.0,0.0,28,0,8,1
metrics,noop,metrics,ABCD,46,0.4,anxiety,8,8,0,0,0,0,8,0,0.0,0.0,,,1.0,0.0,0.0,18,0,8,13
metrics,noop,metrics,ABCD,46,0.4,double_shift,8,8,0,0,0,0,8,0,0.0,0.0,,,1.0,0.0,0.0,23,0,8,10
metrics,noop,metrics,ABCD,46,0.4,self_corrected,8,8,0,0,0,0,8,0,0.0,0.0,,,1.0,0.0,0.0,24,0,8,5
metrics,noop,metrics,ABCD,46,0.4,deferred,8,8,0,0,0,0,8,0,0.0,0.0,,,1.0,0.0,0.0,23,0,8,16
metrics,noop,metrics,ABCD,46,0.4,isolated,8,8,0,0,0,0,8,0,0.0,0.0,,,1.0,0.0,0.0,3,0,8,3
metrics,noop,metrics,ABCD,46,0.4,scanner_blank_1,8,8,0,0,0,0,8,0,0.0,0.0,,,1.0,0.0,0.0,38,0,8,0
metrics,noop,metrics,ABCD,46,0.4,scanner_blank_2,8,8,0,0,0,0,8,0,0.0,0.0,,,1.0,0.0,0.0,27,0,8,0
metrics,noop,metrics,ABCD,46,0.4,scanner_row_delete_1,8,8,0,0,0,0,8,0,0.0,0.0,,,1.0,0.0,0.0,23,0,8,5
metrics,noop,metrics,ABCD,46,0.4,scanner_row_delete_2,8,8,0,0,0,0,8,0,0.0,0.0,,,1.0,0.0,0.0,39,0,8,1
metrics,noop,metrics,ABCD,46,0.4,scanner_misread_1,8,0,8,0,0,0,0,8,,,0.0,0.312344,0.0,0.0,,0,0,8,0
metrics,noop,metrics,ABCD,46,0.4,scanner_misread_4,8,0,8,0,0,0,0,8,,,0.0,0.312344,0.0,0.0,,0,0,8,0
metrics,noop,metrics,ABCD,46,0.4,scanner_faint_1,8,0,8,0,0,0,0,8,,,0.0,0.312344,0.0,0.0,,0,0,8,0
metrics,noop,metrics,ABCD,46,0.4,scanner_faint_4,8,0,8,0,0,0,0,8,,,0.0,0.312344,0.0,0.0,,0,0,8,0
metrics,noop,metrics,ABCD,46,0.4,scanner_double_4,8,0,8,0,0,0,0,8,,,0.0,0.312344,0.0,0.0,,0,0,8,0
metrics,noop,metrics,ABCD,46,0.4,adv_long_runs,8,0,8,0,0,0,0,8,,,0.0,0.312344,0.0,0.0,,0,0,8,0
metrics,noop,metrics,ABCD,46,0.4,adv_favourite,8,0,8,0,0,0,0,8,,,0.0,0.312344,0.0,0.0,,0,0,8,0
metrics,noop,metrics,ABCD,46,0.4,adv_easy_block,8,0,8,0,0,0,0,8,,,0.0,0.312344,0.0,0.0,,0,0,8,0
metrics,noop,metrics,ABCD,46,0.4,adv_key_leakage,8,8,0,0,0,0,8,0,0.0,0.0,,,1.0,0.0,0.0,271,0,8,0
metrics,noop,metrics,ABCD,46,0.4,adv_cycle,8,0,8,0,0,0,0,8,,,0.0,0.312344,0.0,0.0,,0,0,8,0
metrics,noop,metrics,ABCD,46,0.55,none,8,0,8,0,0,0,0,8,,,0.0,0.312344,0.0,0.0,,0,0,8,0
metrics,noop,metrics,ABCD,46,0.55,row_skip_1,8,8,0,0,0,0,8,0,0.0,0.0,,,1.0,0.0,0.0,42,0,8,0
metrics,noop,metrics,ABCD,46,0.55,row_skip_2,8,8,0,0,0,0,8,0,0.0,0.0,,,1.0,0.0,0.0,41,0,8,2
metrics,noop,metrics,ABCD,46,0.55,early_full,8,8,0,0,0,0,8,0,0.0,0.0,,,1.0,0.0,0.0,79,0,8,2
metrics,noop,metrics,ABCD,46,0.55,boundary,8,8,0,0,0,0,8,0,0.0,0.0,,,1.0,0.0,0.0,20,0,8,3
metrics,noop,metrics,ABCD,46,0.55,short_local,8,8,0,0,0,0,8,0,0.0,0.0,,,1.0,0.0,0.0,13,0,8,3
metrics,noop,metrics,ABCD,46,0.55,whole_section,8,8,0,0,0,0,8,0,0.0,0.0,,,1.0,0.0,0.0,53,0,8,1
metrics,noop,metrics,ABCD,46,0.55,anxiety,8,8,0,0,0,0,8,0,0.0,0.0,,,1.0,0.0,0.0,48,0,8,0
metrics,noop,metrics,ABCD,46,0.55,double_shift,8,8,0,0,0,0,8,0,0.0,0.0,,,1.0,0.0,0.0,44,0,8,13
metrics,noop,metrics,ABCD,46,0.55,self_corrected,8,8,0,0,0,0,8,0,0.0,0.0,,,1.0,0.0,0.0,50,0,8,1
metrics,noop,metrics,ABCD,46,0.55,deferred,8,8,0,0,0,0,8,0,0.0,0.0,,,1.0,0.0,0.0,44,0,8,6
metrics,noop,metrics,ABCD,46,0.55,isolated,8,8,0,0,0,0,8,0,0.0,0.0,,,1.0,0.0,0.0,5,0,8,2
metrics,noop,metrics,ABCD,46,0.55,scanner_blank_1,8,8,0,0,0,0,8,0,0.0,0.0,,,1.0,0.0,0.0,57,0,8,0
metrics,noop,metrics,ABCD,46,0.55,scanner_blank_2,8,8,0,0,0,0,8,0,0.0,0.0,,,1.0,0.0,0.0,51,0,8,1
metrics,noop,metrics,ABCD,46,0.55,scanner_row_delete_1,8,8,0,0,0,0,8,0,0.0,0.0,,,1.0,0.0,0.0,50,0,8,4
metrics,noop,metrics,ABCD,46,0.55,scanner_row_delete_2,8,8,0,0,0,0,8,0,0.0,0.0,,,1.0,0.0,0.0,51,0,8,0
metrics,noop,metrics,ABCD,46,0.55,scanner_misread_1,8,0,8,0,0,0,0,8,,,0.0,0.312344,0.0,0.0,,0,0,8,0
metrics,noop,metrics,ABCD,46,0.55,scanner_misread_4,8,0,8,0,0,0,0,8,,,0.0,0.312344,0.0,0.0,,0,0,8,0
metrics,noop,metrics,ABCD,46,0.55,scanner_faint_1,8,0,8,0,0,0,0,8,,,0.0,0.312344,0.0,0.0,,0,0,8,0
metrics,noop,metrics,ABCD,46,0.55,scanner_faint_4,8,0,8,0,0,0,0,8,,,0.0,0.312344,0.0,0.0,,0,0,8,0
metrics,noop,metrics,ABCD,46,0.55,scanner_double_4,8,0,8,0,0,0,0,8,,,0.0,0.312344,0.0,0.0,,0,0,8,0
metrics,noop,metrics,ABCD,46,0.55,adv_long_runs,8,0,8,0,0,0,0,8,,,0.0,0.312344,0.0,0.0,,0,0,8,0
metrics,noop,metrics,ABCD,46,0.55,adv_favourite,8,0,8,0,0,0,0,8,,,0.0,0.312344,0.0,0.0,,0,0,8,0
metrics,noop,metrics,ABCD,46,0.55,adv_easy_block,8,0,8,0,0,0,0,8,,,0.0,0.312344,0.0,0.0,,0,0,8,0
metrics,noop,metrics,ABCD,46,0.55,adv_key_leakage,8,8,0,0,0,0,8,0,0.0,0.0,,,1.0,0.0,0.0,270,0,8,0
metrics,noop,metrics,ABCD,46,0.55,adv_cycle,8,0,8,0,0,0,0,8,,,0.0,0.312344,0.0,0.0,,0,0,8,0
metrics,noop,metrics,ABCD,46,0.7,none,8,0,8,0,0,0,0,8,,,0.0,0.312344,0.0,0.0,,0,0,8,0
metrics,noop,metrics,ABCD,46,0.7,row_skip_1,8,8,0,0,0,0,8,0,0.0,0.0,,,1.0,0.0,0.0,63,0,8,0
metrics,noop,metrics,ABCD,46,0.7,row_skip_2,8,8,0,0,0,0,8,0,0.0,0.0,,,1.0,0.0,0.0,48,0,8,2
metrics,noop,metrics,ABCD,46,0.7,early_full,8,8,0,0,0,0,8,0,0.0,0.0,,,1.0,0.0,0.0,102,0,8,0
metrics,noop,metrics,ABCD,46,0.7,boundary,8,8,0,0,0,0,8,0,0.0,0.0,,,1.0,0.0,0.0,27,0,8,1
metrics,noop,metrics,ABCD,46,0.7,short_local,8,8,0,0,0,0,8,0,0.0,0.0,,,1.0,0.0,0.0,17,0,8,0
metrics,noop,metrics,ABCD,46,0.7,whole_section,8,8,0,0,0,0,8,0,0.0,0.0,,,1.0,0.0,0.0,34,0,8,7
metrics,noop,metrics,ABCD,46,0.7,anxiety,8,8,0,0,0,0,8,0,0.0,0.0,,,1.0,0.0,0.0,39,0,8,10
metrics,noop,metrics,ABCD,46,0.7,double_shift,8,8,0,0,0,0,8,0,0.0,0.0,,,1.0,0.0,0.0,59,0,8,0
metrics,noop,metrics,ABCD,46,0.7,self_corrected,8,8,0,0,0,0,8,0,0.0,0.0,,,1.0,0.0,0.0,55,0,8,0
metrics,noop,metrics,ABCD,46,0.7,deferred,8,8,0,0,0,0,8,0,0.0,0.0,,,1.0,0.0,0.0,60,0,8,6
metrics,noop,metrics,ABCD,46,0.7,isolated,8,8,0,0,0,0,8,0,0.0,0.0,,,1.0,0.0,0.0,6,0,8,1
metrics,noop,metrics,ABCD,46,0.7,scanner_blank_1,8,8,0,0,0,0,8,0,0.0,0.0,,,1.0,0.0,0.0,77,0,8,0
metrics,noop,metrics,ABCD,46,0.7,scanner_blank_2,8,8,0,0,0,0,8,0,0.0,0.0,,,1.0,0.0,0.0,79,0,8,1
metrics,noop,metrics,ABCD,46,0.7,scanner_row_delete_1,8,8,0,0,0,0,8,0,0.0,0.0,,,1.0,0.0,0.0,42,0,8,10
metrics,noop,metrics,ABCD,46,0.7,scanner_row_delete_2,8,8,0,0,0,0,8,0,0.0,0.0,,,1.0,0.0,0.0,51,0,8,5
metrics,noop,metrics,ABCD,46,0.7,scanner_misread_1,8,0,8,0,0,0,0,8,,,0.0,0.312344,0.0,0.0,,0,0,8,0
metrics,noop,metrics,ABCD,46,0.7,scanner_misread_4,8,0,8,0,0,0,0,8,,,0.0,0.312344,0.0,0.0,,0,0,8,0
metrics,noop,metrics,ABCD,46,0.7,scanner_faint_1,8,0,8,0,0,0,0,8,,,0.0,0.312344,0.0,0.0,,0,0,8,0
metrics,noop,metrics,ABCD,46,0.7,scanner_faint_4,8,0,8,0,0,0,0,8,,,0.0,0.312344,0.0,0.0,,0,0,8,0
metrics,noop,metrics,ABCD,46,0.7,scanner_double_4,8,0,8,0,0,0,0,8,,,0.0,0.312344,0.0,0.0,,0,0,8,0
metrics,noop,metrics,ABCD,46,0.7,adv_long_runs,8,0,8,0,0,0,0,8,,,0.0,0.312344,0.0,0.0,,0,0,8,0
metrics,noop,metrics,ABCD,46,0.7,adv_favourite,8,0,8,0,0,0,0,8,,,0.0,0.312344,0.0,0.0,,0,0,8,0
metrics,noop,metrics,ABCD,46,0.7,adv_easy_block,8,0,8,0,0,0,0,8,,,0.0,0.312344,0.0,0.0,,0,0,8,0
metrics,noop,metrics,ABCD,46,0.7,adv_key_leakage,8,8,0,0,0,0,8,0,0.0,0.0,,,1.0,0.0,0.0,262,0,8,0
metrics,noop,metrics,ABCD,46,0.7,adv_cycle,8,0,8,0,0,0,0,8,,,0.0,0.312344,0.0,0.0,,0,0,8,0
metrics,noop,metrics,ABCD,46,0.85,none,8,0,8,0,0,0,0,8,,,0.0,0.312344,0.0,0.0,,0,0,8,0
metrics,noop,metrics,ABCD,46,0.85,row_skip_1,8,8,0,0,0,0,8,0,0.0,0.0,,,1.0,0.0,0.0,65,0,8,0
metrics,noop,metrics,ABCD,46,0.85,row_skip_2,8,8,0,0,0,0,8,0,0.0,0.0,,,1.0,0.0,0.0,67,0,8,1
metrics,noop,metrics,ABCD,46,0.85,early_full,8,8,0,0,0,0,8,0,0.0,0.0,,,1.0,0.0,0.0,161,0,8,1
metrics,noop,metrics,ABCD,46,0.85,boundary,8,8,0,0,0,0,8,0,0.0,0.0,,,1.0,0.0,0.0,46,0,8,1
metrics,noop,metrics,ABCD,46,0.85,short_local,8,8,0,0,0,0,8,0,0.0,0.0,,,1.0,0.0,0.0,42,0,8,1
metrics,noop,metrics,ABCD,46,0.85,whole_section,8,8,0,0,0,0,8,0,0.0,0.0,,,1.0,0.0,0.0,83,0,8,0
metrics,noop,metrics,ABCD,46,0.85,anxiety,8,8,0,0,0,0,8,0,0.0,0.0,,,1.0,0.0,0.0,65,0,8,8
metrics,noop,metrics,ABCD,46,0.85,double_shift,8,8,0,0,0,0,8,0,0.0,0.0,,,1.0,0.0,0.0,127,0,8,0
metrics,noop,metrics,ABCD,46,0.85,self_corrected,8,8,0,0,0,0,8,0,0.0,0.0,,,1.0,0.0,0.0,91,0,8,0
metrics,noop,metrics,ABCD,46,0.85,deferred,8,8,0,0,0,0,8,0,0.0,0.0,,,1.0,0.0,0.0,90,0,8,0
metrics,noop,metrics,ABCD,46,0.85,isolated,8,8,0,0,0,0,8,0,0.0,0.0,,,1.0,0.0,0.0,10,0,8,0
metrics,noop,metrics,ABCD,46,0.85,scanner_blank_1,8,8,0,0,0,0,8,0,0.0,0.0,,,1.0,0.0,0.0,77,0,8,0
metrics,noop,metrics,ABCD,46,0.85,scanner_blank_2,8,8,0,0,0,0,8,0,0.0,0.0,,,1.0,0.0,0.0,57,0,8,3
metrics,noop,metrics,ABCD,46,0.85,scanner_row_delete_1,8,8,0,0,0,0,8,0,0.0,0.0,,,1.0,0.0,0.0,96,0,8,0
metrics,noop,metrics,ABCD,46,0.85,scanner_row_delete_2,8,8,0,0,0,0,8,0,0.0,0.0,,,1.0,0.0,0.0,96,0,8,2
metrics,noop,metrics,ABCD,46,0.85,scanner_misread_1,8,0,8,0,0,0,0,8,,,0.0,0.312344,0.0,0.0,,0,0,8,0
metrics,noop,metrics,ABCD,46,0.85,scanner_misread_4,8,0,8,0,0,0,0,8,,,0.0,0.312344,0.0,0.0,,0,0,8,0
metrics,noop,metrics,ABCD,46,0.85,scanner_faint_1,8,0,8,0,0,0,0,8,,,0.0,0.312344,0.0,0.0,,0,0,8,0
metrics,noop,metrics,ABCD,46,0.85,scanner_faint_4,8,0,8,0,0,0,0,8,,,0.0,0.312344,0.0,0.0,,0,0,8,0
metrics,noop,metrics,ABCD,46,0.85,scanner_double_4,8,0,8,0,0,0,0,8,,,0.0,0.312344,0.0,0.0,,0,0,8,0
metrics,noop,metrics,ABCD,46,0.85,adv_long_runs,8,0,8,0,0,0,0,8,,,0.0,0.312344,0.0,0.0,,0,0,8,0
metrics,noop,metrics,ABCD,46,0.85,adv_favourite,8,0,8,0,0,0,0,8,,,0.0,0.312344,0.0,0.0,,0,0,8,0
metrics,noop,metrics,ABCD,46,0.85,adv_easy_block,8,0,8,0,0,0,0,8,,,0.0,0.312344,0.0,0.0,,0,0,8,0
metrics,noop,metrics,ABCD,46,0.85,adv_key_leakage,8,8,0,0,0,0,8,0,0.0,0.0,,,1.0,0.0,0.0,266,0,8,0
metrics,noop,metrics,ABCD,46,0.85,adv_cycle,8,0,8,0,0,0,0,8,,,0.0,0.312344,0.0,0.0,,0,0,8,0
metrics,noop,metrics,ABCD,46,0.95,none,8,0,8,0,0,0,0,8,,,0.0,0.312344,0.0,0.0,,0,0,8,0
metrics,noop,metrics,ABCD,46,0.95,row_skip_1,8,8,0,0,0,0,8,0,0.0,0.0,,,1.0,0.0,0.0,66,0,8,0
metrics,noop,metrics,ABCD,46,0.95,row_skip_2,8,8,0,0,0,0,8,0,0.0,0.0,,,1.0,0.0,0.0,85,0,8,2
metrics,noop,metrics,ABCD,46,0.95,early_full,8,8,0,0,0,0,8,0,0.0,0.0,,,1.0,0.0,0.0,194,0,8,1
metrics,noop,metrics,ABCD,46,0.95,boundary,8,8,0,0,0,0,8,0,0.0,0.0,,,1.0,0.0,0.0,37,0,8,3
metrics,noop,metrics,ABCD,46,0.95,short_local,8,8,0,0,0,0,8,0,0.0,0.0,,,1.0,0.0,0.0,28,0,8,1
metrics,noop,metrics,ABCD,46,0.95,whole_section,8,8,0,0,0,0,8,0,0.0,0.0,,,1.0,0.0,0.0,99,0,8,0
metrics,noop,metrics,ABCD,46,0.95,anxiety,8,8,0,0,0,0,8,0,0.0,0.0,,,1.0,0.0,0.0,111,0,8,0
metrics,noop,metrics,ABCD,46,0.95,double_shift,8,8,0,0,0,0,8,0,0.0,0.0,,,1.0,0.0,0.0,168,0,8,0
metrics,noop,metrics,ABCD,46,0.95,self_corrected,8,8,0,0,0,0,8,0,0.0,0.0,,,1.0,0.0,0.0,84,0,8,2
metrics,noop,metrics,ABCD,46,0.95,deferred,8,8,0,0,0,0,8,0,0.0,0.0,,,1.0,0.0,0.0,138,0,8,0
metrics,noop,metrics,ABCD,46,0.95,isolated,8,8,0,0,0,0,8,0,0.0,0.0,,,1.0,0.0,0.0,9,0,8,0
metrics,noop,metrics,ABCD,46,0.95,scanner_blank_1,8,8,0,0,0,0,8,0,0.0,0.0,,,1.0,0.0,0.0,116,0,8,4
metrics,noop,metrics,ABCD,46,0.95,scanner_blank_2,8,8,0,0,0,0,8,0,0.0,0.0,,,1.0,0.0,0.0,107,0,8,1
metrics,noop,metrics,ABCD,46,0.95,scanner_row_delete_1,8,8,0,0,0,0,8,0,0.0,0.0,,,1.0,0.0,0.0,69,0,8,0
metrics,noop,metrics,ABCD,46,0.95,scanner_row_delete_2,8,8,0,0,0,0,8,0,0.0,0.0,,,1.0,0.0,0.0,89,0,8,0
metrics,noop,metrics,ABCD,46,0.95,scanner_misread_1,8,0,8,0,0,0,0,8,,,0.0,0.312344,0.0,0.0,,0,0,8,0
metrics,noop,metrics,ABCD,46,0.95,scanner_misread_4,8,0,8,0,0,0,0,8,,,0.0,0.312344,0.0,0.0,,0,0,8,0
metrics,noop,metrics,ABCD,46,0.95,scanner_faint_1,8,0,8,0,0,0,0,8,,,0.0,0.312344,0.0,0.0,,0,0,8,0
metrics,noop,metrics,ABCD,46,0.95,scanner_faint_4,8,0,8,0,0,0,0,8,,,0.0,0.312344,0.0,0.0,,0,0,8,0
metrics,noop,metrics,ABCD,46,0.95,scanner_double_4,8,0,8,0,0,0,0,8,,,0.0,0.312344,0.0,0.0,,0,0,8,0
metrics,noop,metrics,ABCD,46,0.95,adv_long_runs,8,0,8,0,0,0,0,8,,,0.0,0.312344,0.0,0.0,,0,0,8,0
metrics,noop,metrics,ABCD,46,0.95,adv_favourite,8,0,8,0,0,0,0,8,,,0.0,0.312344,0.0,0.0,,0,0,8,0
metrics,noop,metrics,ABCD,46,0.95,adv_easy_block,8,0,8,0,0,0,0,8,,,0.0,0.312344,0.0,0.0,,0,0,8,0
metrics,noop,metrics,ABCD,46,0.95,adv_key_leakage,8,8,0,0,0,0,8,0,0.0,0.0,,,1.0,0.0,0.0,260,0,8,0
metrics,noop,metrics,ABCD,46,0.95,adv_cycle,8,0,8,0,0,0,0,8,,,0.0,0.312344,0.0,0.0,,0,0,8,0
metrics,noop,metrics,ABCD,90,0.26,none,8,0,8,0,0,0,0,8,,,0.0,0.312344,0.0,0.0,,0,0,8,0
metrics,noop,metrics,ABCD,90,0.26,row_skip_1,8,8,0,0,0,0,8,0,0.0,0.0,,,1.0,0.0,0.0,13,0,8,10
metrics,noop,metrics,ABCD,90,0.26,row_skip_2,8,8,0,0,0,0,8,0,0.0,0.0,,,1.0,0.0,0.0,16,0,8,8
metrics,noop,metrics,ABCD,90,0.26,early_full,8,8,0,0,0,0,8,0,0.0,0.0,,,1.0,0.0,0.0,25,0,8,19
metrics,noop,metrics,ABCD,90,0.26,boundary,8,8,0,0,0,0,8,0,0.0,0.0,,,1.0,0.0,0.0,10,0,8,6
metrics,noop,metrics,ABCD,90,0.26,short_local,8,8,0,0,0,0,8,0,0.0,0.0,,,1.0,0.0,0.0,1,0,8,10
metrics,noop,metrics,ABCD,90,0.26,whole_section,8,8,0,0,0,0,8,0,0.0,0.0,,,1.0,0.0,0.0,10,0,8,16
metrics,noop,metrics,ABCD,90,0.26,anxiety,8,8,0,0,0,0,8,0,0.0,0.0,,,1.0,0.0,0.0,7,0,8,13
metrics,noop,metrics,ABCD,90,0.26,double_shift,8,8,0,0,0,0,8,0,0.0,0.0,,,1.0,0.0,0.0,35,0,8,29
metrics,noop,metrics,ABCD,90,0.26,self_corrected,8,8,0,0,0,0,8,0,0.0,0.0,,,1.0,0.0,0.0,19,0,8,9
metrics,noop,metrics,ABCD,90,0.26,deferred,8,8,0,0,0,0,8,0,0.0,0.0,,,1.0,0.0,0.0,9,0,8,26
metrics,noop,metrics,ABCD,90,0.26,isolated,8,8,0,0,0,0,8,0,0.0,0.0,,,1.0,0.0,0.0,2,0,8,2
metrics,noop,metrics,ABCD,90,0.26,scanner_blank_1,8,8,0,0,0,0,8,0,0.0,0.0,,,1.0,0.0,0.0,20,0,8,14
metrics,noop,metrics,ABCD,90,0.26,scanner_blank_2,8,8,0,0,0,0,8,0,0.0,0.0,,,1.0,0.0,0.0,34,0,8,15
metrics,noop,metrics,ABCD,90,0.26,scanner_row_delete_1,8,8,0,0,0,0,8,0,0.0,0.0,,,1.0,0.0,0.0,39,0,8,10
metrics,noop,metrics,ABCD,90,0.26,scanner_row_delete_2,8,8,0,0,0,0,8,0,0.0,0.0,,,1.0,0.0,0.0,27,0,8,24
metrics,noop,metrics,ABCD,90,0.26,scanner_misread_1,8,0,8,0,0,0,0,8,,,0.0,0.312344,0.0,0.0,,0,0,8,0
metrics,noop,metrics,ABCD,90,0.26,scanner_misread_4,8,0,8,0,0,0,0,8,,,0.0,0.312344,0.0,0.0,,0,0,8,0
metrics,noop,metrics,ABCD,90,0.26,scanner_faint_1,8,0,8,0,0,0,0,8,,,0.0,0.312344,0.0,0.0,,0,0,8,0
metrics,noop,metrics,ABCD,90,0.26,scanner_faint_4,8,0,8,0,0,0,0,8,,,0.0,0.312344,0.0,0.0,,0,0,8,0
metrics,noop,metrics,ABCD,90,0.26,scanner_double_4,8,0,8,0,0,0,0,8,,,0.0,0.312344,0.0,0.0,,0,0,8,0
metrics,noop,metrics,ABCD,90,0.26,adv_long_runs,8,0,8,0,0,0,0,8,,,0.0,0.312344,0.0,0.0,,0,0,8,0
metrics,noop,metrics,ABCD,90,0.26,adv_favourite,8,0,8,0,0,0,0,8,,,0.0,0.312344,0.0,0.0,,0,0,8,0
metrics,noop,metrics,ABCD,90,0.26,adv_easy_block,8,0,8,0,0,0,0,8,,,0.0,0.312344,0.0,0.0,,0,0,8,0
metrics,noop,metrics,ABCD,90,0.26,adv_key_leakage,8,8,0,0,0,0,8,0,0.0,0.0,,,1.0,0.0,0.0,538,0,8,0
metrics,noop,metrics,ABCD,90,0.26,adv_cycle,8,0,8,0,0,0,0,8,,,0.0,0.312344,0.0,0.0,,0,0,8,0
metrics,noop,metrics,ABCD,90,0.4,none,8,0,8,0,0,0,0,8,,,0.0,0.312344,0.0,0.0,,0,0,8,0
metrics,noop,metrics,ABCD,90,0.4,row_skip_1,8,8,0,0,0,0,8,0,0.0,0.0,,,1.0,0.0,0.0,38,0,8,8
metrics,noop,metrics,ABCD,90,0.4,row_skip_2,8,8,0,0,0,0,8,0,0.0,0.0,,,1.0,0.0,0.0,59,0,8,6
metrics,noop,metrics,ABCD,90,0.4,early_full,8,8,0,0,0,0,8,0,0.0,0.0,,,1.0,0.0,0.0,134,0,8,3
metrics,noop,metrics,ABCD,90,0.4,boundary,8,8,0,0,0,0,8,0,0.0,0.0,,,1.0,0.0,0.0,17,0,8,14
metrics,noop,metrics,ABCD,90,0.4,short_local,8,8,0,0,0,0,8,0,0.0,0.0,,,1.0,0.0,0.0,12,0,8,4
metrics,noop,metrics,ABCD,90,0.4,whole_section,8,8,0,0,0,0,8,0,0.0,0.0,,,1.0,0.0,0.0,62,0,8,0
metrics,noop,metrics,ABCD,90,0.4,anxiety,8,8,0,0,0,0,8,0,0.0,0.0,,,1.0,0.0,0.0,45,0,8,8
metrics,noop,metrics,ABCD,90,0.4,double_shift,8,8,0,0,0,0,8,0,0.0,0.0,,,1.0,0.0,0.0,61,0,8,3
metrics,noop,metrics,ABCD,90,0.4,self_corrected,8,8,0,0,0,0,8,0,0.0,0.0,,,1.0,0.0,0.0,53,0,8,0
metrics,noop,metrics,ABCD,90,0.4,deferred,8,8,0,0,0,0,8,0,0.0,0.0,,,1.0,0.0,0.0,87,0,8,0
metrics,noop,metrics,ABCD,90,0.4,isolated,8,8,0,0,0,0,8,0,0.0,0.0,,,1.0,0.0,0.0,6,0,8,0
metrics,noop,metrics,ABCD,90,0.4,scanner_blank_1,8,8,0,0,0,0,8,0,0.0,0.0,,,1.0,0.0,0.0,37,0,8,4
metrics,noop,metrics,ABCD,90,0.4,scanner_blank_2,8,8,0,0,0,0,8,0,0.0,0.0,,,1.0,0.0,0.0,32,0,8,5
metrics,noop,metrics,ABCD,90,0.4,scanner_row_delete_1,8,8,0,0,0,0,8,0,0.0,0.0,,,1.0,0.0,0.0,49,0,8,9
metrics,noop,metrics,ABCD,90,0.4,scanner_row_delete_2,8,8,0,0,0,0,8,0,0.0,0.0,,,1.0,0.0,0.0,48,0,8,0
metrics,noop,metrics,ABCD,90,0.4,scanner_misread_1,8,0,8,0,0,0,0,8,,,0.0,0.312344,0.0,0.0,,0,0,8,0
metrics,noop,metrics,ABCD,90,0.4,scanner_misread_4,8,0,8,0,0,0,0,8,,,0.0,0.312344,0.0,0.0,,0,0,8,0
metrics,noop,metrics,ABCD,90,0.4,scanner_faint_1,8,0,8,0,0,0,0,8,,,0.0,0.312344,0.0,0.0,,0,0,8,0
metrics,noop,metrics,ABCD,90,0.4,scanner_faint_4,8,0,8,0,0,0,0,8,,,0.0,0.312344,0.0,0.0,,0,0,8,0
metrics,noop,metrics,ABCD,90,0.4,scanner_double_4,8,0,8,0,0,0,0,8,,,0.0,0.312344,0.0,0.0,,0,0,8,0
metrics,noop,metrics,ABCD,90,0.4,adv_long_runs,8,0,8,0,0,0,0,8,,,0.0,0.312344,0.0,0.0,,0,0,8,0
metrics,noop,metrics,ABCD,90,0.4,adv_favourite,8,0,8,0,0,0,0,8,,,0.0,0.312344,0.0,0.0,,0,0,8,0
metrics,noop,metrics,ABCD,90,0.4,adv_easy_block,8,0,8,0,0,0,0,8,,,0.0,0.312344,0.0,0.0,,0,0,8,0
metrics,noop,metrics,ABCD,90,0.4,adv_key_leakage,8,8,0,0,0,0,8,0,0.0,0.0,,,1.0,0.0,0.0,512,0,8,0
metrics,noop,metrics,ABCD,90,0.4,adv_cycle,8,0,8,0,0,0,0,8,,,0.0,0.312344,0.0,0.0,,0,0,8,0
metrics,noop,metrics,ABCD,90,0.55,none,8,0,8,0,0,0,0,8,,,0.0,0.312344,0.0,0.0,,0,0,8,0
metrics,noop,metrics,ABCD,90,0.55,row_skip_1,8,8,0,0,0,0,8,0,0.0,0.0,,,1.0,0.0,0.0,84,0,8,0
metrics,noop,metrics,ABCD,90,0.55,row_skip_2,8,8,0,0,0,0,8,0,0.0,0.0,,,1.0,0.0,0.0,58,0,8,1
metrics,noop,metrics,ABCD,90,0.55,early_full,8,8,0,0,0,0,8,0,0.0,0.0,,,1.0,0.0,0.0,185,0,8,0
metrics,noop,metrics,ABCD,90,0.55,boundary,8,8,0,0,0,0,8,0,0.0,0.0,,,1.0,0.0,0.0,61,0,8,4
metrics,noop,metrics,ABCD,90,0.55,short_local,8,8,0,0,0,0,8,0,0.0,0.0,,,1.0,0.0,0.0,11,0,8,2
metrics,noop,metrics,ABCD,90,0.55,whole_section,8,8,0,0,0,0,8,0,0.0,0.0,,,1.0,0.0,0.0,94,0,8,0
metrics,noop,metrics,ABCD,90,0.55,anxiety,8,8,0,0,0,0,8,0,0.0,0.0,,,1.0,0.0,0.0,63,0,8,5
metrics,noop,metrics,ABCD,90,0.55,double_shift,8,8,0,0,0,0,8,0,0.0,0.0,,,1.0,0.0,0.0,148,0,8,0
metrics,noop,metrics,ABCD,90,0.55,self_corrected,8,8,0,0,0,0,8,0,0.0,0.0,,,1.0,0.0,0.0,41,0,8,1
metrics,noop,metrics,ABCD,90,0.55,deferred,8,8,0,0,0,0,8,0,0.0,0.0,,,1.0,0.0,0.0,101,0,8,3
metrics,noop,metrics,ABCD,90,0.55,isolated,8,8,0,0,0,0,8,0,0.0,0.0,,,1.0,0.0,0.0,6,0,8,0
metrics,noop,metrics,ABCD,90,0.55,scanner_blank_1,8,8,0,0,0,0,8,0,0.0,0.0,,,1.0,0.0,0.0,62,0,8,1
metrics,noop,metrics,ABCD,90,0.55,scanner_blank_2,8,8,0,0,0,0,8,0,0.0,0.0,,,1.0,0.0,0.0,51,0,8,5
metrics,noop,metrics,ABCD,90,0.55,scanner_row_delete_1,8,8,0,0,0,0,8,0,0.0,0.0,,,1.0,0.0,0.0,69,0,8,17
metrics,noop,metrics,ABCD,90,0.55,scanner_row_delete_2,8,8,0,0,0,0,8,0,0.0,0.0,,,1.0,0.0,0.0,55,0,8,2
metrics,noop,metrics,ABCD,90,0.55,scanner_misread_1,8,0,8,0,0,0,0,8,,,0.0,0.312344,0.0,0.0,,0,0,8,0
metrics,noop,metrics,ABCD,90,0.55,scanner_misread_4,8,0,8,0,0,0,0,8,,,0.0,0.312344,0.0,0.0,,0,0,8,0
metrics,noop,metrics,ABCD,90,0.55,scanner_faint_1,8,0,8,0,0,0,0,8,,,0.0,0.312344,0.0,0.0,,0,0,8,0
metrics,noop,metrics,ABCD,90,0.55,scanner_faint_4,8,0,8,0,0,0,0,8,,,0.0,0.312344,0.0,0.0,,0,0,8,0
metrics,noop,metrics,ABCD,90,0.55,scanner_double_4,8,0,8,0,0,0,0,8,,,0.0,0.312344,0.0,0.0,,0,0,8,0
metrics,noop,metrics,ABCD,90,0.55,adv_long_runs,8,0,8,0,0,0,0,8,,,0.0,0.312344,0.0,0.0,,0,0,8,0
metrics,noop,metrics,ABCD,90,0.55,adv_favourite,8,0,8,0,0,0,0,8,,,0.0,0.312344,0.0,0.0,,0,0,8,0
metrics,noop,metrics,ABCD,90,0.55,adv_easy_block,8,0,8,0,0,0,0,8,,,0.0,0.312344,0.0,0.0,,0,0,8,0
metrics,noop,metrics,ABCD,90,0.55,adv_key_leakage,8,8,0,0,0,0,8,0,0.0,0.0,,,1.0,0.0,0.0,522,0,8,0
metrics,noop,metrics,ABCD,90,0.55,adv_cycle,8,0,8,0,0,0,0,8,,,0.0,0.312344,0.0,0.0,,0,0,8,0
metrics,noop,metrics,ABCD,90,0.7,none,8,0,8,0,0,0,0,8,,,0.0,0.312344,0.0,0.0,,0,0,8,0
metrics,noop,metrics,ABCD,90,0.7,row_skip_1,8,8,0,0,0,0,8,0,0.0,0.0,,,1.0,0.0,0.0,110,0,8,6
metrics,noop,metrics,ABCD,90,0.7,row_skip_2,8,8,0,0,0,0,8,0,0.0,0.0,,,1.0,0.0,0.0,161,0,8,0
metrics,noop,metrics,ABCD,90,0.7,early_full,8,8,0,0,0,0,8,0,0.0,0.0,,,1.0,0.0,0.0,220,0,8,3
metrics,noop,metrics,ABCD,90,0.7,boundary,8,8,0,0,0,0,8,0,0.0,0.0,,,1.0,0.0,0.0,53,0,8,3
metrics,noop,metrics,ABCD,90,0.7,short_local,8,8,0,0,0,0,8,0,0.0,0.0,,,1.0,0.0,0.0,20,0,8,1
metrics,noop,metrics,ABCD,90,0.7,whole_section,8,8,0,0,0,0,8,0,0.0,0.0,,,1.0,0.0,0.0,71,0,8,5
metrics,noop,metrics,ABCD,90,0.7,anxiety,8,8,0,0,0,0,8,0,0.0,0.0,,,1.0,0.0,0.0,158,0,8,0
metrics,noop,metrics,ABCD,90,0.7,double_shift,8,8,0,0,0,0,8,0,0.0,0.0,,,1.0,0.0,0.0,150,0,8,13
metrics,noop,metrics,ABCD,90,0.7,self_corrected,8,8,0,0,0,0,8,0,0.0,0.0,,,1.0,0.0,0.0,75,0,8,0
metrics,noop,metrics,ABCD,90,0.7,deferred,8,8,0,0,0,0,8,0,0.0,0.0,,,1.0,0.0,0.0,121,0,8,5
metrics,noop,metrics,ABCD,90,0.7,isolated,8,8,0,0,0,0,8,0,0.0,0.0,,,1.0,0.0,0.0,4,0,8,1
metrics,noop,metrics,ABCD,90,0.7,scanner_blank_1,8,8,0,0,0,0,8,0,0.0,0.0,,,1.0,0.0,0.0,76,0,8,3
metrics,noop,metrics,ABCD,90,0.7,scanner_blank_2,8,8,0,0,0,0,8,0,0.0,0.0,,,1.0,0.0,0.0,119,0,8,0
metrics,noop,metrics,ABCD,90,0.7,scanner_row_delete_1,8,8,0,0,0,0,8,0,0.0,0.0,,,1.0,0.0,0.0,126,0,8,0
metrics,noop,metrics,ABCD,90,0.7,scanner_row_delete_2,8,8,0,0,0,0,8,0,0.0,0.0,,,1.0,0.0,0.0,203,0,8,0
metrics,noop,metrics,ABCD,90,0.7,scanner_misread_1,8,0,8,0,0,0,0,8,,,0.0,0.312344,0.0,0.0,,0,0,8,0
metrics,noop,metrics,ABCD,90,0.7,scanner_misread_4,8,0,8,0,0,0,0,8,,,0.0,0.312344,0.0,0.0,,0,0,8,0
metrics,noop,metrics,ABCD,90,0.7,scanner_faint_1,8,0,8,0,0,0,0,8,,,0.0,0.312344,0.0,0.0,,0,0,8,0
metrics,noop,metrics,ABCD,90,0.7,scanner_faint_4,8,0,8,0,0,0,0,8,,,0.0,0.312344,0.0,0.0,,0,0,8,0
metrics,noop,metrics,ABCD,90,0.7,scanner_double_4,8,0,8,0,0,0,0,8,,,0.0,0.312344,0.0,0.0,,0,0,8,0
metrics,noop,metrics,ABCD,90,0.7,adv_long_runs,8,0,8,0,0,0,0,8,,,0.0,0.312344,0.0,0.0,,0,0,8,0
metrics,noop,metrics,ABCD,90,0.7,adv_favourite,8,0,8,0,0,0,0,8,,,0.0,0.312344,0.0,0.0,,0,0,8,0
metrics,noop,metrics,ABCD,90,0.7,adv_easy_block,8,0,8,0,0,0,0,8,,,0.0,0.312344,0.0,0.0,,0,0,8,0
metrics,noop,metrics,ABCD,90,0.7,adv_key_leakage,8,8,0,0,0,0,8,0,0.0,0.0,,,1.0,0.0,0.0,538,0,8,0
metrics,noop,metrics,ABCD,90,0.7,adv_cycle,8,0,8,0,0,0,0,8,,,0.0,0.312344,0.0,0.0,,0,0,8,0
metrics,noop,metrics,ABCD,90,0.85,none,8,0,8,0,0,0,0,8,,,0.0,0.312344,0.0,0.0,,0,0,8,0
metrics,noop,metrics,ABCD,90,0.85,row_skip_1,8,8,0,0,0,0,8,0,0.0,0.0,,,1.0,0.0,0.0,186,0,8,0
metrics,noop,metrics,ABCD,90,0.85,row_skip_2,8,8,0,0,0,0,8,0,0.0,0.0,,,1.0,0.0,0.0,130,0,8,1
metrics,noop,metrics,ABCD,90,0.85,early_full,8,8,0,0,0,0,8,0,0.0,0.0,,,1.0,0.0,0.0,363,0,8,0
metrics,noop,metrics,ABCD,90,0.85,boundary,8,8,0,0,0,0,8,0,0.0,0.0,,,1.0,0.0,0.0,58,0,8,2
metrics,noop,metrics,ABCD,90,0.85,short_local,8,8,0,0,0,0,8,0,0.0,0.0,,,1.0,0.0,0.0,19,0,8,0
metrics,noop,metrics,ABCD,90,0.85,whole_section,8,8,0,0,0,0,8,0,0.0,0.0,,,1.0,0.0,0.0,187,0,8,0
metrics,noop,metrics,ABCD,90,0.85,anxiety,8,8,0,0,0,0,8,0,0.0,0.0,,,1.0,0.0,0.0,153,0,8,3
metrics,noop,metrics,ABCD,90,0.85,double_shift,8,8,0,0,0,0,8,0,0.0,0.0,,,1.0,0.0,0.0,260,0,8,2
metrics,noop,metrics,ABCD,90,0.85,self_corrected,8,8,0,0,0,0,8,0,0.0,0.0,,,1.0,0.0,0.0,71,0,8,0
metrics,noop,metrics,ABCD,90,0.85,deferred,8,8,0,0,0,0,8,0,0.0,0.0,,,1.0,0.0,0.0,139,0,8,0
metrics,noop,metrics,ABCD,90,0.85,isolated,8,8,0,0,0,0,8,0,0.0,0.0,,,1.0,0.0,0.0,7,0,8,1
metrics,noop,metrics,ABCD,90,0.85,scanner_blank_1,8,8,0,0,0,0,8,0,0.0,0.0,,,1.0,0.0,0.0,132,0,8,0
metrics,noop,metrics,ABCD,90,0.85,scanner_blank_2,8,8,0,0,0,0,8,0,0.0,0.0,,,1.0,0.0,0.0,119,0,8,0
metrics,noop,metrics,ABCD,90,0.85,scanner_row_delete_1,8,8,0,0,0,0,8,0,0.0,0.0,,,1.0,0.0,0.0,152,0,8,4
metrics,noop,metrics,ABCD,90,0.85,scanner_row_delete_2,8,8,0,0,0,0,8,0,0.0,0.0,,,1.0,0.0,0.0,168,0,8,4
metrics,noop,metrics,ABCD,90,0.85,scanner_misread_1,8,0,8,0,0,0,0,8,,,0.0,0.312344,0.0,0.0,,0,0,8,0
metrics,noop,metrics,ABCD,90,0.85,scanner_misread_4,8,0,8,0,0,0,0,8,,,0.0,0.312344,0.0,0.0,,0,0,8,0
metrics,noop,metrics,ABCD,90,0.85,scanner_faint_1,8,0,8,0,0,0,0,8,,,0.0,0.312344,0.0,0.0,,0,0,8,0
metrics,noop,metrics,ABCD,90,0.85,scanner_faint_4,8,0,8,0,0,0,0,8,,,0.0,0.312344,0.0,0.0,,0,0,8,0
metrics,noop,metrics,ABCD,90,0.85,scanner_double_4,8,0,8,0,0,0,0,8,,,0.0,0.312344,0.0,0.0,,0,0,8,0
metrics,noop,metrics,ABCD,90,0.85,adv_long_runs,8,0,8,0,0,0,0,8,,,0.0,0.312344,0.0,0.0,,0,0,8,0
metrics,noop,metrics,ABCD,90,0.85,adv_favourite,8,0,8,0,0,0,0,8,,,0.0,0.312344,0.0,0.0,,0,0,8,0
metrics,noop,metrics,ABCD,90,0.85,adv_easy_block,8,0,8,0,0,0,0,8,,,0.0,0.312344,0.0,0.0,,0,0,8,0
metrics,noop,metrics,ABCD,90,0.85,adv_key_leakage,8,8,0,0,0,0,8,0,0.0,0.0,,,1.0,0.0,0.0,541,0,8,0
metrics,noop,metrics,ABCD,90,0.85,adv_cycle,8,0,8,0,0,0,0,8,,,0.0,0.312344,0.0,0.0,,0,0,8,0
metrics,noop,metrics,ABCD,90,0.95,none,8,0,8,0,0,0,0,8,,,0.0,0.312344,0.0,0.0,,0,0,8,0
metrics,noop,metrics,ABCD,90,0.95,row_skip_1,8,8,0,0,0,0,8,0,0.0,0.0,,,1.0,0.0,0.0,214,0,8,0
metrics,noop,metrics,ABCD,90,0.95,row_skip_2,8,8,0,0,0,0,8,0,0.0,0.0,,,1.0,0.0,0.0,247,0,8,0
metrics,noop,metrics,ABCD,90,0.95,early_full,8,8,0,0,0,0,8,0,0.0,0.0,,,1.0,0.0,0.0,389,0,8,0
metrics,noop,metrics,ABCD,90,0.95,boundary,8,8,0,0,0,0,8,0,0.0,0.0,,,1.0,0.0,0.0,98,0,8,1
metrics,noop,metrics,ABCD,90,0.95,short_local,8,8,0,0,0,0,8,0,0.0,0.0,,,1.0,0.0,0.0,32,0,8,0
metrics,noop,metrics,ABCD,90,0.95,whole_section,8,8,0,0,0,0,8,0,0.0,0.0,,,1.0,0.0,0.0,195,0,8,0
metrics,noop,metrics,ABCD,90,0.95,anxiety,8,8,0,0,0,0,8,0,0.0,0.0,,,1.0,0.0,0.0,193,0,8,2
metrics,noop,metrics,ABCD,90,0.95,double_shift,8,8,0,0,0,0,8,0,0.0,0.0,,,1.0,0.0,0.0,224,0,8,10
metrics,noop,metrics,ABCD,90,0.95,self_corrected,8,8,0,0,0,0,8,0,0.0,0.0,,,1.0,0.0,0.0,71,0,8,0
metrics,noop,metrics,ABCD,90,0.95,deferred,8,8,0,0,0,0,8,0,0.0,0.0,,,1.0,0.0,0.0,250,0,8,0
metrics,noop,metrics,ABCD,90,0.95,isolated,8,8,0,0,0,0,8,0,0.0,0.0,,,1.0,0.0,0.0,8,0,8,0
metrics,noop,metrics,ABCD,90,0.95,scanner_blank_1,8,8,0,0,0,0,8,0,0.0,0.0,,,1.0,0.0,0.0,238,0,8,0
metrics,noop,metrics,ABCD,90,0.95,scanner_blank_2,8,8,0,0,0,0,8,0,0.0,0.0,,,1.0,0.0,0.0,270,0,8,0
metrics,noop,metrics,ABCD,90,0.95,scanner_row_delete_1,8,8,0,0,0,0,8,0,0.0,0.0,,,1.0,0.0,0.0,142,0,8,0
metrics,noop,metrics,ABCD,90,0.95,scanner_row_delete_2,8,8,0,0,0,0,8,0,0.0,0.0,,,1.0,0.0,0.0,109,0,8,2
metrics,noop,metrics,ABCD,90,0.95,scanner_misread_1,8,0,8,0,0,0,0,8,,,0.0,0.312344,0.0,0.0,,0,0,8,0
metrics,noop,metrics,ABCD,90,0.95,scanner_misread_4,8,0,8,0,0,0,0,8,,,0.0,0.312344,0.0,0.0,,0,0,8,0
metrics,noop,metrics,ABCD,90,0.95,scanner_faint_1,8,0,8,0,0,0,0,8,,,0.0,0.312344,0.0,0.0,,0,0,8,0
metrics,noop,metrics,ABCD,90,0.95,scanner_faint_4,8,0,8,0,0,0,0,8,,,0.0,0.312344,0.0,0.0,,0,0,8,0
metrics,noop,metrics,ABCD,90,0.95,scanner_double_4,8,0,8,0,0,0,0,8,,,0.0,0.312344,0.0,0.0,,0,0,8,0
metrics,noop,metrics,ABCD,90,0.95,adv_long_runs,8,0,8,0,0,0,0,8,,,0.0,0.312344,0.0,0.0,,0,0,8,0
metrics,noop,metrics,ABCD,90,0.95,adv_favourite,8,0,8,0,0,0,0,8,,,0.0,0.312344,0.0,0.0,,0,0,8,0
metrics,noop,metrics,ABCD,90,0.95,adv_easy_block,8,0,8,0,0,0,0,8,,,0.0,0.312344,0.0,0.0,,0,0,8,0
metrics,noop,metrics,ABCD,90,0.95,adv_key_leakage,8,8,0,0,0,0,8,0,0.0,0.0,,,1.0,0.0,0.0,519,0,8,0
metrics,noop,metrics,ABCD,90,0.95,adv_cycle,8,0,8,0,0,0,0,8,,,0.0,0.312344,0.0,0.0,,0,0,8,0
metrics,noop,metrics,ABCD,100,0.26,none,8,0,8,0,0,0,0,8,,,0.0,0.312344,0.0,0.0,,0,0,8,0
metrics,noop,metrics,ABCD,100,0.26,row_skip_1,8,8,0,0,0,0,8,0,0.0,0.0,,,1.0,0.0,0.0,30,0,8,10
metrics,noop,metrics,ABCD,100,0.26,row_skip_2,8,8,0,0,0,0,8,0,0.0,0.0,,,1.0,0.0,0.0,24,0,8,13
metrics,noop,metrics,ABCD,100,0.26,early_full,8,8,0,0,0,0,8,0,0.0,0.0,,,1.0,0.0,0.0,58,0,8,12
metrics,noop,metrics,ABCD,100,0.26,boundary,8,8,0,0,0,0,8,0,0.0,0.0,,,1.0,0.0,0.0,42,0,8,3
metrics,noop,metrics,ABCD,100,0.26,short_local,8,8,0,0,0,0,8,0,0.0,0.0,,,1.0,0.0,0.0,8,0,8,6
metrics,noop,metrics,ABCD,100,0.26,whole_section,8,8,0,0,0,0,8,0,0.0,0.0,,,1.0,0.0,0.0,14,0,8,14
metrics,noop,metrics,ABCD,100,0.26,anxiety,8,8,0,0,0,0,8,0,0.0,0.0,,,1.0,0.0,0.0,33,0,8,3
metrics,noop,metrics,ABCD,100,0.26,double_shift,8,8,0,0,0,0,8,0,0.0,0.0,,,1.0,0.0,0.0,24,0,8,35
metrics,noop,metrics,ABCD,100,0.26,self_corrected,8,8,0,0,0,0,8,0,0.0,0.0,,,1.0,0.0,0.0,13,0,8,3
metrics,noop,metrics,ABCD,100,0.26,deferred,8,8,0,0,0,0,8,0,0.0,0.0,,,1.0,0.0,0.0,40,0,8,0
metrics,noop,metrics,ABCD,100,0.26,isolated,8,8,0,0,0,0,8,0,0.0,0.0,,,1.0,0.0,,0,0,8,4
metrics,noop,metrics,ABCD,100,0.26,scanner_blank_1,8,8,0,0,0,0,8,0,0.0,0.0,,,1.0,0.0,0.0,26,0,8,22
metrics,noop,metrics,ABCD,100,0.26,scanner_blank_2,8,8,0,0,0,0,8,0,0.0,0.0,,,1.0,0.0,0.0,12,0,8,13
metrics,noop,metrics,ABCD,100,0.26,scanner_row_delete_1,8,8,0,0,0,0,8,0,0.0,0.0,,,1.0,0.0,0.0,10,0,8,16
metrics,noop,metrics,ABCD,100,0.26,scanner_row_delete_2,8,8,0,0,0,0,8,0,0.0,0.0,,,1.0,0.0,0.0,27,0,8,0
metrics,noop,metrics,ABCD,100,0.26,scanner_misread_1,8,0,8,0,0,0,0,8,,,0.0,0.312344,0.0,0.0,,0,0,8,0
metrics,noop,metrics,ABCD,100,0.26,scanner_misread_4,8,0,8,0,0,0,0,8,,,0.0,0.312344,0.0,0.0,,0,0,8,0
metrics,noop,metrics,ABCD,100,0.26,scanner_faint_1,8,0,8,0,0,0,0,8,,,0.0,0.312344,0.0,0.0,,0,0,8,0
metrics,noop,metrics,ABCD,100,0.26,scanner_faint_4,8,0,8,0,0,0,0,8,,,0.0,0.312344,0.0,0.0,,0,0,8,0
metrics,noop,metrics,ABCD,100,0.26,scanner_double_4,8,0,8,0,0,0,0,8,,,0.0,0.312344,0.0,0.0,,0,0,8,0
metrics,noop,metrics,ABCD,100,0.26,adv_long_runs,8,0,8,0,0,0,0,8,,,0.0,0.312344,0.0,0.0,,0,0,8,0
metrics,noop,metrics,ABCD,100,0.26,adv_favourite,8,0,8,0,0,0,0,8,,,0.0,0.312344,0.0,0.0,,0,0,8,0
metrics,noop,metrics,ABCD,100,0.26,adv_easy_block,8,0,8,0,0,0,0,8,,,0.0,0.312344,0.0,0.0,,0,0,8,0
metrics,noop,metrics,ABCD,100,0.26,adv_key_leakage,8,8,0,0,0,0,8,0,0.0,0.0,,,1.0,0.0,0.0,587,0,8,0
metrics,noop,metrics,ABCD,100,0.26,adv_cycle,8,0,8,0,0,0,0,8,,,0.0,0.312344,0.0,0.0,,0,0,8,0
metrics,noop,metrics,ABCD,100,0.4,none,8,0,8,0,0,0,0,8,,,0.0,0.312344,0.0,0.0,,0,0,8,0
metrics,noop,metrics,ABCD,100,0.4,row_skip_1,8,8,0,0,0,0,8,0,0.0,0.0,,,1.0,0.0,0.0,61,0,8,8
metrics,noop,metrics,ABCD,100,0.4,row_skip_2,8,8,0,0,0,0,8,0,0.0,0.0,,,1.0,0.0,0.0,27,0,8,33
metrics,noop,metrics,ABCD,100,0.4,early_full,8,8,0,0,0,0,8,0,0.0,0.0,,,1.0,0.0,0.0,90,0,8,17
metrics,noop,metrics,ABCD,100,0.4,boundary,8,8,0,0,0,0,8,0,0.0,0.0,,,1.0,0.0,0.0,59,0,8,13
metrics,noop,metrics,ABCD,100,0.4,short_local,8,8,0,0,0,0,8,0,0.0,0.0,,,1.0,0.0,0.0,11,0,8,5
metrics,noop,metrics,ABCD,100,0.4,whole_section,8,8,0,0,0,0,8,0,0.0,0.0,,,1.0,0.0,0.0,63,0,8,0
metrics,noop,metrics,ABCD,100,0.4,anxiety,8,8,0,0,0,0,8,0,0.0,0.0,,,1.0,0.0,0.0,32,0,8,21
metrics,noop,metrics,ABCD,100,0.4,double_shift,8,8,0,0,0,0,8,0,0.0,0.0,,,1.0,0.0,0.0,50,0,8,8
metrics,noop,metrics,ABCD,100,0.4,self_corrected,8,8,0,0,0,0,8,0,0.0,0.0,,,1.0,0.0,0.0,33,0,8,1
metrics,noop,metrics,ABCD,100,0.4,deferred,8,8,0,0,0,0,8,0,0.0,0.0,,,1.0,0.0,0.0,34,0,8,4
metrics,noop,metrics,ABCD,100,0.4,isolated,8,8,0,0,0,0,8,0,0.0,0.0,,,1.0,0.0,0.0,5,0,8,2
metrics,noop,metrics,ABCD,100,0.4,scanner_blank_1,8,8,0,0,0,0,8,0,0.0,0.0,,,1.0,0.0,0.0,74,0,8,7
metrics,noop,metrics,ABCD,100,0.4,scanner_blank_2,8,8,0,0,0,0,8,0,0.0,0.0,,,1.0,0.0,0.0,83,0,8,1
metrics,noop,metrics,ABCD,100,0.4,scanner_row_delete_1,8,8,0,0,0,0,8,0,0.0,0.0,,,1.0,0.0,0.0,44,0,8,16
metrics,noop,metrics,ABCD,100,0.4,scanner_row_delete_2,8,8,0,0,0,0,8,0,0.0,0.0,,,1.0,0.0,0.0,43,0,8,7
metrics,noop,metrics,ABCD,100,0.4,scanner_misread_1,8,0,8,0,0,0,0,8,,,0.0,0.312344,0.0,0.0,,0,0,8,0
metrics,noop,metrics,ABCD,100,0.4,scanner_misread_4,8,0,8,0,0,0,0,8,,,0.0,0.312344,0.0,0.0,,0,0,8,0
metrics,noop,metrics,ABCD,100,0.4,scanner_faint_1,8,0,8,0,0,0,0,8,,,0.0,0.312344,0.0,0.0,,0,0,8,0
metrics,noop,metrics,ABCD,100,0.4,scanner_faint_4,8,0,8,0,0,0,0,8,,,0.0,0.312344,0.0,0.0,,0,0,8,0
metrics,noop,metrics,ABCD,100,0.4,scanner_double_4,8,0,8,0,0,0,0,8,,,0.0,0.312344,0.0,0.0,,0,0,8,0
metrics,noop,metrics,ABCD,100,0.4,adv_long_runs,8,0,8,0,0,0,0,8,,,0.0,0.312344,0.0,0.0,,0,0,8,0
metrics,noop,metrics,ABCD,100,0.4,adv_favourite,8,0,8,0,0,0,0,8,,,0.0,0.312344,0.0,0.0,,0,0,8,0
metrics,noop,metrics,ABCD,100,0.4,adv_easy_block,8,0,8,0,0,0,0,8,,,0.0,0.312344,0.0,0.0,,0,0,8,0
metrics,noop,metrics,ABCD,100,0.4,adv_key_leakage,8,8,0,0,0,0,8,0,0.0,0.0,,,1.0,0.0,0.0,556,0,8,0
metrics,noop,metrics,ABCD,100,0.4,adv_cycle,8,0,8,0,0,0,0,8,,,0.0,0.312344,0.0,0.0,,0,0,8,0
metrics,noop,metrics,ABCD,100,0.55,none,8,0,8,0,0,0,0,8,,,0.0,0.312344,0.0,0.0,,0,0,8,0
metrics,noop,metrics,ABCD,100,0.55,row_skip_1,8,8,0,0,0,0,8,0,0.0,0.0,,,1.0,0.0,0.0,51,0,8,7
metrics,noop,metrics,ABCD,100,0.55,row_skip_2,8,8,0,0,0,0,8,0,0.0,0.0,,,1.0,0.0,0.0,105,0,8,0
metrics,noop,metrics,ABCD,100,0.55,early_full,8,8,0,0,0,0,8,0,0.0,0.0,,,1.0,0.0,0.0,150,0,8,10
metrics,noop,metrics,ABCD,100,0.55,boundary,8,8,0,0,0,0,8,0,0.0,0.0,,,1.0,0.0,0.0,52,0,8,4
metrics,noop,metrics,ABCD,100,0.55,short_local,8,8,0,0,0,0,8,0,0.0,0.0,,,1.0,0.0,0.0,27,0,8,2
metrics,noop,metrics,ABCD,100,0.55,whole_section,8,8,0,0,0,0,8,0,0.0,0.0,,,1.0,0.0,0.0,57,0,8,7
metrics,noop,metrics,ABCD,100,0.55,anxiety,8,8,0,0,0,0,8,0,0.0,0.0,,,1.0,0.0,0.0,69,0,8,12
metrics,noop,metrics,ABCD,100,0.55,double_shift,8,8,0,0,0,0,8,0,0.0,0.0,,,1.0,0.0,0.0,175,0,8,2
metrics,noop,metrics,ABCD,100,0.55,self_corrected,8,8,0,0,0,0,8,0,0.0,0.0,,,1.0,0.0,0.0,39,0,8,1
metrics,noop,metrics,ABCD,100,0.55,deferred,8,8,0,0,0,0,8,0,0.0,0.0,,,1.0,0.0,0.0,76,0,8,0
metrics,noop,metrics,ABCD,100,0.55,isolated,8,8,0,0,0,0,8,0,0.0,0.0,,,1.0,0.0,0.0,1,0,8,1
metrics,noop,metrics,ABCD,100,0.55,scanner_blank_1,8,8,0,0,0,0,8,0,0.0,0.0,,,1.0,0.0,0.0,104,0,8,4
metrics,noop,metrics,ABCD,100,0.55,scanner_blank_2,8,8,0,0,0,0,8,0,0.0,0.0,,,1.0,0.0,0.0,50,0,8,2
metrics,noop,metrics,ABCD,100,0.55,scanner_row_delete_1,8,8,0,0,0,0,8,0,0.0,0.0,,,1.0,0.0,0.0,63,0,8,17
metrics,noop,metrics,ABCD,100,0.55,scanner_row_delete_2,8,8,0,0,0,0,8,0,0.0,0.0,,,1.0,0.0,0.0,93,0,8,5
metrics,noop,metrics,ABCD,100,0.55,scanner_misread_1,8,0,8,0,0,0,0,8,,,0.0,0.312344,0.0,0.0,,0,0,8,0
metrics,noop,metrics,ABCD,100,0.55,scanner_misread_4,8,0,8,0,0,0,0,8,,,0.0,0.312344,0.0,0.0,,0,0,8,0
metrics,noop,metrics,ABCD,100,0.55,scanner_faint_1,8,0,8,0,0,0,0,8,,,0.0,0.312344,0.0,0.0,,0,0,8,0
metrics,noop,metrics,ABCD,100,0.55,scanner_faint_4,8,0,8,0,0,0,0,8,,,0.0,0.312344,0.0,0.0,,0,0,8,0
metrics,noop,metrics,ABCD,100,0.55,scanner_double_4,8,0,8,0,0,0,0,8,,,0.0,0.312344,0.0,0.0,,0,0,8,0
metrics,noop,metrics,ABCD,100,0.55,adv_long_runs,8,0,8,0,0,0,0,8,,,0.0,0.312344,0.0,0.0,,0,0,8,0
metrics,noop,metrics,ABCD,100,0.55,adv_favourite,8,0,8,0,0,0,0,8,,,0.0,0.312344,0.0,0.0,,0,0,8,0
metrics,noop,metrics,ABCD,100,0.55,adv_easy_block,8,0,8,0,0,0,0,8,,,0.0,0.312344,0.0,0.0,,0,0,8,0
metrics,noop,metrics,ABCD,100,0.55,adv_key_leakage,8,8,0,0,0,0,8,0,0.0,0.0,,,1.0,0.0,0.0,588,0,8,0
metrics,noop,metrics,ABCD,100,0.55,adv_cycle,8,0,8,0,0,0,0,8,,,0.0,0.312344,0.0,0.0,,0,0,8,0
metrics,noop,metrics,ABCD,100,0.7,none,8,0,8,0,0,0,0,8,,,0.0,0.312344,0.0,0.0,,0,0,8,0
metrics,noop,metrics,ABCD,100,0.7,row_skip_1,8,8,0,0,0,0,8,0,0.0,0.0,,,1.0,0.0,0.0,97,0,8,0
metrics,noop,metrics,ABCD,100,0.7,row_skip_2,8,8,0,0,0,0,8,0,0.0,0.0,,,1.0,0.0,0.0,91,0,8,3
metrics,noop,metrics,ABCD,100,0.7,early_full,8,8,0,0,0,0,8,0,0.0,0.0,,,1.0,0.0,0.0,239,0,8,0
metrics,noop,metrics,ABCD,100,0.7,boundary,8,8,0,0,0,0,8,0,0.0,0.0,,,1.0,0.0,0.0,83,0,8,0
metrics,noop,metrics,ABCD,100,0.7,short_local,8,8,0,0,0,0,8,0,0.0,0.0,,,1.0,0.0,0.0,7,0,8,2
metrics,noop,metrics,ABCD,100,0.7,whole_section,8,8,0,0,0,0,8,0,0.0,0.0,,,1.0,0.0,0.0,88,0,8,1
metrics,noop,metrics,ABCD,100,0.7,anxiety,8,8,0,0,0,0,8,0,0.0,0.0,,,1.0,0.0,0.0,140,0,8,0
metrics,noop,metrics,ABCD,100,0.7,double_shift,8,8,0,0,0,0,8,0,0.0,0.0,,,1.0,0.0,0.0,242,0,8,0
metrics,noop,metrics,ABCD,100,0.7,self_corrected,8,8,0,0,0,0,8,0,0.0,0.0,,,1.0,0.0,0.0,50,0,8,4
metrics,noop,metrics,ABCD,100,0.7,deferred,8,8,0,0,0,0,8,0,0.0,0.0,,,1.0,0.0,0.0,126,0,8,5
metrics,noop,metrics,ABCD,100,0.7,isolated,8,8,0,0,0,0,8,0,0.0,0.0,,,1.0,0.0,0.0,5,0,8,2
metrics,noop,metrics,ABCD,100,0.7,scanner_blank_1,8,8,0,0,0,0,8,0,0.0,0.0,,,1.0,0.0,0.0,154,0,8,0
metrics,noop,metrics,ABCD,100,0.7,scanner_blank_2,8,8,0,0,0,0,8,0,0.0,0.0,,,1.0,0.0,0.0,167,0,8,0
metrics,noop,metrics,ABCD,100,0.7,scanner_row_delete_1,8,8,0,0,0,0,8,0,0.0,0.0,,,1.0,0.0,0.0,148,0,8,4
metrics,noop,metrics,ABCD,100,0.7,scanner_row_delete_2,8,8,0,0,0,0,8,0,0.0,0.0,,,1.0,0.0,0.0,56,0,8,0
metrics,noop,metrics,ABCD,100,0.7,scanner_misread_1,8,0,8,0,0,0,0,8,,,0.0,0.312344,0.0,0.0,,0,0,8,0
metrics,noop,metrics,ABCD,100,0.7,scanner_misread_4,8,0,8,0,0,0,0,8,,,0.0,0.312344,0.0,0.0,,0,0,8,0
metrics,noop,metrics,ABCD,100,0.7,scanner_faint_1,8,0,8,0,0,0,0,8,,,0.0,0.312344,0.0,0.0,,0,0,8,0
metrics,noop,metrics,ABCD,100,0.7,scanner_faint_4,8,0,8,0,0,0,0,8,,,0.0,0.312344,0.0,0.0,,0,0,8,0
metrics,noop,metrics,ABCD,100,0.7,scanner_double_4,8,0,8,0,0,0,0,8,,,0.0,0.312344,0.0,0.0,,0,0,8,0
metrics,noop,metrics,ABCD,100,0.7,adv_long_runs,8,0,8,0,0,0,0,8,,,0.0,0.312344,0.0,0.0,,0,0,8,0
metrics,noop,metrics,ABCD,100,0.7,adv_favourite,8,0,8,0,0,0,0,8,,,0.0,0.312344,0.0,0.0,,0,0,8,0
metrics,noop,metrics,ABCD,100,0.7,adv_easy_block,8,0,8,0,0,0,0,8,,,0.0,0.312344,0.0,0.0,,0,0,8,0
metrics,noop,metrics,ABCD,100,0.7,adv_key_leakage,8,8,0,0,0,0,8,0,0.0,0.0,,,1.0,0.0,0.0,591,0,8,0
metrics,noop,metrics,ABCD,100,0.7,adv_cycle,8,0,8,0,0,0,0,8,,,0.0,0.312344,0.0,0.0,,0,0,8,0
metrics,noop,metrics,ABCD,100,0.85,none,8,0,8,0,0,0,0,8,,,0.0,0.312344,0.0,0.0,,0,0,8,0
metrics,noop,metrics,ABCD,100,0.85,row_skip_1,8,8,0,0,0,0,8,0,0.0,0.0,,,1.0,0.0,0.0,204,0,8,0
metrics,noop,metrics,ABCD,100,0.85,row_skip_2,8,8,0,0,0,0,8,0,0.0,0.0,,,1.0,0.0,0.0,166,0,8,2
metrics,noop,metrics,ABCD,100,0.85,early_full,8,8,0,0,0,0,8,0,0.0,0.0,,,1.0,0.0,0.0,363,0,8,6
metrics,noop,metrics,ABCD,100,0.85,boundary,8,8,0,0,0,0,8,0,0.0,0.0,,,1.0,0.0,0.0,100,0,8,0
metrics,noop,metrics,ABCD,100,0.85,short_local,8,8,0,0,0,0,8,0,0.0,0.0,,,1.0,0.0,0.0,22,0,8,2
metrics,noop,metrics,ABCD,100,0.85,whole_section,8,8,0,0,0,0,8,0,0.0,0.0,,,1.0,0.0,0.0,164,0,8,1
metrics,noop,metrics,ABCD,100,0.85,anxiety,8,8,0,0,0,0,8,0,0.0,0.0,,,1.0,0.0,0.0,188,0,8,10
metrics,noop,metrics,ABCD,100,0.85,double_shift,8,8,0,0,0,0,8,0,0.0,0.0,,,1.0,0.0,0.0,348,0,8,0
metrics,noop,metrics,ABCD,100,0.85,self_corrected,8,8,0,0,0,0,8,0,0.0,0.0,,,1.0,0.0,0.0,75,0,8,5
metrics,noop,metrics,ABCD,100,0.85,deferred,8,8,0,0,0,0,8,0,0.0,0.0,,,1.0,0.0,0.0,219,0,8,0
metrics,noop,metrics,ABCD,100,0.85,isolated,8,8,0,0,0,0,8,0,0.0,0.0,,,1.0,0.0,0.0,11,0,8,0
metrics,noop,metrics,ABCD,100,0.85,scanner_blank_1,8,8,0,0,0,0,8,0,0.0,0.0,,,1.0,0.0,0.0,297,0,8,0
metrics,noop,metrics,ABCD,100,0.85,scanner_blank_2,8,8,0,0,0,0,8,0,0.0,0.0,,,1.0,0.0,0.0,199,0,8,0
metrics,noop,metrics,ABCD,100,0.85,scanner_row_delete_1,8,8,0,0,0,0,8,0,0.0,0.0,,,1.0,0.0,0.0,112,0,8,6
metrics,noop,metrics,ABCD,100,0.85,scanner_row_delete_2,8,8,0,0,0,0,8,0,0.0,0.0,,,1.0,0.0,0.0,116,0,8,1
metrics,noop,metrics,ABCD,100,0.85,scanner_misread_1,8,0,8,0,0,0,0,8,,,0.0,0.312344,0.0,0.0,,0,0,8,0
metrics,noop,metrics,ABCD,100,0.85,scanner_misread_4,8,0,8,0,0,0,0,8,,,0.0,0.312344,0.0,0.0,,0,0,8,0
metrics,noop,metrics,ABCD,100,0.85,scanner_faint_1,8,0,8,0,0,0,0,8,,,0.0,0.312344,0.0,0.0,,0,0,8,0
metrics,noop,metrics,ABCD,100,0.85,scanner_faint_4,8,0,8,0,0,0,0,8,,,0.0,0.312344,0.0,0.0,,0,0,8,0
metrics,noop,metrics,ABCD,100,0.85,scanner_double_4,8,0,8,0,0,0,0,8,,,0.0,0.312344,0.0,0.0,,0,0,8,0
metrics,noop,metrics,ABCD,100,0.85,adv_long_runs,8,0,8,0,0,0,0,8,,,0.0,0.312344,0.0,0.0,,0,0,8,0
metrics,noop,metrics,ABCD,100,0.85,adv_favourite,8,0,8,0,0,0,0,8,,,0.0,0.312344,0.0,0.0,,0,0,8,0
metrics,noop,metrics,ABCD,100,0.85,adv_easy_block,8,0,8,0,0,0,0,8,,,0.0,0.312344,0.0,0.0,,0,0,8,0
metrics,noop,metrics,ABCD,100,0.85,adv_key_leakage,8,8,0,0,0,0,8,0,0.0,0.0,,,1.0,0.0,0.0,588,0,8,0
metrics,noop,metrics,ABCD,100,0.85,adv_cycle,8,0,8,0,0,0,0,8,,,0.0,0.312344,0.0,0.0,,0,0,8,0
metrics,noop,metrics,ABCD,100,0.95,none,8,0,8,0,0,0,0,8,,,0.0,0.312344,0.0,0.0,,0,0,8,0
metrics,noop,metrics,ABCD,100,0.95,row_skip_1,8,8,0,0,0,0,8,0,0.0,0.0,,,1.0,0.0,0.0,167,0,8,0
metrics,noop,metrics,ABCD,100,0.95,row_skip_2,8,8,0,0,0,0,8,0,0.0,0.0,,,1.0,0.0,0.0,181,0,8,4
metrics,noop,metrics,ABCD,100,0.95,early_full,8,8,0,0,0,0,8,0,0.0,0.0,,,1.0,0.0,0.0,414,0,8,0
metrics,noop,metrics,ABCD,100,0.95,boundary,8,8,0,0,0,0,8,0,0.0,0.0,,,1.0,0.0,0.0,122,0,8,1
metrics,noop,metrics,ABCD,100,0.95,short_local,8,8,0,0,0,0,8,0,0.0,0.0,,,1.0,0.0,0.0,38,0,8,0
metrics,noop,metrics,ABCD,100,0.95,whole_section,8,8,0,0,0,0,8,0,0.0,0.0,,,1.0,0.0,0.0,220,0,8,0
metrics,noop,metrics,ABCD,100,0.95,anxiety,8,8,0,0,0,0,8,0,0.0,0.0,,,1.0,0.0,0.0,280,0,8,3
metrics,noop,metrics,ABCD,100,0.95,double_shift,8,8,0,0,0,0,8,0,0.0,0.0,,,1.0,0.0,0.0,242,0,8,2
metrics,noop,metrics,ABCD,100,0.95,self_corrected,8,8,0,0,0,0,8,0,0.0,0.0,,,1.0,0.0,0.0,76,0,8,0
metrics,noop,metrics,ABCD,100,0.95,deferred,8,8,0,0,0,0,8,0,0.0,0.0,,,1.0,0.0,0.0,235,0,8,0
metrics,noop,metrics,ABCD,100,0.95,isolated,8,8,0,0,0,0,8,0,0.0,0.0,,,1.0,0.0,0.0,11,0,8,0
metrics,noop,metrics,ABCD,100,0.95,scanner_blank_1,8,8,0,0,0,0,8,0,0.0,0.0,,,1.0,0.0,0.0,314,0,8,0
metrics,noop,metrics,ABCD,100,0.95,scanner_blank_2,8,8,0,0,0,0,8,0,0.0,0.0,,,1.0,0.0,0.0,196,0,8,0
metrics,noop,metrics,ABCD,100,0.95,scanner_row_delete_1,8,8,0,0,0,0,8,0,0.0,0.0,,,1.0,0.0,0.0,334,0,8,0
metrics,noop,metrics,ABCD,100,0.95,scanner_row_delete_2,8,8,0,0,0,0,8,0,0.0,0.0,,,1.0,0.0,0.0,246,0,8,0
metrics,noop,metrics,ABCD,100,0.95,scanner_misread_1,8,0,8,0,0,0,0,8,,,0.0,0.312344,0.0,0.0,,0,0,8,0
metrics,noop,metrics,ABCD,100,0.95,scanner_misread_4,8,0,8,0,0,0,0,8,,,0.0,0.312344,0.0,0.0,,0,0,8,0
metrics,noop,metrics,ABCD,100,0.95,scanner_faint_1,8,0,8,0,0,0,0,8,,,0.0,0.312344,0.0,0.0,,0,0,8,0
metrics,noop,metrics,ABCD,100,0.95,scanner_faint_4,8,0,8,0,0,0,0,8,,,0.0,0.312344,0.0,0.0,,0,0,8,0
metrics,noop,metrics,ABCD,100,0.95,scanner_double_4,8,0,8,0,0,0,0,8,,,0.0,0.312344,0.0,0.0,,0,0,8,0
metrics,noop,metrics,ABCD,100,0.95,adv_long_runs,8,0,8,0,0,0,0,8,,,0.0,0.312344,0.0,0.0,,0,0,8,0
metrics,noop,metrics,ABCD,100,0.95,adv_favourite,8,0,8,0,0,0,0,8,,,0.0,0.312344,0.0,0.0,,0,0,8,0
metrics,noop,metrics,ABCD,100,0.95,adv_easy_block,8,0,8,0,0,0,0,8,,,0.0,0.312344,0.0,0.0,,0,0,8,0
metrics,noop,metrics,ABCD,100,0.95,adv_key_leakage,8,8,0,0,0,0,8,0,0.0,0.0,,,1.0,0.0,0.0,597,0,8,0
metrics,noop,metrics,ABCD,100,0.95,adv_cycle,8,0,8,0,0,0,0,8,,,0.0,0.312344,0.0,0.0,,0,0,8,0
metrics,noop,metrics,ABCD,150,0.26,none,8,0,8,0,0,0,0,8,,,0.0,0.312344,0.0,0.0,,0,0,8,0
metrics,noop,metrics,ABCD,150,0.26,row_skip_1,8,8,0,0,0,0,8,0,0.0,0.0,,,1.0,0.0,0.0,16,0,8,43
metrics,noop,metrics,ABCD,150,0.26,row_skip_2,8,8,0,0,0,0,8,0,0.0,0.0,,,1.0,0.0,0.0,23,0,8,56
metrics,noop,metrics,ABCD,150,0.26,early_full,8,8,0,0,0,0,8,0,0.0,0.0,,,1.0,0.0,0.0,85,0,8,47
metrics,noop,metrics,ABCD,150,0.26,boundary,8,8,0,0,0,0,8,0,0.0,0.0,,,1.0,0.0,0.0,9,0,8,7
metrics,noop,metrics,ABCD,150,0.26,short_local,8,8,0,0,0,0,8,0,0.0,0.0,,,1.0,0.0,0.0,17,0,8,3
metrics,noop,metrics,ABCD,150,0.26,whole_section,8,8,0,0,0,0,8,0,0.0,0.0,,,1.0,0.0,0.0,19,0,8,22
metrics,noop,metrics,ABCD,150,0.26,anxiety,8,8,0,0,0,0,8,0,0.0,0.0,,,1.0,0.0,0.0,11,0,8,17
metrics,noop,metrics,ABCD,150,0.26,double_shift,8,8,0,0,0,0,8,0,0.0,0.0,,,1.0,0.0,0.0,54,0,8,33
metrics,noop,metrics,ABCD,150,0.26,self_corrected,8,8,0,0,0,0,8,0,0.0,0.0,,,1.0,0.0,0.0,22,0,8,8
metrics,noop,metrics,ABCD,150,0.26,deferred,8,8,0,0,0,0,8,0,0.0,0.0,,,1.0,0.0,0.0,79,0,8,10
metrics,noop,metrics,ABCD,150,0.26,isolated,8,8,0,0,0,0,8,0,0.0,0.0,,,1.0,0.0,0.0,2,0,8,3
metrics,noop,metrics,ABCD,150,0.26,scanner_blank_1,8,8,0,0,0,0,8,0,0.0,0.0,,,1.0,0.0,0.0,34,0,8,5
metrics,noop,metrics,ABCD,150,0.26,scanner_blank_2,8,8,0,0,0,0,8,0,0.0,0.0,,,1.0,0.0,0.0,21,0,8,19
metrics,noop,metrics,ABCD,150,0.26,scanner_row_delete_1,8,8,0,0,0,0,8,0,0.0,0.0,,,1.0,0.0,0.0,39,0,8,16
metrics,noop,metrics,ABCD,150,0.26,scanner_row_delete_2,8,8,0,0,0,0,8,0,0.0,0.0,,,1.0,0.0,0.0,36,0,8,12
metrics,noop,metrics,ABCD,150,0.26,scanner_misread_1,8,0,8,0,0,0,0,8,,,0.0,0.312344,0.0,0.0,,0,0,8,0
metrics,noop,metrics,ABCD,150,0.26,scanner_misread_4,8,0,8,0,0,0,0,8,,,0.0,0.312344,0.0,0.0,,0,0,8,0
metrics,noop,metrics,ABCD,150,0.26,scanner_faint_1,8,0,8,0,0,0,0,8,,,0.0,0.312344,0.0,0.0,,0,0,8,0
metrics,noop,metrics,ABCD,150,0.26,scanner_faint_4,8,0,8,0,0,0,0,8,,,0.0,0.312344,0.0,0.0,,0,0,8,0
metrics,noop,metrics,ABCD,150,0.26,scanner_double_4,8,0,8,0,0,0,0,8,,,0.0,0.312344,0.0,0.0,,0,0,8,0
metrics,noop,metrics,ABCD,150,0.26,adv_long_runs,8,0,8,0,0,0,0,8,,,0.0,0.312344,0.0,0.0,,0,0,8,0
metrics,noop,metrics,ABCD,150,0.26,adv_favourite,8,0,8,0,0,0,0,8,,,0.0,0.312344,0.0,0.0,,0,0,8,0
metrics,noop,metrics,ABCD,150,0.26,adv_easy_block,8,0,8,0,0,0,0,8,,,0.0,0.312344,0.0,0.0,,0,0,8,0
metrics,noop,metrics,ABCD,150,0.26,adv_key_leakage,8,8,0,0,0,0,8,0,0.0,0.0,,,1.0,0.0,0.0,888,0,8,0
metrics,noop,metrics,ABCD,150,0.26,adv_cycle,8,0,8,0,0,0,0,8,,,0.0,0.312344,0.0,0.0,,0,0,8,0
metrics,noop,metrics,ABCD,150,0.4,none,8,0,8,0,0,0,0,8,,,0.0,0.312344,0.0,0.0,,0,0,8,0
metrics,noop,metrics,ABCD,150,0.4,row_skip_1,8,8,0,0,0,0,8,0,0.0,0.0,,,1.0,0.0,0.0,51,0,8,32
metrics,noop,metrics,ABCD,150,0.4,row_skip_2,8,8,0,0,0,0,8,0,0.0,0.0,,,1.0,0.0,0.0,50,0,8,26
metrics,noop,metrics,ABCD,150,0.4,early_full,8,8,0,0,0,0,8,0,0.0,0.0,,,1.0,0.0,0.0,185,0,8,0
metrics,noop,metrics,ABCD,150,0.4,boundary,8,8,0,0,0,0,8,0,0.0,0.0,,,1.0,0.0,0.0,34,0,8,0
metrics,noop,metrics,ABCD,150,0.4,short_local,8,8,0,0,0,0,8,0,0.0,0.0,,,1.0,0.0,0.0,8,0,8,0
metrics,noop,metrics,ABCD,150,0.4,whole_section,8,8,0,0,0,0,8,0,0.0,0.0,,,1.0,0.0,0.0,36,0,8,39
metrics,noop,metrics,ABCD,150,0.4,anxiety,8,8,0,0,0,0,8,0,0.0,0.0,,,1.0,0.0,0.0,96,0,8,0
metrics,noop,metrics,ABCD,150,0.4,double_shift,8,8,0,0,0,0,8,0,0.0,0.0,,,1.0,0.0,0.0,96,0,8,3
metrics,noop,metrics,ABCD,150,0.4,self_corrected,8,8,0,0,0,0,8,0,0.0,0.0,,,1.0,0.0,0.0,37,0,8,1
metrics,noop,metrics,ABCD,150,0.4,deferred,8,8,0,0,0,0,8,0,0.0,0.0,,,1.0,0.0,0.0,49,0,8,4
metrics,noop,metrics,ABCD,150,0.4,isolated,8,8,0,0,0,0,8,0,0.0,0.0,,,1.0,0.0,0.0,4,0,8,3
metrics,noop,metrics,ABCD,150,0.4,scanner_blank_1,8,8,0,0,0,0,8,0,0.0,0.0,,,1.0,0.0,0.0,57,0,8,22
metrics,noop,metrics,ABCD,150,0.4,scanner_blank_2,8,8,0,0,0,0,8,0,0.0,0.0,,,1.0,0.0,0.0,54,0,8,1
metrics,noop,metrics,ABCD,150,0.4,scanner_row_delete_1,8,8,0,0,0,0,8,0,0.0,0.0,,,1.0,0.0,0.0,88,0,8,0
metrics,noop,metrics,ABCD,150,0.4,scanner_row_delete_2,8,8,0,0,0,0,8,0,0.0,0.0,,,1.0,0.0,0.0,59,0,8,3
metrics,noop,metrics,ABCD,150,0.4,scanner_misread_1,8,0,8,0,0,0,0,8,,,0.0,0.312344,0.0,0.0,,0,0,8,0
metrics,noop,metrics,ABCD,150,0.4,scanner_misread_4,8,0,8,0,0,0,0,8,,,0.0,0.312344,0.0,0.0,,0,0,8,0
metrics,noop,metrics,ABCD,150,0.4,scanner_faint_1,8,0,8,0,0,0,0,8,,,0.0,0.312344,0.0,0.0,,0,0,8,0
metrics,noop,metrics,ABCD,150,0.4,scanner_faint_4,8,0,8,0,0,0,0,8,,,0.0,0.312344,0.0,0.0,,0,0,8,0
metrics,noop,metrics,ABCD,150,0.4,scanner_double_4,8,0,8,0,0,0,0,8,,,0.0,0.312344,0.0,0.0,,0,0,8,0
metrics,noop,metrics,ABCD,150,0.4,adv_long_runs,8,0,8,0,0,0,0,8,,,0.0,0.312344,0.0,0.0,,0,0,8,0
metrics,noop,metrics,ABCD,150,0.4,adv_favourite,8,0,8,0,0,0,0,8,,,0.0,0.312344,0.0,0.0,,0,0,8,0
metrics,noop,metrics,ABCD,150,0.4,adv_easy_block,8,0,8,0,0,0,0,8,,,0.0,0.312344,0.0,0.0,,0,0,8,0
metrics,noop,metrics,ABCD,150,0.4,adv_key_leakage,8,8,0,0,0,0,8,0,0.0,0.0,,,1.0,0.0,0.0,896,0,8,0
metrics,noop,metrics,ABCD,150,0.4,adv_cycle,8,0,8,0,0,0,0,8,,,0.0,0.312344,0.0,0.0,,0,0,8,0
metrics,noop,metrics,ABCD,150,0.55,none,8,0,8,0,0,0,0,8,,,0.0,0.312344,0.0,0.0,,0,0,8,0
metrics,noop,metrics,ABCD,150,0.55,row_skip_1,8,8,0,0,0,0,8,0,0.0,0.0,,,1.0,0.0,0.0,79,0,8,0
metrics,noop,metrics,ABCD,150,0.55,row_skip_2,8,8,0,0,0,0,8,0,0.0,0.0,,,1.0,0.0,0.0,133,0,8,17
metrics,noop,metrics,ABCD,150,0.55,early_full,8,8,0,0,0,0,8,0,0.0,0.0,,,1.0,0.0,0.0,264,0,8,14
metrics,noop,metrics,ABCD,150,0.55,boundary,8,8,0,0,0,0,8,0,0.0,0.0,,,1.0,0.0,0.0,84,0,8,6
metrics,noop,metrics,ABCD,150,0.55,short_local,8,8,0,0,0,0,8,0,0.0,0.0,,,1.0,0.0,0.0,20,0,8,0
metrics,noop,metrics,ABCD,150,0.55,whole_section,8,8,0,0,0,0,8,0,0.0,0.0,,,1.0,0.0,0.0,115,0,8,9
metrics,noop,metrics,ABCD,150,0.55,anxiety,8,8,0,0,0,0,8,0,0.0,0.0,,,1.0,0.0,0.0,156,0,8,4
metrics,noop,metrics,ABCD,150,0.55,double_shift,8,8,0,0,0,0,8,0,0.0,0.0,,,1.0,0.0,0.0,186,0,8,0
metrics,noop,metrics,ABCD,150,0.55,self_corrected,8,8,0,0,0,0,8,0,0.0,0.0,,,1.0,0.0,0.0,40,0,8,4
metrics,noop,metrics,ABCD,150,0.55,deferred,8,8,0,0,0,0,8,0,0.0,0.0,,,1.0,0.0,0.0,168,0,8,16
metrics,noop,metrics,ABCD,150,0.55,isolated,8,8,0,0,0,0,8,0,0.0,0.0,,,1.0,0.0,0.0,6,0,8,0
metrics,noop,metrics,ABCD,150,0.55,scanner_blank_1,8,8,0,0,0,0,8,0,0.0,0.0,,,1.0,0.0,0.0,133,0,8,1
metrics,noop,metrics,ABCD,150,0.55,scanner_blank_2,8,8,0,0,0,0,8,0,0.0,0.0,,,1.0,0.0,0.0,125,0,8,3
metrics,noop,metrics,ABCD,150,0.55,scanner_row_delete_1,8,8,0,0,0,0,8,0,0.0,0.0,,,1.0,0.0,0.0,57,0,8,15
metrics,noop,metrics,ABCD,150,0.55,scanner_row_delete_2,8,8,0,0,0,0,8,0,0.0,0.0,,,1.0,0.0,0.0,139,0,8,1
metrics,noop,metrics,ABCD,150,0.55,scanner_misread_1,8,0,8,0,0,0,0,8,,,0.0,0.312344,0.0,0.0,,0,0,8,0
metrics,noop,metrics,ABCD,150,0.55,scanner_misread_4,8,0,8,0,0,0,0,8,,,0.0,0.312344,0.0,0.0,,0,0,8,0
metrics,noop,metrics,ABCD,150,0.55,scanner_faint_1,8,0,8,0,0,0,0,8,,,0.0,0.312344,0.0,0.0,,0,0,8,0
metrics,noop,metrics,ABCD,150,0.55,scanner_faint_4,8,0,8,0,0,0,0,8,,,0.0,0.312344,0.0,0.0,,0,0,8,0
metrics,noop,metrics,ABCD,150,0.55,scanner_double_4,8,0,8,0,0,0,0,8,,,0.0,0.312344,0.0,0.0,,0,0,8,0
metrics,noop,metrics,ABCD,150,0.55,adv_long_runs,8,0,8,0,0,0,0,8,,,0.0,0.312344,0.0,0.0,,0,0,8,0
metrics,noop,metrics,ABCD,150,0.55,adv_favourite,8,0,8,0,0,0,0,8,,,0.0,0.312344,0.0,0.0,,0,0,8,0
metrics,noop,metrics,ABCD,150,0.55,adv_easy_block,8,0,8,0,0,0,0,8,,,0.0,0.312344,0.0,0.0,,0,0,8,0
metrics,noop,metrics,ABCD,150,0.55,adv_key_leakage,8,8,0,0,0,0,8,0,0.0,0.0,,,1.0,0.0,0.0,902,0,8,0
metrics,noop,metrics,ABCD,150,0.55,adv_cycle,8,0,8,0,0,0,0,8,,,0.0,0.312344,0.0,0.0,,0,0,8,0
metrics,noop,metrics,ABCD,150,0.7,none,8,0,8,0,0,0,0,8,,,0.0,0.312344,0.0,0.0,,0,0,8,0
metrics,noop,metrics,ABCD,150,0.7,row_skip_1,8,8,0,0,0,0,8,0,0.0,0.0,,,1.0,0.0,0.0,193,0,8,5
metrics,noop,metrics,ABCD,150,0.7,row_skip_2,8,8,0,0,0,0,8,0,0.0,0.0,,,1.0,0.0,0.0,155,0,8,5
metrics,noop,metrics,ABCD,150,0.7,early_full,8,8,0,0,0,0,8,0,0.0,0.0,,,1.0,0.0,0.0,422,0,8,0
metrics,noop,metrics,ABCD,150,0.7,boundary,8,8,0,0,0,0,8,0,0.0,0.0,,,1.0,0.0,0.0,65,0,8,7
metrics,noop,metrics,ABCD,150,0.7,short_local,8,8,0,0,0,0,8,0,0.0,0.0,,,1.0,0.0,0.0,31,0,8,0
metrics,noop,metrics,ABCD,150,0.7,whole_section,8,8,0,0,0,0,8,0,0.0,0.0,,,1.0,0.0,0.0,137,0,8,0
metrics,noop,metrics,ABCD,150,0.7,anxiety,8,8,0,0,0,0,8,0,0.0,0.0,,,1.0,0.0,0.0,203,0,8,9
metrics,noop,metrics,ABCD,150,0.7,double_shift,8,8,0,0,0,0,8,0,0.0,0.0,,,1.0,0.0,0.0,218,0,8,2
metrics,noop,metrics,ABCD,150,0.7,self_corrected,8,8,0,0,0,0,8,0,0.0,0.0,,,1.0,0.0,0.0,57,0,8,2
metrics,noop,metrics,ABCD,150,0.7,deferred,8,8,0,0,0,0,8,0,0.0,0.0,,,1.0,0.0,0.0,192,0,8,4
metrics,noop,metrics,ABCD,150,0.7,isolated,8,8,0,0,0,0,8,0,0.0,0.0,,,1.0,0.0,0.0,13,0,8,0
metrics,noop,metrics,ABCD,150,0.7,scanner_blank_1,8,8,0,0,0,0,8,0,0.0,0.0,,,1.0,0.0,0.0,185,0,8,5
metrics,noop,metrics,ABCD,150,0.7,scanner_blank_2,8,8,0,0,0,0,8,0,0.0,0.0,,,1.0,0.0,0.0,207,0,8,0
metrics,noop,metrics,ABCD,150,0.7,scanner_row_delete_1,8,8,0,0,0,0,8,0,0.0,0.0,,,1.0,0.0,0.0,157,0,8,0
metrics,noop,metrics,ABCD,150,0.7,scanner_row_delete_2,8,8,0,0,0,0,8,0,0.0,0.0,,,1.0,0.0,0.0,182,0,8,0
metrics,noop,metrics,ABCD,150,0.7,scanner_misread_1,8,0,8,0,0,0,0,8,,,0.0,0.312344,0.0,0.0,,0,0,8,0
metrics,noop,metrics,ABCD,150,0.7,scanner_misread_4,8,0,8,0,0,0,0,8,,,0.0,0.312344,0.0,0.0,,0,0,8,0
metrics,noop,metrics,ABCD,150,0.7,scanner_faint_1,8,0,8,0,0,0,0,8,,,0.0,0.312344,0.0,0.0,,0,0,8,0
metrics,noop,metrics,ABCD,150,0.7,scanner_faint_4,8,0,8,0,0,0,0,8,,,0.0,0.312344,0.0,0.0,,0,0,8,0
metrics,noop,metrics,ABCD,150,0.7,scanner_double_4,8,0,8,0,0,0,0,8,,,0.0,0.312344,0.0,0.0,,0,0,8,0
metrics,noop,metrics,ABCD,150,0.7,adv_long_runs,8,0,8,0,0,0,0,8,,,0.0,0.312344,0.0,0.0,,0,0,8,0
metrics,noop,metrics,ABCD,150,0.7,adv_favourite,8,0,8,0,0,0,0,8,,,0.0,0.312344,0.0,0.0,,0,0,8,0
metrics,noop,metrics,ABCD,150,0.7,adv_easy_block,8,0,8,0,0,0,0,8,,,0.0,0.312344,0.0,0.0,,0,0,8,0
metrics,noop,metrics,ABCD,150,0.7,adv_key_leakage,8,8,0,0,0,0,8,0,0.0,0.0,,,1.0,0.0,0.0,880,0,8,0
metrics,noop,metrics,ABCD,150,0.7,adv_cycle,8,0,8,0,0,0,0,8,,,0.0,0.312344,0.0,0.0,,0,0,8,0
metrics,noop,metrics,ABCD,150,0.85,none,8,0,8,0,0,0,0,8,,,0.0,0.312344,0.0,0.0,,0,0,8,0
metrics,noop,metrics,ABCD,150,0.85,row_skip_1,8,8,0,0,0,0,8,0,0.0,0.0,,,1.0,0.0,0.0,300,0,8,0
metrics,noop,metrics,ABCD,150,0.85,row_skip_2,8,8,0,0,0,0,8,0,0.0,0.0,,,1.0,0.0,0.0,138,0,8,18
metrics,noop,metrics,ABCD,150,0.85,early_full,8,8,0,0,0,0,8,0,0.0,0.0,,,1.0,0.0,0.0,679,0,8,0
metrics,noop,metrics,ABCD,150,0.85,boundary,8,8,0,0,0,0,8,0,0.0,0.0,,,1.0,0.0,0.0,223,0,8,0
metrics,noop,metrics,ABCD,150,0.85,short_local,8,8,0,0,0,0,8,0,0.0,0.0,,,1.0,0.0,0.0,29,0,8,0
metrics,noop,metrics,ABCD,150,0.85,whole_section,8,8,0,0,0,0,8,0,0.0,0.0,,,1.0,0.0,0.0,312,0,8,0
metrics,noop,metrics,ABCD,150,0.85,anxiety,8,8,0,0,0,0,8,0,0.0,0.0,,,1.0,0.0,0.0,229,0,8,6
metrics,noop,metrics,ABCD,150,0.85,double_shift,8,8,0,0,0,0,8,0,0.0,0.0,,,1.0,0.0,0.0,430,0,8,0
metrics,noop,metrics,ABCD,150,0.85,self_corrected,8,8,0,0,0,0,8,0,0.0,0.0,,,1.0,0.0,0.0,71,0,8,0
metrics,noop,metrics,ABCD,150,0.85,deferred,8,8,0,0,0,0,8,0,0.0,0.0,,,1.0,0.0,0.0,209,0,8,1
metrics,noop,metrics,ABCD,150,0.85,isolated,8,8,0,0,0,0,8,0,0.0,0.0,,,1.0,0.0,0.0,9,0,8,0
metrics,noop,metrics,ABCD,150,0.85,scanner_blank_1,8,8,0,0,0,0,8,0,0.0,0.0,,,1.0,0.0,0.0,351,0,8,0
metrics,noop,metrics,ABCD,150,0.85,scanner_blank_2,8,8,0,0,0,0,8,0,0.0,0.0,,,1.0,0.0,0.0,271,0,8,0
metrics,noop,metrics,ABCD,150,0.85,scanner_row_delete_1,8,8,0,0,0,0,8,0,0.0,0.0,,,1.0,0.0,0.0,307,0,8,10
metrics,noop,metrics,ABCD,150,0.85,scanner_row_delete_2,8,8,0,0,0,0,8,0,0.0,0.0,,,1.0,0.0,0.0,325,0,8,0
metrics,noop,metrics,ABCD,150,0.85,scanner_misread_1,8,0,8,0,0,0,0,8,,,0.0,0.312344,0.0,0.0,,0,0,8,0
metrics,noop,metrics,ABCD,150,0.85,scanner_misread_4,8,0,8,0,0,0,0,8,,,0.0,0.312344,0.0,0.0,,0,0,8,0
metrics,noop,metrics,ABCD,150,0.85,scanner_faint_1,8,0,8,0,0,0,0,8,,,0.0,0.312344,0.0,0.0,,0,0,8,0
metrics,noop,metrics,ABCD,150,0.85,scanner_faint_4,8,0,8,0,0,0,0,8,,,0.0,0.312344,0.0,0.0,,0,0,8,0
metrics,noop,metrics,ABCD,150,0.85,scanner_double_4,8,0,8,0,0,0,0,8,,,0.0,0.312344,0.0,0.0,,0,0,8,0
metrics,noop,metrics,ABCD,150,0.85,adv_long_runs,8,0,8,0,0,0,0,8,,,0.0,0.312344,0.0,0.0,,0,0,8,0
metrics,noop,metrics,ABCD,150,0.85,adv_favourite,8,0,8,0,0,0,0,8,,,0.0,0.312344,0.0,0.0,,0,0,8,0
metrics,noop,metrics,ABCD,150,0.85,adv_easy_block,8,0,8,0,0,0,0,8,,,0.0,0.312344,0.0,0.0,,0,0,8,0
metrics,noop,metrics,ABCD,150,0.85,adv_key_leakage,8,8,0,0,0,0,8,0,0.0,0.0,,,1.0,0.0,0.0,890,0,8,0
metrics,noop,metrics,ABCD,150,0.85,adv_cycle,8,0,8,0,0,0,0,8,,,0.0,0.312344,0.0,0.0,,0,0,8,0
metrics,noop,metrics,ABCD,150,0.95,none,8,0,8,0,0,0,0,8,,,0.0,0.312344,0.0,0.0,,0,0,8,0
metrics,noop,metrics,ABCD,150,0.95,row_skip_1,8,8,0,0,0,0,8,0,0.0,0.0,,,1.0,0.0,0.0,268,0,8,0
metrics,noop,metrics,ABCD,150,0.95,row_skip_2,8,8,0,0,0,0,8,0,0.0,0.0,,,1.0,0.0,0.0,285,0,8,0
metrics,noop,metrics,ABCD,150,0.95,early_full,8,8,0,0,0,0,8,0,0.0,0.0,,,1.0,0.0,0.0,663,0,8,6
metrics,noop,metrics,ABCD,150,0.95,boundary,8,8,0,0,0,0,8,0,0.0,0.0,,,1.0,0.0,0.0,184,0,8,6
metrics,noop,metrics,ABCD,150,0.95,short_local,8,8,0,0,0,0,8,0,0.0,0.0,,,1.0,0.0,0.0,28,0,8,4
metrics,noop,metrics,ABCD,150,0.95,whole_section,8,8,0,0,0,0,8,0,0.0,0.0,,,1.0,0.0,0.0,329,0,8,0
metrics,noop,metrics,ABCD,150,0.95,anxiety,8,8,0,0,0,0,8,0,0.0,0.0,,,1.0,0.0,0.0,431,0,8,0
metrics,noop,metrics,ABCD,150,0.95,double_shift,8,8,0,0,0,0,8,0,0.0,0.0,,,1.0,0.0,0.0,266,0,8,0
metrics,noop,metrics,ABCD,150,0.95,self_corrected,8,8,0,0,0,0,8,0,0.0,0.0,,,1.0,0.0,0.0,76,0,8,2
metrics,noop,metrics,ABCD,150,0.95,deferred,8,8,0,0,0,0,8,0,0.0,0.0,,,1.0,0.0,0.0,341,0,8,0
metrics,noop,metrics,ABCD,150,0.95,isolated,8,8,0,0,0,0,8,0,0.0,0.0,,,1.0,0.0,0.0,7,0,8,0
metrics,noop,metrics,ABCD,150,0.95,scanner_blank_1,8,8,0,0,0,0,8,0,0.0,0.0,,,1.0,0.0,0.0,280,0,8,1
metrics,noop,metrics,ABCD,150,0.95,scanner_blank_2,8,8,0,0,0,0,8,0,0.0,0.0,,,1.0,0.0,0.0,206,0,8,13
metrics,noop,metrics,ABCD,150,0.95,scanner_row_delete_1,8,8,0,0,0,0,8,0,0.0,0.0,,,1.0,0.0,0.0,209,0,8,2
metrics,noop,metrics,ABCD,150,0.95,scanner_row_delete_2,8,8,0,0,0,0,8,0,0.0,0.0,,,1.0,0.0,0.0,205,0,8,1
metrics,noop,metrics,ABCD,150,0.95,scanner_misread_1,8,0,8,0,0,0,0,8,,,0.0,0.312344,0.0,0.0,,0,0,8,0
metrics,noop,metrics,ABCD,150,0.95,scanner_misread_4,8,0,8,0,0,0,0,8,,,0.0,0.312344,0.0,0.0,,0,0,8,0
metrics,noop,metrics,ABCD,150,0.95,scanner_faint_1,8,0,8,0,0,0,0,8,,,0.0,0.312344,0.0,0.0,,0,0,8,0
metrics,noop,metrics,ABCD,150,0.95,scanner_faint_4,8,0,8,0,0,0,0,8,,,0.0,0.312344,0.0,0.0,,0,0,8,0
metrics,noop,metrics,ABCD,150,0.95,scanner_double_4,8,0,8,0,0,0,0,8,,,0.0,0.312344,0.0,0.0,,0,0,8,0
metrics,noop,metrics,ABCD,150,0.95,adv_long_runs,8,0,8,0,0,0,0,8,,,0.0,0.312344,0.0,0.0,,0,0,8,0
metrics,noop,metrics,ABCD,150,0.95,adv_favourite,8,0,8,0,0,0,0,8,,,0.0,0.312344,0.0,0.0,,0,0,8,0
metrics,noop,metrics,ABCD,150,0.95,adv_easy_block,8,0,8,0,0,0,0,8,,,0.0,0.312344,0.0,0.0,,0,0,8,0
metrics,noop,metrics,ABCD,150,0.95,adv_key_leakage,8,8,0,0,0,0,8,0,0.0,0.0,,,1.0,0.0,0.0,873,0,8,0
metrics,noop,metrics,ABCD,150,0.95,adv_cycle,8,0,8,0,0,0,0,8,,,0.0,0.312344,0.0,0.0,,0,0,8,0
metrics,noop,metrics,ABCDE,46,0.26,none,8,0,8,0,0,0,0,8,,,0.0,0.312344,0.0,0.0,,0,0,8,0
metrics,noop,metrics,ABCDE,46,0.26,row_skip_1,8,8,0,0,0,0,8,0,0.0,0.0,,,1.0,0.0,0.0,14,0,8,5
metrics,noop,metrics,ABCDE,46,0.26,row_skip_2,8,8,0,0,0,0,8,0,0.0,0.0,,,1.0,0.0,0.0,30,0,8,11
metrics,noop,metrics,ABCDE,46,0.26,early_full,8,8,0,0,0,0,8,0,0.0,0.0,,,1.0,0.0,0.0,32,0,8,12
metrics,noop,metrics,ABCDE,46,0.26,boundary,8,8,0,0,0,0,8,0,0.0,0.0,,,1.0,0.0,0.0,11,0,8,10
metrics,noop,metrics,ABCDE,46,0.26,short_local,8,8,0,0,0,0,8,0,0.0,0.0,,,1.0,0.0,0.0,16,0,8,3
metrics,noop,metrics,ABCDE,46,0.26,whole_section,8,8,0,0,0,0,8,0,0.0,0.0,,,1.0,0.0,0.0,15,0,8,7
metrics,noop,metrics,ABCDE,46,0.26,anxiety,8,8,0,0,0,0,8,0,0.0,0.0,,,1.0,0.0,0.0,7,0,8,18
metrics,noop,metrics,ABCDE,46,0.26,double_shift,8,8,0,0,0,0,8,0,0.0,0.0,,,1.0,0.0,0.0,11,0,8,8
metrics,noop,metrics,ABCDE,46,0.26,self_corrected,8,8,0,0,0,0,8,0,0.0,0.0,,,1.0,0.0,0.0,8,0,8,13
metrics,noop,metrics,ABCDE,46,0.26,deferred,8,8,0,0,0,0,8,0,0.0,0.0,,,1.0,0.0,0.0,35,0,8,1
metrics,noop,metrics,ABCDE,46,0.26,isolated,8,8,0,0,0,0,8,0,0.0,0.0,,,1.0,0.0,0.0,1,0,8,1
metrics,noop,metrics,ABCDE,46,0.26,scanner_blank_1,8,8,0,0,0,0,8,0,0.0,0.0,,,1.0,0.0,0.0,19,0,8,0
metrics,noop,metrics,ABCDE,46,0.26,scanner_blank_2,8,8,0,0,0,0,8,0,0.0,0.0,,,1.0,0.0,0.0,27,0,8,3
metrics,noop,metrics,ABCDE,46,0.26,scanner_row_delete_1,8,8,0,0,0,0,8,0,0.0,0.0,,,1.0,0.0,0.0,10,0,8,8
metrics,noop,metrics,ABCDE,46,0.26,scanner_row_delete_2,8,8,0,0,0,0,8,0,0.0,0.0,,,1.0,0.0,0.0,21,0,8,0
metrics,noop,metrics,ABCDE,46,0.26,scanner_misread_1,8,0,8,0,0,0,0,8,,,0.0,0.312344,0.0,0.0,,0,0,8,0
metrics,noop,metrics,ABCDE,46,0.26,scanner_misread_4,8,0,8,0,0,0,0,8,,,0.0,0.312344,0.0,0.0,,0,0,8,0
metrics,noop,metrics,ABCDE,46,0.26,scanner_faint_1,8,0,8,0,0,0,0,8,,,0.0,0.312344,0.0,0.0,,0,0,8,0
metrics,noop,metrics,ABCDE,46,0.26,scanner_faint_4,8,0,8,0,0,0,0,8,,,0.0,0.312344,0.0,0.0,,0,0,8,0
metrics,noop,metrics,ABCDE,46,0.26,scanner_double_4,8,0,8,0,0,0,0,8,,,0.0,0.312344,0.0,0.0,,0,0,8,0
metrics,noop,metrics,ABCDE,46,0.26,adv_long_runs,8,0,8,0,0,0,0,8,,,0.0,0.312344,0.0,0.0,,0,0,8,0
metrics,noop,metrics,ABCDE,46,0.26,adv_favourite,8,0,8,0,0,0,0,8,,,0.0,0.312344,0.0,0.0,,0,0,8,0
metrics,noop,metrics,ABCDE,46,0.26,adv_easy_block,8,0,8,0,0,0,0,8,,,0.0,0.312344,0.0,0.0,,0,0,8,0
metrics,noop,metrics,ABCDE,46,0.26,adv_key_leakage,8,8,0,0,0,0,8,0,0.0,0.0,,,1.0,0.0,0.0,286,0,8,0
metrics,noop,metrics,ABCDE,46,0.26,adv_cycle,8,0,8,0,0,0,0,8,,,0.0,0.312344,0.0,0.0,,0,0,8,0
metrics,noop,metrics,ABCDE,46,0.4,none,8,0,8,0,0,0,0,8,,,0.0,0.312344,0.0,0.0,,0,0,8,0
metrics,noop,metrics,ABCDE,46,0.4,row_skip_1,8,8,0,0,0,0,8,0,0.0,0.0,,,1.0,0.0,0.0,58,0,8,2
metrics,noop,metrics,ABCDE,46,0.4,row_skip_2,8,8,0,0,0,0,8,0,0.0,0.0,,,1.0,0.0,0.0,18,0,8,6
metrics,noop,metrics,ABCDE,46,0.4,early_full,8,8,0,0,0,0,8,0,0.0,0.0,,,1.0,0.0,0.0,34,0,8,7
metrics,noop,metrics,ABCDE,46,0.4,boundary,8,8,0,0,0,0,8,0,0.0,0.0,,,1.0,0.0,0.0,27,0,8,0
metrics,noop,metrics,ABCDE,46,0.4,short_local,8,8,0,0,0,0,8,0,0.0,0.0,,,1.0,0.0,0.0,21,0,8,0
metrics,noop,metrics,ABCDE,46,0.4,whole_section,8,8,0,0,0,0,8,0,0.0,0.0,,,1.0,0.0,0.0,29,0,8,1
metrics,noop,metrics,ABCDE,46,0.4,anxiety,8,8,0,0,0,0,8,0,0.0,0.0,,,1.0,0.0,0.0,20,0,8,8
metrics,noop,metrics,ABCDE,46,0.4,double_shift,8,8,0,0,0,0,8,0,0.0,0.0,,,1.0,0.0,0.0,30,0,8,10
metrics,noop,metrics,ABCDE,46,0.4,self_corrected,8,8,0,0,0,0,8,0,0.0,0.0,,,1.0,0.0,0.0,33,0,8,0
metrics,noop,metrics,ABCDE,46,0.4,deferred,8,8,0,0,0,0,8,0,0.0,0.0,,,1.0,0.0,0.0,31,0,8,8
metrics,noop,metrics,ABCDE,46,0.4,isolated,8,8,0,0,0,0,8,0,0.0,0.0,,,1.0,0.0,0.0,5,0,8,1
metrics,noop,metrics,ABCDE,46,0.4,scanner_blank_1,8,8,0,0,0,0,8,0,0.0,0.0,,,1.0,0.0,0.0,15,0,8,8
metrics,noop,metrics,ABCDE,46,0.4,scanner_blank_2,8,8,0,0,0,0,8,0,0.0,0.0,,,1.0,0.0,0.0,25,0,8,4
metrics,noop,metrics,ABCDE,46,0.4,scanner_row_delete_1,8,8,0,0,0,0,8,0,0.0,0.0,,,1.0,0.0,0.0,22,0,8,0
metrics,noop,metrics,ABCDE,46,0.4,scanner_row_delete_2,8,8,0,0,0,0,8,0,0.0,0.0,,,1.0,0.0,0.0,22,0,8,1
metrics,noop,metrics,ABCDE,46,0.4,scanner_misread_1,8,0,8,0,0,0,0,8,,,0.0,0.312344,0.0,0.0,,0,0,8,0
metrics,noop,metrics,ABCDE,46,0.4,scanner_misread_4,8,0,8,0,0,0,0,8,,,0.0,0.312344,0.0,0.0,,0,0,8,0
metrics,noop,metrics,ABCDE,46,0.4,scanner_faint_1,8,0,8,0,0,0,0,8,,,0.0,0.312344,0.0,0.0,,0,0,8,0
metrics,noop,metrics,ABCDE,46,0.4,scanner_faint_4,8,0,8,0,0,0,0,8,,,0.0,0.312344,0.0,0.0,,0,0,8,0
metrics,noop,metrics,ABCDE,46,0.4,scanner_double_4,8,0,8,0,0,0,0,8,,,0.0,0.312344,0.0,0.0,,0,0,8,0
metrics,noop,metrics,ABCDE,46,0.4,adv_long_runs,8,0,8,0,0,0,0,8,,,0.0,0.312344,0.0,0.0,,0,0,8,0
metrics,noop,metrics,ABCDE,46,0.4,adv_favourite,8,0,8,0,0,0,0,8,,,0.0,0.312344,0.0,0.0,,0,0,8,0
metrics,noop,metrics,ABCDE,46,0.4,adv_easy_block,8,0,8,0,0,0,0,8,,,0.0,0.312344,0.0,0.0,,0,0,8,0
metrics,noop,metrics,ABCDE,46,0.4,adv_key_leakage,8,8,0,0,0,0,8,0,0.0,0.0,,,1.0,0.0,0.0,288,0,8,0
metrics,noop,metrics,ABCDE,46,0.4,adv_cycle,8,0,8,0,0,0,0,8,,,0.0,0.312344,0.0,0.0,,0,0,8,0
metrics,noop,metrics,ABCDE,46,0.55,none,8,0,8,0,0,0,0,8,,,0.0,0.312344,0.0,0.0,,0,0,8,0
metrics,noop,metrics,ABCDE,46,0.55,row_skip_1,8,8,0,0,0,0,8,0,0.0,0.0,,,1.0,0.0,0.0,49,0,8,2
metrics,noop,metrics,ABCDE,46,0.55,row_skip_2,8,8,0,0,0,0,8,0,0.0,0.0,,,1.0,0.0,0.0,28,0,8,0
metrics,noop,metrics,ABCDE,46,0.55,early_full,8,8,0,0,0,0,8,0,0.0,0.0,,,1.0,0.0,0.0,139,0,8,0
metrics,noop,metrics,ABCDE,46,0.55,boundary,8,8,0,0,0,0,8,0,0.0,0.0,,,1.0,0.0,0.0,22,0,8,0
metrics,noop,metrics,ABCDE,46,0.55,short_local,8,8,0,0,0,0,8,0,0.0,0.0,,,1.0,0.0,0.0,8,0,8,3
metrics,noop,metrics,ABCDE,46,0.55,whole_section,8,8,0,0,0,0,8,0,0.0,0.0,,,1.0,0.0,0.0,34,0,8,2
metrics,noop,metrics,ABCDE,46,0.55,anxiety,8,8,0,0,0,0,8,0,0.0,0.0,,,1.0,0.0,0.0,41,0,8,0
metrics,noop,metrics,ABCDE,46,0.55,double_shift,8,8,0,0,0,0,8,0,0.0,0.0,,,1.0,0.0,0.0,38,0,8,11
metrics,noop,metrics,ABCDE,46,0.55,self_corrected,8,8,0,0,0,0,8,0,0.0,0.0,,,1.0,0.0,0.0,45,0,8,0
metrics,noop,metrics,ABCDE,46,0.55,deferred,8,8,0,0,0,0,8,0,0.0,0.0,,,1.0,0.0,0.0,68,0,8,0
metrics,noop,metrics,ABCDE,46,0.55,isolated,8,8,0,0,0,0,8,0,0.0,0.0,,,1.0,0.0,0.0,4,0,8,2
metrics,noop,metrics,ABCDE,46,0.55,scanner_blank_1,8,8,0,0,0,0,8,0,0.0,0.0,,,1.0,0.0,0.0,67,0,8,0
metrics,noop,metrics,ABCDE,46,0.55,scanner_blank_2,8,8,0,0,0,0,8,0,0.0,0.0,,,1.0,0.0,0.0,58,0,8,2
metrics,noop,metrics,ABCDE,46,0.55,scanner_row_delete_1,8,8,0,0,0,0,8,0,0.0,0.0,,,1.0,0.0,0.0,54,0,8,0
metrics,noop,metrics,ABCDE,46,0.55,scanner_row_delete_2,8,8,0,0,0,0,8,0,0.0,0.0,,,1.0,0.0,0.0,54,0,8,0
metrics,noop,metrics,ABCDE,46,0.55,scanner_misread_1,8,0,8,0,0,0,0,8,,,0.0,0.312344,0.0,0.0,,0,0,8,0
metrics,noop,metrics,ABCDE,46,0.55,scanner_misread_4,8,0,8,0,0,0,0,8,,,0.0,0.312344,0.0,0.0,,0,0,8,0
metrics,noop,metrics,ABCDE,46,0.55,scanner_faint_1,8,0,8,0,0,0,0,8,,,0.0,0.312344,0.0,0.0,,0,0,8,0
metrics,noop,metrics,ABCDE,46,0.55,scanner_faint_4,8,0,8,0,0,0,0,8,,,0.0,0.312344,0.0,0.0,,0,0,8,0
metrics,noop,metrics,ABCDE,46,0.55,scanner_double_4,8,0,8,0,0,0,0,8,,,0.0,0.312344,0.0,0.0,,0,0,8,0
metrics,noop,metrics,ABCDE,46,0.55,adv_long_runs,8,0,8,0,0,0,0,8,,,0.0,0.312344,0.0,0.0,,0,0,8,0
metrics,noop,metrics,ABCDE,46,0.55,adv_favourite,8,0,8,0,0,0,0,8,,,0.0,0.312344,0.0,0.0,,0,0,8,0
metrics,noop,metrics,ABCDE,46,0.55,adv_easy_block,8,0,8,0,0,0,0,8,,,0.0,0.312344,0.0,0.0,,0,0,8,0
metrics,noop,metrics,ABCDE,46,0.55,adv_key_leakage,8,8,0,0,0,0,8,0,0.0,0.0,,,1.0,0.0,0.0,286,0,8,0
metrics,noop,metrics,ABCDE,46,0.55,adv_cycle,8,0,8,0,0,0,0,8,,,0.0,0.312344,0.0,0.0,,0,0,8,0
metrics,noop,metrics,ABCDE,46,0.7,none,8,0,8,0,0,0,0,8,,,0.0,0.312344,0.0,0.0,,0,0,8,0
metrics,noop,metrics,ABCDE,46,0.7,row_skip_1,8,8,0,0,0,0,8,0,0.0,0.0,,,1.0,0.0,0.0,64,0,8,0
metrics,noop,metrics,ABCDE,46,0.7,row_skip_2,8,8,0,0,0,0,8,0,0.0,0.0,,,1.0,0.0,0.0,91,0,8,0
metrics,noop,metrics,ABCDE,46,0.7,early_full,8,8,0,0,0,0,8,0,0.0,0.0,,,1.0,0.0,0.0,167,0,8,0
metrics,noop,metrics,ABCDE,46,0.7,boundary,8,8,0,0,0,0,8,0,0.0,0.0,,,1.0,0.0,0.0,27,0,8,0
metrics,noop,metrics,ABCDE,46,0.7,short_local,8,8,0,0,0,0,8,0,0.0,0.0,,,1.0,0.0,0.0,21,0,8,2
metrics,noop,metrics,ABCDE,46,0.7,whole_section,8,8,0,0,0,0,8,0,0.0,0.0,,,1.0,0.0,0.0,73,0,8,0
metrics,noop,metrics,ABCDE,46,0.7,anxiety,8,8,0,0,0,0,8,0,0.0,0.0,,,1.0,0.0,0.0,67,0,8,0
metrics,noop,metrics,ABCDE,46,0.7,double_shift,8,8,0,0,0,0,8,0,0.0,0.0,,,1.0,0.0,0.0,97,0,8,7
metrics,noop,metrics,ABCDE,46,0.7,self_corrected,8,8,0,0,0,0,8,0,0.0,0.0,,,1.0,0.0,0.0,56,0,8,0
metrics,noop,metrics,ABCDE,46,0.7,deferred,8,8,0,0,0,0,8,0,0.0,0.0,,,1.0,0.0,0.0,64,0,8,0
metrics,noop,metrics,ABCDE,46,0.7,isolated,8,8,0,0,0,0,8,0,0.0,0.0,,,1.0,0.0,0.0,7,0,8,3
metrics,noop,metrics,ABCDE,46,0.7,scanner_blank_1,8,8,0,0,0,0,8,0,0.0,0.0,,,1.0,0.0,0.0,73,0,8,0
metrics,noop,metrics,ABCDE,46,0.7,scanner_blank_2,8,8,0,0,0,0,8,0,0.0,0.0,,,1.0,0.0,0.0,38,0,8,0
metrics,noop,metrics,ABCDE,46,0.7,scanner_row_delete_1,8,8,0,0,0,0,8,0,0.0,0.0,,,1.0,0.0,0.0,34,0,8,2
metrics,noop,metrics,ABCDE,46,0.7,scanner_row_delete_2,8,8,0,0,0,0,8,0,0.0,0.0,,,1.0,0.0,0.0,53,0,8,2
metrics,noop,metrics,ABCDE,46,0.7,scanner_misread_1,8,0,8,0,0,0,0,8,,,0.0,0.312344,0.0,0.0,,0,0,8,0
metrics,noop,metrics,ABCDE,46,0.7,scanner_misread_4,8,0,8,0,0,0,0,8,,,0.0,0.312344,0.0,0.0,,0,0,8,0
metrics,noop,metrics,ABCDE,46,0.7,scanner_faint_1,8,0,8,0,0,0,0,8,,,0.0,0.312344,0.0,0.0,,0,0,8,0
metrics,noop,metrics,ABCDE,46,0.7,scanner_faint_4,8,0,8,0,0,0,0,8,,,0.0,0.312344,0.0,0.0,,0,0,8,0
metrics,noop,metrics,ABCDE,46,0.7,scanner_double_4,8,0,8,0,0,0,0,8,,,0.0,0.312344,0.0,0.0,,0,0,8,0
metrics,noop,metrics,ABCDE,46,0.7,adv_long_runs,8,0,8,0,0,0,0,8,,,0.0,0.312344,0.0,0.0,,0,0,8,0
metrics,noop,metrics,ABCDE,46,0.7,adv_favourite,8,0,8,0,0,0,0,8,,,0.0,0.312344,0.0,0.0,,0,0,8,0
metrics,noop,metrics,ABCDE,46,0.7,adv_easy_block,8,0,8,0,0,0,0,8,,,0.0,0.312344,0.0,0.0,,0,0,8,0
metrics,noop,metrics,ABCDE,46,0.7,adv_key_leakage,8,8,0,0,0,0,8,0,0.0,0.0,,,1.0,0.0,0.0,297,0,8,0
metrics,noop,metrics,ABCDE,46,0.7,adv_cycle,8,0,8,0,0,0,0,8,,,0.0,0.312344,0.0,0.0,,0,0,8,0
metrics,noop,metrics,ABCDE,46,0.85,none,8,0,8,0,0,0,0,8,,,0.0,0.312344,0.0,0.0,,0,0,8,0
metrics,noop,metrics,ABCDE,46,0.85,row_skip_1,8,8,0,0,0,0,8,0,0.0,0.0,,,1.0,0.0,0.0,54,0,8,0
metrics,noop,metrics,ABCDE,46,0.85,row_skip_2,8,8,0,0,0,0,8,0,0.0,0.0,,,1.0,0.0,0.0,67,0,8,1
metrics,noop,metrics,ABCDE,46,0.85,early_full,8,8,0,0,0,0,8,0,0.0,0.0,,,1.0,0.0,0.0,127,0,8,3
metrics,noop,metrics,ABCDE,46,0.85,boundary,8,8,0,0,0,0,8,0,0.0,0.0,,,1.0,0.0,0.0,47,0,8,2
metrics,noop,metrics,ABCDE,46,0.85,short_local,8,8,0,0,0,0,8,0,0.0,0.0,,,1.0,0.0,0.0,32,0,8,1
metrics,noop,metrics,ABCDE,46,0.85,whole_section,8,8,0,0,0,0,8,0,0.0,0.0,,,1.0,0.0,0.0,70,0,8,0
metrics,noop,metrics,ABCDE,46,0.85,anxiety,8,8,0,0,0,0,8,0,0.0,0.0,,,1.0,0.0,0.0,76,0,8,1
metrics,noop,metrics,ABCDE,46,0.85,double_shift,8,8,0,0,0,0,8,0,0.0,0.0,,,1.0,0.0,0.0,158,0,8,0
metrics,noop,metrics,ABCDE,46,0.85,self_corrected,8,8,0,0,0,0,8,0,0.0,0.0,,,1.0,0.0,0.0,79,0,8,0
metrics,noop,metrics,ABCDE,46,0.85,deferred,8,8,0,0,0,0,8,0,0.0,0.0,,,1.0,0.0,0.0,76,0,8,0
metrics,noop,metrics,ABCDE,46,0.85,isolated,8,8,0,0,0,0,8,0,0.0,0.0,,,1.0,0.0,0.0,3,0,8,0
metrics,noop,metrics,ABCDE,46,0.85,scanner_blank_1,8,8,0,0,0,0,8,0,0.0,0.0,,,1.0,0.0,0.0,55,0,8,0
metrics,noop,metrics,ABCDE,46,0.85,scanner_blank_2,8,8,0,0,0,0,8,0,0.0,0.0,,,1.0,0.0,0.0,101,0,8,0
metrics,noop,metrics,ABCDE,46,0.85,scanner_row_delete_1,8,8,0,0,0,0,8,0,0.0,0.0,,,1.0,0.0,0.0,52,0,8,7
metrics,noop,metrics,ABCDE,46,0.85,scanner_row_delete_2,8,8,0,0,0,0,8,0,0.0,0.0,,,1.0,0.0,0.0,98,0,8,0
metrics,noop,metrics,ABCDE,46,0.85,scanner_misread_1,8,0,8,0,0,0,0,8,,,0.0,0.312344,0.0,0.0,,0,0,8,0
metrics,noop,metrics,ABCDE,46,0.85,scanner_misread_4,8,0,8,0,0,0,0,8,,,0.0,0.312344,0.0,0.0,,0,0,8,0
metrics,noop,metrics,ABCDE,46,0.85,scanner_faint_1,8,0,8,0,0,0,0,8,,,0.0,0.312344,0.0,0.0,,0,0,8,0
metrics,noop,metrics,ABCDE,46,0.85,scanner_faint_4,8,0,8,0,0,0,0,8,,,0.0,0.312344,0.0,0.0,,0,0,8,0
metrics,noop,metrics,ABCDE,46,0.85,scanner_double_4,8,0,8,0,0,0,0,8,,,0.0,0.312344,0.0,0.0,,0,0,8,0
metrics,noop,metrics,ABCDE,46,0.85,adv_long_runs,8,0,8,0,0,0,0,8,,,0.0,0.312344,0.0,0.0,,0,0,8,0
metrics,noop,metrics,ABCDE,46,0.85,adv_favourite,8,0,8,0,0,0,0,8,,,0.0,0.312344,0.0,0.0,,0,0,8,0
metrics,noop,metrics,ABCDE,46,0.85,adv_easy_block,8,0,8,0,0,0,0,8,,,0.0,0.312344,0.0,0.0,,0,0,8,0
metrics,noop,metrics,ABCDE,46,0.85,adv_key_leakage,8,8,0,0,0,0,8,0,0.0,0.0,,,1.0,0.0,0.0,289,0,8,0
metrics,noop,metrics,ABCDE,46,0.85,adv_cycle,8,0,8,0,0,0,0,8,,,0.0,0.312344,0.0,0.0,,0,0,8,0
metrics,noop,metrics,ABCDE,46,0.95,none,8,0,8,0,0,0,0,8,,,0.0,0.312344,0.0,0.0,,0,0,8,0
metrics,noop,metrics,ABCDE,46,0.95,row_skip_1,8,8,0,0,0,0,8,0,0.0,0.0,,,1.0,0.0,0.0,131,0,8,0
metrics,noop,metrics,ABCDE,46,0.95,row_skip_2,8,8,0,0,0,0,8,0,0.0,0.0,,,1.0,0.0,0.0,156,0,8,0
metrics,noop,metrics,ABCDE,46,0.95,early_full,8,8,0,0,0,0,8,0,0.0,0.0,,,1.0,0.0,0.0,192,0,8,0
metrics,noop,metrics,ABCDE,46,0.95,boundary,8,8,0,0,0,0,8,0,0.0,0.0,,,1.0,0.0,0.0,56,0,8,0
metrics,noop,metrics,ABCDE,46,0.95,short_local,8,8,0,0,0,0,8,0,0.0,0.0,,,1.0,0.0,0.0,21,0,8,0
metrics,noop,metrics,ABCDE,46,0.95,whole_section,8,8,0,0,0,0,8,0,0.0,0.0,,,1.0,0.0,0.0,119,0,8,0
metrics,noop,metrics,ABCDE,46,0.95,anxiety,8,8,0,0,0,0,8,0,0.0,0.0,,,1.0,0.0,0.0,103,0,8,0
metrics,noop,metrics,ABCDE,46,0.95,double_shift,8,8,0,0,0,0,8,0,0.0,0.0,,,1.0,0.0,0.0,179,0,8,0
metrics,noop,metrics,ABCDE,46,0.95,self_corrected,8,8,0,0,0,0,8,0,0.0,0.0,,,1.0,0.0,0.0,109,0,8,1
metrics,noop,metrics,ABCDE,46,0.95,deferred,8,8,0,0,0,0,8,0,0.0,0.0,,,1.0,0.0,0.0,112,0,8,3
metrics,noop,metrics,ABCDE,46,0.95,isolated,8,8,0,0,0,0,8,0,0.0,0.0,,,1.0,0.0,0.0,10,0,8,0
metrics,noop,metrics,ABCDE,46,0.95,scanner_blank_1,8,8,0,0,0,0,8,0,0.0,0.0,,,1.0,0.0,0.0,62,0,8,0
metrics,noop,metrics,ABCDE,46,0.95,scanner_blank_2,8,8,0,0,0,0,8,0,0.0,0.0,,,1.0,0.0,0.0,110,0,8,0
metrics,noop,metrics,ABCDE,46,0.95,scanner_row_delete_1,8,8,0,0,0,0,8,0,0.0,0.0,,,1.0,0.0,0.0,86,0,8,0
metrics,noop,metrics,ABCDE,46,0.95,scanner_row_delete_2,8,8,0,0,0,0,8,0,0.0,0.0,,,1.0,0.0,0.0,92,0,8,3
metrics,noop,metrics,ABCDE,46,0.95,scanner_misread_1,8,0,8,0,0,0,0,8,,,0.0,0.312344,0.0,0.0,,0,0,8,0
metrics,noop,metrics,ABCDE,46,0.95,scanner_misread_4,8,0,8,0,0,0,0,8,,,0.0,0.312344,0.0,0.0,,0,0,8,0
metrics,noop,metrics,ABCDE,46,0.95,scanner_faint_1,8,0,8,0,0,0,0,8,,,0.0,0.312344,0.0,0.0,,0,0,8,0
metrics,noop,metrics,ABCDE,46,0.95,scanner_faint_4,8,0,8,0,0,0,0,8,,,0.0,0.312344,0.0,0.0,,0,0,8,0
metrics,noop,metrics,ABCDE,46,0.95,scanner_double_4,8,0,8,0,0,0,0,8,,,0.0,0.312344,0.0,0.0,,0,0,8,0
metrics,noop,metrics,ABCDE,46,0.95,adv_long_runs,8,0,8,0,0,0,0,8,,,0.0,0.312344,0.0,0.0,,0,0,8,0
metrics,noop,metrics,ABCDE,46,0.95,adv_favourite,8,0,8,0,0,0,0,8,,,0.0,0.312344,0.0,0.0,,0,0,8,0
metrics,noop,metrics,ABCDE,46,0.95,adv_easy_block,8,0,8,0,0,0,0,8,,,0.0,0.312344,0.0,0.0,,0,0,8,0
metrics,noop,metrics,ABCDE,46,0.95,adv_key_leakage,8,8,0,0,0,0,8,0,0.0,0.0,,,1.0,0.0,0.0,280,0,8,0
metrics,noop,metrics,ABCDE,46,0.95,adv_cycle,8,0,8,0,0,0,0,8,,,0.0,0.312344,0.0,0.0,,0,0,8,0
metrics,noop,metrics,ABCDE,90,0.26,none,8,0,8,0,0,0,0,8,,,0.0,0.312344,0.0,0.0,,0,0,8,0
metrics,noop,metrics,ABCDE,90,0.26,row_skip_1,8,8,0,0,0,0,8,0,0.0,0.0,,,1.0,0.0,0.0,14,0,8,14
metrics,noop,metrics,ABCDE,90,0.26,row_skip_2,8,8,0,0,0,0,8,0,0.0,0.0,,,1.0,0.0,0.0,1,0,8,19
metrics,noop,metrics,ABCDE,90,0.26,early_full,8,8,0,0,0,0,8,0,0.0,0.0,,,1.0,0.0,0.0,62,0,8,4
metrics,noop,metrics,ABCDE,90,0.26,boundary,8,8,0,0,0,0,8,0,0.0,0.0,,,1.0,0.0,0.0,18,0,8,3
metrics,noop,metrics,ABCDE,90,0.26,short_local,8,8,0,0,0,0,8,0,0.0,0.0,,,1.0,0.0,0.0,10,0,8,7
metrics,noop,metrics,ABCDE,90,0.26,whole_section,8,8,0,0,0,0,8,0,0.0,0.0,,,1.0,0.0,0.0,28,0,8,28
metrics,noop,metrics,ABCDE,90,0.26,anxiety,8,8,0,0,0,0,8,0,0.0,0.0,,,1.0,0.0,0.0,30,0,8,3
metrics,noop,metrics,ABCDE,90,0.26,double_shift,8,8,0,0,0,0,8,0,0.0,0.0,,,1.0,0.0,0.0,22,0,8,1
metrics,noop,metrics,ABCDE,90,0.26,self_corrected,8,8,0,0,0,0,8,0,0.0,0.0,,,1.0,0.0,0.0,18,0,8,3
metrics,noop,metrics,ABCDE,90,0.26,deferred,8,8,0,0,0,0,8,0,0.0,0.0,,,1.0,0.0,0.0,32,0,8,1
metrics,noop,metrics,ABCDE,90,0.26,isolated,8,8,0,0,0,0,8,0,0.0,0.0,,,1.0,0.0,0.0,3,0,8,0
metrics,noop,metrics,ABCDE,90,0.26,scanner_blank_1,8,8,0,0,0,0,8,0,0.0,0.0,,,1.0,0.0,0.0,40,0,8,8
metrics,noop,metrics,ABCDE,90,0.26,scanner_blank_2,8,8,0,0,0,0,8,0,0.0,0.0,,,1.0,0.0,0.0,30,0,8,4
metrics,noop,metrics,ABCDE,90,0.26,scanner_row_delete_1,8,8,0,0,0,0,8,0,0.0,0.0,,,1.0,0.0,0.0,18,0,8,5
metrics,noop,metrics,ABCDE,90,0.26,scanner_row_delete_2,8,8,0,0,0,0,8,0,0.0,0.0,,,1.0,0.0,0.0,18,0,8,18
metrics,noop,metrics,ABCDE,90,0.26,scanner_misread_1,8,0,8,0,0,0,0,8,,,0.0,0.312344,0.0,0.0,,0,0,8,0
metrics,noop,metrics,ABCDE,90,0.26,scanner_misread_4,8,0,8,0,0,0,0,8,,,0.0,0.312344,0.0,0.0,,0,0,8,0
metrics,noop,metrics,ABCDE,90,0.26,scanner_faint_1,8,0,8,0,0,0,0,8,,,0.0,0.312344,0.0,0.0,,0,0,8,0
metrics,noop,metrics,ABCDE,90,0.26,scanner_faint_4,8,0,8,0,0,0,0,8,,,0.0,0.312344,0.0,0.0,,0,0,8,0
metrics,noop,metrics,ABCDE,90,0.26,scanner_double_4,8,0,8,0,0,0,0,8,,,0.0,0.312344,0.0,0.0,,0,0,8,0
metrics,noop,metrics,ABCDE,90,0.26,adv_long_runs,8,0,8,0,0,0,0,8,,,0.0,0.312344,0.0,0.0,,0,0,8,0
metrics,noop,metrics,ABCDE,90,0.26,adv_favourite,8,0,8,0,0,0,0,8,,,0.0,0.312344,0.0,0.0,,0,0,8,0
metrics,noop,metrics,ABCDE,90,0.26,adv_easy_block,8,0,8,0,0,0,0,8,,,0.0,0.312344,0.0,0.0,,0,0,8,0
metrics,noop,metrics,ABCDE,90,0.26,adv_key_leakage,8,8,0,0,0,0,8,0,0.0,0.0,,,1.0,0.0,0.0,570,0,8,0
metrics,noop,metrics,ABCDE,90,0.26,adv_cycle,8,0,8,0,0,0,0,8,,,0.0,0.312344,0.0,0.0,,0,0,8,0
metrics,noop,metrics,ABCDE,90,0.4,none,8,0,8,0,0,0,0,8,,,0.0,0.312344,0.0,0.0,,0,0,8,0
metrics,noop,metrics,ABCDE,90,0.4,row_skip_1,8,8,0,0,0,0,8,0,0.0,0.0,,,1.0,0.0,0.0,68,0,8,0
metrics,noop,metrics,ABCDE,90,0.4,row_skip_2,8,8,0,0,0,0,8,0,0.0,0.0,,,1.0,0.0,0.0,77,0,8,5
metrics,noop,metrics,ABCDE,90,0.4,early_full,8,8,0,0,0,0,8,0,0.0,0.0,,,1.0,0.0,0.0,162,0,8,0
metrics,noop,metrics,ABCDE,90,0.4,boundary,8,8,0,0,0,0,8,0,0.0,0.0,,,1.0,0.0,0.0,30,0,8,1
metrics,noop,metrics,ABCDE,90,0.4,short_local,8,8,0,0,0,0,8,0,0.0,0.0,,,1.0,0.0,0.0,20,0,8,0
metrics,noop,metrics,ABCDE,90,0.4,whole_section,8,8,0,0,0,0,8,0,0.0,0.0,,,1.0,0.0,0.0,61,0,8,10
metrics,noop,metrics,ABCDE,90,0.4,anxiety,8,8,0,0,0,0,8,0,0.0,0.0,,,1.0,0.0,0.0,68,0,8,1
metrics,noop,metrics,ABCDE,90,0.4,double_shift,8,8,0,0,0,0,8,0,0.0,0.0,,,1.0,0.0,0.0,87,0,8,7
metrics,noop,metrics,ABCDE,90,0.4,self_corrected,8,8,0,0,0,0,8,0,0.0,0.0,,,1.0,0.0,0.0,22,0,8,3
metrics,noop,metrics,ABCDE,90,0.4,deferred,8,8,0,0,0,0,8,0,0.0,0.0,,,1.0,0.0,0.0,62,0,8,3
metrics,noop,metrics,ABCDE,90,0.4,isolated,8,8,0,0,0,0,8,0,0.0,0.0,,,1.0,0.0,0.0,4,0,8,2
metrics,noop,metrics,ABCDE,90,0.4,scanner_blank_1,8,8,0,0,0,0,8,0,0.0,0.0,,,1.0,0.0,0.0,124,0,8,9
metrics,noop,metrics,ABCDE,90,0.4,scanner_blank_2,8,8,0,0,0,0,8,0,0.0,0.0,,,1.0,0.0,0.0,70,0,8,0
metrics,noop,metrics,ABCDE,90,0.4,scanner_row_delete_1,8,8,0,0,0,0,8,0,0.0,0.0,,,1.0,0.0,0.0,66,0,8,9
metrics,noop,metrics,ABCDE,90,0.4,scanner_row_delete_2,8,8,0,0,0,0,8,0,0.0,0.0,,,1.0,0.0,0.0,53,0,8,9
metrics,noop,metrics,ABCDE,90,0.4,scanner_misread_1,8,0,8,0,0,0,0,8,,,0.0,0.312344,0.0,0.0,,0,0,8,0
metrics,noop,metrics,ABCDE,90,0.4,scanner_misread_4,8,0,8,0,0,0,0,8,,,0.0,0.312344,0.0,0.0,,0,0,8,0
metrics,noop,metrics,ABCDE,90,0.4,scanner_faint_1,8,0,8,0,0,0,0,8,,,0.0,0.312344,0.0,0.0,,0,0,8,0
metrics,noop,metrics,ABCDE,90,0.4,scanner_faint_4,8,0,8,0,0,0,0,8,,,0.0,0.312344,0.0,0.0,,0,0,8,0
metrics,noop,metrics,ABCDE,90,0.4,scanner_double_4,8,0,8,0,0,0,0,8,,,0.0,0.312344,0.0,0.0,,0,0,8,0
metrics,noop,metrics,ABCDE,90,0.4,adv_long_runs,8,0,8,0,0,0,0,8,,,0.0,0.312344,0.0,0.0,,0,0,8,0
metrics,noop,metrics,ABCDE,90,0.4,adv_favourite,8,0,8,0,0,0,0,8,,,0.0,0.312344,0.0,0.0,,0,0,8,0
metrics,noop,metrics,ABCDE,90,0.4,adv_easy_block,8,0,8,0,0,0,0,8,,,0.0,0.312344,0.0,0.0,,0,0,8,0
metrics,noop,metrics,ABCDE,90,0.4,adv_key_leakage,8,8,0,0,0,0,8,0,0.0,0.0,,,1.0,0.0,0.0,571,0,8,0
metrics,noop,metrics,ABCDE,90,0.4,adv_cycle,8,0,8,0,0,0,0,8,,,0.0,0.312344,0.0,0.0,,0,0,8,0
metrics,noop,metrics,ABCDE,90,0.55,none,8,0,8,0,0,0,0,8,,,0.0,0.312344,0.0,0.0,,0,0,8,0
metrics,noop,metrics,ABCDE,90,0.55,row_skip_1,8,8,0,0,0,0,8,0,0.0,0.0,,,1.0,0.0,0.0,113,0,8,1
metrics,noop,metrics,ABCDE,90,0.55,row_skip_2,8,8,0,0,0,0,8,0,0.0,0.0,,,1.0,0.0,0.0,59,0,8,7
metrics,noop,metrics,ABCDE,90,0.55,early_full,8,8,0,0,0,0,8,0,0.0,0.0,,,1.0,0.0,0.0,183,0,8,0
metrics,noop,metrics,ABCDE,90,0.55,boundary,8,8,0,0,0,0,8,0,0.0,0.0,,,1.0,0.0,0.0,42,0,8,1
metrics,noop,metrics,ABCDE,90,0.55,short_local,8,8,0,0,0,0,8,0,0.0,0.0,,,1.0,0.0,0.0,10,0,8,0
metrics,noop,metrics,ABCDE,90,0.55,whole_section,8,8,0,0,0,0,8,0,0.0,0.0,,,1.0,0.0,0.0,89,0,8,0
metrics,noop,metrics,ABCDE,90,0.55,anxiety,8,8,0,0,0,0,8,0,0.0,0.0,,,1.0,0.0,0.0,145,0,8,0
metrics,noop,metrics,ABCDE,90,0.55,double_shift,8,8,0,0,0,0,8,0,0.0,0.0,,,1.0,0.0,0.0,180,0,8,1
metrics,noop,metrics,ABCDE,90,0.55,self_corrected,8,8,0,0,0,0,8,0,0.0,0.0,,,1.0,0.0,0.0,66,0,8,0
metrics,noop,metrics,ABCDE,90,0.55,deferred,8,8,0,0,0,0,8,0,0.0,0.0,,,1.0,0.0,0.0,78,0,8,1
metrics,noop,metrics,ABCDE,90,0.55,isolated,8,8,0,0,0,0,8,0,0.0,0.0,,,1.0,0.0,0.0,5,0,8,0
metrics,noop,metrics,ABCDE,90,0.55,scanner_blank_1,8,8,0,0,0,0,8,0,0.0,0.0,,,1.0,0.0,0.0,102,0,8,0
metrics,noop,metrics,ABCDE,90,0.55,scanner_blank_2,8,8,0,0,0,0,8,0,0.0,0.0,,,1.0,0.0,0.0,101,0,8,2
metrics,noop,metrics,ABCDE,90,0.55,scanner_row_delete_1,8,8,0,0,0,0,8,0,0.0,0.0,,,1.0,0.0,0.0,149,0,8,1
metrics,noop,metrics,ABCDE,90,0.55,scanner_row_delete_2,8,8,0,0,0,0,8,0,0.0,0.0,,,1.0,0.0,0.0,26,0,8,4
metrics,noop,metrics,ABCDE,90,0.55,scanner_misread_1,8,0,8,0,0,0,0,8,,,0.0,0.312344,0.0,0.0,,0,0,8,0
metrics,noop,metrics,ABCDE,90,0.55,scanner_misread_4,8,0,8,0,0,0,0,8,,,0.0,0.312344,0.0,0.0,,0,0,8,0
metrics,noop,metrics,ABCDE,90,0.55,scanner_faint_1,8,0,8,0,0,0,0,8,,,0.0,0.312344,0.0,0.0,,0,0,8,0
metrics,noop,metrics,ABCDE,90,0.55,scanner_faint_4,8,0,8,0,0,0,0,8,,,0.0,0.312344,0.0,0.0,,0,0,8,0
metrics,noop,metrics,ABCDE,90,0.55,scanner_double_4,8,0,8,0,0,0,0,8,,,0.0,0.312344,0.0,0.0,,0,0,8,0
metrics,noop,metrics,ABCDE,90,0.55,adv_long_runs,8,0,8,0,0,0,0,8,,,0.0,0.312344,0.0,0.0,,0,0,8,0
metrics,noop,metrics,ABCDE,90,0.55,adv_favourite,8,0,8,0,0,0,0,8,,,0.0,0.312344,0.0,0.0,,0,0,8,0
metrics,noop,metrics,ABCDE,90,0.55,adv_easy_block,8,0,8,0,0,0,0,8,,,0.0,0.312344,0.0,0.0,,0,0,8,0
metrics,noop,metrics,ABCDE,90,0.55,adv_key_leakage,8,8,0,0,0,0,8,0,0.0,0.0,,,1.0,0.0,0.0,565,0,8,0
metrics,noop,metrics,ABCDE,90,0.55,adv_cycle,8,0,8,0,0,0,0,8,,,0.0,0.312344,0.0,0.0,,0,0,8,0
metrics,noop,metrics,ABCDE,90,0.7,none,8,0,8,0,0,0,0,8,,,0.0,0.312344,0.0,0.0,,0,0,8,0
metrics,noop,metrics,ABCDE,90,0.7,row_skip_1,8,8,0,0,0,0,8,0,0.0,0.0,,,1.0,0.0,0.0,111,0,8,0
metrics,noop,metrics,ABCDE,90,0.7,row_skip_2,8,8,0,0,0,0,8,0,0.0,0.0,,,1.0,0.0,0.0,129,0,8,0
metrics,noop,metrics,ABCDE,90,0.7,early_full,8,8,0,0,0,0,8,0,0.0,0.0,,,1.0,0.0,0.0,235,0,8,7
metrics,noop,metrics,ABCDE,90,0.7,boundary,8,8,0,0,0,0,8,0,0.0,0.0,,,1.0,0.0,0.0,113,0,8,1
metrics,noop,metrics,ABCDE,90,0.7,short_local,8,8,0,0,0,0,8,0,0.0,0.0,,,1.0,0.0,0.0,29,0,8,0
metrics,noop,metrics,ABCDE,90,0.7,whole_section,8,8,0,0,0,0,8,0,0.0,0.0,,,1.0,0.0,0.0,133,0,8,0
metrics,noop,metrics,ABCDE,90,0.7,anxiety,8,8,0,0,0,0,8,0,0.0,0.0,,,1.0,0.0,0.0,103,0,8,3
metrics,noop,metrics,ABCDE,90,0.7,double_shift,8,8,0,0,0,0,8,0,0.0,0.0,,,1.0,0.0,0.0,207,0,8,0
metrics,noop,metrics,ABCDE,90,0.7,self_corrected,8,8,0,0,0,0,8,0,0.0,0.0,,,1.0,0.0,0.0,65,0,8,0
metrics,noop,metrics,ABCDE,90,0.7,deferred,8,8,0,0,0,0,8,0,0.0,0.0,,,1.0,0.0,0.0,156,0,8,0
metrics,noop,metrics,ABCDE,90,0.7,isolated,8,8,0,0,0,0,8,0,0.0,0.0,,,1.0,0.0,0.0,5,0,8,2
metrics,noop,metrics,ABCDE,90,0.7,scanner_blank_1,8,8,0,0,0,0,8,0,0.0,0.0,,,1.0,0.0,0.0,145,0,8,0
metrics,noop,metrics,ABCDE,90,0.7,scanner_blank_2,8,8,0,0,0,0,8,0,0.0,0.0,,,1.0,0.0,0.0,159,0,8,0
metrics,noop,metrics,ABCDE,90,0.7,scanner_row_delete_1,8,8,0,0,0,0,8,0,0.0,0.0,,,1.0,0.0,0.0,67,0,8,0
metrics,noop,metrics,ABCDE,90,0.7,scanner_row_delete_2,8,8,0,0,0,0,8,0,0.0,0.0,,,1.0,0.0,0.0,132,0,8,0
metrics,noop,metrics,ABCDE,90,0.7,scanner_misread_1,8,0,8,0,0,0,0,8,,,0.0,0.312344,0.0,0.0,,0,0,8,0
metrics,noop,metrics,ABCDE,90,0.7,scanner_misread_4,8,0,8,0,0,0,0,8,,,0.0,0.312344,0.0,0.0,,0,0,8,0
metrics,noop,metrics,ABCDE,90,0.7,scanner_faint_1,8,0,8,0,0,0,0,8,,,0.0,0.312344,0.0,0.0,,0,0,8,0
metrics,noop,metrics,ABCDE,90,0.7,scanner_faint_4,8,0,8,0,0,0,0,8,,,0.0,0.312344,0.0,0.0,,0,0,8,0
metrics,noop,metrics,ABCDE,90,0.7,scanner_double_4,8,0,8,0,0,0,0,8,,,0.0,0.312344,0.0,0.0,,0,0,8,0
metrics,noop,metrics,ABCDE,90,0.7,adv_long_runs,8,0,8,0,0,0,0,8,,,0.0,0.312344,0.0,0.0,,0,0,8,0
metrics,noop,metrics,ABCDE,90,0.7,adv_favourite,8,0,8,0,0,0,0,8,,,0.0,0.312344,0.0,0.0,,0,0,8,0
metrics,noop,metrics,ABCDE,90,0.7,adv_easy_block,8,0,8,0,0,0,0,8,,,0.0,0.312344,0.0,0.0,,0,0,8,0
metrics,noop,metrics,ABCDE,90,0.7,adv_key_leakage,8,8,0,0,0,0,8,0,0.0,0.0,,,1.0,0.0,0.0,554,0,8,0
metrics,noop,metrics,ABCDE,90,0.7,adv_cycle,8,0,8,0,0,0,0,8,,,0.0,0.312344,0.0,0.0,,0,0,8,0
metrics,noop,metrics,ABCDE,90,0.85,none,8,0,8,0,0,0,0,8,,,0.0,0.312344,0.0,0.0,,0,0,8,0
metrics,noop,metrics,ABCDE,90,0.85,row_skip_1,8,8,0,0,0,0,8,0,0.0,0.0,,,1.0,0.0,0.0,165,0,8,3
metrics,noop,metrics,ABCDE,90,0.85,row_skip_2,8,8,0,0,0,0,8,0,0.0,0.0,,,1.0,0.0,0.0,217,0,8,1
metrics,noop,metrics,ABCDE,90,0.85,early_full,8,8,0,0,0,0,8,0,0.0,0.0,,,1.0,0.0,0.0,412,0,8,0
metrics,noop,metrics,ABCDE,90,0.85,boundary,8,8,0,0,0,0,8,0,0.0,0.0,,,1.0,0.0,0.0,170,0,8,0
metrics,noop,metrics,ABCDE,90,0.85,short_local,8,8,0,0,0,0,8,0,0.0,0.0,,,1.0,0.0,0.0,35,0,8,0
metrics,noop,metrics,ABCDE,90,0.85,whole_section,8,8,0,0,0,0,8,0,0.0,0.0,,,1.0,0.0,0.0,135,0,8,3
metrics,noop,metrics,ABCDE,90,0.85,anxiety,8,8,0,0,0,0,8,0,0.0,0.0,,,1.0,0.0,0.0,124,0,8,6
metrics,noop,metrics,ABCDE,90,0.85,double_shift,8,8,0,0,0,0,8,0,0.0,0.0,,,1.0,0.0,0.0,264,0,8,0
metrics,noop,metrics,ABCDE,90,0.85,self_corrected,8,8,0,0,0,0,8,0,0.0,0.0,,,1.0,0.0,0.0,72,0,8,1
metrics,noop,metrics,ABCDE,90,0.85,deferred,8,8,0,0,0,0,8,0,0.0,0.0,,,1.0,0.0,0.0,224,0,8,0
metrics,noop,metrics,ABCDE,90,0.85,isolated,8,8,0,0,0,0,8,0,0.0,0.0,,,1.0,0.0,0.0,8,0,8,0
metrics,noop,metrics,ABCDE,90,0.85,scanner_blank_1,8,8,0,0,0,0,8,0,0.0,0.0,,,1.0,0.0,0.0,195,0,8,1
metrics,noop,metrics,ABCDE,90,0.85,scanner_blank_2,8,8,0,0,0,0,8,0,0.0,0.0,,,1.0,0.0,0.0,157,0,8,0
metrics,noop,metrics,ABCDE,90,0.85,scanner_row_delete_1,8,8,0,0,0,0,8,0,0.0,0.0,,,1.0,0.0,0.0,149,0,8,0
metrics,noop,metrics,ABCDE,90,0.85,scanner_row_delete_2,8,8,0,0,0,0,8,0,0.0,0.0,,,1.0,0.0,0.0,58,0,8,2
metrics,noop,metrics,ABCDE,90,0.85,scanner_misread_1,8,0,8,0,0,0,0,8,,,0.0,0.312344,0.0,0.0,,0,0,8,0
metrics,noop,metrics,ABCDE,90,0.85,scanner_misread_4,8,0,8,0,0,0,0,8,,,0.0,0.312344,0.0,0.0,,0,0,8,0
metrics,noop,metrics,ABCDE,90,0.85,scanner_faint_1,8,0,8,0,0,0,0,8,,,0.0,0.312344,0.0,0.0,,0,0,8,0
metrics,noop,metrics,ABCDE,90,0.85,scanner_faint_4,8,0,8,0,0,0,0,8,,,0.0,0.312344,0.0,0.0,,0,0,8,0
metrics,noop,metrics,ABCDE,90,0.85,scanner_double_4,8,0,8,0,0,0,0,8,,,0.0,0.312344,0.0,0.0,,0,0,8,0
metrics,noop,metrics,ABCDE,90,0.85,adv_long_runs,8,0,8,0,0,0,0,8,,,0.0,0.312344,0.0,0.0,,0,0,8,0
metrics,noop,metrics,ABCDE,90,0.85,adv_favourite,8,0,8,0,0,0,0,8,,,0.0,0.312344,0.0,0.0,,0,0,8,0
metrics,noop,metrics,ABCDE,90,0.85,adv_easy_block,8,0,8,0,0,0,0,8,,,0.0,0.312344,0.0,0.0,,0,0,8,0
metrics,noop,metrics,ABCDE,90,0.85,adv_key_leakage,8,8,0,0,0,0,8,0,0.0,0.0,,,1.0,0.0,0.0,565,0,8,0
metrics,noop,metrics,ABCDE,90,0.85,adv_cycle,8,0,8,0,0,0,0,8,,,0.0,0.312344,0.0,0.0,,0,0,8,0
metrics,noop,metrics,ABCDE,90,0.95,none,8,0,8,0,0,0,0,8,,,0.0,0.312344,0.0,0.0,,0,0,8,0
metrics,noop,metrics,ABCDE,90,0.95,row_skip_1,8,8,0,0,0,0,8,0,0.0,0.0,,,1.0,0.0,0.0,149,0,8,0
metrics,noop,metrics,ABCDE,90,0.95,row_skip_2,8,8,0,0,0,0,8,0,0.0,0.0,,,1.0,0.0,0.0,295,0,8,0
metrics,noop,metrics,ABCDE,90,0.95,early_full,8,8,0,0,0,0,8,0,0.0,0.0,,,1.0,0.0,0.0,394,0,8,1
metrics,noop,metrics,ABCDE,90,0.95,boundary,8,8,0,0,0,0,8,0,0.0,0.0,,,1.0,0.0,0.0,106,0,8,1
metrics,noop,metrics,ABCDE,90,0.95,short_local,8,8,0,0,0,0,8,0,0.0,0.0,,,1.0,0.0,0.0,39,0,8,0
metrics,noop,metrics,ABCDE,90,0.95,whole_section,8,8,0,0,0,0,8,0,0.0,0.0,,,1.0,0.0,0.0,190,0,8,2
metrics,noop,metrics,ABCDE,90,0.95,anxiety,8,8,0,0,0,0,8,0,0.0,0.0,,,1.0,0.0,0.0,255,0,8,0
metrics,noop,metrics,ABCDE,90,0.95,double_shift,8,8,0,0,0,0,8,0,0.0,0.0,,,1.0,0.0,0.0,321,0,8,0
metrics,noop,metrics,ABCDE,90,0.95,self_corrected,8,8,0,0,0,0,8,0,0.0,0.0,,,1.0,0.0,0.0,101,0,8,0
metrics,noop,metrics,ABCDE,90,0.95,deferred,8,8,0,0,0,0,8,0,0.0,0.0,,,1.0,0.0,0.0,285,0,8,0
metrics,noop,metrics,ABCDE,90,0.95,isolated,8,8,0,0,0,0,8,0,0.0,0.0,,,1.0,0.0,0.0,9,0,8,1
metrics,noop,metrics,ABCDE,90,0.95,scanner_blank_1,8,8,0,0,0,0,8,0,0.0,0.0,,,1.0,0.0,0.0,182,0,8,0
metrics,noop,metrics,ABCDE,90,0.95,scanner_blank_2,8,8,0,0,0,0,8,0,0.0,0.0,,,1.0,0.0,0.0,178,0,8,0
metrics,noop,metrics,ABCDE,90,0.95,scanner_row_delete_1,8,8,0,0,0,0,8,0,0.0,0.0,,,1.0,0.0,0.0,175,0,8,0
metrics,noop,metrics,ABCDE,90,0.95,scanner_row_delete_2,8,8,0,0,0,0,8,0,0.0,0.0,,,1.0,0.0,0.0,204,0,8,0
metrics,noop,metrics,ABCDE,90,0.95,scanner_misread_1,8,0,8,0,0,0,0,8,,,0.0,0.312344,0.0,0.0,,0,0,8,0
metrics,noop,metrics,ABCDE,90,0.95,scanner_misread_4,8,0,8,0,0,0,0,8,,,0.0,0.312344,0.0,0.0,,0,0,8,0
metrics,noop,metrics,ABCDE,90,0.95,scanner_faint_1,8,0,8,0,0,0,0,8,,,0.0,0.312344,0.0,0.0,,0,0,8,0
metrics,noop,metrics,ABCDE,90,0.95,scanner_faint_4,8,0,8,0,0,0,0,8,,,0.0,0.312344,0.0,0.0,,0,0,8,0
metrics,noop,metrics,ABCDE,90,0.95,scanner_double_4,8,0,8,0,0,0,0,8,,,0.0,0.312344,0.0,0.0,,0,0,8,0
metrics,noop,metrics,ABCDE,90,0.95,adv_long_runs,8,0,8,0,0,0,0,8,,,0.0,0.312344,0.0,0.0,,0,0,8,0
metrics,noop,metrics,ABCDE,90,0.95,adv_favourite,8,0,8,0,0,0,0,8,,,0.0,0.312344,0.0,0.0,,0,0,8,0
metrics,noop,metrics,ABCDE,90,0.95,adv_easy_block,8,0,8,0,0,0,0,8,,,0.0,0.312344,0.0,0.0,,0,0,8,0
metrics,noop,metrics,ABCDE,90,0.95,adv_key_leakage,8,8,0,0,0,0,8,0,0.0,0.0,,,1.0,0.0,0.0,577,0,8,0
metrics,noop,metrics,ABCDE,90,0.95,adv_cycle,8,0,8,0,0,0,0,8,,,0.0,0.312344,0.0,0.0,,0,0,8,0
metrics,noop,metrics,ABCDE,100,0.26,none,8,0,8,0,0,0,0,8,,,0.0,0.312344,0.0,0.0,,0,0,8,0
metrics,noop,metrics,ABCDE,100,0.26,row_skip_1,8,8,0,0,0,0,8,0,0.0,0.0,,,1.0,0.0,0.0,46,0,8,1
metrics,noop,metrics,ABCDE,100,0.26,row_skip_2,8,8,0,0,0,0,8,0,0.0,0.0,,,1.0,0.0,0.0,42,0,8,3
metrics,noop,metrics,ABCDE,100,0.26,early_full,8,8,0,0,0,0,8,0,0.0,0.0,,,1.0,0.0,0.0,43,0,8,2
metrics,noop,metrics,ABCDE,100,0.26,boundary,8,8,0,0,0,0,8,0,0.0,0.0,,,1.0,0.0,0.0,24,0,8,8
metrics,noop,metrics,ABCDE,100,0.26,short_local,8,8,0,0,0,0,8,0,0.0,0.0,,,1.0,0.0,0.0,9,0,8,6
metrics,noop,metrics,ABCDE,100,0.26,whole_section,8,8,0,0,0,0,8,0,0.0,0.0,,,1.0,0.0,0.0,31,0,8,6
metrics,noop,metrics,ABCDE,100,0.26,anxiety,8,8,0,0,0,0,8,0,0.0,0.0,,,1.0,0.0,0.0,37,0,8,11
metrics,noop,metrics,ABCDE,100,0.26,double_shift,8,8,0,0,0,0,8,0,0.0,0.0,,,1.0,0.0,0.0,17,0,8,19
metrics,noop,metrics,ABCDE,100,0.26,self_corrected,8,8,0,0,0,0,8,0,0.0,0.0,,,1.0,0.0,0.0,32,0,8,0
metrics,noop,metrics,ABCDE,100,0.26,deferred,8,8,0,0,0,0,8,0,0.0,0.0,,,1.0,0.0,0.0,15,0,8,17
metrics,noop,metrics,ABCDE,100,0.26,isolated,8,8,0,0,0,0,8,0,0.0,0.0,,,1.0,0.0,0.0,2,0,8,1
metrics,noop,metrics,ABCDE,100,0.26,scanner_blank_1,8,8,0,0,0,0,8,0,0.0,0.0,,,1.0,0.0,0.0,53,0,8,8
metrics,noop,metrics,ABCDE,100,0.26,scanner_blank_2,8,8,0,0,0,0,8,0,0.0,0.0,,,1.0,0.0,0.0,33,0,8,6
metrics,noop,metrics,ABCDE,100,0.26,scanner_row_delete_1,8,8,0,0,0,0,8,0,0.0,0.0,,,1.0,0.0,0.0,16,0,8,4
metrics,noop,metrics,ABCDE,100,0.26,scanner_row_delete_2,8,8,0,0,0,0,8,0,0.0,0.0,,,1.0,0.0,0.0,14,0,8,39
metrics,noop,metrics,ABCDE,100,0.26,scanner_misread_1,8,0,8,0,0,0,0,8,,,0.0,0.312344,0.0,0.0,,0,0,8,0
metrics,noop,metrics,ABCDE,100,0.26,scanner_misread_4,8,0,8,0,0,0,0,8,,,0.0,0.312344,0.0,0.0,,0,0,8,0
metrics,noop,metrics,ABCDE,100,0.26,scanner_faint_1,8,0,8,0,0,0,0,8,,,0.0,0.312344,0.0,0.0,,0,0,8,0
metrics,noop,metrics,ABCDE,100,0.26,scanner_faint_4,8,0,8,0,0,0,0,8,,,0.0,0.312344,0.0,0.0,,0,0,8,0
metrics,noop,metrics,ABCDE,100,0.26,scanner_double_4,8,0,8,0,0,0,0,8,,,0.0,0.312344,0.0,0.0,,0,0,8,0
metrics,noop,metrics,ABCDE,100,0.26,adv_long_runs,8,0,8,0,0,0,0,8,,,0.0,0.312344,0.0,0.0,,0,0,8,0
metrics,noop,metrics,ABCDE,100,0.26,adv_favourite,8,0,8,0,0,0,0,8,,,0.0,0.312344,0.0,0.0,,0,0,8,0
metrics,noop,metrics,ABCDE,100,0.26,adv_easy_block,8,0,8,0,0,0,0,8,,,0.0,0.312344,0.0,0.0,,0,0,8,0
metrics,noop,metrics,ABCDE,100,0.26,adv_key_leakage,8,8,0,0,0,0,8,0,0.0,0.0,,,1.0,0.0,0.0,627,0,8,0
metrics,noop,metrics,ABCDE,100,0.26,adv_cycle,8,0,8,0,0,0,0,8,,,0.0,0.312344,0.0,0.0,,0,0,8,0
metrics,noop,metrics,ABCDE,100,0.4,none,8,0,8,0,0,0,0,8,,,0.0,0.312344,0.0,0.0,,0,0,8,0
metrics,noop,metrics,ABCDE,100,0.4,row_skip_1,8,8,0,0,0,0,8,0,0.0,0.0,,,1.0,0.0,0.0,63,0,8,6
metrics,noop,metrics,ABCDE,100,0.4,row_skip_2,8,8,0,0,0,0,8,0,0.0,0.0,,,1.0,0.0,0.0,30,0,8,9
metrics,noop,metrics,ABCDE,100,0.4,early_full,8,8,0,0,0,0,8,0,0.0,0.0,,,1.0,0.0,0.0,84,0,8,0
metrics,noop,metrics,ABCDE,100,0.4,boundary,8,8,0,0,0,0,8,0,0.0,0.0,,,1.0,0.0,0.0,54,0,8,4
metrics,noop,metrics,ABCDE,100,0.4,short_local,8,8,0,0,0,0,8,0,0.0,0.0,,,1.0,0.0,0.0,14,0,8,5
metrics,noop,metrics,ABCDE,100,0.4,whole_section,8,8,0,0,0,0,8,0,0.0,0.0,,,1.0,0.0,0.0,62,0,8,0
metrics,noop,metrics,ABCDE,100,0.4,anxiety,8,8,0,0,0,0,8,0,0.0,0.0,,,1.0,0.0,0.0,56,0,8,6
metrics,noop,metrics,ABCDE,100,0.4,double_shift,8,8,0,0,0,0,8,0,0.0,0.0,,,1.0,0.0,0.0,94,0,8,6
metrics,noop,metrics,ABCDE,100,0.4,self_corrected,8,8,0,0,0,0,8,0,0.0,0.0,,,1.0,0.0,0.0,43,0,8,0
metrics,noop,metrics,ABCDE,100,0.4,deferred,8,8,0,0,0,0,8,0,0.0,0.0,,,1.0,0.0,0.0,82,0,8,0
metrics,noop,metrics,ABCDE,100,0.4,isolated,8,8,0,0,0,0,8,0,0.0,0.0,,,1.0,0.0,0.0,5,0,8,2
metrics,noop,metrics,ABCDE,100,0.4,scanner_blank_1,8,8,0,0,0,0,8,0,0.0,0.0,,,1.0,0.0,0.0,107,0,8,0
metrics,noop,metrics,ABCDE,100,0.4,scanner_blank_2,8,8,0,0,0,0,8,0,0.0,0.0,,,1.0,0.0,0.0,85,0,8,9
metrics,noop,metrics,ABCDE,100,0.4,scanner_row_delete_1,8,8,0,0,0,0,8,0,0.0,0.0,,,1.0,0.0,0.0,19,0,8,4
metrics,noop,metrics,ABCDE,100,0.4,scanner_row_delete_2,8,8,0,0,0,0,8,0,0.0,0.0,,,1.0,0.0,0.0,59,0,8,5
metrics,noop,metrics,ABCDE,100,0.4,scanner_misread_1,8,0,8,0,0,0,0,8,,,0.0,0.312344,0.0,0.0,,0,0,8,0
metrics,noop,metrics,ABCDE,100,0.4,scanner_misread_4,8,0,8,0,0,0,0,8,,,0.0,0.312344,0.0,0.0,,0,0,8,0
metrics,noop,metrics,ABCDE,100,0.4,scanner_faint_1,8,0,8,0,0,0,0,8,,,0.0,0.312344,0.0,0.0,,0,0,8,0
metrics,noop,metrics,ABCDE,100,0.4,scanner_faint_4,8,0,8,0,0,0,0,8,,,0.0,0.312344,0.0,0.0,,0,0,8,0
metrics,noop,metrics,ABCDE,100,0.4,scanner_double_4,8,0,8,0,0,0,0,8,,,0.0,0.312344,0.0,0.0,,0,0,8,0
metrics,noop,metrics,ABCDE,100,0.4,adv_long_runs,8,0,8,0,0,0,0,8,,,0.0,0.312344,0.0,0.0,,0,0,8,0
metrics,noop,metrics,ABCDE,100,0.4,adv_favourite,8,0,8,0,0,0,0,8,,,0.0,0.312344,0.0,0.0,,0,0,8,0
metrics,noop,metrics,ABCDE,100,0.4,adv_easy_block,8,0,8,0,0,0,0,8,,,0.0,0.312344,0.0,0.0,,0,0,8,0
metrics,noop,metrics,ABCDE,100,0.4,adv_key_leakage,8,8,0,0,0,0,8,0,0.0,0.0,,,1.0,0.0,0.0,644,0,8,0
metrics,noop,metrics,ABCDE,100,0.4,adv_cycle,8,0,8,0,0,0,0,8,,,0.0,0.312344,0.0,0.0,,0,0,8,0
metrics,noop,metrics,ABCDE,100,0.55,none,8,0,8,0,0,0,0,8,,,0.0,0.312344,0.0,0.0,,0,0,8,0
metrics,noop,metrics,ABCDE,100,0.55,row_skip_1,8,8,0,0,0,0,8,0,0.0,0.0,,,1.0,0.0,0.0,120,0,8,0
metrics,noop,metrics,ABCDE,100,0.55,row_skip_2,8,8,0,0,0,0,8,0,0.0,0.0,,,1.0,0.0,0.0,96,0,8,4
metrics,noop,metrics,ABCDE,100,0.55,early_full,8,8,0,0,0,0,8,0,0.0,0.0,,,1.0,0.0,0.0,173,0,8,0
metrics,noop,metrics,ABCDE,100,0.55,boundary,8,8,0,0,0,0,8,0,0.0,0.0,,,1.0,0.0,0.0,56,0,8,2
metrics,noop,metrics,ABCDE,100,0.55,short_local,8,8,0,0,0,0,8,0,0.0,0.0,,,1.0,0.0,0.0,16,0,8,2
metrics,noop,metrics,ABCDE,100,0.55,whole_section,8,8,0,0,0,0,8,0,0.0,0.0,,,1.0,0.0,0.0,130,0,8,0
metrics,noop,metrics,ABCDE,100,0.55,anxiety,8,8,0,0,0,0,8,0,0.0,0.0,,,1.0,0.0,0.0,130,0,8,0
metrics,noop,metrics,ABCDE,100,0.55,double_shift,8,8,0,0,0,0,8,0,0.0,0.0,,,1.0,0.0,0.0,103,0,8,0
metrics,noop,metrics,ABCDE,100,0.55,self_corrected,8,8,0,0,0,0,8,0,0.0,0.0,,,1.0,0.0,0.0,45,0,8,0
metrics,noop,metrics,ABCDE,100,0.55,deferred,8,8,0,0,0,0,8,0,0.0,0.0,,,1.0,0.0,0.0,122,0,8,4
metrics,noop,metrics,ABCDE,100,0.55,isolated,8,8,0,0,0,0,8,0,0.0,0.0,,,1.0,0.0,0.0,5,0,8,1
metrics,noop,metrics,ABCDE,100,0.55,scanner_blank_1,8,8,0,0,0,0,8,0,0.0,0.0,,,1.0,0.0,0.0,55,0,8,2
metrics,noop,metrics,ABCDE,100,0.55,scanner_blank_2,8,8,0,0,0,0,8,0,0.0,0.0,,,1.0,0.0,0.0,77,0,8,1
metrics,noop,metrics,ABCDE,100,0.55,scanner_row_delete_1,8,8,0,0,0,0,8,0,0.0,0.0,,,1.0,0.0,0.0,144,0,8,0
metrics,noop,metrics,ABCDE,100,0.55,scanner_row_delete_2,8,8,0,0,0,0,8,0,0.0,0.0,,,1.0,0.0,0.0,36,0,8,0
metrics,noop,metrics,ABCDE,100,0.55,scanner_misread_1,8,0,8,0,0,0,0,8,,,0.0,0.312344,0.0,0.0,,0,0,8,0
metrics,noop,metrics,ABCDE,100,0.55,scanner_misread_4,8,0,8,0,0,0,0,8,,,0.0,0.312344,0.0,0.0,,0,0,8,0
metrics,noop,metrics,ABCDE,100,0.55,scanner_faint_1,8,0,8,0,0,0,0,8,,,0.0,0.312344,0.0,0.0,,0,0,8,0
metrics,noop,metrics,ABCDE,100,0.55,scanner_faint_4,8,0,8,0,0,0,0,8,,,0.0,0.312344,0.0,0.0,,0,0,8,0
metrics,noop,metrics,ABCDE,100,0.55,scanner_double_4,8,0,8,0,0,0,0,8,,,0.0,0.312344,0.0,0.0,,0,0,8,0
metrics,noop,metrics,ABCDE,100,0.55,adv_long_runs,8,0,8,0,0,0,0,8,,,0.0,0.312344,0.0,0.0,,0,0,8,0
metrics,noop,metrics,ABCDE,100,0.55,adv_favourite,8,0,8,0,0,0,0,8,,,0.0,0.312344,0.0,0.0,,0,0,8,0
metrics,noop,metrics,ABCDE,100,0.55,adv_easy_block,8,0,8,0,0,0,0,8,,,0.0,0.312344,0.0,0.0,,0,0,8,0
metrics,noop,metrics,ABCDE,100,0.55,adv_key_leakage,8,8,0,0,0,0,8,0,0.0,0.0,,,1.0,0.0,0.0,620,0,8,0
metrics,noop,metrics,ABCDE,100,0.55,adv_cycle,8,0,8,0,0,0,0,8,,,0.0,0.312344,0.0,0.0,,0,0,8,0
metrics,noop,metrics,ABCDE,100,0.7,none,8,0,8,0,0,0,0,8,,,0.0,0.312344,0.0,0.0,,0,0,8,0
metrics,noop,metrics,ABCDE,100,0.7,row_skip_1,8,8,0,0,0,0,8,0,0.0,0.0,,,1.0,0.0,0.0,96,0,8,3
metrics,noop,metrics,ABCDE,100,0.7,row_skip_2,8,8,0,0,0,0,8,0,0.0,0.0,,,1.0,0.0,0.0,202,0,8,4
metrics,noop,metrics,ABCDE,100,0.7,early_full,8,8,0,0,0,0,8,0,0.0,0.0,,,1.0,0.0,0.0,358,0,8,0
metrics,noop,metrics,ABCDE,100,0.7,boundary,8,8,0,0,0,0,8,0,0.0,0.0,,,1.0,0.0,0.0,44,0,8,0
metrics,noop,metrics,ABCDE,100,0.7,short_local,8,8,0,0,0,0,8,0,0.0,0.0,,,1.0,0.0,0.0,27,0,8,0
metrics,noop,metrics,ABCDE,100,0.7,whole_section,8,8,0,0,0,0,8,0,0.0,0.0,,,1.0,0.0,0.0,153,0,8,0
metrics,noop,metrics,ABCDE,100,0.7,anxiety,8,8,0,0,0,0,8,0,0.0,0.0,,,1.0,0.0,0.0,197,0,8,0
metrics,noop,metrics,ABCDE,100,0.7,double_shift,8,8,0,0,0,0,8,0,0.0,0.0,,,1.0,0.0,0.0,231,0,8,0
metrics,noop,metrics,ABCDE,100,0.7,self_corrected,8,8,0,0,0,0,8,0,0.0,0.0,,,1.0,0.0,0.0,67,0,8,3
metrics,noop,metrics,ABCDE,100,0.7,deferred,8,8,0,0,0,0,8,0,0.0,0.0,,,1.0,0.0,0.0,148,0,8,1
metrics,noop,metrics,ABCDE,100,0.7,isolated,8,8,0,0,0,0,8,0,0.0,0.0,,,1.0,0.0,0.0,6,0,8,3
metrics,noop,metrics,ABCDE,100,0.7,scanner_blank_1,8,8,0,0,0,0,8,0,0.0,0.0,,,1.0,0.0,0.0,178,0,8,0
metrics,noop,metrics,ABCDE,100,0.7,scanner_blank_2,8,8,0,0,0,0,8,0,0.0,0.0,,,1.0,0.0,0.0,227,0,8,0
metrics,noop,metrics,ABCDE,100,0.7,scanner_row_delete_1,8,8,0,0,0,0,8,0,0.0,0.0,,,1.0,0.0,0.0,180,0,8,2
metrics,noop,metrics,ABCDE,100,0.7,scanner_row_delete_2,8,8,0,0,0,0,8,0,0.0,0.0,,,1.0,0.0,0.0,152,0,8,0
metrics,noop,metrics,ABCDE,100,0.7,scanner_misread_1,8,0,8,0,0,0,0,8,,,0.0,0.312344,0.0,0.0,,0,0,8,0
metrics,noop,metrics,ABCDE,100,0.7,scanner_misread_4,8,0,8,0,0,0,0,8,,,0.0,0.312344,0.0,0.0,,0,0,8,0
metrics,noop,metrics,ABCDE,100,0.7,scanner_faint_1,8,0,8,0,0,0,0,8,,,0.0,0.312344,0.0,0.0,,0,0,8,0
metrics,noop,metrics,ABCDE,100,0.7,scanner_faint_4,8,0,8,0,0,0,0,8,,,0.0,0.312344,0.0,0.0,,0,0,8,0
metrics,noop,metrics,ABCDE,100,0.7,scanner_double_4,8,0,8,0,0,0,0,8,,,0.0,0.312344,0.0,0.0,,0,0,8,0
metrics,noop,metrics,ABCDE,100,0.7,adv_long_runs,8,0,8,0,0,0,0,8,,,0.0,0.312344,0.0,0.0,,0,0,8,0
metrics,noop,metrics,ABCDE,100,0.7,adv_favourite,8,0,8,0,0,0,0,8,,,0.0,0.312344,0.0,0.0,,0,0,8,0
metrics,noop,metrics,ABCDE,100,0.7,adv_easy_block,8,0,8,0,0,0,0,8,,,0.0,0.312344,0.0,0.0,,0,0,8,0
metrics,noop,metrics,ABCDE,100,0.7,adv_key_leakage,8,8,0,0,0,0,8,0,0.0,0.0,,,1.0,0.0,0.0,645,0,8,0
metrics,noop,metrics,ABCDE,100,0.7,adv_cycle,8,0,8,0,0,0,0,8,,,0.0,0.312344,0.0,0.0,,0,0,8,0
metrics,noop,metrics,ABCDE,100,0.85,none,8,0,8,0,0,0,0,8,,,0.0,0.312344,0.0,0.0,,0,0,8,0
metrics,noop,metrics,ABCDE,100,0.85,row_skip_1,8,8,0,0,0,0,8,0,0.0,0.0,,,1.0,0.0,0.0,237,0,8,0
metrics,noop,metrics,ABCDE,100,0.85,row_skip_2,8,8,0,0,0,0,8,0,0.0,0.0,,,1.0,0.0,0.0,116,0,8,0
metrics,noop,metrics,ABCDE,100,0.85,early_full,8,8,0,0,0,0,8,0,0.0,0.0,,,1.0,0.0,0.0,257,0,8,11
metrics,noop,metrics,ABCDE,100,0.85,boundary,8,8,0,0,0,0,8,0,0.0,0.0,,,1.0,0.0,0.0,120,0,8,0
metrics,noop,metrics,ABCDE,100,0.85,short_local,8,8,0,0,0,0,8,0,0.0,0.0,,,1.0,0.0,0.0,24,0,8,1
metrics,noop,metrics,ABCDE,100,0.85,whole_section,8,8,0,0,0,0,8,0,0.0,0.0,,,1.0,0.0,0.0,135,0,8,3
metrics,noop,metrics,ABCDE,100,0.85,anxiety,8,8,0,0,0,0,8,0,0.0,0.0,,,1.0,0.0,0.0,188,0,8,0
metrics,noop,metrics,ABCDE,100,0.85,double_shift,8,8,0,0,0,0,8,0,0.0,0.0,,,1.0,0.0,0.0,322,0,8,0
metrics,noop,metrics,ABCDE,100,0.85,self_corrected,8,8,0,0,0,0,8,0,0.0,0.0,,,1.0,0.0,0.0,94,0,8,2
metrics,noop,metrics,ABCDE,100,0.85,deferred,8,8,0,0,0,0,8,0,0.0,0.0,,,1.0,0.0,0.0,138,0,8,0
metrics,noop,metrics,ABCDE,100,0.85,isolated,8,8,0,0,0,0,8,0,0.0,0.0,,,1.0,0.0,0.0,7,0,8,2
metrics,noop,metrics,ABCDE,100,0.85,scanner_blank_1,8,8,0,0,0,0,8,0,0.0,0.0,,,1.0,0.0,0.0,112,0,8,0
metrics,noop,metrics,ABCDE,100,0.85,scanner_blank_2,8,8,0,0,0,0,8,0,0.0,0.0,,,1.0,0.0,0.0,157,0,8,0
metrics,noop,metrics,ABCDE,100,0.85,scanner_row_delete_1,8,8,0,0,0,0,8,0,0.0,0.0,,,1.0,0.0,0.0,321,0,8,0
metrics,noop,metrics,ABCDE,100,0.85,scanner_row_delete_2,8,8,0,0,0,0,8,0,0.0,0.0,,,1.0,0.0,0.0,195,0,8,0
metrics,noop,metrics,ABCDE,100,0.85,scanner_misread_1,8,0,8,0,0,0,0,8,,,0.0,0.312344,0.0,0.0,,0,0,8,0
metrics,noop,metrics,ABCDE,100,0.85,scanner_misread_4,8,0,8,0,0,0,0,8,,,0.0,0.312344,0.0,0.0,,0,0,8,0
metrics,noop,metrics,ABCDE,100,0.85,scanner_faint_1,8,0,8,0,0,0,0,8,,,0.0,0.312344,0.0,0.0,,0,0,8,0
metrics,noop,metrics,ABCDE,100,0.85,scanner_faint_4,8,0,8,0,0,0,0,8,,,0.0,0.312344,0.0,0.0,,0,0,8,0
metrics,noop,metrics,ABCDE,100,0.85,scanner_double_4,8,0,8,0,0,0,0,8,,,0.0,0.312344,0.0,0.0,,0,0,8,0
metrics,noop,metrics,ABCDE,100,0.85,adv_long_runs,8,0,8,0,0,0,0,8,,,0.0,0.312344,0.0,0.0,,0,0,8,0
metrics,noop,metrics,ABCDE,100,0.85,adv_favourite,8,0,8,0,0,0,0,8,,,0.0,0.312344,0.0,0.0,,0,0,8,0
metrics,noop,metrics,ABCDE,100,0.85,adv_easy_block,8,0,8,0,0,0,0,8,,,0.0,0.312344,0.0,0.0,,0,0,8,0
metrics,noop,metrics,ABCDE,100,0.85,adv_key_leakage,8,8,0,0,0,0,8,0,0.0,0.0,,,1.0,0.0,0.0,628,0,8,0
metrics,noop,metrics,ABCDE,100,0.85,adv_cycle,8,0,8,0,0,0,0,8,,,0.0,0.312344,0.0,0.0,,0,0,8,0
metrics,noop,metrics,ABCDE,100,0.95,none,8,0,8,0,0,0,0,8,,,0.0,0.312344,0.0,0.0,,0,0,8,0
metrics,noop,metrics,ABCDE,100,0.95,row_skip_1,8,8,0,0,0,0,8,0,0.0,0.0,,,1.0,0.0,0.0,333,0,8,2
metrics,noop,metrics,ABCDE,100,0.95,row_skip_2,8,8,0,0,0,0,8,0,0.0,0.0,,,1.0,0.0,0.0,199,0,8,2
metrics,noop,metrics,ABCDE,100,0.95,early_full,8,8,0,0,0,0,8,0,0.0,0.0,,,1.0,0.0,0.0,384,0,8,0
metrics,noop,metrics,ABCDE,100,0.95,boundary,8,8,0,0,0,0,8,0,0.0,0.0,,,1.0,0.0,0.0,164,0,8,0
metrics,noop,metrics,ABCDE,100,0.95,short_local,8,8,0,0,0,0,8,0,0.0,0.0,,,1.0,0.0,0.0,32,0,8,2
metrics,noop,metrics,ABCDE,100,0.95,whole_section,8,8,0,0,0,0,8,0,0.0,0.0,,,1.0,0.0,0.0,239,0,8,0
metrics,noop,metrics,ABCDE,100,0.95,anxiety,8,8,0,0,0,0,8,0,0.0,0.0,,,1.0,0.0,0.0,197,0,8,1
metrics,noop,metrics,ABCDE,100,0.95,double_shift,8,8,0,0,0,0,8,0,0.0,0.0,,,1.0,0.0,0.0,331,0,8,4
metrics,noop,metrics,ABCDE,100,0.95,self_corrected,8,8,0,0,0,0,8,0,0.0,0.0,,,1.0,0.0,0.0,66,0,8,2
metrics,noop,metrics,ABCDE,100,0.95,deferred,8,8,0,0,0,0,8,0,0.0,0.0,,,1.0,0.0,0.0,243,0,8,3
metrics,noop,metrics,ABCDE,100,0.95,isolated,8,8,0,0,0,0,8,0,0.0,0.0,,,1.0,0.0,0.0,12,0,8,0
metrics,noop,metrics,ABCDE,100,0.95,scanner_blank_1,8,8,0,0,0,0,8,0,0.0,0.0,,,1.0,0.0,0.0,274,0,8,0
metrics,noop,metrics,ABCDE,100,0.95,scanner_blank_2,8,8,0,0,0,0,8,0,0.0,0.0,,,1.0,0.0,0.0,175,0,8,0
metrics,noop,metrics,ABCDE,100,0.95,scanner_row_delete_1,8,8,0,0,0,0,8,0,0.0,0.0,,,1.0,0.0,0.0,270,0,8,1
metrics,noop,metrics,ABCDE,100,0.95,scanner_row_delete_2,8,8,0,0,0,0,8,0,0.0,0.0,,,1.0,0.0,0.0,181,0,8,0
metrics,noop,metrics,ABCDE,100,0.95,scanner_misread_1,8,0,8,0,0,0,0,8,,,0.0,0.312344,0.0,0.0,,0,0,8,0
metrics,noop,metrics,ABCDE,100,0.95,scanner_misread_4,8,0,8,0,0,0,0,8,,,0.0,0.312344,0.0,0.0,,0,0,8,0
metrics,noop,metrics,ABCDE,100,0.95,scanner_faint_1,8,0,8,0,0,0,0,8,,,0.0,0.312344,0.0,0.0,,0,0,8,0
metrics,noop,metrics,ABCDE,100,0.95,scanner_faint_4,8,0,8,0,0,0,0,8,,,0.0,0.312344,0.0,0.0,,0,0,8,0
metrics,noop,metrics,ABCDE,100,0.95,scanner_double_4,8,0,8,0,0,0,0,8,,,0.0,0.312344,0.0,0.0,,0,0,8,0
metrics,noop,metrics,ABCDE,100,0.95,adv_long_runs,8,0,8,0,0,0,0,8,,,0.0,0.312344,0.0,0.0,,0,0,8,0
metrics,noop,metrics,ABCDE,100,0.95,adv_favourite,8,0,8,0,0,0,0,8,,,0.0,0.312344,0.0,0.0,,0,0,8,0
metrics,noop,metrics,ABCDE,100,0.95,adv_easy_block,8,0,8,0,0,0,0,8,,,0.0,0.312344,0.0,0.0,,0,0,8,0
metrics,noop,metrics,ABCDE,100,0.95,adv_key_leakage,8,8,0,0,0,0,8,0,0.0,0.0,,,1.0,0.0,0.0,633,0,8,0
metrics,noop,metrics,ABCDE,100,0.95,adv_cycle,8,0,8,0,0,0,0,8,,,0.0,0.312344,0.0,0.0,,0,0,8,0
metrics,noop,metrics,ABCDE,150,0.26,none,8,0,8,0,0,0,0,8,,,0.0,0.312344,0.0,0.0,,0,0,8,0
metrics,noop,metrics,ABCDE,150,0.26,row_skip_1,8,8,0,0,0,0,8,0,0.0,0.0,,,1.0,0.0,0.0,35,0,8,0
metrics,noop,metrics,ABCDE,150,0.26,row_skip_2,8,8,0,0,0,0,8,0,0.0,0.0,,,1.0,0.0,0.0,30,0,8,21
metrics,noop,metrics,ABCDE,150,0.26,early_full,8,8,0,0,0,0,8,0,0.0,0.0,,,1.0,0.0,0.0,155,0,8,11
metrics,noop,metrics,ABCDE,150,0.26,boundary,8,8,0,0,0,0,8,0,0.0,0.0,,,1.0,0.0,0.0,40,0,8,8
metrics,noop,metrics,ABCDE,150,0.26,short_local,8,8,0,0,0,0,8,0,0.0,0.0,,,1.0,0.0,0.0,4,0,8,6
metrics,noop,metrics,ABCDE,150,0.26,whole_section,8,8,0,0,0,0,8,0,0.0,0.0,,,1.0,0.0,0.0,40,0,8,5
metrics,noop,metrics,ABCDE,150,0.26,anxiety,8,8,0,0,0,0,8,0,0.0,0.0,,,1.0,0.0,0.0,45,0,8,9
metrics,noop,metrics,ABCDE,150,0.26,double_shift,8,8,0,0,0,0,8,0,0.0,0.0,,,1.0,0.0,0.0,66,0,8,36
metrics,noop,metrics,ABCDE,150,0.26,self_corrected,8,8,0,0,0,0,8,0,0.0,0.0,,,1.0,0.0,0.0,14,0,8,7
metrics,noop,metrics,ABCDE,150,0.26,deferred,8,8,0,0,0,0,8,0,0.0,0.0,,,1.0,0.0,0.0,83,0,8,2
metrics,noop,metrics,ABCDE,150,0.26,isolated,8,8,0,0,0,0,8,0,0.0,0.0,,,1.0,0.0,,0,0,8,0
metrics,noop,metrics,ABCDE,150,0.26,scanner_blank_1,8,8,0,0,0,0,8,0,0.0,0.0,,,1.0,0.0,0.0,24,0,8,7
metrics,noop,metrics,ABCDE,150,0.26,scanner_blank_2,8,8,0,0,0,0,8,0,0.0,0.0,,,1.0,0.0,0.0,60,0,8,2
metrics,noop,metrics,ABCDE,150,0.26,scanner_row_delete_1,8,8,0,0,0,0,8,0,0.0,0.0,,,1.0,0.0,0.0,71,0,8,2
metrics,noop,metrics,ABCDE,150,0.26,scanner_row_delete_2,8,8,0,0,0,0,8,0,0.0,0.0,,,1.0,0.0,0.0,57,0,8,7
metrics,noop,metrics,ABCDE,150,0.26,scanner_misread_1,8,0,8,0,0,0,0,8,,,0.0,0.312344,0.0,0.0,,0,0,8,0
metrics,noop,metrics,ABCDE,150,0.26,scanner_misread_4,8,0,8,0,0,0,0,8,,,0.0,0.312344,0.0,0.0,,0,0,8,0
metrics,noop,metrics,ABCDE,150,0.26,scanner_faint_1,8,0,8,0,0,0,0,8,,,0.0,0.312344,0.0,0.0,,0,0,8,0
metrics,noop,metrics,ABCDE,150,0.26,scanner_faint_4,8,0,8,0,0,0,0,8,,,0.0,0.312344,0.0,0.0,,0,0,8,0
metrics,noop,metrics,ABCDE,150,0.26,scanner_double_4,8,0,8,0,0,0,0,8,,,0.0,0.312344,0.0,0.0,,0,0,8,0
metrics,noop,metrics,ABCDE,150,0.26,adv_long_runs,8,0,8,0,0,0,0,8,,,0.0,0.312344,0.0,0.0,,0,0,8,0
metrics,noop,metrics,ABCDE,150,0.26,adv_favourite,8,0,8,0,0,0,0,8,,,0.0,0.312344,0.0,0.0,,0,0,8,0
metrics,noop,metrics,ABCDE,150,0.26,adv_easy_block,8,0,8,0,0,0,0,8,,,0.0,0.312344,0.0,0.0,,0,0,8,0
metrics,noop,metrics,ABCDE,150,0.26,adv_key_leakage,8,8,0,0,0,0,8,0,0.0,0.0,,,1.0,0.0,0.0,930,0,8,0
metrics,noop,metrics,ABCDE,150,0.26,adv_cycle,8,0,8,0,0,0,0,8,,,0.0,0.312344,0.0,0.0,,0,0,8,0
metrics,noop,metrics,ABCDE,150,0.4,none,8,0,8,0,0,0,0,8,,,0.0,0.312344,0.0,0.0,,0,0,8,0
metrics,noop,metrics,ABCDE,150,0.4,row_skip_1,8,8,0,0,0,0,8,0,0.0,0.0,,,1.0,0.0,0.0,144,0,8,6
metrics,noop,metrics,ABCDE,150,0.4,row_skip_2,8,8,0,0,0,0,8,0,0.0,0.0,,,1.0,0.0,0.0,87,0,8,14
metrics,noop,metrics,ABCDE,150,0.4,early_full,8,8,0,0,0,0,8,0,0.0,0.0,,,1.0,0.0,0.0,220,0,8,0
metrics,noop,metrics,ABCDE,150,0.4,boundary,8,8,0,0,0,0,8,0,0.0,0.0,,,1.0,0.0,0.0,69,0,8,2
metrics,noop,metrics,ABCDE,150,0.4,short_local,8,8,0,0,0,0,8,0,0.0,0.0,,,1.0,0.0,0.0,2,0,8,7
metrics,noop,metrics,ABCDE,150,0.4,whole_section,8,8,0,0,0,0,8,0,0.0,0.0,,,1.0,0.0,0.0,62,0,8,15
metrics,noop,metrics,ABCDE,150,0.4,anxiety,8,8,0,0,0,0,8,0,0.0,0.0,,,1.0,0.0,0.0,81,0,8,5
metrics,noop,metrics,ABCDE,150,0.4,double_shift,8,8,0,0,0,0,8,0,0.0,0.0,,,1.0,0.0,0.0,130,0,8,0
metrics,noop,metrics,ABCDE,150,0.4,self_corrected,8,8,0,0,0,0,8,0,0.0,0.0,,,1.0,0.0,0.0,41,0,8,0
metrics,noop,metrics,ABCDE,150,0.4,deferred,8,8,0,0,0,0,8,0,0.0,0.0,,,1.0,0.0,0.0,107,0,8,13
metrics,noop,metrics,ABCDE,150,0.4,isolated,8,8,0,0,0,0,8,0,0.0,0.0,,,1.0,0.0,0.0,7,0,8,0
metrics,noop,metrics,ABCDE,150,0.4,scanner_blank_1,8,8,0,0,0,0,8,0,0.0,0.0,,,1.0,0.0,0.0,56,0,8,5
metrics,noop,metrics,ABCDE,150,0.4,scanner_blank_2,8,8,0,0,0,0,8,0,0.0,0.0,,,1.0,0.0,0.0,42,0,8,2
metrics,noop,metrics,ABCDE,150,0.4,scanner_row_delete_1,8,8,0,0,0,0,8,0,0.0,0.0,,,1.0,0.0,0.0,53,0,8,2
metrics,noop,metrics,ABCDE,150,0.4,scanner_row_delete_2,8,8,0,0,0,0,8,0,0.0,0.0,,,1.0,0.0,0.0,97,0,8,12
metrics,noop,metrics,ABCDE,150,0.4,scanner_misread_1,8,0,8,0,0,0,0,8,,,0.0,0.312344,0.0,0.0,,0,0,8,0
metrics,noop,metrics,ABCDE,150,0.4,scanner_misread_4,8,0,8,0,0,0,0,8,,,0.0,0.312344,0.0,0.0,,0,0,8,0
metrics,noop,metrics,ABCDE,150,0.4,scanner_faint_1,8,0,8,0,0,0,0,8,,,0.0,0.312344,0.0,0.0,,0,0,8,0
metrics,noop,metrics,ABCDE,150,0.4,scanner_faint_4,8,0,8,0,0,0,0,8,,,0.0,0.312344,0.0,0.0,,0,0,8,0
metrics,noop,metrics,ABCDE,150,0.4,scanner_double_4,8,0,8,0,0,0,0,8,,,0.0,0.312344,0.0,0.0,,0,0,8,0
metrics,noop,metrics,ABCDE,150,0.4,adv_long_runs,8,0,8,0,0,0,0,8,,,0.0,0.312344,0.0,0.0,,0,0,8,0
metrics,noop,metrics,ABCDE,150,0.4,adv_favourite,8,0,8,0,0,0,0,8,,,0.0,0.312344,0.0,0.0,,0,0,8,0
metrics,noop,metrics,ABCDE,150,0.4,adv_easy_block,8,0,8,0,0,0,0,8,,,0.0,0.312344,0.0,0.0,,0,0,8,0
metrics,noop,metrics,ABCDE,150,0.4,adv_key_leakage,8,8,0,0,0,0,8,0,0.0,0.0,,,1.0,0.0,0.0,927,0,8,0
metrics,noop,metrics,ABCDE,150,0.4,adv_cycle,8,0,8,0,0,0,0,8,,,0.0,0.312344,0.0,0.0,,0,0,8,0
metrics,noop,metrics,ABCDE,150,0.55,none,8,0,8,0,0,0,0,8,,,0.0,0.312344,0.0,0.0,,0,0,8,0
metrics,noop,metrics,ABCDE,150,0.55,row_skip_1,8,8,0,0,0,0,8,0,0.0,0.0,,,1.0,0.0,0.0,95,0,8,11
metrics,noop,metrics,ABCDE,150,0.55,row_skip_2,8,8,0,0,0,0,8,0,0.0,0.0,,,1.0,0.0,0.0,125,0,8,2
metrics,noop,metrics,ABCDE,150,0.55,early_full,8,8,0,0,0,0,8,0,0.0,0.0,,,1.0,0.0,0.0,329,0,8,0
metrics,noop,metrics,ABCDE,150,0.55,boundary,8,8,0,0,0,0,8,0,0.0,0.0,,,1.0,0.0,0.0,53,0,8,2
metrics,noop,metrics,ABCDE,150,0.55,short_local,8,8,0,0,0,0,8,0,0.0,0.0,,,1.0,0.0,0.0,24,0,8,2
metrics,noop,metrics,ABCDE,150,0.55,whole_section,8,8,0,0,0,0,8,0,0.0,0.0,,,1.0,0.0,0.0,170,0,8,0
metrics,noop,metrics,ABCDE,150,0.55,anxiety,8,8,0,0,0,0,8,0,0.0,0.0,,,1.0,0.0,0.0,145,0,8,0
metrics,noop,metrics,ABCDE,150,0.55,double_shift,8,8,0,0,0,0,8,0,0.0,0.0,,,1.0,0.0,0.0,194,0,8,13
metrics,noop,metrics,ABCDE,150,0.55,self_corrected,8,8,0,0,0,0,8,0,0.0,0.0,,,1.0,0.0,0.0,33,0,8,2
metrics,noop,metrics,ABCDE,150,0.55,deferred,8,8,0,0,0,0,8,0,0.0,0.0,,,1.0,0.0,0.0,91,0,8,1
metrics,noop,metrics,ABCDE,150,0.55,isolated,8,8,0,0,0,0,8,0,0.0,0.0,,,1.0,0.0,0.0,5,0,8,3
metrics,noop,metrics,ABCDE,150,0.55,scanner_blank_1,8,8,0,0,0,0,8,0,0.0,0.0,,,1.0,0.0,0.0,137,0,8,5
metrics,noop,metrics,ABCDE,150,0.55,scanner_blank_2,8,8,0,0,0,0,8,0,0.0,0.0,,,1.0,0.0,0.0,136,0,8,0
metrics,noop,metrics,ABCDE,150,0.55,scanner_row_delete_1,8,8,0,0,0,0,8,0,0.0,0.0,,,1.0,0.0,0.0,135,0,8,7
metrics,noop,metrics,ABCDE,150,0.55,scanner_row_delete_2,8,8,0,0,0,0,8,0,0.0,0.0,,,1.0,0.0,0.0,155,0,8,0
metrics,noop,metrics,ABCDE,150,0.55,scanner_misread_1,8,0,8,0,0,0,0,8,,,0.0,0.312344,0.0,0.0,,0,0,8,0
metrics,noop,metrics,ABCDE,150,0.55,scanner_misread_4,8,0,8,0,0,0,0,8,,,0.0,0.312344,0.0,0.0,,0,0,8,0
metrics,noop,metrics,ABCDE,150,0.55,scanner_faint_1,8,0,8,0,0,0,0,8,,,0.0,0.312344,0.0,0.0,,0,0,8,0
metrics,noop,metrics,ABCDE,150,0.55,scanner_faint_4,8,0,8,0,0,0,0,8,,,0.0,0.312344,0.0,0.0,,0,0,8,0
metrics,noop,metrics,ABCDE,150,0.55,scanner_double_4,8,0,8,0,0,0,0,8,,,0.0,0.312344,0.0,0.0,,0,0,8,0
metrics,noop,metrics,ABCDE,150,0.55,adv_long_runs,8,0,8,0,0,0,0,8,,,0.0,0.312344,0.0,0.0,,0,0,8,0
metrics,noop,metrics,ABCDE,150,0.55,adv_favourite,8,0,8,0,0,0,0,8,,,0.0,0.312344,0.0,0.0,,0,0,8,0
metrics,noop,metrics,ABCDE,150,0.55,adv_easy_block,8,0,8,0,0,0,0,8,,,0.0,0.312344,0.0,0.0,,0,0,8,0
metrics,noop,metrics,ABCDE,150,0.55,adv_key_leakage,8,8,0,0,0,0,8,0,0.0,0.0,,,1.0,0.0,0.0,952,0,8,0
metrics,noop,metrics,ABCDE,150,0.55,adv_cycle,8,0,8,0,0,0,0,8,,,0.0,0.312344,0.0,0.0,,0,0,8,0
metrics,noop,metrics,ABCDE,150,0.7,none,8,0,8,0,0,0,0,8,,,0.0,0.312344,0.0,0.0,,0,0,8,0
metrics,noop,metrics,ABCDE,150,0.7,row_skip_1,8,8,0,0,0,0,8,0,0.0,0.0,,,1.0,0.0,0.0,135,0,8,0
metrics,noop,metrics,ABCDE,150,0.7,row_skip_2,8,8,0,0,0,0,8,0,0.0,0.0,,,1.0,0.0,0.0,258,0,8,0
metrics,noop,metrics,ABCDE,150,0.7,early_full,8,8,0,0,0,0,8,0,0.0,0.0,,,1.0,0.0,0.0,383,0,8,4
metrics,noop,metrics,ABCDE,150,0.7,boundary,8,8,0,0,0,0,8,0,0.0,0.0,,,1.0,0.0,0.0,162,0,8,0
metrics,noop,metrics,ABCDE,150,0.7,short_local,8,8,0,0,0,0,8,0,0.0,0.0,,,1.0,0.0,0.0,19,0,8,0
metrics,noop,metrics,ABCDE,150,0.7,whole_section,8,8,0,0,0,0,8,0,0.0,0.0,,,1.0,0.0,0.0,194,0,8,0
metrics,noop,metrics,ABCDE,150,0.7,anxiety,8,8,0,0,0,0,8,0,0.0,0.0,,,1.0,0.0,0.0,262,0,8,16
metrics,noop,metrics,ABCDE,150,0.7,double_shift,8,8,0,0,0,0,8,0,0.0,0.0,,,1.0,0.0,0.0,248,0,8,12
metrics,noop,metrics,ABCDE,150,0.7,self_corrected,8,8,0,0,0,0,8,0,0.0,0.0,,,1.0,0.0,0.0,69,0,8,0
metrics,noop,metrics,ABCDE,150,0.7,deferred,8,8,0,0,0,0,8,0,0.0,0.0,,,1.0,0.0,0.0,134,0,8,0
metrics,noop,metrics,ABCDE,150,0.7,isolated,8,8,0,0,0,0,8,0,0.0,0.0,,,1.0,0.0,0.0,6,0,8,0
metrics,noop,metrics,ABCDE,150,0.7,scanner_blank_1,8,8,0,0,0,0,8,0,0.0,0.0,,,1.0,0.0,0.0,204,0,8,0
metrics,noop,metrics,ABCDE,150,0.7,scanner_blank_2,8,8,0,0,0,0,8,0,0.0,0.0,,,1.0,0.0,0.0,176,0,8,8
metrics,noop,metrics,ABCDE,150,0.7,scanner_row_delete_1,8,8,0,0,0,0,8,0,0.0,0.0,,,1.0,0.0,0.0,189,0,8,0
metrics,noop,metrics,ABCDE,150,0.7,scanner_row_delete_2,8,8,0,0,0,0,8,0,0.0,0.0,,,1.0,0.0,0.0,269,0,8,0
metrics,noop,metrics,ABCDE,150,0.7,scanner_misread_1,8,0,8,0,0,0,0,8,,,0.0,0.312344,0.0,0.0,,0,0,8,0
metrics,noop,metrics,ABCDE,150,0.7,scanner_misread_4,8,0,8,0,0,0,0,8,,,0.0,0.312344,0.0,0.0,,0,0,8,0
metrics,noop,metrics,ABCDE,150,0.7,scanner_faint_1,8,0,8,0,0,0,0,8,,,0.0,0.312344,0.0,0.0,,0,0,8,0
metrics,noop,metrics,ABCDE,150,0.7,scanner_faint_4,8,0,8,0,0,0,0,8,,,0.0,0.312344,0.0,0.0,,0,0,8,0
metrics,noop,metrics,ABCDE,150,0.7,scanner_double_4,8,0,8,0,0,0,0,8,,,0.0,0.312344,0.0,0.0,,0,0,8,0
metrics,noop,metrics,ABCDE,150,0.7,adv_long_runs,8,0,8,0,0,0,0,8,,,0.0,0.312344,0.0,0.0,,0,0,8,0
metrics,noop,metrics,ABCDE,150,0.7,adv_favourite,8,0,8,0,0,0,0,8,,,0.0,0.312344,0.0,0.0,,0,0,8,0
metrics,noop,metrics,ABCDE,150,0.7,adv_easy_block,8,0,8,0,0,0,0,8,,,0.0,0.312344,0.0,0.0,,0,0,8,0
metrics,noop,metrics,ABCDE,150,0.7,adv_key_leakage,8,8,0,0,0,0,8,0,0.0,0.0,,,1.0,0.0,0.0,972,0,8,0
metrics,noop,metrics,ABCDE,150,0.7,adv_cycle,8,0,8,0,0,0,0,8,,,0.0,0.312344,0.0,0.0,,0,0,8,0
metrics,noop,metrics,ABCDE,150,0.85,none,8,0,8,0,0,0,0,8,,,0.0,0.312344,0.0,0.0,,0,0,8,0
metrics,noop,metrics,ABCDE,150,0.85,row_skip_1,8,8,0,0,0,0,8,0,0.0,0.0,,,1.0,0.0,0.0,221,0,8,1
metrics,noop,metrics,ABCDE,150,0.85,row_skip_2,8,8,0,0,0,0,8,0,0.0,0.0,,,1.0,0.0,0.0,251,0,8,0
metrics,noop,metrics,ABCDE,150,0.85,early_full,8,8,0,0,0,0,8,0,0.0,0.0,,,1.0,0.0,0.0,592,0,8,0
metrics,noop,metrics,ABCDE,150,0.85,boundary,8,8,0,0,0,0,8,0,0.0,0.0,,,1.0,0.0,0.0,146,0,8,0
metrics,noop,metrics,ABCDE,150,0.85,short_local,8,8,0,0,0,0,8,0,0.0,0.0,,,1.0,0.0,0.0,20,0,8,5
metrics,noop,metrics,ABCDE,150,0.85,whole_section,8,8,0,0,0,0,8,0,0.0,0.0,,,1.0,0.0,0.0,229,0,8,0
metrics,noop,metrics,ABCDE,150,0.85,anxiety,8,8,0,0,0,0,8,0,0.0,0.0,,,1.0,0.0,0.0,491,0,8,0
metrics,noop,metrics,ABCDE,150,0.85,double_shift,8,8,0,0,0,0,8,0,0.0,0.0,,,1.0,0.0,0.0,341,0,8,7
metrics,noop,metrics,ABCDE,150,0.85,self_corrected,8,8,0,0,0,0,8,0,0.0,0.0,,,1.0,0.0,0.0,82,0,8,0
metrics,noop,metrics,ABCDE,150,0.85,deferred,8,8,0,0,0,0,8,0,0.0,0.0,,,1.0,0.0,0.0,297,0,8,0
metrics,noop,metrics,ABCDE,150,0.85,isolated,8,8,0,0,0,0,8,0,0.0,0.0,,,1.0,0.0,0.0,10,0,8,0
metrics,noop,metrics,ABCDE,150,0.85,scanner_blank_1,8,8,0,0,0,0,8,0,0.0,0.0,,,1.0,0.0,0.0,255,0,8,2
metrics,noop,metrics,ABCDE,150,0.85,scanner_blank_2,8,8,0,0,0,0,8,0,0.0,0.0,,,1.0,0.0,0.0,253,0,8,0
metrics,noop,metrics,ABCDE,150,0.85,scanner_row_delete_1,8,8,0,0,0,0,8,0,0.0,0.0,,,1.0,0.0,0.0,131,0,8,6
metrics,noop,metrics,ABCDE,150,0.85,scanner_row_delete_2,8,8,0,0,0,0,8,0,0.0,0.0,,,1.0,0.0,0.0,246,0,8,0
metrics,noop,metrics,ABCDE,150,0.85,scanner_misread_1,8,0,8,0,0,0,0,8,,,0.0,0.312344,0.0,0.0,,0,0,8,0
metrics,noop,metrics,ABCDE,150,0.85,scanner_misread_4,8,0,8,0,0,0,0,8,,,0.0,0.312344,0.0,0.0,,0,0,8,0
metrics,noop,metrics,ABCDE,150,0.85,scanner_faint_1,8,0,8,0,0,0,0,8,,,0.0,0.312344,0.0,0.0,,0,0,8,0
metrics,noop,metrics,ABCDE,150,0.85,scanner_faint_4,8,0,8,0,0,0,0,8,,,0.0,0.312344,0.0,0.0,,0,0,8,0
metrics,noop,metrics,ABCDE,150,0.85,scanner_double_4,8,0,8,0,0,0,0,8,,,0.0,0.312344,0.0,0.0,,0,0,8,0
metrics,noop,metrics,ABCDE,150,0.85,adv_long_runs,8,0,8,0,0,0,0,8,,,0.0,0.312344,0.0,0.0,,0,0,8,0
metrics,noop,metrics,ABCDE,150,0.85,adv_favourite,8,0,8,0,0,0,0,8,,,0.0,0.312344,0.0,0.0,,0,0,8,0
metrics,noop,metrics,ABCDE,150,0.85,adv_easy_block,8,0,8,0,0,0,0,8,,,0.0,0.312344,0.0,0.0,,0,0,8,0
metrics,noop,metrics,ABCDE,150,0.85,adv_key_leakage,8,8,0,0,0,0,8,0,0.0,0.0,,,1.0,0.0,0.0,943,0,8,0
metrics,noop,metrics,ABCDE,150,0.85,adv_cycle,8,0,8,0,0,0,0,8,,,0.0,0.312344,0.0,0.0,,0,0,8,0
metrics,noop,metrics,ABCDE,150,0.95,none,8,0,8,0,0,0,0,8,,,0.0,0.312344,0.0,0.0,,0,0,8,0
metrics,noop,metrics,ABCDE,150,0.95,row_skip_1,8,8,0,0,0,0,8,0,0.0,0.0,,,1.0,0.0,0.0,295,0,8,0
metrics,noop,metrics,ABCDE,150,0.95,row_skip_2,8,8,0,0,0,0,8,0,0.0,0.0,,,1.0,0.0,0.0,252,0,8,2
metrics,noop,metrics,ABCDE,150,0.95,early_full,8,8,0,0,0,0,8,0,0.0,0.0,,,1.0,0.0,0.0,757,0,8,0
metrics,noop,metrics,ABCDE,150,0.95,boundary,8,8,0,0,0,0,8,0,0.0,0.0,,,1.0,0.0,0.0,88,0,8,3
metrics,noop,metrics,ABCDE,150,0.95,short_local,8,8,0,0,0,0,8,0,0.0,0.0,,,1.0,0.0,0.0,36,0,8,0
metrics,noop,metrics,ABCDE,150,0.95,whole_section,8,8,0,0,0,0,8,0,0.0,0.0,,,1.0,0.0,0.0,374,0,8,0
metrics,noop,metrics,ABCDE,150,0.95,anxiety,8,8,0,0,0,0,8,0,0.0,0.0,,,1.0,0.0,0.0,238,0,8,16
metrics,noop,metrics,ABCDE,150,0.95,double_shift,8,8,0,0,0,0,8,0,0.0,0.0,,,1.0,0.0,0.0,478,0,8,0
metrics,noop,metrics,ABCDE,150,0.95,self_corrected,8,8,0,0,0,0,8,0,0.0,0.0,,,1.0,0.0,0.0,115,0,8,0
metrics,noop,metrics,ABCDE,150,0.95,deferred,8,8,0,0,0,0,8,0,0.0,0.0,,,1.0,0.0,0.0,266,0,8,0
metrics,noop,metrics,ABCDE,150,0.95,isolated,8,8,0,0,0,0,8,0,0.0,0.0,,,1.0,0.0,0.0,14,0,8,0
metrics,noop,metrics,ABCDE,150,0.95,scanner_blank_1,8,8,0,0,0,0,8,0,0.0,0.0,,,1.0,0.0,0.0,529,0,8,0
metrics,noop,metrics,ABCDE,150,0.95,scanner_blank_2,8,8,0,0,0,0,8,0,0.0,0.0,,,1.0,0.0,0.0,295,0,8,0
metrics,noop,metrics,ABCDE,150,0.95,scanner_row_delete_1,8,8,0,0,0,0,8,0,0.0,0.0,,,1.0,0.0,0.0,458,0,8,0
metrics,noop,metrics,ABCDE,150,0.95,scanner_row_delete_2,8,8,0,0,0,0,8,0,0.0,0.0,,,1.0,0.0,0.0,249,0,8,7
metrics,noop,metrics,ABCDE,150,0.95,scanner_misread_1,8,0,8,0,0,0,0,8,,,0.0,0.312344,0.0,0.0,,0,0,8,0
metrics,noop,metrics,ABCDE,150,0.95,scanner_misread_4,8,0,8,0,0,0,0,8,,,0.0,0.312344,0.0,0.0,,0,0,8,0
metrics,noop,metrics,ABCDE,150,0.95,scanner_faint_1,8,0,8,0,0,0,0,8,,,0.0,0.312344,0.0,0.0,,0,0,8,0
metrics,noop,metrics,ABCDE,150,0.95,scanner_faint_4,8,0,8,0,0,0,0,8,,,0.0,0.312344,0.0,0.0,,0,0,8,0
metrics,noop,metrics,ABCDE,150,0.95,scanner_double_4,8,0,8,0,0,0,0,8,,,0.0,0.312344,0.0,0.0,,0,0,8,0
metrics,noop,metrics,ABCDE,150,0.95,adv_long_runs,8,0,8,0,0,0,0,8,,,0.0,0.312344,0.0,0.0,,0,0,8,0
metrics,noop,metrics,ABCDE,150,0.95,adv_favourite,8,0,8,0,0,0,0,8,,,0.0,0.312344,0.0,0.0,,0,0,8,0
metrics,noop,metrics,ABCDE,150,0.95,adv_easy_block,8,0,8,0,0,0,0,8,,,0.0,0.312344,0.0,0.0,,0,0,8,0
metrics,noop,metrics,ABCDE,150,0.95,adv_key_leakage,8,8,0,0,0,0,8,0,0.0,0.0,,,1.0,0.0,0.0,944,0,8,0
metrics,noop,metrics,ABCDE,150,0.95,adv_cycle,8,0,8,0,0,0,0,8,,,0.0,0.312344,0.0,0.0,,0,0,8,0
sweep,gated,very_conservative,ABCD,46,0.55,none,8,0,8,0,0,0,0,8,,,0.0,0.312344,0.0,0.000288,,0,0,8,0
sweep,gated,very_conservative,ABCD,46,0.55,row_skip_1,8,8,0,0,0,0,8,0,0.0,0.0,,,0.926964,0.038492,0.0,36,0,8,1
sweep,gated,very_conservative,ABCD,46,0.55,double_shift,8,8,0,0,0,0,8,0,0.0,0.0,,,0.902969,0.051936,0.0,68,0,8,0
sweep,gated,very_conservative,ABCD,46,0.55,self_corrected,8,8,0,0,0,0,8,0,0.0,0.0,,,0.972126,0.014522,0.0,33,0,8,0
sweep,gated,very_conservative,ABCD,46,0.55,scanner_blank_1,8,8,0,1,0,0,7,0,0.125,0.125,,,0.194941,0.708025,0.428571,28,12,8,4
sweep,gated,very_conservative,ABCD,46,0.55,whole_section,8,8,0,0,0,0,8,0,0.0,0.0,,,0.970044,0.015349,0.0,31,0,8,4
sweep,gated,very_conservative,ABCD,46,0.7,none,8,0,8,0,0,0,0,8,,,0.0,0.312344,0.101606,0.159374,,0,0,8,0
sweep,gated,very_conservative,ABCD,46,0.7,row_skip_1,8,8,0,0,0,0,8,0,0.0,0.0,,,0.355483,0.626741,0.0,60,0,8,1
sweep,gated,very_conservative,ABCD,46,0.7,double_shift,8,8,0,2,0,0,6,0,0.25,0.25,,,0.354434,0.633931,0.272727,99,27,8,9
sweep,gated,very_conservative,ABCD,46,0.7,self_corrected,8,8,0,1,0,0,7,0,0.125,0.125,,,0.619173,0.327893,0.104167,48,5,8,0
sweep,gated,very_conservative,ABCD,46,0.7,scanner_blank_1,8,8,0,1,0,0,7,0,0.125,0.125,,,0.024209,0.909472,0.297297,37,11,8,1
sweep,gated,very_conservative,ABCD,46,0.7,whole_section,8,8,0,1,0,0,7,0,0.125,0.125,,,0.239412,0.731731,0.102941,68,7,8,3
sweep,gated,very_conservative,ABCD,46,0.85,none,8,0,8,0,0,0,0,8,,,0.0,0.312344,0.0,4.7e-05,,0,0,8,0
sweep,gated,very_conservative,ABCD,46,0.85,row_skip_1,8,8,0,3,0,0,5,0,0.375,0.375,,,0.279867,0.687755,0.511628,86,44,8,8
sweep,gated,very_conservative,ABCD,46,0.85,double_shift,8,8,0,3,1,0,4,0,0.375,0.5,,,0.120221,0.876764,0.353982,113,40,8,0
sweep,gated,very_conservative,ABCD,46,0.85,self_corrected,8,8,0,6,0,0,2,0,0.75,0.75,,,0.120273,0.857476,0.6625,80,53,8,1
sweep,gated,very_conservative,ABCD,46,0.85,scanner_blank_1,8,8,0,1,0,0,7,0,0.125,0.125,,,0.052386,0.91835,0.377358,53,20,8,0
sweep,gated,very_conservative,ABCD,46,0.85,whole_section,8,8,0,2,0,0,6,0,0.25,0.25,,,0.249159,0.724852,0.338983,59,20,8,6
sweep,gated,very_conservative,ABCD,100,0.55,none,8,0,8,0,0,0,0,8,,,0.0,0.312344,0.0,0.000239,,0,0,8,0
sweep,gated,very_conservative,ABCD,100,0.55,row_skip_1,8,8,0,1,2,0,5,0,0.125,0.375,,,0.62041,0.377307,0.701031,97,68,8,5
sweep,gated,very_conservative,ABCD,100,0.55,double_shift,8,8,0,0,0,0,8,0,0.0,0.0,,,0.471944,0.465996,0.0,131,0,8,5
sweep,gated,very_conservative,ABCD,100,0.55,self_corrected,8,8,0,1,0,0,7,0,0.125,0.125,,,0.660605,0.263338,0.25,40,10,8,2
sweep,gated,very_conservative,ABCD,100,0.55,scanner_blank_1,8,8,0,1,0,0,7,0,0.125,0.125,,,0.116022,0.815623,0.571429,70,40,8,5
sweep,gated,very_conservative,ABCD,100,0.55,whole_section,8,8,0,1,2,0,5,0,0.125,0.375,,,0.438869,0.527056,0.353659,82,29,8,0
sweep,gated,very_conservative,ABCD,100,0.7,none,8,0,8,0,0,0,0,8,,,0.0,0.312344,0.00013,0.004878,,0,0,8,0
sweep,gated,very_conservative,ABCD,100,0.7,row_skip_1,8,8,0,1,1,0,6,0,0.125,0.25,,,0.427568,0.538611,0.524752,101,53,8,0
sweep,gated,very_conservative,ABCD,100,0.7,double_shift,8,8,0,5,0,0,3,0,0.625,0.625,,,0.122479,0.876267,0.467532,231,108,8,0
sweep,gated,very_conservative,ABCD,100,0.7,self_corrected,8,8,0,2,0,0,6,0,0.25,0.25,,,0.265753,0.638636,0.253333,75,19,8,0
sweep,gated,very_conservative,ABCD,100,0.7,scanner_blank_1,8,8,0,6,0,0,2,0,0.75,0.75,,,3.1e-05,0.99801,0.825137,183,151,8,0
sweep,gated,very_conservative,ABCD,100,0.7,whole_section,8,8,0,5,1,0,2,0,0.625,0.75,,,0.12279,0.871913,0.676259,139,94,8,2
sweep,gated,very_conservative,ABCD,100,0.85,none,8,0,8,0,0,0,0,8,,,0.0,0.312344,0.080186,0.101818,,0,0,8,0
sweep,gated,very_conservative,ABCD,100,0.85,row_skip_1,8,8,0,4,1,0,3,0,0.5,0.625,,,0.059035,0.909284,0.761111,180,137,8,0
sweep,gated,very_conservative,ABCD,100,0.85,double_shift,8,8,0,2,1,0,5,0,0.25,0.375,,,0.0,1.0,0.262626,297,78,8,0
sweep,gated,very_conservative,ABCD,100,0.85,self_corrected,8,8,0,5,0,0,3,0,0.625,0.625,,,0.0002,0.994945,0.456311,103,47,8,0
sweep,gated,very_conservative,ABCD,100,0.85,scanner_blank_1,8,8,0,6,0,0,2,0,0.75,0.75,,,0.0,0.999972,0.878378,222,195,8,0
sweep,gated,very_conservative,ABCD,100,0.85,whole_section,8,8,0,4,1,0,3,0,0.5,0.625,,,0.129075,0.847349,0.78169,142,111,8,5
sweep,gated,very_conservative,ABCD,150,0.55,none,8,0,8,0,0,0,0,8,,,0.0,0.312344,2.6e-05,0.003062,,0,0,8,0
sweep,gated,very_conservative,ABCD,150,0.55,row_skip_1,8,8,0,3,2,0,3,0,0.375,0.625,,,0.249073,0.750374,0.701754,171,120,8,16
sweep,gated,very_conservative,ABCD,150,0.55,double_shift,8,8,0,2,1,0,5,0,0.25,0.375,,,0.226006,0.726536,0.284916,179,51,8,0
sweep,gated,very_conservative,ABCD,150,0.55,self_corrected,8,8,0,0,0,0,8,0,0.0,0.0,,,0.969027,0.015776,0.0,29,0,8,2
sweep,gated,very_conservative,ABCD,150,0.55,scanner_blank_1,8,8,0,4,0,0,4,0,0.5,0.5,,,0.018502,0.934555,0.877193,171,150,8,1
sweep,gated,very_conservative,ABCD,150,0.55,whole_section,8,8,0,5,2,0,1,0,0.625,0.875,,,0.12406,0.875463,0.596491,171,102,8,0
sweep,gated,very_conservative,ABCD,150,0.7,none,8,0,8,0,0,0,0,8,,,0.0,0.312344,0.123208,0.125089,,0,0,8,0
sweep,gated,very_conservative,ABCD,150,0.7,row_skip_1,8,8,0,2,1,0,5,0,0.25,0.375,,,0.272541,0.682449,0.697987,149,104,8,0
sweep,gated,very_conservative,ABCD,150,0.7,double_shift,8,8,0,1,0,0,7,0,0.125,0.125,,,0.284236,0.68107,0.153558,267,41,8,0
sweep,gated,very_conservative,ABCD,150,0.7,self_corrected,8,8,0,0,0,0,8,0,0.0,0.0,,,0.152275,0.744804,0.0,67,0,8,0
sweep,gated,very_conservative,ABCD,150,0.7,scanner_blank_1,8,8,0,4,0,0,4,0,0.5,0.5,,,0.012334,0.955262,0.807407,135,109,8,2
sweep,gated,very_conservative,ABCD,150,0.7,whole_section,8,8,0,4,1,0,3,0,0.5,0.625,,,0.124463,0.871269,0.731183,186,136,8,4
sweep,gated,very_conservative,ABCD,150,0.85,none,8,0,8,0,0,0,0,8,,,0.0,0.312344,0.146228,0.186075,,0,0,8,0
sweep,gated,very_conservative,ABCD,150,0.85,row_skip_1,8,8,0,2,4,0,2,0,0.25,0.75,,,0.123494,0.82516,0.89313,262,234,8,3
sweep,gated,very_conservative,ABCD,150,0.85,double_shift,8,8,0,4,0,0,4,0,0.5,0.5,,,0.0,1.0,0.577342,459,265,8,0
sweep,gated,very_conservative,ABCD,150,0.85,self_corrected,8,8,0,4,0,0,4,0,0.5,0.5,,,0.321619,0.654993,0.506849,73,37,8,0
sweep,gated,very_conservative,ABCD,150,0.85,scanner_blank_1,8,8,0,5,0,0,3,0,0.625,0.625,,,0.000169,0.995409,0.833333,282,235,8,0
sweep,gated,very_conservative,ABCD,150,0.85,whole_section,8,8,0,1,4,0,3,0,0.125,0.625,,,0.121974,0.876522,0.795652,230,183,8,4
sweep,gated,very_conservative,ABCDE,46,0.55,none,8,0,8,0,0,0,0,8,,,0.0,0.312344,,,,0,0,8,0
sweep,gated,very_conservative,ABCDE,46,0.55,row_skip_1,8,8,0,0,0,0,8,0,0.0,0.0,,,,,0.0,35,0,8,4
sweep,gated,very_conservative,ABCDE,46,0.55,double_shift,8,8,0,0,0,0,8,0,0.0,0.0,,,,,0.0,78,0,8,9
sweep,gated,very_conservative,ABCDE,46,0.55,self_corrected,8,8,0,0,0,0,8,0,0.0,0.0,,,,,0.0,69,0,8,0
sweep,gated,very_conservative,ABCDE,46,0.55,scanner_blank_1,8,8,0,0,0,0,8,0,0.0,0.0,,,,,0.0,67,0,8,0
sweep,gated,very_conservative,ABCDE,46,0.55,whole_section,8,8,0,0,0,0,8,0,0.0,0.0,,,,,0.0,37,0,8,1
sweep,gated,very_conservative,ABCDE,46,0.7,none,8,0,8,0,0,0,0,8,,,0.0,0.312344,,,,0,0,8,0
sweep,gated,very_conservative,ABCDE,46,0.7,row_skip_1,8,8,0,0,0,0,8,0,0.0,0.0,,,,,0.0,32,0,8,0
sweep,gated,very_conservative,ABCDE,46,0.7,double_shift,8,8,0,0,0,0,8,0,0.0,0.0,,,,,0.0,94,0,8,0
sweep,gated,very_conservative,ABCDE,46,0.7,self_corrected,8,8,0,0,0,0,8,0,0.0,0.0,,,,,0.0,55,0,8,6
sweep,gated,very_conservative,ABCDE,46,0.7,scanner_blank_1,8,8,0,0,0,0,8,0,0.0,0.0,,,,,0.0,48,0,8,0
sweep,gated,very_conservative,ABCDE,46,0.7,whole_section,8,8,0,0,0,0,8,0,0.0,0.0,,,,,0.0,72,0,8,0
sweep,gated,very_conservative,ABCDE,46,0.85,none,8,0,8,0,0,0,0,8,,,0.0,0.312344,,,,0,0,8,0
sweep,gated,very_conservative,ABCDE,46,0.85,row_skip_1,8,8,0,0,0,0,8,0,0.0,0.0,,,,,0.0,90,0,8,0
sweep,gated,very_conservative,ABCDE,46,0.85,double_shift,8,8,0,0,0,0,8,0,0.0,0.0,,,,,0.0,104,0,8,0
sweep,gated,very_conservative,ABCDE,46,0.85,self_corrected,8,8,0,0,0,0,8,0,0.0,0.0,,,,,0.0,58,0,8,0
sweep,gated,very_conservative,ABCDE,46,0.85,scanner_blank_1,8,8,0,0,0,0,8,0,0.0,0.0,,,,,0.0,135,0,8,0
sweep,gated,very_conservative,ABCDE,46,0.85,whole_section,8,8,0,0,0,0,8,0,0.0,0.0,,,,,0.0,87,0,8,0
sweep,gated,very_conservative,ABCDE,100,0.55,none,8,0,8,0,0,0,0,8,,,0.0,0.312344,,,,0,0,8,0
sweep,gated,very_conservative,ABCDE,100,0.55,row_skip_1,8,8,0,0,0,0,8,0,0.0,0.0,,,,,0.0,116,0,8,0
sweep,gated,very_conservative,ABCDE,100,0.55,double_shift,8,8,0,0,0,0,8,0,0.0,0.0,,,,,0.0,193,0,8,0
sweep,gated,very_conservative,ABCDE,100,0.55,self_corrected,8,8,0,0,0,0,8,0,0.0,0.0,,,,,0.0,45,0,8,5
sweep,gated,very_conservative,ABCDE,100,0.55,scanner_blank_1,8,8,0,0,0,0,8,0,0.0,0.0,,,,,0.0,148,0,8,0
sweep,gated,very_conservative,ABCDE,100,0.55,whole_section,8,8,0,0,0,0,8,0,0.0,0.0,,,,,0.0,103,0,8,0
sweep,gated,very_conservative,ABCDE,100,0.7,none,8,0,8,0,0,0,0,8,,,0.0,0.312344,,,,0,0,8,0
sweep,gated,very_conservative,ABCDE,100,0.7,row_skip_1,8,8,0,0,0,0,8,0,0.0,0.0,,,,,0.0,147,0,8,4
sweep,gated,very_conservative,ABCDE,100,0.7,double_shift,8,8,0,0,0,0,8,0,0.0,0.0,,,,,0.0,246,0,8,2
sweep,gated,very_conservative,ABCDE,100,0.7,self_corrected,8,8,0,0,0,0,8,0,0.0,0.0,,,,,0.0,75,0,8,0
sweep,gated,very_conservative,ABCDE,100,0.7,scanner_blank_1,8,8,0,0,0,0,8,0,0.0,0.0,,,,,0.0,109,0,8,3
sweep,gated,very_conservative,ABCDE,100,0.7,whole_section,8,8,0,0,0,0,8,0,0.0,0.0,,,,,0.0,92,0,8,0
sweep,gated,very_conservative,ABCDE,100,0.85,none,8,0,8,0,0,0,0,8,,,0.0,0.312344,,,,0,0,8,0
sweep,gated,very_conservative,ABCDE,100,0.85,row_skip_1,8,8,0,0,0,0,8,0,0.0,0.0,,,,,0.0,133,0,8,0
sweep,gated,very_conservative,ABCDE,100,0.85,double_shift,8,8,0,0,0,0,8,0,0.0,0.0,,,,,0.0,245,0,8,1
sweep,gated,very_conservative,ABCDE,100,0.85,self_corrected,8,8,0,0,0,0,8,0,0.0,0.0,,,,,0.0,59,0,8,2
sweep,gated,very_conservative,ABCDE,100,0.85,scanner_blank_1,8,8,0,0,0,0,8,0,0.0,0.0,,,,,0.0,139,0,8,0
sweep,gated,very_conservative,ABCDE,100,0.85,whole_section,8,8,0,0,0,0,8,0,0.0,0.0,,,,,0.0,142,0,8,0
sweep,gated,very_conservative,ABCDE,150,0.55,none,8,0,8,0,0,0,0,8,,,0.0,0.312344,,,,0,0,8,0
sweep,gated,very_conservative,ABCDE,150,0.55,row_skip_1,8,8,0,0,0,0,8,0,0.0,0.0,,,,,0.0,223,0,8,3
sweep,gated,very_conservative,ABCDE,150,0.55,double_shift,8,8,0,0,0,0,8,0,0.0,0.0,,,,,0.0,217,0,8,0
sweep,gated,very_conservative,ABCDE,150,0.55,self_corrected,8,8,0,0,0,0,8,0,0.0,0.0,,,,,0.0,47,0,8,2
sweep,gated,very_conservative,ABCDE,150,0.55,scanner_blank_1,8,8,0,0,0,0,8,0,0.0,0.0,,,,,0.0,169,0,8,9
sweep,gated,very_conservative,ABCDE,150,0.55,whole_section,8,8,0,0,0,0,8,0,0.0,0.0,,,,,0.0,170,0,8,0
sweep,gated,very_conservative,ABCDE,150,0.7,none,8,0,8,0,0,0,0,8,,,0.0,0.312344,,,,0,0,8,0
sweep,gated,very_conservative,ABCDE,150,0.7,row_skip_1,8,8,0,0,0,0,8,0,0.0,0.0,,,,,0.0,244,0,8,0
sweep,gated,very_conservative,ABCDE,150,0.7,double_shift,8,8,0,0,0,0,8,0,0.0,0.0,,,,,0.0,283,0,8,0
sweep,gated,very_conservative,ABCDE,150,0.7,self_corrected,8,8,0,0,0,0,8,0,0.0,0.0,,,,,0.0,33,0,8,1
sweep,gated,very_conservative,ABCDE,150,0.7,scanner_blank_1,8,8,0,0,0,0,8,0,0.0,0.0,,,,,0.0,318,0,8,0
sweep,gated,very_conservative,ABCDE,150,0.7,whole_section,8,8,0,0,0,0,8,0,0.0,0.0,,,,,0.0,182,0,8,2
sweep,gated,very_conservative,ABCDE,150,0.85,none,8,0,8,0,0,0,0,8,,,0.0,0.312344,,,,0,0,8,0
sweep,gated,very_conservative,ABCDE,150,0.85,row_skip_1,8,8,0,0,0,0,8,0,0.0,0.0,,,,,0.0,405,0,8,3
sweep,gated,very_conservative,ABCDE,150,0.85,double_shift,8,8,0,0,0,0,8,0,0.0,0.0,,,,,0.0,264,0,8,12
sweep,gated,very_conservative,ABCDE,150,0.85,self_corrected,8,8,0,0,0,0,8,0,0.0,0.0,,,,,0.0,62,0,8,0
sweep,gated,very_conservative,ABCDE,150,0.85,scanner_blank_1,8,8,0,0,0,0,8,0,0.0,0.0,,,,,0.0,337,0,8,0
sweep,gated,very_conservative,ABCDE,150,0.85,whole_section,8,8,0,0,0,0,8,0,0.0,0.0,,,,,0.0,304,0,8,0
sweep,gated,conservative,ABCD,46,0.55,none,8,0,8,0,0,0,0,8,,,0.0,0.312344,0.0,0.000288,,0,0,8,0
sweep,gated,conservative,ABCD,46,0.55,row_skip_1,8,8,0,0,0,0,8,0,0.0,0.0,,,0.926964,0.038492,0.0,36,0,8,1
sweep,gated,conservative,ABCD,46,0.55,double_shift,8,8,0,0,0,0,8,0,0.0,0.0,,,0.902969,0.051936,0.0,68,0,8,0
sweep,gated,conservative,ABCD,46,0.55,self_corrected,8,8,0,0,0,0,8,0,0.0,0.0,,,0.972126,0.014522,0.0,33,0,8,0
sweep,gated,conservative,ABCD,46,0.55,scanner_blank_1,8,8,0,1,0,0,7,0,0.125,0.125,,,0.194941,0.708025,0.392857,28,11,8,4
sweep,gated,conservative,ABCD,46,0.55,whole_section,8,8,0,0,0,0,8,0,0.0,0.0,,,0.970044,0.015349,0.0,31,0,8,4
sweep,gated,conservative,ABCD,46,0.7,none,8,0,8,0,0,0,0,8,,,0.0,0.312344,0.101606,0.159374,,0,0,8,0
sweep,gated,conservative,ABCD,46,0.7,row_skip_1,8,8,0,0,1,0,7,0,0.0,0.125,,,0.355483,0.626741,0.116667,60,7,8,1
sweep,gated,conservative,ABCD,46,0.7,double_shift,8,8,0,2,0,0,6,0,0.25,0.25,,,0.354434,0.633931,0.313131,99,31,8,9
sweep,gated,conservative,ABCD,46,0.7,self_corrected,8,8,0,1,0,0,7,0,0.125,0.125,,,0.619173,0.327893,0.145833,48,7,8,0
sweep,gated,conservative,ABCD,46,0.7,scanner_blank_1,8,8,0,1,0,0,7,0,0.125,0.125,,,0.024209,0.909472,0.297297,37,11,8,1
sweep,gated,conservative,ABCD,46,0.7,whole_section,8,8,0,1,0,0,7,0,0.125,0.125,,,0.239412,0.731731,0.132353,68,9,8,3
sweep,gated,conservative,ABCD,46,0.85,none,8,0,8,0,0,0,0,8,,,0.0,0.312344,0.0,4.7e-05,,0,0,8,0
sweep,gated,conservative,ABCD,46,0.85,row_skip_1,8,8,0,3,0,0,5,0,0.375,0.375,,,0.279867,0.687755,0.581395,86,50,8,8
sweep,gated,conservative,ABCD,46,0.85,double_shift,8,8,0,3,1,0,4,0,0.375,0.5,,,0.120221,0.876764,0.442478,113,50,8,4
sweep,gated,conservative,ABCD,46,0.85,self_corrected,8,8,0,6,0,0,2,0,0.75,0.75,,,0.120273,0.857476,0.7625,80,61,8,1
sweep,gated,conservative,ABCD,46,0.85,scanner_blank_1,8,8,0,2,0,0,6,0,0.25,0.25,,,0.052386,0.91835,0.509434,53,27,8,0
sweep,gated,conservative,ABCD,46,0.85,whole_section,8,8,0,1,0,0,7,0,0.125,0.125,,,0.249159,0.724852,0.220339,59,13,8,6
sweep,gated,conservative,ABCD,100,0.55,none,8,0,8,0,0,0,0,8,,,0.0,0.312344,0.0,0.000239,,0,0,8,0
sweep,gated,conservative,ABCD,100,0.55,row_skip_1,8,8,0,1,2,0,5,0,0.125,0.375,,,0.62041,0.377307,0.804124,97,78,8,5
sweep,gated,conservative,ABCD,100,0.55,double_shift,8,8,0,1,0,0,7,0,0.125,0.125,,,0.471944,0.465996,0.10687,131,14,8,5
sweep,gated,conservative,ABCD,100,0.55,self_corrected,8,8,0,1,0,0,7,0,0.125,0.125,,,0.660605,0.263338,0.325,40,13,8,2
sweep,gated,conservative,ABCD,100,0.55,scanner_blank_1,8,8,0,1,0,0,7,0,0.125,0.125,,,0.116022,0.815623,0.571429,70,40,8,7
sweep,gated,conservative,ABCD,100,0.55,whole_section,8,8,0,1,2,0,5,0,0.125,0.375,,,0.438869,0.527056,0.463415,82,38,8,0
sweep,gated,conservative,ABCD,100,0.7,none,8,0,8,0,0,0,0,8,,,0.0,0.312344,0.00013,0.004878,,0,0,8,0
sweep,gated,conservative,ABCD,100,0.7,row_skip_1,8,8,0,1,1,0,6,0,0.125,0.25,,,0.427568,0.538611,0.544554,101,55,8,0
sweep,gated,conservative,ABCD,100,0.7,double_shift,8,8,0,5,0,0,3,0,0.625,0.625,,,0.122479,0.876267,0.519481,231,120,8,0
sweep,gated,conservative,ABCD,100,0.7,self_corrected,8,8,0,2,0,0,6,0,0.25,0.25,,,0.265753,0.638636,0.306667,75,23,8,0
sweep,gated,conservative,ABCD,100,0.7,scanner_blank_1,8,8,0,6,0,0,2,0,0.75,0.75,,,3.1e-05,0.99801,0.846995,183,155,8,0
sweep,gated,conservative,ABCD,100,0.7,whole_section,8,8,0,4,1,0,3,0,0.5,0.625,,,0.12279,0.871913,0.676259,139,94,8,2
sweep,gated,conservative,ABCD,100,0.85,none,8,0,8,0,0,0,0,8,,,0.0,0.312344,0.080186,0.101818,,0,0,8,0
sweep,gated,conservative,ABCD,100,0.85,row_skip_1,8,8,0,4,1,0,3,0,0.5,0.625,,,0.059035,0.909284,0.811111,180,146,8,0
sweep,gated,conservative,ABCD,100,0.85,double_shift,8,8,0,2,1,0,5,0,0.25,0.375,,,0.0,1.0,0.286195,297,85,8,0
sweep,gated,conservative,ABCD,100,0.85,self_corrected,8,8,0,7,0,0,1,0,0.875,0.875,,,0.0002,0.994945,0.708738,103,73,8,0
sweep,gated,conservative,ABCD,100,0.85,scanner_blank_1,8,8,0,6,0,0,2,0,0.75,0.75,,,0.0,0.999972,0.900901,222,200,8,0
sweep,gated,conservative,ABCD,100,0.85,whole_section,8,8,0,4,1,0,3,0,0.5,0.625,,,0.129075,0.847349,0.809859,142,115,8,5
sweep,gated,conservative,ABCD,150,0.55,none,8,0,8,0,0,0,0,8,,,0.0,0.312344,2.6e-05,0.003062,,0,0,8,0
sweep,gated,conservative,ABCD,150,0.55,row_skip_1,8,8,0,3,2,0,3,0,0.375,0.625,,,0.249073,0.750374,0.766082,171,131,8,16
sweep,gated,conservative,ABCD,150,0.55,double_shift,8,8,0,2,1,0,5,0,0.25,0.375,,,0.226006,0.726536,0.329609,179,59,8,0
sweep,gated,conservative,ABCD,150,0.55,self_corrected,8,8,0,0,0,0,8,0,0.0,0.0,,,0.969027,0.015776,0.0,29,0,8,2
sweep,gated,conservative,ABCD,150,0.55,scanner_blank_1,8,8,0,4,0,0,4,0,0.5,0.5,,,0.018502,0.934555,0.894737,171,153,8,2
sweep,gated,conservative,ABCD,150,0.55,whole_section,8,8,0,5,2,0,1,0,0.625,0.875,,,0.12406,0.875463,0.678363,171,116,8,0
sweep,gated,conservative,ABCD,150,0.7,none,8,0,8,0,0,0,0,8,,,0.0,0.312344,0.123208,0.125089,,0,0,8,0
sweep,gated,conservative,ABCD,150,0.7,row_skip_1,8,8,0,2,1,0,5,0,0.25,0.375,,,0.272541,0.682449,0.731544,149,109,8,0
sweep,gated,conservative,ABCD,150,0.7,double_shift,8,8,0,1,0,0,7,0,0.125,0.125,,,0.284236,0.68107,0.164794,267,44,8,0
sweep,gated,conservative,ABCD,150,0.7,self_corrected,8,8,0,0,0,0,8,0,0.0,0.0,,,0.152275,0.744804,0.0,67,0,8,0
sweep,gated,conservative,ABCD,150,0.7,scanner_blank_1,8,8,0,4,0,0,4,0,0.5,0.5,,,0.012334,0.955262,0.866667,135,117,8,2
sweep,gated,conservative,ABCD,150,0.7,whole_section,8,8,0,4,1,0,3,0,0.5,0.625,,,0.124463,0.871269,0.790323,186,147,8,4
sweep,gated,conservative,ABCD,150,0.85,none,8,0,8,0,0,0,0,8,,,0.0,0.312344,0.146228,0.186075,,0,0,8,0
sweep,gated,conservative,ABCD,150,0.85,row_skip_1,8,8,0,2,4,0,2,0,0.25,0.75,,,0.123494,0.82516,0.916031,262,240,8,3
sweep,gated,conservative,ABCD,150,0.85,double_shift,8,8,0,4,0,0,4,0,0.5,0.5,,,0.0,1.0,0.59695,459,274,8,0
sweep,gated,conservative,ABCD,150,0.85,self_corrected,8,8,0,4,0,0,4,0,0.5,0.5,,,0.321619,0.654993,0.60274,73,44,8,0
sweep,gated,conservative,ABCD,150,0.85,scanner_blank_1,8,8,0,5,0,0,3,0,0.625,0.625,,,0.000169,0.995409,0.843972,282,238,8,0
sweep,gated,conservative,ABCD,150,0.85,whole_section,8,8,0,1,4,0,3,0,0.125,0.625,,,0.121974,0.876522,0.821739,230,189,8,4
sweep,gated,conservative,ABCDE,46,0.55,none,8,0,8,0,0,0,0,8,,,0.0,0.312344,,,,0,0,8,0
sweep,gated,conservative,ABCDE,46,0.55,row_skip_1,8,8,0,0,0,0,8,0,0.0,0.0,,,,,0.0,35,0,8,4
sweep,gated,conservative,ABCDE,46,0.55,double_shift,8,8,0,0,0,0,8,0,0.0,0.0,,,,,0.0,78,0,8,9
sweep,gated,conservative,ABCDE,46,0.55,self_corrected,8,8,0,0,0,0,8,0,0.0,0.0,,,,,0.0,69,0,8,0
sweep,gated,conservative,ABCDE,46,0.55,scanner_blank_1,8,8,0,0,0,0,8,0,0.0,0.0,,,,,0.0,67,0,8,0
sweep,gated,conservative,ABCDE,46,0.55,whole_section,8,8,0,0,0,0,8,0,0.0,0.0,,,,,0.0,37,0,8,1
sweep,gated,conservative,ABCDE,46,0.7,none,8,0,8,0,0,0,0,8,,,0.0,0.312344,,,,0,0,8,0
sweep,gated,conservative,ABCDE,46,0.7,row_skip_1,8,8,0,0,0,0,8,0,0.0,0.0,,,,,0.0,32,0,8,0
sweep,gated,conservative,ABCDE,46,0.7,double_shift,8,8,0,0,0,0,8,0,0.0,0.0,,,,,0.0,94,0,8,0
sweep,gated,conservative,ABCDE,46,0.7,self_corrected,8,8,0,0,0,0,8,0,0.0,0.0,,,,,0.0,55,0,8,6
sweep,gated,conservative,ABCDE,46,0.7,scanner_blank_1,8,8,0,0,0,0,8,0,0.0,0.0,,,,,0.0,48,0,8,0
sweep,gated,conservative,ABCDE,46,0.7,whole_section,8,8,0,0,0,0,8,0,0.0,0.0,,,,,0.0,72,0,8,0
sweep,gated,conservative,ABCDE,46,0.85,none,8,0,8,0,0,0,0,8,,,0.0,0.312344,,,,0,0,8,0
sweep,gated,conservative,ABCDE,46,0.85,row_skip_1,8,8,0,0,0,0,8,0,0.0,0.0,,,,,0.0,90,0,8,0
sweep,gated,conservative,ABCDE,46,0.85,double_shift,8,8,0,0,0,0,8,0,0.0,0.0,,,,,0.0,104,0,8,0
sweep,gated,conservative,ABCDE,46,0.85,self_corrected,8,8,0,0,0,0,8,0,0.0,0.0,,,,,0.0,58,0,8,0
sweep,gated,conservative,ABCDE,46,0.85,scanner_blank_1,8,8,0,0,0,0,8,0,0.0,0.0,,,,,0.0,135,0,8,0
sweep,gated,conservative,ABCDE,46,0.85,whole_section,8,8,0,0,0,0,8,0,0.0,0.0,,,,,0.0,87,0,8,0
sweep,gated,conservative,ABCDE,100,0.55,none,8,0,8,0,0,0,0,8,,,0.0,0.312344,,,,0,0,8,0
sweep,gated,conservative,ABCDE,100,0.55,row_skip_1,8,8,0,0,0,0,8,0,0.0,0.0,,,,,0.0,116,0,8,0
sweep,gated,conservative,ABCDE,100,0.55,double_shift,8,8,0,0,0,0,8,0,0.0,0.0,,,,,0.0,193,0,8,0
sweep,gated,conservative,ABCDE,100,0.55,self_corrected,8,8,0,0,0,0,8,0,0.0,0.0,,,,,0.0,45,0,8,5
sweep,gated,conservative,ABCDE,100,0.55,scanner_blank_1,8,8,0,0,0,0,8,0,0.0,0.0,,,,,0.0,148,0,8,0
sweep,gated,conservative,ABCDE,100,0.55,whole_section,8,8,0,0,0,0,8,0,0.0,0.0,,,,,0.0,103,0,8,0
sweep,gated,conservative,ABCDE,100,0.7,none,8,0,8,0,0,0,0,8,,,0.0,0.312344,,,,0,0,8,0
sweep,gated,conservative,ABCDE,100,0.7,row_skip_1,8,8,0,0,0,0,8,0,0.0,0.0,,,,,0.0,147,0,8,4
sweep,gated,conservative,ABCDE,100,0.7,double_shift,8,8,0,0,0,0,8,0,0.0,0.0,,,,,0.0,246,0,8,2
sweep,gated,conservative,ABCDE,100,0.7,self_corrected,8,8,0,0,0,0,8,0,0.0,0.0,,,,,0.0,75,0,8,0
sweep,gated,conservative,ABCDE,100,0.7,scanner_blank_1,8,8,0,0,0,0,8,0,0.0,0.0,,,,,0.0,109,0,8,3
sweep,gated,conservative,ABCDE,100,0.7,whole_section,8,8,0,0,0,0,8,0,0.0,0.0,,,,,0.0,92,0,8,0
sweep,gated,conservative,ABCDE,100,0.85,none,8,0,8,0,0,0,0,8,,,0.0,0.312344,,,,0,0,8,0
sweep,gated,conservative,ABCDE,100,0.85,row_skip_1,8,8,0,0,0,0,8,0,0.0,0.0,,,,,0.0,133,0,8,0
sweep,gated,conservative,ABCDE,100,0.85,double_shift,8,8,0,0,0,0,8,0,0.0,0.0,,,,,0.0,245,0,8,1
sweep,gated,conservative,ABCDE,100,0.85,self_corrected,8,8,0,0,0,0,8,0,0.0,0.0,,,,,0.0,59,0,8,2
sweep,gated,conservative,ABCDE,100,0.85,scanner_blank_1,8,8,0,0,0,0,8,0,0.0,0.0,,,,,0.0,139,0,8,0
sweep,gated,conservative,ABCDE,100,0.85,whole_section,8,8,0,0,0,0,8,0,0.0,0.0,,,,,0.0,142,0,8,0
sweep,gated,conservative,ABCDE,150,0.55,none,8,0,8,0,0,0,0,8,,,0.0,0.312344,,,,0,0,8,0
sweep,gated,conservative,ABCDE,150,0.55,row_skip_1,8,8,0,0,0,0,8,0,0.0,0.0,,,,,0.0,223,0,8,3
sweep,gated,conservative,ABCDE,150,0.55,double_shift,8,8,0,0,0,0,8,0,0.0,0.0,,,,,0.0,217,0,8,0
sweep,gated,conservative,ABCDE,150,0.55,self_corrected,8,8,0,0,0,0,8,0,0.0,0.0,,,,,0.0,47,0,8,2
sweep,gated,conservative,ABCDE,150,0.55,scanner_blank_1,8,8,0,0,0,0,8,0,0.0,0.0,,,,,0.0,169,0,8,9
sweep,gated,conservative,ABCDE,150,0.55,whole_section,8,8,0,0,0,0,8,0,0.0,0.0,,,,,0.0,170,0,8,0
sweep,gated,conservative,ABCDE,150,0.7,none,8,0,8,0,0,0,0,8,,,0.0,0.312344,,,,0,0,8,0
sweep,gated,conservative,ABCDE,150,0.7,row_skip_1,8,8,0,0,0,0,8,0,0.0,0.0,,,,,0.0,244,0,8,0
sweep,gated,conservative,ABCDE,150,0.7,double_shift,8,8,0,0,0,0,8,0,0.0,0.0,,,,,0.0,283,0,8,0
sweep,gated,conservative,ABCDE,150,0.7,self_corrected,8,8,0,0,0,0,8,0,0.0,0.0,,,,,0.0,33,0,8,1
sweep,gated,conservative,ABCDE,150,0.7,scanner_blank_1,8,8,0,0,0,0,8,0,0.0,0.0,,,,,0.0,318,0,8,0
sweep,gated,conservative,ABCDE,150,0.7,whole_section,8,8,0,0,0,0,8,0,0.0,0.0,,,,,0.0,182,0,8,2
sweep,gated,conservative,ABCDE,150,0.85,none,8,0,8,0,0,0,0,8,,,0.0,0.312344,,,,0,0,8,0
sweep,gated,conservative,ABCDE,150,0.85,row_skip_1,8,8,0,0,0,0,8,0,0.0,0.0,,,,,0.0,405,0,8,3
sweep,gated,conservative,ABCDE,150,0.85,double_shift,8,8,0,0,0,0,8,0,0.0,0.0,,,,,0.0,264,0,8,12
sweep,gated,conservative,ABCDE,150,0.85,self_corrected,8,8,0,0,0,0,8,0,0.0,0.0,,,,,0.0,62,0,8,0
sweep,gated,conservative,ABCDE,150,0.85,scanner_blank_1,8,8,0,0,0,0,8,0,0.0,0.0,,,,,0.0,337,0,8,0
sweep,gated,conservative,ABCDE,150,0.85,whole_section,8,8,0,0,0,0,8,0,0.0,0.0,,,,,0.0,304,0,8,0
sweep,gated,default,ABCD,46,0.55,none,8,0,8,0,0,0,0,8,,,0.0,0.312344,0.0,0.000288,,0,0,8,0
sweep,gated,default,ABCD,46,0.55,row_skip_1,8,8,0,0,0,0,8,0,0.0,0.0,,,0.926964,0.038492,0.0,36,0,8,1
sweep,gated,default,ABCD,46,0.55,double_shift,8,8,0,0,0,0,8,0,0.0,0.0,,,0.902969,0.051936,0.0,68,0,8,0
sweep,gated,default,ABCD,46,0.55,self_corrected,8,8,0,0,0,0,8,0,0.0,0.0,,,0.972126,0.014522,0.0,33,0,8,0
sweep,gated,default,ABCD,46,0.55,scanner_blank_1,8,8,0,1,0,0,7,0,0.125,0.125,,,0.194941,0.708025,0.392857,28,11,8,4
sweep,gated,default,ABCD,46,0.55,whole_section,8,8,0,0,0,0,8,0,0.0,0.0,,,0.970044,0.015349,0.0,31,0,8,4
sweep,gated,default,ABCD,46,0.7,none,8,0,8,0,0,0,0,8,,,0.0,0.312344,0.101606,0.159374,,0,0,8,0
sweep,gated,default,ABCD,46,0.7,row_skip_1,8,8,0,1,3,0,4,0,0.125,0.5,,,0.355483,0.626741,0.55,60,33,8,1
sweep,gated,default,ABCD,46,0.7,double_shift,8,8,0,4,0,0,4,0,0.5,0.5,,,0.354434,0.633931,0.505051,99,50,8,9
sweep,gated,default,ABCD,46,0.7,self_corrected,8,8,0,1,0,0,7,0,0.125,0.125,,,0.619173,0.327893,0.166667,48,8,8,0
sweep,gated,default,ABCD,46,0.7,scanner_blank_1,8,8,0,1,0,0,7,0,0.125,0.125,,,0.024209,0.909472,0.324324,37,12,8,1
sweep,gated,default,ABCD,46,0.7,whole_section,8,8,0,2,2,0,4,0,0.25,0.5,,,0.239412,0.731731,0.470588,68,32,8,3
sweep,gated,default,ABCD,46,0.85,none,8,0,8,0,0,0,0,8,,,0.0,0.312344,0.0,4.7e-05,,0,0,8,0
sweep,gated,default,ABCD,46,0.85,row_skip_1,8,8,0,5,0,0,3,0,0.625,0.625,,,0.279867,0.687755,0.825581,86,71,8,8
sweep,gated,default,ABCD,46,0.85,double_shift,8,8,0,3,2,0,3,0,0.375,0.625,,,0.120221,0.876764,0.504425,113,57,8,4
sweep,gated,default,ABCD,46,0.85,self_corrected,8,8,0,6,0,0,2,0,0.75,0.75,,,0.120273,0.857476,0.8125,80,65,8,1
sweep,gated,default,ABCD,46,0.85,scanner_blank_1,8,8,0,2,0,0,6,0,0.25,0.25,,,0.052386,0.91835,0.54717,53,29,8,0
sweep,gated,default,ABCD,46,0.85,whole_section,8,8,0,3,1,0,4,0,0.375,0.5,,,0.249159,0.724852,0.661017,59,39,8,6
sweep,gated,default,ABCD,100,0.55,none,8,0,8,0,0,0,0,8,,,0.0,0.312344,0.0,0.000239,,0,0,8,0
sweep,gated,default,ABCD,100,0.55,row_skip_1,8,8,0,1,2,0,5,0,0.125,0.375,,,0.62041,0.377307,0.824742,97,80,8,5
sweep,gated,default,ABCD,100,0.55,double_shift,8,8,0,2,0,0,6,0,0.25,0.25,,,0.471944,0.465996,0.229008,131,30,8,5
sweep,gated,default,ABCD,100,0.55,self_corrected,8,8,0,1,0,0,7,0,0.125,0.125,,,0.660605,0.263338,0.325,40,13,8,2
sweep,gated,default,ABCD,100,0.55,scanner_blank_1,8,8,0,2,0,0,6,0,0.25,0.25,,,0.116022,0.815623,0.657143,70,46,8,8
sweep,gated,default,ABCD,100,0.55,whole_section,8,8,0,1,2,0,5,0,0.125,0.375,,,0.438869,0.527056,0.52439,82,43,8,2
sweep,gated,default,ABCD,100,0.7,none,8,0,8,0,0,0,0,8,,,0.0,0.312344,0.00013,0.004878,,0,0,8,0
sweep,gated,default,ABCD,100,0.7,row_skip_1,8,8,0,1,2,0,5,0,0.125,0.375,,,0.427568,0.538611,0.643564,101,65,8,0
sweep,gated,default,ABCD,100,0.7,double_shift,8,8,0,5,0,0,3,0,0.625,0.625,,,0.122479,0.876267,0.541126,231,125,8,1
sweep,gated,default,ABCD,100,0.7,self_corrected,8,8,0,2,0,0,6,0,0.25,0.25,,,0.265753,0.638636,0.306667,75,23,8,0
sweep,gated,default,ABCD,100,0.7,scanner_blank_1,8,8,0,6,0,0,2,0,0.75,0.75,,,3.1e-05,0.99801,0.857923,183,157,8,0
sweep,gated,default,ABCD,100,0.7,whole_section,8,8,0,5,1,0,2,0,0.625,0.75,,,0.12279,0.871913,0.798561,139,111,8,2
sweep,gated,default,ABCD,100,0.85,none,8,0,8,0,0,0,0,8,,,0.0,0.312344,0.080186,0.101818,,0,0,8,0
sweep,gated,default,ABCD,100,0.85,row_skip_1,8,8,0,5,1,0,2,0,0.625,0.75,,,0.059035,0.909284,0.888889,180,160,8,0
sweep,gated,default,ABCD,100,0.85,double_shift,8,8,0,4,1,0,3,0,0.5,0.625,,,0.0,1.0,0.511785,297,152,8,0
sweep,gated,default,ABCD,100,0.85,self_corrected,8,8,0,8,0,0,0,0,1.0,1.0,,,0.0002,0.994945,0.805825,103,83,8,0
sweep,gated,default,ABCD,100,0.85,scanner_blank_1,8,8,0,7,0,0,1,0,0.875,0.875,,,0.0,0.999972,0.968468,222,215,8,0
sweep,gated,default,ABCD,100,0.85,whole_section,8,8,0,4,1,0,3,0,0.5,0.625,,,0.129075,0.847349,0.838028,142,119,8,5
sweep,gated,default,ABCD,150,0.55,none,8,0,8,0,0,0,0,8,,,0.0,0.312344,2.6e-05,0.003062,,0,0,8,0
sweep,gated,default,ABCD,150,0.55,row_skip_1,8,8,0,4,2,0,2,0,0.5,0.75,,,0.249073,0.750374,0.871345,171,149,8,16
sweep,gated,default,ABCD,150,0.55,double_shift,8,8,0,2,1,0,5,0,0.25,0.375,,,0.226006,0.726536,0.357542,179,64,8,0
sweep,gated,default,ABCD,150,0.55,self_corrected,8,8,0,0,0,0,8,0,0.0,0.0,,,0.969027,0.015776,0.0,29,0,8,2
sweep,gated,default,ABCD,150,0.55,scanner_blank_1,8,8,0,4,0,0,4,0,0.5,0.5,,,0.018502,0.934555,0.906433,171,155,8,3
sweep,gated,default,ABCD,150,0.55,whole_section,8,8,0,5,2,0,1,0,0.625,0.875,,,0.12406,0.875463,0.730994,171,125,8,0
sweep,gated,default,ABCD,150,0.7,none,8,0,8,0,0,0,0,8,,,0.0,0.312344,0.123208,0.125089,,0,0,8,0
sweep,gated,default,ABCD,150,0.7,row_skip_1,8,8,0,2,2,0,4,0,0.25,0.5,,,0.272541,0.682449,0.791946,149,118,8,0
sweep,gated,default,ABCD,150,0.7,double_shift,8,8,0,1,0,0,7,0,0.125,0.125,,,0.284236,0.68107,0.172285,267,46,8,0
sweep,gated,default,ABCD,150,0.7,self_corrected,8,8,0,1,1,0,6,0,0.125,0.25,,,0.152275,0.744804,0.19403,67,13,8,0
sweep,gated,default,ABCD,150,0.7,scanner_blank_1,8,8,0,4,0,0,4,0,0.5,0.5,,,0.012334,0.955262,0.866667,135,117,8,2
sweep,gated,default,ABCD,150,0.7,whole_section,8,8,0,4,1,0,3,0,0.5,0.625,,,0.124463,0.871269,0.817204,186,152,8,4
sweep,gated,default,ABCD,150,0.85,none,8,0,8,0,0,0,0,8,,,0.0,0.312344,0.146228,0.186075,,0,0,8,0
sweep,gated,default,ABCD,150,0.85,row_skip_1,8,8,0,2,4,0,2,0,0.25,0.75,,,0.123494,0.82516,0.935115,262,245,8,3
sweep,gated,default,ABCD,150,0.85,double_shift,8,8,0,4,0,0,4,0,0.5,0.5,,,0.0,1.0,0.607843,459,279,8,0
sweep,gated,default,ABCD,150,0.85,self_corrected,8,8,0,5,0,0,3,0,0.625,0.625,,,0.321619,0.654993,0.712329,73,52,8,0
sweep,gated,default,ABCD,150,0.85,scanner_blank_1,8,8,0,5,0,0,3,0,0.625,0.625,,,0.000169,0.995409,0.85461,282,241,8,0
sweep,gated,default,ABCD,150,0.85,whole_section,8,8,0,1,4,0,3,0,0.125,0.625,,,0.121974,0.876522,0.826087,230,190,8,4
sweep,gated,default,ABCDE,46,0.55,none,8,0,8,0,0,0,0,8,,,0.0,0.312344,,,,0,0,8,0
sweep,gated,default,ABCDE,46,0.55,row_skip_1,8,8,0,0,0,0,8,0,0.0,0.0,,,,,0.0,35,0,8,4
sweep,gated,default,ABCDE,46,0.55,double_shift,8,8,0,0,0,0,8,0,0.0,0.0,,,,,0.0,78,0,8,9
sweep,gated,default,ABCDE,46,0.55,self_corrected,8,8,0,0,0,0,8,0,0.0,0.0,,,,,0.0,69,0,8,0
sweep,gated,default,ABCDE,46,0.55,scanner_blank_1,8,8,0,0,0,0,8,0,0.0,0.0,,,,,0.0,67,0,8,0
sweep,gated,default,ABCDE,46,0.55,whole_section,8,8,0,0,0,0,8,0,0.0,0.0,,,,,0.0,37,0,8,1
sweep,gated,default,ABCDE,46,0.7,none,8,0,8,0,0,0,0,8,,,0.0,0.312344,,,,0,0,8,0
sweep,gated,default,ABCDE,46,0.7,row_skip_1,8,8,0,0,0,0,8,0,0.0,0.0,,,,,0.0,32,0,8,0
sweep,gated,default,ABCDE,46,0.7,double_shift,8,8,0,0,0,0,8,0,0.0,0.0,,,,,0.0,94,0,8,0
sweep,gated,default,ABCDE,46,0.7,self_corrected,8,8,0,0,0,0,8,0,0.0,0.0,,,,,0.0,55,0,8,6
sweep,gated,default,ABCDE,46,0.7,scanner_blank_1,8,8,0,0,0,0,8,0,0.0,0.0,,,,,0.0,48,0,8,0
sweep,gated,default,ABCDE,46,0.7,whole_section,8,8,0,0,0,0,8,0,0.0,0.0,,,,,0.0,72,0,8,0
sweep,gated,default,ABCDE,46,0.85,none,8,0,8,0,0,0,0,8,,,0.0,0.312344,,,,0,0,8,0
sweep,gated,default,ABCDE,46,0.85,row_skip_1,8,8,0,0,0,0,8,0,0.0,0.0,,,,,0.0,90,0,8,0
sweep,gated,default,ABCDE,46,0.85,double_shift,8,8,0,0,0,0,8,0,0.0,0.0,,,,,0.0,104,0,8,0
sweep,gated,default,ABCDE,46,0.85,self_corrected,8,8,0,0,0,0,8,0,0.0,0.0,,,,,0.0,58,0,8,0
sweep,gated,default,ABCDE,46,0.85,scanner_blank_1,8,8,0,0,0,0,8,0,0.0,0.0,,,,,0.0,135,0,8,0
sweep,gated,default,ABCDE,46,0.85,whole_section,8,8,0,0,0,0,8,0,0.0,0.0,,,,,0.0,87,0,8,0
sweep,gated,default,ABCDE,100,0.55,none,8,0,8,0,0,0,0,8,,,0.0,0.312344,,,,0,0,8,0
sweep,gated,default,ABCDE,100,0.55,row_skip_1,8,8,0,0,0,0,8,0,0.0,0.0,,,,,0.0,116,0,8,0
sweep,gated,default,ABCDE,100,0.55,double_shift,8,8,0,0,0,0,8,0,0.0,0.0,,,,,0.0,193,0,8,0
sweep,gated,default,ABCDE,100,0.55,self_corrected,8,8,0,0,0,0,8,0,0.0,0.0,,,,,0.0,45,0,8,5
sweep,gated,default,ABCDE,100,0.55,scanner_blank_1,8,8,0,0,0,0,8,0,0.0,0.0,,,,,0.0,148,0,8,0
sweep,gated,default,ABCDE,100,0.55,whole_section,8,8,0,0,0,0,8,0,0.0,0.0,,,,,0.0,103,0,8,0
sweep,gated,default,ABCDE,100,0.7,none,8,0,8,0,0,0,0,8,,,0.0,0.312344,,,,0,0,8,0
sweep,gated,default,ABCDE,100,0.7,row_skip_1,8,8,0,0,0,0,8,0,0.0,0.0,,,,,0.0,147,0,8,4
sweep,gated,default,ABCDE,100,0.7,double_shift,8,8,0,0,0,0,8,0,0.0,0.0,,,,,0.0,246,0,8,2
sweep,gated,default,ABCDE,100,0.7,self_corrected,8,8,0,0,0,0,8,0,0.0,0.0,,,,,0.0,75,0,8,0
sweep,gated,default,ABCDE,100,0.7,scanner_blank_1,8,8,0,0,0,0,8,0,0.0,0.0,,,,,0.0,109,0,8,3
sweep,gated,default,ABCDE,100,0.7,whole_section,8,8,0,0,0,0,8,0,0.0,0.0,,,,,0.0,92,0,8,0
sweep,gated,default,ABCDE,100,0.85,none,8,0,8,0,0,0,0,8,,,0.0,0.312344,,,,0,0,8,0
sweep,gated,default,ABCDE,100,0.85,row_skip_1,8,8,0,0,0,0,8,0,0.0,0.0,,,,,0.0,133,0,8,0
sweep,gated,default,ABCDE,100,0.85,double_shift,8,8,0,0,0,0,8,0,0.0,0.0,,,,,0.0,245,0,8,1
sweep,gated,default,ABCDE,100,0.85,self_corrected,8,8,0,0,0,0,8,0,0.0,0.0,,,,,0.0,59,0,8,2
sweep,gated,default,ABCDE,100,0.85,scanner_blank_1,8,8,0,0,0,0,8,0,0.0,0.0,,,,,0.0,139,0,8,0
sweep,gated,default,ABCDE,100,0.85,whole_section,8,8,0,0,0,0,8,0,0.0,0.0,,,,,0.0,142,0,8,0
sweep,gated,default,ABCDE,150,0.55,none,8,0,8,0,0,0,0,8,,,0.0,0.312344,,,,0,0,8,0
sweep,gated,default,ABCDE,150,0.55,row_skip_1,8,8,0,0,0,0,8,0,0.0,0.0,,,,,0.0,223,0,8,3
sweep,gated,default,ABCDE,150,0.55,double_shift,8,8,0,0,0,0,8,0,0.0,0.0,,,,,0.0,217,0,8,0
sweep,gated,default,ABCDE,150,0.55,self_corrected,8,8,0,0,0,0,8,0,0.0,0.0,,,,,0.0,47,0,8,2
sweep,gated,default,ABCDE,150,0.55,scanner_blank_1,8,8,0,0,0,0,8,0,0.0,0.0,,,,,0.0,169,0,8,9
sweep,gated,default,ABCDE,150,0.55,whole_section,8,8,0,0,0,0,8,0,0.0,0.0,,,,,0.0,170,0,8,0
sweep,gated,default,ABCDE,150,0.7,none,8,0,8,0,0,0,0,8,,,0.0,0.312344,,,,0,0,8,0
sweep,gated,default,ABCDE,150,0.7,row_skip_1,8,8,0,0,0,0,8,0,0.0,0.0,,,,,0.0,244,0,8,0
sweep,gated,default,ABCDE,150,0.7,double_shift,8,8,0,0,0,0,8,0,0.0,0.0,,,,,0.0,283,0,8,0
sweep,gated,default,ABCDE,150,0.7,self_corrected,8,8,0,0,0,0,8,0,0.0,0.0,,,,,0.0,33,0,8,1
sweep,gated,default,ABCDE,150,0.7,scanner_blank_1,8,8,0,0,0,0,8,0,0.0,0.0,,,,,0.0,318,0,8,0
sweep,gated,default,ABCDE,150,0.7,whole_section,8,8,0,0,0,0,8,0,0.0,0.0,,,,,0.0,182,0,8,2
sweep,gated,default,ABCDE,150,0.85,none,8,0,8,0,0,0,0,8,,,0.0,0.312344,,,,0,0,8,0
sweep,gated,default,ABCDE,150,0.85,row_skip_1,8,8,0,0,0,0,8,0,0.0,0.0,,,,,0.0,405,0,8,3
sweep,gated,default,ABCDE,150,0.85,double_shift,8,8,0,0,0,0,8,0,0.0,0.0,,,,,0.0,264,0,8,12
sweep,gated,default,ABCDE,150,0.85,self_corrected,8,8,0,0,0,0,8,0,0.0,0.0,,,,,0.0,62,0,8,0
sweep,gated,default,ABCDE,150,0.85,scanner_blank_1,8,8,0,0,0,0,8,0,0.0,0.0,,,,,0.0,337,0,8,0
sweep,gated,default,ABCDE,150,0.85,whole_section,8,8,0,0,0,0,8,0,0.0,0.0,,,,,0.0,304,0,8,0
sweep,gated,balanced,ABCD,46,0.55,none,8,0,8,0,0,0,0,8,,,0.0,0.312344,0.0,0.000288,,0,0,8,0
sweep,gated,balanced,ABCD,46,0.55,row_skip_1,8,8,0,0,0,0,8,0,0.0,0.0,,,0.926964,0.038492,0.0,36,0,8,1
sweep,gated,balanced,ABCD,46,0.55,double_shift,8,8,0,0,0,0,8,0,0.0,0.0,,,0.902969,0.051936,0.0,68,0,8,0
sweep,gated,balanced,ABCD,46,0.55,self_corrected,8,8,0,0,0,0,8,0,0.0,0.0,,,0.972126,0.014522,0.0,33,0,8,0
sweep,gated,balanced,ABCD,46,0.55,scanner_blank_1,8,8,0,1,0,0,7,0,0.125,0.125,,,0.194941,0.708025,0.464286,28,13,8,4
sweep,gated,balanced,ABCD,46,0.55,whole_section,8,8,0,0,0,0,8,0,0.0,0.0,,,0.970044,0.015349,0.0,31,0,8,4
sweep,gated,balanced,ABCD,46,0.7,none,8,0,8,0,0,0,0,8,,,0.0,0.312344,0.101606,0.159374,,0,0,8,0
sweep,gated,balanced,ABCD,46,0.7,row_skip_1,8,8,0,1,3,0,4,0,0.125,0.5,,,0.355483,0.626741,0.65,60,39,8,1
sweep,gated,balanced,ABCD,46,0.7,double_shift,8,8,0,4,0,0,4,0,0.5,0.5,,,0.354434,0.633931,0.565657,99,56,8,9
sweep,gated,balanced,ABCD,46,0.7,self_corrected,8,8,0,1,0,0,7,0,0.125,0.125,,,0.619173,0.327893,0.1875,48,9,8,0
sweep,gated,balanced,ABCD,46,0.7,scanner_blank_1,8,8,0,1,0,0,7,0,0.125,0.125,,,0.024209,0.909472,0.351351,37,13,8,1
sweep,gated,balanced,ABCD,46,0.7,whole_section,8,8,0,2,3,0,3,0,0.25,0.625,,,0.239412,0.731731,0.617647,68,42,8,3
sweep,gated,balanced,ABCD,46,0.85,none,8,0,8,0,0,0,0,8,,,0.0,0.312344,0.0,4.7e-05,,0,0,8,0
sweep,gated,balanced,ABCD,46,0.85,row_skip_1,8,8,0,5,0,0,3,0,0.625,0.625,,,0.279867,0.687755,0.860465,86,74,8,8
sweep,gated,balanced,ABCD,46,0.85,double_shift,8,8,0,3,2,0,3,0,0.375,0.625,,,0.120221,0.876764,0.566372,113,64,8,2
sweep,gated,balanced,ABCD,46,0.85,self_corrected,8,8,0,6,0,0,2,0,0.75,0.75,,,0.120273,0.857476,0.825,80,66,8,2
sweep,gated,balanced,ABCD,46,0.85,scanner_blank_1,8,8,0,2,0,0,6,0,0.25,0.25,,,0.052386,0.91835,0.54717,53,29,8,0
sweep,gated,balanced,ABCD,46,0.85,whole_section,8,8,0,3,1,0,4,0,0.375,0.5,,,0.249159,0.724852,0.711864,59,42,8,6
sweep,gated,balanced,ABCD,100,0.55,none,8,0,8,0,0,0,0,8,,,0.0,0.312344,0.0,0.000239,,0,0,8,0
sweep,gated,balanced,ABCD,100,0.55,row_skip_1,8,8,0,1,2,0,5,0,0.125,0.375,,,0.62041,0.377307,0.876289,97,85,8,5
sweep,gated,balanced,ABCD,100,0.55,double_shift,8,8,0,2,0,0,6,0,0.25,0.25,,,0.471944,0.465996,0.290076,131,38,8,5
sweep,gated,balanced,ABCD,100,0.55,self_corrected,8,8,0,1,0,0,7,0,0.125,0.125,,,0.660605,0.263338,0.375,40,15,8,2
sweep,gated,balanced,ABCD,100,0.55,scanner_blank_1,8,8,0,2,0,0,6,0,0.25,0.25,,,0.116022,0.815623,0.685714,70,48,8,9
sweep,gated,balanced,ABCD,100,0.55,whole_section,8,8,0,1,3,0,4,0,0.125,0.5,,,0.438869,0.527056,0.707317,82,58,8,7
sweep,gated,balanced,ABCD,100,0.7,none,8,0,8,0,0,0,0,8,,,0.0,0.312344,0.00013,0.004878,,0,0,8,0
sweep,gated,balanced,ABCD,100,0.7,row_skip_1,8,8,0,1,2,0,5,0,0.125,0.375,,,0.427568,0.538611,0.683168,101,69,8,0
sweep,gated,balanced,ABCD,100,0.7,double_shift,8,8,0,5,0,0,3,0,0.625,0.625,,,0.122479,0.876267,0.580087,231,134,8,1
sweep,gated,balanced,ABCD,100,0.7,self_corrected,8,8,0,2,0,0,6,0,0.25,0.25,,,0.265753,0.638636,0.36,75,27,8,0
sweep,gated,balanced,ABCD,100,0.7,scanner_blank_1,8,8,0,6,0,0,2,0,0.75,0.75,,,3.1e-05,0.99801,0.907104,183,166,8,0
sweep,gated,balanced,ABCD,100,0.7,whole_section,8,8,0,5,1,0,2,0,0.625,0.75,,,0.12279,0.871913,0.841727,139,117,8,2
sweep,gated,balanced,ABCD,100,0.85,none,8,0,8,0,0,0,0,8,,,0.0,0.312344,0.080186,0.101818,,0,0,8,0
sweep,gated,balanced,ABCD,100,0.85,row_skip_1,8,8,0,5,1,0,2,0,0.625,0.75,,,0.059035,0.909284,0.933333,180,168,8,1
sweep,gated,balanced,ABCD,100,0.85,double_shift,8,8,0,4,1,0,3,0,0.5,0.625,,,0.0,1.0,0.545455,297,162,8,0
sweep,gated,balanced,ABCD,100,0.85,self_corrected,8,8,0,8,0,0,0,0,1.0,1.0,,,0.0002,0.994945,0.873786,103,90,8,0
sweep,gated,balanced,ABCD,100,0.85,scanner_blank_1,8,8,0,7,0,0,1,0,0.875,0.875,,,0.0,0.999972,0.981982,222,218,8,0
sweep,gated,balanced,ABCD,100,0.85,whole_section,8,8,0,4,1,0,3,0,0.5,0.625,,,0.129075,0.847349,0.873239,142,124,8,5
sweep,gated,balanced,ABCD,150,0.55,none,8,0,8,0,0,0,0,8,,,0.0,0.312344,2.6e-05,0.003062,,0,0,8,0
sweep,gated,balanced,ABCD,150,0.55,row_skip_1,8,8,0,4,2,0,2,0,0.5,0.75,,,0.249073,0.750374,0.935673,171,160,8,16
sweep,gated,balanced,ABCD,150,0.55,double_shift,8,8,0,2,1,0,5,0,0.25,0.375,,,0.226006,0.726536,0.424581,179,76,8,1
sweep,gated,balanced,ABCD,150,0.55,self_corrected,8,8,0,0,0,0,8,0,0.0,0.0,,,0.969027,0.015776,0.0,29,0,8,2
sweep,gated,balanced,ABCD,150,0.55,scanner_blank_1,8,8,0,4,0,0,4,0,0.5,0.5,,,0.018502,0.934555,0.923977,171,158,8,2
sweep,gated,balanced,ABCD,150,0.55,whole_section,8,8,0,5,2,0,1,0,0.625,0.875,,,0.12406,0.875463,0.836257,171,143,8,1
sweep,gated,balanced,ABCD,150,0.7,none,8,0,8,0,0,0,0,8,,,0.0,0.312344,0.123208,0.125089,,0,0,8,0
sweep,gated,balanced,ABCD,150,0.7,row_skip_1,8,8,0,2,2,0,4,0,0.25,0.5,,,0.272541,0.682449,0.832215,149,124,8,0
sweep,gated,balanced,ABCD,150,0.7,double_shift,8,8,0,1,0,0,7,0,0.125,0.125,,,0.284236,0.68107,0.187266,267,50,8,0
sweep,gated,balanced,ABCD,150,0.7,self_corrected,8,8,0,1,1,0,6,0,0.125,0.25,,,0.152275,0.744804,0.208955,67,14,8,0
sweep,gated,balanced,ABCD,150,0.7,scanner_blank_1,8,8,0,4,0,0,4,0,0.5,0.5,,,0.012334,0.955262,0.888889,135,120,8,6
sweep,gated,balanced,ABCD,150,0.7,whole_section,8,8,0,4,1,0,3,0,0.5,0.625,,,0.124463,0.871269,0.865591,186,161,8,4
sweep,gated,balanced,ABCD,150,0.85,none,8,0,8,0,0,0,0,8,,,0.0,0.312344,0.146228,0.186075,,0,0,8,0
sweep,gated,balanced,ABCD,150,0.85,row_skip_1,8,8,0,2,4,0,2,0,0.25,0.75,,,0.123494,0.82516,0.958015,262,251,8,3
sweep,gated,balanced,ABCD,150,0.85,double_shift,8,8,0,4,0,0,4,0,0.5,0.5,,,0.0,1.0,0.620915,459,285,8,0
sweep,gated,balanced,ABCD,150,0.85,self_corrected,8,8,0,5,0,0,3,0,0.625,0.625,,,0.321619,0.654993,0.739726,73,54,8,1
sweep,gated,balanced,ABCD,150,0.85,scanner_blank_1,8,8,0,5,0,0,3,0,0.625,0.625,,,0.000169,0.995409,0.865248,282,244,8,0
sweep,gated,balanced,ABCD,150,0.85,whole_section,8,8,0,1,4,0,3,0,0.125,0.625,,,0.121974,0.876522,0.847826,230,195,8,4
sweep,gated,balanced,ABCDE,46,0.55,none,8,0,8,0,0,0,0,8,,,0.0,0.312344,,,,0,0,8,0
sweep,gated,balanced,ABCDE,46,0.55,row_skip_1,8,8,0,0,0,0,8,0,0.0,0.0,,,,,0.0,35,0,8,4
sweep,gated,balanced,ABCDE,46,0.55,double_shift,8,8,0,0,0,0,8,0,0.0,0.0,,,,,0.0,78,0,8,9
sweep,gated,balanced,ABCDE,46,0.55,self_corrected,8,8,0,0,0,0,8,0,0.0,0.0,,,,,0.0,69,0,8,0
sweep,gated,balanced,ABCDE,46,0.55,scanner_blank_1,8,8,0,0,0,0,8,0,0.0,0.0,,,,,0.0,67,0,8,0
sweep,gated,balanced,ABCDE,46,0.55,whole_section,8,8,0,0,0,0,8,0,0.0,0.0,,,,,0.0,37,0,8,1
sweep,gated,balanced,ABCDE,46,0.7,none,8,0,8,0,0,0,0,8,,,0.0,0.312344,,,,0,0,8,0
sweep,gated,balanced,ABCDE,46,0.7,row_skip_1,8,8,0,0,0,0,8,0,0.0,0.0,,,,,0.0,32,0,8,0
sweep,gated,balanced,ABCDE,46,0.7,double_shift,8,8,0,0,0,0,8,0,0.0,0.0,,,,,0.0,94,0,8,0
sweep,gated,balanced,ABCDE,46,0.7,self_corrected,8,8,0,0,0,0,8,0,0.0,0.0,,,,,0.0,55,0,8,6
sweep,gated,balanced,ABCDE,46,0.7,scanner_blank_1,8,8,0,0,0,0,8,0,0.0,0.0,,,,,0.0,48,0,8,0
sweep,gated,balanced,ABCDE,46,0.7,whole_section,8,8,0,0,0,0,8,0,0.0,0.0,,,,,0.0,72,0,8,0
sweep,gated,balanced,ABCDE,46,0.85,none,8,0,8,0,0,0,0,8,,,0.0,0.312344,,,,0,0,8,0
sweep,gated,balanced,ABCDE,46,0.85,row_skip_1,8,8,0,0,0,0,8,0,0.0,0.0,,,,,0.0,90,0,8,0
sweep,gated,balanced,ABCDE,46,0.85,double_shift,8,8,0,0,0,0,8,0,0.0,0.0,,,,,0.0,104,0,8,0
sweep,gated,balanced,ABCDE,46,0.85,self_corrected,8,8,0,0,0,0,8,0,0.0,0.0,,,,,0.0,58,0,8,0
sweep,gated,balanced,ABCDE,46,0.85,scanner_blank_1,8,8,0,0,0,0,8,0,0.0,0.0,,,,,0.0,135,0,8,0
sweep,gated,balanced,ABCDE,46,0.85,whole_section,8,8,0,0,0,0,8,0,0.0,0.0,,,,,0.0,87,0,8,0
sweep,gated,balanced,ABCDE,100,0.55,none,8,0,8,0,0,0,0,8,,,0.0,0.312344,,,,0,0,8,0
sweep,gated,balanced,ABCDE,100,0.55,row_skip_1,8,8,0,0,0,0,8,0,0.0,0.0,,,,,0.0,116,0,8,0
sweep,gated,balanced,ABCDE,100,0.55,double_shift,8,8,0,0,0,0,8,0,0.0,0.0,,,,,0.0,193,0,8,0
sweep,gated,balanced,ABCDE,100,0.55,self_corrected,8,8,0,0,0,0,8,0,0.0,0.0,,,,,0.0,45,0,8,5
sweep,gated,balanced,ABCDE,100,0.55,scanner_blank_1,8,8,0,0,0,0,8,0,0.0,0.0,,,,,0.0,148,0,8,0
sweep,gated,balanced,ABCDE,100,0.55,whole_section,8,8,0,0,0,0,8,0,0.0,0.0,,,,,0.0,103,0,8,0
sweep,gated,balanced,ABCDE,100,0.7,none,8,0,8,0,0,0,0,8,,,0.0,0.312344,,,,0,0,8,0
sweep,gated,balanced,ABCDE,100,0.7,row_skip_1,8,8,0,0,0,0,8,0,0.0,0.0,,,,,0.0,147,0,8,4
sweep,gated,balanced,ABCDE,100,0.7,double_shift,8,8,0,0,0,0,8,0,0.0,0.0,,,,,0.0,246,0,8,2
sweep,gated,balanced,ABCDE,100,0.7,self_corrected,8,8,0,0,0,0,8,0,0.0,0.0,,,,,0.0,75,0,8,0
sweep,gated,balanced,ABCDE,100,0.7,scanner_blank_1,8,8,0,0,0,0,8,0,0.0,0.0,,,,,0.0,109,0,8,3
sweep,gated,balanced,ABCDE,100,0.7,whole_section,8,8,0,0,0,0,8,0,0.0,0.0,,,,,0.0,92,0,8,0
sweep,gated,balanced,ABCDE,100,0.85,none,8,0,8,0,0,0,0,8,,,0.0,0.312344,,,,0,0,8,0
sweep,gated,balanced,ABCDE,100,0.85,row_skip_1,8,8,0,0,0,0,8,0,0.0,0.0,,,,,0.0,133,0,8,0
sweep,gated,balanced,ABCDE,100,0.85,double_shift,8,8,0,0,0,0,8,0,0.0,0.0,,,,,0.0,245,0,8,1
sweep,gated,balanced,ABCDE,100,0.85,self_corrected,8,8,0,0,0,0,8,0,0.0,0.0,,,,,0.0,59,0,8,2
sweep,gated,balanced,ABCDE,100,0.85,scanner_blank_1,8,8,0,0,0,0,8,0,0.0,0.0,,,,,0.0,139,0,8,0
sweep,gated,balanced,ABCDE,100,0.85,whole_section,8,8,0,0,0,0,8,0,0.0,0.0,,,,,0.0,142,0,8,0
sweep,gated,balanced,ABCDE,150,0.55,none,8,0,8,0,0,0,0,8,,,0.0,0.312344,,,,0,0,8,0
sweep,gated,balanced,ABCDE,150,0.55,row_skip_1,8,8,0,0,0,0,8,0,0.0,0.0,,,,,0.0,223,0,8,3
sweep,gated,balanced,ABCDE,150,0.55,double_shift,8,8,0,0,0,0,8,0,0.0,0.0,,,,,0.0,217,0,8,0
sweep,gated,balanced,ABCDE,150,0.55,self_corrected,8,8,0,0,0,0,8,0,0.0,0.0,,,,,0.0,47,0,8,2
sweep,gated,balanced,ABCDE,150,0.55,scanner_blank_1,8,8,0,0,0,0,8,0,0.0,0.0,,,,,0.0,169,0,8,9
sweep,gated,balanced,ABCDE,150,0.55,whole_section,8,8,0,0,0,0,8,0,0.0,0.0,,,,,0.0,170,0,8,0
sweep,gated,balanced,ABCDE,150,0.7,none,8,0,8,0,0,0,0,8,,,0.0,0.312344,,,,0,0,8,0
sweep,gated,balanced,ABCDE,150,0.7,row_skip_1,8,8,0,0,0,0,8,0,0.0,0.0,,,,,0.0,244,0,8,0
sweep,gated,balanced,ABCDE,150,0.7,double_shift,8,8,0,0,0,0,8,0,0.0,0.0,,,,,0.0,283,0,8,0
sweep,gated,balanced,ABCDE,150,0.7,self_corrected,8,8,0,0,0,0,8,0,0.0,0.0,,,,,0.0,33,0,8,1
sweep,gated,balanced,ABCDE,150,0.7,scanner_blank_1,8,8,0,0,0,0,8,0,0.0,0.0,,,,,0.0,318,0,8,0
sweep,gated,balanced,ABCDE,150,0.7,whole_section,8,8,0,0,0,0,8,0,0.0,0.0,,,,,0.0,182,0,8,2
sweep,gated,balanced,ABCDE,150,0.85,none,8,0,8,0,0,0,0,8,,,0.0,0.312344,,,,0,0,8,0
sweep,gated,balanced,ABCDE,150,0.85,row_skip_1,8,8,0,0,0,0,8,0,0.0,0.0,,,,,0.0,405,0,8,3
sweep,gated,balanced,ABCDE,150,0.85,double_shift,8,8,0,0,0,0,8,0,0.0,0.0,,,,,0.0,264,0,8,12
sweep,gated,balanced,ABCDE,150,0.85,self_corrected,8,8,0,0,0,0,8,0,0.0,0.0,,,,,0.0,62,0,8,0
sweep,gated,balanced,ABCDE,150,0.85,scanner_blank_1,8,8,0,0,0,0,8,0,0.0,0.0,,,,,0.0,337,0,8,0
sweep,gated,balanced,ABCDE,150,0.85,whole_section,8,8,0,0,0,0,8,0,0.0,0.0,,,,,0.0,304,0,8,0
sweep,gated,permissive,ABCD,46,0.55,none,8,0,8,0,0,0,0,8,,,0.0,0.312344,0.0,0.000288,,0,0,8,0
sweep,gated,permissive,ABCD,46,0.55,row_skip_1,8,8,0,0,0,0,8,0,0.0,0.0,,,0.926964,0.038492,0.0,36,0,8,1
sweep,gated,permissive,ABCD,46,0.55,double_shift,8,8,0,0,0,0,8,0,0.0,0.0,,,0.902969,0.051936,0.0,68,0,8,0
sweep,gated,permissive,ABCD,46,0.55,self_corrected,8,8,0,0,0,0,8,0,0.0,0.0,,,0.972126,0.014522,0.0,33,0,8,0
sweep,gated,permissive,ABCD,46,0.55,scanner_blank_1,8,8,0,2,0,0,6,0,0.25,0.25,,,0.194941,0.708025,0.75,28,21,8,4
sweep,gated,permissive,ABCD,46,0.55,whole_section,8,8,0,0,0,0,8,0,0.0,0.0,,,0.970044,0.015349,0.0,31,0,8,4
sweep,gated,permissive,ABCD,46,0.7,none,8,0,8,0,0,0,0,8,,,0.0,0.312344,0.101606,0.159374,,0,0,8,0
sweep,gated,permissive,ABCD,46,0.7,row_skip_1,8,8,0,2,3,0,3,0,0.25,0.625,,,0.355483,0.626741,0.85,60,51,8,1
sweep,gated,permissive,ABCD,46,0.7,double_shift,8,8,0,4,0,0,4,0,0.5,0.5,,,0.354434,0.633931,0.616162,99,61,8,9
sweep,gated,permissive,ABCD,46,0.7,self_corrected,8,8,0,2,0,0,6,0,0.25,0.25,,,0.619173,0.327893,0.458333,48,22,8,0
sweep,gated,permissive,ABCD,46,0.7,scanner_blank_1,8,8,0,2,0,0,6,0,0.25,0.25,,,0.024209,0.909472,0.513514,37,19,8,1
sweep,gated,permissive,ABCD,46,0.7,whole_section,8,8,0,2,3,0,3,0,0.25,0.625,,,0.239412,0.731731,0.691176,68,47,8,3
sweep,gated,permissive,ABCD,46,0.85,none,8,0,8,0,0,0,0,8,,,0.0,0.312344,0.0,4.7e-05,,0,0,8,0
sweep,gated,permissive,ABCD,46,0.85,row_skip_1,8,8,0,5,0,0,3,0,0.625,0.625,,,0.279867,0.687755,0.918605,86,79,8,9
sweep,gated,permissive,ABCD,46,0.85,double_shift,8,8,0,4,2,0,2,0,0.5,0.75,,,0.120221,0.876764,0.752212,113,85,8,4
sweep,gated,permissive,ABCD,46,0.85,self_corrected,8,8,0,6,0,0,2,0,0.75,0.75,,,0.120273,0.857476,0.9,80,72,8,3
sweep,gated,permissive,ABCD,46,0.85,scanner_blank_1,8,8,0,3,0,0,5,0,0.375,0.375,,,0.052386,0.91835,0.735849,53,39,8,0
sweep,gated,permissive,ABCD,46,0.85,whole_section,8,8,0,3,1,0,4,0,0.375,0.5,,,0.249159,0.724852,0.79661,59,47,8,8
sweep,gated,permissive,ABCD,100,0.55,none,8,0,8,0,0,0,0,8,,,0.0,0.312344,0.0,0.000239,,0,0,8,0
sweep,gated,permissive,ABCD,100,0.55,row_skip_1,8,8,0,1,2,0,5,0,0.125,0.375,,,0.62041,0.377307,0.917526,97,89,8,6
sweep,gated,permissive,ABCD,100,0.55,double_shift,8,8,0,2,0,0,6,0,0.25,0.25,,,0.471944,0.465996,0.328244,131,43,8,5
sweep,gated,permissive,ABCD,100,0.55,self_corrected,8,8,0,1,0,0,7,0,0.125,0.125,,,0.660605,0.263338,0.425,40,17,8,2
sweep,gated,permissive,ABCD,100,0.55,scanner_blank_1,8,8,0,3,0,0,5,0,0.375,0.375,,,0.116022,0.815623,0.8,70,56,8,9
sweep,gated,permissive,ABCD,100,0.55,whole_section,8,8,0,1,3,0,4,0,0.125,0.5,,,0.438869,0.527056,0.731707,82,60,8,12
sweep,gated,permissive,ABCD,100,0.7,none,8,0,8,0,0,0,0,8,,,0.0,0.312344,0.00013,0.004878,,0,0,8,0
sweep,gated,permissive,ABCD,100,0.7,row_skip_1,8,8,0,1,3,0,4,0,0.125,0.5,,,0.427568,0.538611,0.851485,101,86,8,0
sweep,gated,permissive,ABCD,100,0.7,double_shift,8,8,0,5,0,0,3,0,0.625,0.625,,,0.122479,0.876267,0.61039,231,141,8,3
sweep,gated,permissive,ABCD,100,0.7,self_corrected,8,8,0,2,0,0,6,0,0.25,0.25,,,0.265753,0.638636,0.386667,75,29,8,0
sweep,gated,permissive,ABCD,100,0.7,scanner_blank_1,8,8,0,6,0,0,2,0,0.75,0.75,,,3.1e-05,0.99801,0.918033,183,168,8,0
sweep,gated,permissive,ABCD,100,0.7,whole_section,8,8,0,5,1,0,2,0,0.625,0.75,,,0.12279,0.871913,0.913669,139,127,8,2
sweep,gated,permissive,ABCD,100,0.85,none,8,0,8,0,0,0,0,8,,,0.0,0.312344,0.080186,0.101818,,0,0,8,0
sweep,gated,permissive,ABCD,100,0.85,row_skip_1,8,8,0,5,1,0,2,0,0.625,0.75,,,0.059035,0.909284,0.933333,180,168,8,2
sweep,gated,permissive,ABCD,100,0.85,double_shift,8,8,0,4,1,0,3,0,0.5,0.625,,,0.0,1.0,0.589226,297,175,8,0
sweep,gated,permissive,ABCD,100,0.85,self_corrected,8,8,0,8,0,0,0,0,1.0,1.0,,,0.0002,0.994945,0.951456,103,98,8,0
sweep,gated,permissive,ABCD,100,0.85,scanner_blank_1,8,8,0,7,0,0,1,0,0.875,0.875,,,0.0,0.999972,0.981982,222,218,8,0
sweep,gated,permissive,ABCD,100,0.85,whole_section,8,8,0,4,1,0,3,0,0.5,0.625,,,0.129075,0.847349,0.929577,142,132,8,6
sweep,gated,permissive,ABCD,150,0.55,none,8,0,8,0,0,0,0,8,,,0.0,0.312344,2.6e-05,0.003062,,0,0,8,0
sweep,gated,permissive,ABCD,150,0.55,row_skip_1,8,8,0,4,2,0,2,0,0.5,0.75,,,0.249073,0.750374,0.959064,171,164,8,18
sweep,gated,permissive,ABCD,150,0.55,double_shift,8,8,0,3,1,0,4,0,0.375,0.5,,,0.226006,0.726536,0.502793,179,90,8,2
sweep,gated,permissive,ABCD,150,0.55,self_corrected,8,8,0,0,0,0,8,0,0.0,0.0,,,0.969027,0.015776,0.0,29,0,8,2
sweep,gated,permissive,ABCD,150,0.55,scanner_blank_1,8,8,0,4,0,0,4,0,0.5,0.5,,,0.018502,0.934555,0.935673,171,160,8,1
sweep,gated,permissive,ABCD,150,0.55,whole_section,8,8,0,5,2,0,1,0,0.625,0.875,,,0.12406,0.875463,0.900585,171,154,8,2
sweep,gated,permissive,ABCD,150,0.7,none,8,0,8,0,0,0,0,8,,,0.0,0.312344,0.123208,0.125089,,0,0,8,0
sweep,gated,permissive,ABCD,150,0.7,row_skip_1,8,8,0,2,2,0,4,0,0.25,0.5,,,0.272541,0.682449,0.865772,149,129,8,0
sweep,gated,permissive,ABCD,150,0.7,double_shift,8,8,0,1,0,0,7,0,0.125,0.125,,,0.284236,0.68107,0.191011,267,51,8,0
sweep,gated,permissive,ABCD,150,0.7,self_corrected,8,8,0,3,1,0,4,0,0.375,0.5,,,0.152275,0.744804,0.477612,67,32,8,0
sweep,gated,permissive,ABCD,150,0.7,scanner_blank_1,8,8,0,4,0,0,4,0,0.5,0.5,,,0.012334,0.955262,0.896296,135,121,8,4
sweep,gated,permissive,ABCD,150,0.7,whole_section,8,8,0,4,1,0,3,0,0.5,0.625,,,0.124463,0.871269,0.876344,186,163,8,6
sweep,gated,permissive,ABCD,150,0.85,none,8,0,8,0,0,0,0,8,,,0.0,0.312344,0.146228,0.186075,,0,0,8,0
sweep,gated,permissive,ABCD,150,0.85,row_skip_1,8,8,0,2,4,0,2,0,0.25,0.75,,,0.123494,0.82516,0.973282,262,255,8,4
sweep,gated,permissive,ABCD,150,0.85,double_shift,8,8,0,4,0,0,4,0,0.5,0.5,,,0.0,1.0,0.636166,459,292,8,0
sweep,gated,permissive,ABCD,150,0.85,self_corrected,8,8,0,5,0,0,3,0,0.625,0.625,,,0.321619,0.654993,0.808219,73,59,8,1
sweep,gated,permissive,ABCD,150,0.85,scanner_blank_1,8,8,0,5,0,0,3,0,0.625,0.625,,,0.000169,0.995409,0.865248,282,244,8,0
sweep,gated,permissive,ABCD,150,0.85,whole_section,8,8,0,1,4,0,3,0,0.125,0.625,,,0.121974,0.876522,0.869565,230,200,8,6
sweep,gated,permissive,ABCDE,46,0.55,none,8,0,8,0,0,0,0,8,,,0.0,0.312344,,,,0,0,8,0
sweep,gated,permissive,ABCDE,46,0.55,row_skip_1,8,8,0,0,0,0,8,0,0.0,0.0,,,,,0.0,35,0,8,4
sweep,gated,permissive,ABCDE,46,0.55,double_shift,8,8,0,0,0,0,8,0,0.0,0.0,,,,,0.0,78,0,8,9
sweep,gated,permissive,ABCDE,46,0.55,self_corrected,8,8,0,0,0,0,8,0,0.0,0.0,,,,,0.0,69,0,8,0
sweep,gated,permissive,ABCDE,46,0.55,scanner_blank_1,8,8,0,0,0,0,8,0,0.0,0.0,,,,,0.0,67,0,8,0
sweep,gated,permissive,ABCDE,46,0.55,whole_section,8,8,0,0,0,0,8,0,0.0,0.0,,,,,0.0,37,0,8,1
sweep,gated,permissive,ABCDE,46,0.7,none,8,0,8,0,0,0,0,8,,,0.0,0.312344,,,,0,0,8,0
sweep,gated,permissive,ABCDE,46,0.7,row_skip_1,8,8,0,0,0,0,8,0,0.0,0.0,,,,,0.0,32,0,8,0
sweep,gated,permissive,ABCDE,46,0.7,double_shift,8,8,0,0,0,0,8,0,0.0,0.0,,,,,0.0,94,0,8,0
sweep,gated,permissive,ABCDE,46,0.7,self_corrected,8,8,0,0,0,0,8,0,0.0,0.0,,,,,0.0,55,0,8,6
sweep,gated,permissive,ABCDE,46,0.7,scanner_blank_1,8,8,0,0,0,0,8,0,0.0,0.0,,,,,0.0,48,0,8,0
sweep,gated,permissive,ABCDE,46,0.7,whole_section,8,8,0,0,0,0,8,0,0.0,0.0,,,,,0.0,72,0,8,0
sweep,gated,permissive,ABCDE,46,0.85,none,8,0,8,0,0,0,0,8,,,0.0,0.312344,,,,0,0,8,0
sweep,gated,permissive,ABCDE,46,0.85,row_skip_1,8,8,0,0,0,0,8,0,0.0,0.0,,,,,0.0,90,0,8,0
sweep,gated,permissive,ABCDE,46,0.85,double_shift,8,8,0,0,0,0,8,0,0.0,0.0,,,,,0.0,104,0,8,0
sweep,gated,permissive,ABCDE,46,0.85,self_corrected,8,8,0,0,0,0,8,0,0.0,0.0,,,,,0.0,58,0,8,0
sweep,gated,permissive,ABCDE,46,0.85,scanner_blank_1,8,8,0,0,0,0,8,0,0.0,0.0,,,,,0.0,135,0,8,0
sweep,gated,permissive,ABCDE,46,0.85,whole_section,8,8,0,0,0,0,8,0,0.0,0.0,,,,,0.0,87,0,8,0
sweep,gated,permissive,ABCDE,100,0.55,none,8,0,8,0,0,0,0,8,,,0.0,0.312344,,,,0,0,8,0
sweep,gated,permissive,ABCDE,100,0.55,row_skip_1,8,8,0,0,0,0,8,0,0.0,0.0,,,,,0.0,116,0,8,0
sweep,gated,permissive,ABCDE,100,0.55,double_shift,8,8,0,0,0,0,8,0,0.0,0.0,,,,,0.0,193,0,8,0
sweep,gated,permissive,ABCDE,100,0.55,self_corrected,8,8,0,0,0,0,8,0,0.0,0.0,,,,,0.0,45,0,8,5
sweep,gated,permissive,ABCDE,100,0.55,scanner_blank_1,8,8,0,0,0,0,8,0,0.0,0.0,,,,,0.0,148,0,8,0
sweep,gated,permissive,ABCDE,100,0.55,whole_section,8,8,0,0,0,0,8,0,0.0,0.0,,,,,0.0,103,0,8,0
sweep,gated,permissive,ABCDE,100,0.7,none,8,0,8,0,0,0,0,8,,,0.0,0.312344,,,,0,0,8,0
sweep,gated,permissive,ABCDE,100,0.7,row_skip_1,8,8,0,0,0,0,8,0,0.0,0.0,,,,,0.0,147,0,8,4
sweep,gated,permissive,ABCDE,100,0.7,double_shift,8,8,0,0,0,0,8,0,0.0,0.0,,,,,0.0,246,0,8,2
sweep,gated,permissive,ABCDE,100,0.7,self_corrected,8,8,0,0,0,0,8,0,0.0,0.0,,,,,0.0,75,0,8,0
sweep,gated,permissive,ABCDE,100,0.7,scanner_blank_1,8,8,0,0,0,0,8,0,0.0,0.0,,,,,0.0,109,0,8,3
sweep,gated,permissive,ABCDE,100,0.7,whole_section,8,8,0,0,0,0,8,0,0.0,0.0,,,,,0.0,92,0,8,0
sweep,gated,permissive,ABCDE,100,0.85,none,8,0,8,0,0,0,0,8,,,0.0,0.312344,,,,0,0,8,0
sweep,gated,permissive,ABCDE,100,0.85,row_skip_1,8,8,0,0,0,0,8,0,0.0,0.0,,,,,0.0,133,0,8,0
sweep,gated,permissive,ABCDE,100,0.85,double_shift,8,8,0,0,0,0,8,0,0.0,0.0,,,,,0.0,245,0,8,1
sweep,gated,permissive,ABCDE,100,0.85,self_corrected,8,8,0,0,0,0,8,0,0.0,0.0,,,,,0.0,59,0,8,2
sweep,gated,permissive,ABCDE,100,0.85,scanner_blank_1,8,8,0,0,0,0,8,0,0.0,0.0,,,,,0.0,139,0,8,0
sweep,gated,permissive,ABCDE,100,0.85,whole_section,8,8,0,0,0,0,8,0,0.0,0.0,,,,,0.0,142,0,8,0
sweep,gated,permissive,ABCDE,150,0.55,none,8,0,8,0,0,0,0,8,,,0.0,0.312344,,,,0,0,8,0
sweep,gated,permissive,ABCDE,150,0.55,row_skip_1,8,8,0,0,0,0,8,0,0.0,0.0,,,,,0.0,223,0,8,3
sweep,gated,permissive,ABCDE,150,0.55,double_shift,8,8,0,0,0,0,8,0,0.0,0.0,,,,,0.0,217,0,8,0
sweep,gated,permissive,ABCDE,150,0.55,self_corrected,8,8,0,0,0,0,8,0,0.0,0.0,,,,,0.0,47,0,8,2
sweep,gated,permissive,ABCDE,150,0.55,scanner_blank_1,8,8,0,0,0,0,8,0,0.0,0.0,,,,,0.0,169,0,8,9
sweep,gated,permissive,ABCDE,150,0.55,whole_section,8,8,0,0,0,0,8,0,0.0,0.0,,,,,0.0,170,0,8,0
sweep,gated,permissive,ABCDE,150,0.7,none,8,0,8,0,0,0,0,8,,,0.0,0.312344,,,,0,0,8,0
sweep,gated,permissive,ABCDE,150,0.7,row_skip_1,8,8,0,0,0,0,8,0,0.0,0.0,,,,,0.0,244,0,8,0
sweep,gated,permissive,ABCDE,150,0.7,double_shift,8,8,0,0,0,0,8,0,0.0,0.0,,,,,0.0,283,0,8,0
sweep,gated,permissive,ABCDE,150,0.7,self_corrected,8,8,0,0,0,0,8,0,0.0,0.0,,,,,0.0,33,0,8,1
sweep,gated,permissive,ABCDE,150,0.7,scanner_blank_1,8,8,0,0,0,0,8,0,0.0,0.0,,,,,0.0,318,0,8,0
sweep,gated,permissive,ABCDE,150,0.7,whole_section,8,8,0,0,0,0,8,0,0.0,0.0,,,,,0.0,182,0,8,2
sweep,gated,permissive,ABCDE,150,0.85,none,8,0,8,0,0,0,0,8,,,0.0,0.312344,,,,0,0,8,0
sweep,gated,permissive,ABCDE,150,0.85,row_skip_1,8,8,0,0,0,0,8,0,0.0,0.0,,,,,0.0,405,0,8,3
sweep,gated,permissive,ABCDE,150,0.85,double_shift,8,8,0,0,0,0,8,0,0.0,0.0,,,,,0.0,264,0,8,12
sweep,gated,permissive,ABCDE,150,0.85,self_corrected,8,8,0,0,0,0,8,0,0.0,0.0,,,,,0.0,62,0,8,0
sweep,gated,permissive,ABCDE,150,0.85,scanner_blank_1,8,8,0,0,0,0,8,0,0.0,0.0,,,,,0.0,337,0,8,0
sweep,gated,permissive,ABCDE,150,0.85,whole_section,8,8,0,0,0,0,8,0,0.0,0.0,,,,,0.0,304,0,8,0
