dataset,detector,policy,options,length,ability,mechanism,n,n_target,n_clean,tp_correct,tp_wrongloc,fp,fn,tn,power,recall_all,fpr,fpr_ci_upper,brier,mse,n_scored,recovery,at_stake,saved,saved_sheets,unearned
metrics,gated,metrics,ABCD,46,0.26,none,8,0,8,0,0,0,0,8,,,0.0,0.312344,0.00096,0.00096,8,,0,0,8,0
metrics,gated,metrics,ABCD,46,0.26,row_skip_1,8,8,0,0,0,0,8,0,0.0,0.0,,,0.851232,0.006335,8,0.0,9,0,8,11
metrics,gated,metrics,ABCD,46,0.26,row_skip_2,8,8,0,0,0,0,8,0,0.0,0.0,,,0.596119,0.076982,8,0.0,11,0,8,2
metrics,gated,metrics,ABCD,46,0.26,early_full,8,8,0,0,0,0,8,0,0.0,0.0,,,0.618425,0.231983,8,0.0,57,0,8,1
metrics,gated,metrics,ABCD,46,0.26,boundary,8,8,0,0,0,0,8,0,0.0,0.0,,,0.870298,0.004899,8,0.0,3,0,8,11
metrics,gated,metrics,ABCD,46,0.26,short_local,8,8,0,0,0,0,8,0,0.0,0.0,,,0.935175,0.001197,8,0.0,10,0,8,2
metrics,gated,metrics,ABCD,46,0.26,whole_section,8,8,0,0,0,0,8,0,0.0,0.0,,,0.882206,0.004184,8,0.0,11,0,8,6
metrics,gated,metrics,ABCD,46,0.26,anxiety,8,8,0,0,0,0,8,0,0.0,0.0,,,0.807379,0.011795,8,0.0,9,0,8,5
metrics,gated,metrics,ABCD,46,0.26,double_shift,8,8,0,0,0,0,8,0,0.0,0.0,,,0.940602,0.000963,8,0.0,25,0,8,10
metrics,gated,metrics,ABCD,46,0.26,self_corrected,8,8,0,0,0,0,8,0,0.0,0.0,,,0.924875,0.002444,8,0.0,17,0,8,11
metrics,gated,metrics,ABCD,46,0.26,deferred,8,8,0,0,0,0,8,0,0.0,0.0,,,0.949699,0.000677,8,0.0,18,0,8,5
metrics,gated,metrics,ABCD,46,0.26,isolated,8,8,0,0,0,0,8,0,0.0,0.0,,,0.936274,0.001109,8,0.0,3,0,8,2
metrics,gated,metrics,ABCD,46,0.26,scanner_blank_1,8,8,0,0,0,0,8,0,0.0,0.0,,,0.029521,0.710242,8,0.0,15,0,8,8
metrics,gated,metrics,ABCD,46,0.26,scanner_blank_2,8,8,0,0,0,0,8,0,0.0,0.0,,,0.000427,0.978761,8,0.0,32,0,8,9
metrics,gated,metrics,ABCD,46,0.26,scanner_row_delete_1,8,8,0,0,0,0,8,0,0.0,0.0,,,0.254171,0.344859,8,0.0,28,0,8,10
metrics,gated,metrics,ABCD,46,0.26,scanner_row_delete_2,8,8,0,0,0,0,8,0,0.0,0.0,,,0.000189,0.97671,8,0.0,13,0,8,13
metrics,gated,metrics,ABCD,46,0.26,scanner_misread_1,8,0,8,0,0,0,0,8,,,0.0,0.312344,0.003892,0.003892,8,,0,0,8,0
metrics,gated,metrics,ABCD,46,0.26,scanner_misread_4,8,0,8,0,0,0,0,8,,,0.0,0.312344,0.001889,0.001889,8,,0,0,8,0
metrics,gated,metrics,ABCD,46,0.26,scanner_faint_1,8,0,8,0,0,0,0,8,,,0.0,0.312344,0.005077,0.005077,8,,0,0,8,0
metrics,gated,metrics,ABCD,46,0.26,scanner_faint_4,8,0,8,0,0,0,0,8,,,0.0,0.312344,0.108486,0.108486,8,,0,0,8,0
metrics,gated,metrics,ABCD,46,0.26,scanner_double_4,8,0,8,0,0,0,0,8,,,0.0,0.312344,0.018413,0.018413,8,,0,0,8,0
metrics,gated,metrics,ABCD,46,0.26,adv_long_runs,8,0,8,0,0,0,0,8,,,0.0,0.312344,0.001255,0.001255,8,,0,0,8,0
metrics,gated,metrics,ABCD,46,0.26,adv_favourite,8,0,8,0,0,0,0,8,,,0.0,0.312344,0.000109,0.000109,8,,0,0,8,0
metrics,gated,metrics,ABCD,46,0.26,adv_easy_block,8,0,8,0,0,0,0,8,,,0.0,0.312344,0.00176,0.00176,8,,0,0,8,0
metrics,gated,metrics,ABCD,46,0.26,adv_key_leakage,8,8,0,1,5,0,2,0,0.125,0.75,,,0.0,0.999997,8,0.625468,267,167,8,0
metrics,gated,metrics,ABCD,46,0.26,adv_cycle,8,0,8,0,0,0,0,8,,,0.0,0.312344,0.00444,0.00444,8,,0,0,8,0
metrics,gated,metrics,ABCD,46,0.4,none,8,0,8,0,0,0,0,8,,,0.0,0.312344,0.009471,0.009471,8,,0,0,8,0
metrics,gated,metrics,ABCD,46,0.4,row_skip_1,8,8,0,0,0,0,8,0,0.0,0.0,,,0.603294,0.197478,8,0.0,16,0,8,1
metrics,gated,metrics,ABCD,46,0.4,row_skip_2,8,8,0,0,0,0,8,0,0.0,0.0,,,0.542219,0.102759,8,0.0,24,0,8,4
metrics,gated,metrics,ABCD,46,0.4,early_full,8,8,0,0,0,0,8,0,0.0,0.0,,,0.607324,0.149891,8,0.0,52,0,8,2
metrics,gated,metrics,ABCD,46,0.4,boundary,8,8,0,0,0,0,8,0,0.0,0.0,,,0.77298,0.032151,8,0.0,9,0,8,1
metrics,gated,metrics,ABCD,46,0.4,short_local,8,8,0,0,0,0,8,0,0.0,0.0,,,0.905814,0.003799,8,0.0,11,0,8,2
metrics,gated,metrics,ABCD,46,0.4,whole_section,8,8,0,0,1,0,7,0,0.0,0.125,,,0.545868,0.167332,8,0.0,30,0,8,1
metrics,gated,metrics,ABCD,46,0.4,anxiety,8,8,0,0,0,0,8,0,0.0,0.0,,,0.778114,0.114853,8,0.0,18,0,8,11
metrics,gated,metrics,ABCD,46,0.4,double_shift,8,8,0,0,0,0,8,0,0.0,0.0,,,0.902863,0.003484,8,0.0,23,0,8,10
metrics,gated,metrics,ABCD,46,0.4,self_corrected,8,8,0,0,0,0,8,0,0.0,0.0,,,0.764416,0.023078,8,0.0,24,0,8,5
metrics,gated,metrics,ABCD,46,0.4,deferred,8,8,0,0,0,0,8,0,0.0,0.0,,,0.610348,0.189526,8,0.0,23,0,8,16
metrics,gated,metrics,ABCD,46,0.4,isolated,8,8,0,0,0,0,8,0,0.0,0.0,,,0.964443,0.000433,8,0.0,3,0,8,3
metrics,gated,metrics,ABCD,46,0.4,scanner_blank_1,8,8,0,1,0,0,7,0,0.125,0.125,,,0.003058,0.934027,8,0.0,38,0,8,0
metrics,gated,metrics,ABCD,46,0.4,scanner_blank_2,8,8,0,0,0,0,8,0,0.0,0.0,,,6e-06,0.996192,8,0.0,27,0,8,0
metrics,gated,metrics,ABCD,46,0.4,scanner_row_delete_1,8,8,0,0,0,0,8,0,0.0,0.0,,,0.143547,0.457623,8,0.0,23,0,8,5
metrics,gated,metrics,ABCD,46,0.4,scanner_row_delete_2,8,8,0,0,0,0,8,0,0.0,0.0,,,0.000432,0.976198,8,0.0,39,0,8,1
metrics,gated,metrics,ABCD,46,0.4,scanner_misread_1,8,0,8,0,0,0,0,8,,,0.0,0.312344,0.002893,0.002893,8,,0,0,8,0
metrics,gated,metrics,ABCD,46,0.4,scanner_misread_4,8,0,8,0,0,0,0,8,,,0.0,0.312344,0.002186,0.002186,8,,0,0,8,0
metrics,gated,metrics,ABCD,46,0.4,scanner_faint_1,8,0,8,0,0,0,0,8,,,0.0,0.312344,0.002891,0.002891,8,,0,0,8,0
metrics,gated,metrics,ABCD,46,0.4,scanner_faint_4,8,0,8,0,0,0,0,8,,,0.0,0.312344,0.048849,0.048849,8,,0,0,8,0
metrics,gated,metrics,ABCD,46,0.4,scanner_double_4,8,0,8,0,0,0,0,8,,,0.0,0.312344,0.002084,0.002084,8,,0,0,8,0
metrics,gated,metrics,ABCD,46,0.4,adv_long_runs,8,0,8,0,0,0,0,8,,,0.0,0.312344,0.001597,0.001597,8,,0,0,8,0
metrics,gated,metrics,ABCD,46,0.4,adv_favourite,8,0,8,0,0,0,0,8,,,0.0,0.312344,2.6e-05,2.6e-05,8,,0,0,8,0
metrics,gated,metrics,ABCD,46,0.4,adv_easy_block,8,0,8,0,0,0,0,8,,,0.0,0.312344,0.000461,0.000461,8,,0,0,8,0
metrics,gated,metrics,ABCD,46,0.4,adv_key_leakage,8,8,0,1,3,0,4,0,0.125,0.5,,,0.0,0.999999,8,0.405904,271,110,8,0
metrics,gated,metrics,ABCD,46,0.4,adv_cycle,8,0,8,0,0,0,0,8,,,0.0,0.312344,0.00598,0.00598,8,,0,0,8,0
metrics,gated,metrics,ABCD,46,0.55,none,8,0,8,0,0,0,0,8,,,0.0,0.312344,0.004564,0.004564,8,,0,0,8,0
metrics,gated,metrics,ABCD,46,0.55,row_skip_1,8,8,0,1,0,0,7,0,0.125,0.125,,,0.36582,0.469982,8,0.046512,43,2,8,0
metrics,gated,metrics,ABCD,46,0.55,row_skip_2,8,8,0,0,0,0,8,0,0.0,0.0,,,0.207108,0.57464,8,0.0,45,0,8,2
metrics,gated,metrics,ABCD,46,0.55,early_full,8,8,0,4,0,0,4,0,0.5,0.5,,,0.101435,0.835344,8,0.325,80,26,8,1
metrics,gated,metrics,ABCD,46,0.55,boundary,8,8,0,0,0,0,8,0,0.0,0.0,,,0.594726,0.197159,8,0.0,21,0,8,2
metrics,gated,metrics,ABCD,46,0.55,short_local,8,8,0,0,0,0,8,0,0.0,0.0,,,0.714632,0.134026,8,0.0,13,0,8,3
metrics,gated,metrics,ABCD,46,0.55,whole_section,8,8,0,1,0,0,7,0,0.125,0.125,,,0.22332,0.719033,8,0.090909,55,5,8,0
metrics,gated,metrics,ABCD,46,0.55,anxiety,8,8,0,2,0,0,6,0,0.25,0.25,,,0.123327,0.674477,8,0.254902,51,13,8,1
metrics,gated,metrics,ABCD,46,0.55,double_shift,8,8,0,0,0,0,8,0,0.0,0.0,,,0.627743,0.172354,8,0.0,44,0,8,13
metrics,gated,metrics,ABCD,46,0.55,self_corrected,8,8,0,0,0,0,8,0,0.0,0.0,,,0.35001,0.303043,8,0.0,50,0,8,1
metrics,gated,metrics,ABCD,46,0.55,deferred,8,8,0,1,1,0,6,0,0.125,0.25,,,0.375049,0.447728,8,0.272727,44,12,8,6
metrics,gated,metrics,ABCD,46,0.55,isolated,8,8,0,0,0,0,8,0,0.0,0.0,,,0.746246,0.0774,8,0.0,5,0,8,2
metrics,gated,metrics,ABCD,46,0.55,scanner_blank_1,8,8,0,3,0,0,5,0,0.375,0.375,,,0.029239,0.851048,8,0.45614,57,26,8,0
metrics,gated,metrics,ABCD,46,0.55,scanner_blank_2,8,8,0,0,0,0,8,0,0.0,0.0,,,0.000515,0.978927,8,0.0,51,0,8,1
metrics,gated,metrics,ABCD,46,0.55,scanner_row_delete_1,8,8,0,1,1,0,6,0,0.125,0.25,,,0.091531,0.747465,8,0.36,50,18,8,4
metrics,gated,metrics,ABCD,46,0.55,scanner_row_delete_2,8,8,0,0,0,0,8,0,0.0,0.0,,,4.2e-05,0.992415,8,0.0,51,0,8,0
metrics,gated,metrics,ABCD,46,0.55,scanner_misread_1,8,0,8,0,0,0,0,8,,,0.0,0.312344,0.005889,0.005889,8,,0,0,8,0
metrics,gated,metrics,ABCD,46,0.55,scanner_misread_4,8,0,8,0,0,0,0,8,,,0.0,0.312344,0.005654,0.005654,8,,0,0,8,0
metrics,gated,metrics,ABCD,46,0.55,scanner_faint_1,8,0,8,0,0,0,0,8,,,0.0,0.312344,0.058522,0.058522,8,,0,0,8,0
metrics,gated,metrics,ABCD,46,0.55,scanner_faint_4,8,0,8,0,0,0,0,8,,,0.0,0.312344,0.334577,0.334577,8,,0,0,8,0
metrics,gated,metrics,ABCD,46,0.55,scanner_double_4,8,0,8,0,0,0,0,8,,,0.0,0.312344,0.005064,0.005064,8,,0,0,8,0
metrics,gated,metrics,ABCD,46,0.55,adv_long_runs,8,0,8,0,0,0,0,8,,,0.0,0.312344,0.003971,0.003971,8,,0,0,8,0
metrics,gated,metrics,ABCD,46,0.55,adv_favourite,8,0,8,0,0,0,0,8,,,0.0,0.312344,4.7e-05,4.7e-05,8,,0,0,8,0
metrics,gated,metrics,ABCD,46,0.55,adv_easy_block,8,0,8,0,0,0,0,8,,,0.0,0.312344,0.000488,0.000488,8,,0,0,8,0
metrics,gated,metrics,ABCD,46,0.55,adv_key_leakage,8,8,0,0,5,0,3,0,0.0,0.625,,,0.0,1.0,8,0.533333,270,144,8,0
metrics,gated,metrics,ABCD,46,0.55,adv_cycle,8,0,8,0,0,0,0,8,,,0.0,0.312344,0.149951,0.149951,8,,0,0,8,0
metrics,gated,metrics,ABCD,46,0.7,none,8,0,8,0,0,0,0,8,,,0.0,0.312344,0.004209,0.004209,8,,0,0,8,0
metrics,gated,metrics,ABCD,46,0.7,row_skip_1,8,8,0,3,0,0,5,0,0.375,0.375,,,0.172614,0.712306,8,0.553846,65,36,8,0
metrics,gated,metrics,ABCD,46,0.7,row_skip_2,8,8,0,0,0,0,8,0,0.0,0.0,,,0.131582,0.765204,8,0.0,52,0,8,2
metrics,gated,metrics,ABCD,46,0.7,early_full,8,8,0,6,0,0,2,0,0.75,0.75,,,0.048676,0.847935,8,0.740385,104,77,8,2
metrics,gated,metrics,ABCD,46,0.7,boundary,8,8,0,1,0,0,7,0,0.125,0.125,,,0.258521,0.47246,8,0.2,30,6,8,1
metrics,gated,metrics,ABCD,46,0.7,short_local,8,8,0,1,0,0,7,0,0.125,0.125,,,0.551785,0.236519,8,0.352941,17,6,8,0
metrics,gated,metrics,ABCD,46,0.7,whole_section,8,8,0,2,0,0,6,0,0.25,0.25,,,0.330049,0.536575,8,0.470588,34,16,8,7
metrics,gated,metrics,ABCD,46,0.7,anxiety,8,8,0,1,1,0,6,0,0.125,0.25,,,0.217603,0.634022,8,0.52381,42,22,8,10
metrics,gated,metrics,ABCD,46,0.7,double_shift,8,8,0,1,0,0,7,0,0.125,0.125,,,0.027165,0.806903,8,0.084746,59,5,8,0
metrics,gated,metrics,ABCD,46,0.7,self_corrected,8,8,0,3,0,0,5,0,0.375,0.375,,,0.055301,0.804967,8,0.6,55,33,8,1
metrics,gated,metrics,ABCD,46,0.7,deferred,8,8,0,1,3,0,4,0,0.125,0.5,,,0.366005,0.576758,8,0.583333,60,35,8,6
metrics,gated,metrics,ABCD,46,0.7,isolated,8,8,0,0,0,0,8,0,0.0,0.0,,,0.838587,0.122951,8,0.0,6,0,8,1
metrics,gated,metrics,ABCD,46,0.7,scanner_blank_1,8,8,0,4,0,0,4,0,0.5,0.5,,,0.012153,0.930483,8,0.623377,77,48,8,0
metrics,gated,metrics,ABCD,46,0.7,scanner_blank_2,8,8,0,0,0,0,8,0,0.0,0.0,,,0.000501,0.98467,8,0.0,79,0,8,1
metrics,gated,metrics,ABCD,46,0.7,scanner_row_delete_1,8,8,0,1,2,0,5,0,0.125,0.375,,,0.025584,0.829668,8,0.690476,42,29,8,10
metrics,gated,metrics,ABCD,46,0.7,scanner_row_delete_2,8,8,0,0,0,0,8,0,0.0,0.0,,,0.112677,0.843434,8,0.0,51,0,8,5
metrics,gated,metrics,ABCD,46,0.7,scanner_misread_1,8,0,8,0,0,0,0,8,,,0.0,0.312344,0.003898,0.003898,8,,0,0,8,0
metrics,gated,metrics,ABCD,46,0.7,scanner_misread_4,8,0,8,0,0,0,0,8,,,0.0,0.312344,0.049913,0.049913,8,,0,0,8,0
metrics,gated,metrics,ABCD,46,0.7,scanner_faint_1,8,0,8,0,0,0,0,8,,,0.0,0.312344,0.00079,0.00079,8,,0,0,8,0
metrics,gated,metrics,ABCD,46,0.7,scanner_faint_4,8,0,8,0,0,0,0,8,,,0.0,0.312344,0.111996,0.111996,8,,0,0,8,0
metrics,gated,metrics,ABCD,46,0.7,scanner_double_4,8,0,8,0,0,0,0,8,,,0.0,0.312344,0.000581,0.000581,8,,0,0,8,0
metrics,gated,metrics,ABCD,46,0.7,adv_long_runs,8,0,8,0,0,0,0,8,,,0.0,0.312344,0.065814,0.065814,8,,0,0,8,0
metrics,gated,metrics,ABCD,46,0.7,adv_favourite,8,0,8,0,0,0,0,8,,,0.0,0.312344,5.1e-05,5.1e-05,8,,0,0,8,0
metrics,gated,metrics,ABCD,46,0.7,adv_easy_block,8,0,8,0,0,0,0,8,,,0.0,0.312344,0.262408,0.262408,8,,0,0,8,0
metrics,gated,metrics,ABCD,46,0.7,adv_key_leakage,8,8,0,0,6,0,2,0,0.0,0.75,,,0.0,1.0,8,0.652672,262,171,8,0
metrics,gated,metrics,ABCD,46,0.7,adv_cycle,8,0,8,0,0,0,0,8,,,0.0,0.312344,0.628086,0.628086,8,,0,0,8,0
metrics,gated,metrics,ABCD,46,0.85,none,8,0,8,0,0,0,0,8,,,0.0,0.312344,0.014674,0.014674,8,,0,0,8,0
metrics,gated,metrics,ABCD,46,0.85,row_skip_1,8,8,0,3,0,0,5,0,0.375,0.375,,,0.142376,0.782471,8,0.536232,69,37,8,0
metrics,gated,metrics,ABCD,46,0.85,row_skip_2,8,8,0,0,0,0,8,0,0.0,0.0,,,0.016851,0.92129,8,0.0,70,0,8,1
metrics,gated,metrics,ABCD,46,0.85,early_full,8,8,0,7,0,0,1,0,0.875,0.875,,,0.013177,0.932006,8,0.900621,161,145,8,0
metrics,gated,metrics,ABCD,46,0.85,boundary,8,8,0,2,0,0,6,0,0.25,0.25,,,0.524095,0.38389,8,0.595745,47,28,8,1
metrics,gated,metrics,ABCD,46,0.85,short_local,8,8,0,0,0,0,8,0,0.0,0.0,,,0.005455,0.917567,8,0.0,42,0,8,1
metrics,gated,metrics,ABCD,46,0.85,whole_section,8,8,0,5,1,0,2,0,0.625,0.75,,,0.003222,0.962369,8,0.781609,87,68,8,0
metrics,gated,metrics,ABCD,46,0.85,anxiety,8,8,0,2,0,0,6,0,0.25,0.25,,,0.004154,0.951569,8,0.402985,67,27,8,7
metrics,gated,metrics,ABCD,46,0.85,double_shift,8,8,0,2,0,0,6,0,0.25,0.25,,,0.0,1.0,8,0.228346,127,29,8,2
metrics,gated,metrics,ABCD,46,0.85,self_corrected,8,8,0,6,1,0,1,0,0.75,0.875,,,9.4e-05,0.993242,8,0.725275,91,66,8,0
metrics,gated,metrics,ABCD,46,0.85,deferred,8,8,0,4,0,0,4,0,0.5,0.5,,,0.085775,0.80148,8,0.611111,90,55,8,0
metrics,gated,metrics,ABCD,46,0.85,isolated,8,8,0,0,0,0,8,0,0.0,0.0,,,0.903587,0.013408,8,0.0,10,0,8,0
metrics,gated,metrics,ABCD,46,0.85,scanner_blank_1,8,8,0,4,0,0,4,0,0.5,0.5,,,3.4e-05,0.995654,8,0.636364,77,49,8,0
metrics,gated,metrics,ABCD,46,0.85,scanner_blank_2,8,8,0,0,0,0,8,0,0.0,0.0,,,0.013282,0.909509,8,0.0,57,0,8,3
metrics,gated,metrics,ABCD,46,0.85,scanner_row_delete_1,8,8,0,4,0,0,4,0,0.5,0.5,,,0.06923,0.881588,8,0.729167,96,70,8,0
metrics,gated,metrics,ABCD,46,0.85,scanner_row_delete_2,8,8,0,0,0,0,8,0,0.0,0.0,,,0.002459,0.967397,8,0.0,96,0,8,2
metrics,gated,metrics,ABCD,46,0.85,scanner_misread_1,8,0,8,0,0,0,0,8,,,0.0,0.312344,0.123856,0.123856,8,,0,0,8,0
metrics,gated,metrics,ABCD,46,0.85,scanner_misread_4,8,0,8,0,0,0,0,8,,,0.0,0.312344,0.089235,0.089235,8,,0,0,8,0
metrics,gated,metrics,ABCD,46,0.85,scanner_faint_1,8,0,8,0,0,0,0,8,,,0.0,0.312344,0.000843,0.000843,8,,0,0,8,0
metrics,gated,metrics,ABCD,46,0.85,scanner_faint_4,8,0,8,0,0,0,0,8,,,0.0,0.312344,0.124236,0.124236,8,,0,0,8,0
metrics,gated,metrics,ABCD,46,0.85,scanner_double_4,8,0,8,0,0,0,0,8,,,0.0,0.312344,0.079092,0.079092,8,,0,0,8,0
metrics,gated,metrics,ABCD,46,0.85,adv_long_runs,8,0,8,0,0,0,0,8,,,0.0,0.312344,0.114823,0.114823,8,,0,0,8,0
metrics,gated,metrics,ABCD,46,0.85,adv_favourite,8,0,8,0,0,0,0,8,,,0.0,0.312344,9.6e-05,9.6e-05,8,,0,0,8,0
metrics,gated,metrics,ABCD,46,0.85,adv_easy_block,8,0,8,0,0,0,0,8,,,0.0,0.312344,0.530748,0.530748,8,,0,0,8,0
metrics,gated,metrics,ABCD,46,0.85,adv_key_leakage,8,8,0,0,7,0,1,0,0.0,0.875,,,0.0,1.0,8,0.819549,266,218,8,0
metrics,gated,metrics,ABCD,46,0.85,adv_cycle,8,0,8,0,0,0,0,8,,,0.0,0.312344,0.560362,0.560362,8,,0,0,8,0
metrics,gated,metrics,ABCD,46,0.95,none,8,0,8,0,0,0,0,8,,,0.0,0.312344,0.122134,0.122134,8,,0,0,8,0
metrics,gated,metrics,ABCD,46,0.95,row_skip_1,8,8,0,3,0,0,5,0,0.375,0.375,,,0.040093,0.897744,8,0.705882,68,48,8,0
metrics,gated,metrics,ABCD,46,0.95,row_skip_2,8,8,0,0,0,0,8,0,0.0,0.0,,,0.004219,0.941718,8,0.0,88,0,8,1
metrics,gated,metrics,ABCD,46,0.95,early_full,8,8,0,7,0,0,1,0,0.875,0.875,,,0.0,0.999943,8,0.924242,198,183,8,1
metrics,gated,metrics,ABCD,46,0.95,boundary,8,8,0,1,0,0,7,0,0.125,0.125,,,0.188588,0.743862,8,0.384615,39,15,8,2
metrics,gated,metrics,ABCD,46,0.95,short_local,8,8,0,1,0,0,7,0,0.125,0.125,,,0.233293,0.62679,8,0.178571,28,5,8,1
metrics,gated,metrics,ABCD,46,0.95,whole_section,8,8,0,5,0,0,3,0,0.625,0.625,,,0.0,0.999879,8,0.717172,99,71,8,0
metrics,gated,metrics,ABCD,46,0.95,anxiety,8,8,0,4,2,0,2,0,0.5,0.75,,,0.0,0.999993,8,0.73913,115,85,8,0
metrics,gated,metrics,ABCD,46,0.95,double_shift,8,8,0,4,1,0,3,0,0.5,0.625,,,0.0,1.0,8,0.547619,168,92,8,3
metrics,gated,metrics,ABCD,46,0.95,self_corrected,8,8,0,6,0,0,2,0,0.75,0.75,,,0.000391,0.985187,8,0.857143,84,72,8,2
metrics,gated,metrics,ABCD,46,0.95,deferred,8,8,0,6,0,0,2,0,0.75,0.75,,,0.035324,0.901116,8,0.847826,138,117,8,0
metrics,gated,metrics,ABCD,46,0.95,isolated,8,8,0,0,0,0,8,0,0.0,0.0,,,0.73277,0.163217,8,0.0,9,0,8,0
metrics,gated,metrics,ABCD,46,0.95,scanner_blank_1,8,8,0,5,0,0,3,0,0.625,0.625,,,2e-06,0.999049,8,0.931034,116,108,8,5
metrics,gated,metrics,ABCD,46,0.95,scanner_blank_2,8,8,0,0,0,0,8,0,0.0,0.0,,,2.7e-05,0.996344,8,0.0,107,0,8,1
metrics,gated,metrics,ABCD,46,0.95,scanner_row_delete_1,8,8,0,3,1,0,4,0,0.375,0.5,,,0.0,0.999725,8,0.666667,69,46,8,0
metrics,gated,metrics,ABCD,46,0.95,scanner_row_delete_2,8,8,0,2,0,0,6,0,0.25,0.25,,,7.5e-05,0.993952,8,0.505618,89,45,8,0
metrics,gated,metrics,ABCD,46,0.95,scanner_misread_1,8,0,8,0,0,0,0,8,,,0.0,0.312344,0.123344,0.123344,8,,0,0,8,0
metrics,gated,metrics,ABCD,46,0.95,scanner_misread_4,8,0,8,0,0,0,0,8,,,0.0,0.312344,0.141715,0.141715,8,,0,0,8,0
metrics,gated,metrics,ABCD,46,0.95,scanner_faint_1,8,0,8,0,0,0,0,8,,,0.0,0.312344,0.000152,0.000152,8,,0,0,8,0
metrics,gated,metrics,ABCD,46,0.95,scanner_faint_4,8,0,8,0,0,0,0,8,,,0.0,0.312344,0.253249,0.253249,8,,0,0,8,0
metrics,gated,metrics,ABCD,46,0.95,scanner_double_4,8,0,8,0,0,0,0,8,,,0.0,0.312344,0.259188,0.259188,8,,0,0,8,0
metrics,gated,metrics,ABCD,46,0.95,adv_long_runs,8,0,8,0,0,0,0,8,,,0.0,0.312344,0.073633,0.073633,8,,0,0,8,0
metrics,gated,metrics,ABCD,46,0.95,adv_favourite,8,0,8,0,0,0,0,8,,,0.0,0.312344,8.8e-05,8.8e-05,8,,0,0,8,0
metrics,gated,metrics,ABCD,46,0.95,adv_easy_block,8,0,8,0,0,0,0,8,,,0.0,0.312344,0.618222,0.618222,8,,0,0,8,0
metrics,gated,metrics,ABCD,46,0.95,adv_key_leakage,8,8,0,0,6,0,2,0,0.0,0.75,,,0.0,1.0,8,0.723077,260,188,8,0
metrics,gated,metrics,ABCD,46,0.95,adv_cycle,8,0,8,0,0,0,0,8,,,0.0,0.312344,0.878967,0.878967,8,,0,0,8,0
metrics,gated,metrics,ABCD,90,0.26,none,8,0,8,0,0,0,0,8,,,0.0,0.312344,0.004523,0.004523,8,,0,0,8,0
metrics,gated,metrics,ABCD,90,0.26,row_skip_1,8,8,0,0,0,0,8,0,0.0,0.0,,,0.825953,0.010503,8,0.0,14,0,8,10
metrics,gated,metrics,ABCD,90,0.26,row_skip_2,8,8,0,0,0,0,8,0,0.0,0.0,,,0.41655,0.142799,8,0.0,16,0,8,6
metrics,gated,metrics,ABCD,90,0.26,early_full,8,8,0,0,0,0,8,0,0.0,0.0,,,0.64849,0.072392,8,0.0,26,0,8,19
metrics,gated,metrics,ABCD,90,0.26,boundary,8,8,0,0,0,0,8,0,0.0,0.0,,,0.652631,0.049385,8,0.0,11,0,8,5
metrics,gated,metrics,ABCD,90,0.26,short_local,8,8,0,0,0,0,8,0,0.0,0.0,,,0.849343,0.006591,8,0.0,1,0,8,10
metrics,gated,metrics,ABCD,90,0.26,whole_section,8,8,0,0,0,0,8,0,0.0,0.0,,,0.775557,0.015146,8,0.0,12,0,8,15
metrics,gated,metrics,ABCD,90,0.26,anxiety,8,8,0,0,0,0,8,0,0.0,0.0,,,0.745693,0.021242,8,0.0,7,0,8,11
metrics,gated,metrics,ABCD,90,0.26,double_shift,8,8,0,0,0,0,8,0,0.0,0.0,,,0.649318,0.245021,8,0.0,35,0,8,29
metrics,gated,metrics,ABCD,90,0.26,self_corrected,8,8,0,0,0,0,8,0,0.0,0.0,,,0.743576,0.080581,8,0.0,19,0,8,9
metrics,gated,metrics,ABCD,90,0.26,deferred,8,8,0,0,0,0,8,0,0.0,0.0,,,0.845506,0.00672,8,0.0,9,0,8,26
metrics,gated,metrics,ABCD,90,0.26,isolated,8,8,0,0,0,0,8,0,0.0,0.0,,,0.69916,0.134598,8,0.0,2,0,8,2
metrics,gated,metrics,ABCD,90,0.26,scanner_blank_1,8,8,0,0,0,0,8,0,0.0,0.0,,,0.005392,0.875839,8,0.0,20,0,8,14
metrics,gated,metrics,ABCD,90,0.26,scanner_blank_2,8,8,0,0,0,0,8,0,0.0,0.0,,,7.2e-05,0.989484,8,0.0,34,0,8,15
metrics,gated,metrics,ABCD,90,0.26,scanner_row_delete_1,8,8,0,0,0,0,8,0,0.0,0.0,,,0.023654,0.775401,8,0.0,39,0,8,10
metrics,gated,metrics,ABCD,90,0.26,scanner_row_delete_2,8,8,0,0,0,0,8,0,0.0,0.0,,,6e-06,0.995683,8,0.0,27,0,8,24
metrics,gated,metrics,ABCD,90,0.26,scanner_misread_1,8,0,8,0,0,0,0,8,,,0.0,0.312344,0.014133,0.014133,8,,0,0,8,0
metrics,gated,metrics,ABCD,90,0.26,scanner_misread_4,8,0,8,0,0,0,0,8,,,0.0,0.312344,0.00596,0.00596,8,,0,0,8,0
metrics,gated,metrics,ABCD,90,0.26,scanner_faint_1,8,0,8,0,0,0,0,8,,,0.0,0.312344,0.015125,0.015125,8,,0,0,8,0
metrics,gated,metrics,ABCD,90,0.26,scanner_faint_4,8,0,8,0,0,0,0,8,,,0.0,0.312344,0.124425,0.124425,8,,0,0,8,0
metrics,gated,metrics,ABCD,90,0.26,scanner_double_4,8,0,8,0,0,0,0,8,,,0.0,0.312344,0.01094,0.01094,8,,0,0,8,0
metrics,gated,metrics,ABCD,90,0.26,adv_long_runs,8,0,8,0,0,0,0,8,,,0.0,0.312344,0.004148,0.004148,8,,0,0,8,0
metrics,gated,metrics,ABCD,90,0.26,adv_favourite,8,0,8,0,0,0,0,8,,,0.0,0.312344,4e-05,4e-05,8,,0,0,8,0
metrics,gated,metrics,ABCD,90,0.26,adv_easy_block,8,0,8,0,0,0,0,8,,,0.0,0.312344,0.010131,0.010131,8,,0,0,8,0
metrics,gated,metrics,ABCD,90,0.26,adv_key_leakage,8,8,0,0,0,0,8,0,0.0,0.0,,,0.0,1.0,8,0.0,538,0,8,0
metrics,gated,metrics,ABCD,90,0.26,adv_cycle,8,0,8,0,0,0,0,8,,,0.0,0.312344,0.003809,0.003809,8,,0,0,8,0
metrics,gated,metrics,ABCD,90,0.4,none,8,0,8,0,0,0,0,8,,,0.0,0.312344,0.017797,0.017797,8,,0,0,8,0
metrics,gated,metrics,ABCD,90,0.4,row_skip_1,8,8,0,1,0,0,7,0,0.125,0.125,,,0.32723,0.444769,8,0.0,38,0,8,12
metrics,gated,metrics,ABCD,90,0.4,row_skip_2,8,8,0,0,0,0,8,0,0.0,0.0,,,0.430293,0.319019,8,0.0,63,0,8,5
metrics,gated,metrics,ABCD,90,0.4,early_full,8,8,0,2,0,0,6,0,0.25,0.25,,,0.023346,0.858757,8,0.554745,137,76,8,4
metrics,gated,metrics,ABCD,90,0.4,boundary,8,8,0,0,0,0,8,0,0.0,0.0,,,0.649887,0.126472,8,0.0,17,0,8,12
metrics,gated,metrics,ABCD,90,0.4,short_local,8,8,0,0,0,0,8,0,0.0,0.0,,,0.547837,0.154814,8,0.0,12,0,8,4
metrics,gated,metrics,ABCD,90,0.4,whole_section,8,8,0,1,0,0,7,0,0.125,0.125,,,0.37537,0.343691,8,0.080645,62,5,8,0
metrics,gated,metrics,ABCD,90,0.4,anxiety,8,8,0,1,0,0,7,0,0.125,0.125,,,0.397545,0.381583,8,0.0,46,0,8,6
metrics,gated,metrics,ABCD,90,0.4,double_shift,8,8,0,1,0,0,7,0,0.125,0.125,,,0.46998,0.297037,8,0.180328,61,11,8,3
metrics,gated,metrics,ABCD,90,0.4,self_corrected,8,8,0,0,0,0,8,0,0.0,0.0,,,0.620022,0.258154,8,0.0,53,0,8,0
metrics,gated,metrics,ABCD,90,0.4,deferred,8,8,0,1,2,0,5,0,0.125,0.375,,,0.215256,0.593915,8,0.126437,87,11,8,0
metrics,gated,metrics,ABCD,90,0.4,isolated,8,8,0,0,0,0,8,0,0.0,0.0,,,0.90845,0.003188,8,0.0,6,0,8,0
metrics,gated,metrics,ABCD,90,0.4,scanner_blank_1,8,8,0,1,0,0,7,0,0.125,0.125,,,0.002708,0.930196,8,0.351351,37,13,8,4
metrics,gated,metrics,ABCD,90,0.4,scanner_blank_2,8,8,0,0,0,0,8,0,0.0,0.0,,,9e-06,0.996437,8,0.0,32,0,8,5
metrics,gated,metrics,ABCD,90,0.4,scanner_row_delete_1,8,8,0,0,0,0,8,0,0.0,0.0,,,0.026393,0.795789,8,0.0,49,0,8,9
metrics,gated,metrics,ABCD,90,0.4,scanner_row_delete_2,8,8,0,0,0,0,8,0,0.0,0.0,,,0.000666,0.975126,8,0.0,48,0,8,0
metrics,gated,metrics,ABCD,90,0.4,scanner_misread_1,8,0,8,0,0,0,0,8,,,0.0,0.312344,0.029151,0.029151,8,,0,0,8,0
metrics,gated,metrics,ABCD,90,0.4,scanner_misread_4,8,0,8,0,0,0,0,8,,,0.0,0.312344,0.008915,0.008915,8,,0,0,8,0
metrics,gated,metrics,ABCD,90,0.4,scanner_faint_1,8,0,8,0,0,0,0,8,,,0.0,0.312344,0.120742,0.120742,8,,0,0,8,0
metrics,gated,metrics,ABCD,90,0.4,scanner_faint_4,8,0,8,0,0,0,0,8,,,0.0,0.312344,0.033462,0.033462,8,,0,0,8,0
metrics,gated,metrics,ABCD,90,0.4,scanner_double_4,8,0,8,0,0,0,0,8,,,0.0,0.312344,0.033508,0.033508,8,,0,0,8,0
metrics,gated,metrics,ABCD,90,0.4,adv_long_runs,8,0,8,0,0,0,0,8,,,0.0,0.312344,0.0162,0.0162,8,,0,0,8,0
metrics,gated,metrics,ABCD,90,0.4,adv_favourite,8,0,8,0,0,0,0,8,,,0.0,0.312344,2.3e-05,2.3e-05,8,,0,0,8,0
metrics,gated,metrics,ABCD,90,0.4,adv_easy_block,8,0,8,0,0,0,0,8,,,0.0,0.312344,0.060686,0.060686,8,,0,0,8,0
metrics,gated,metrics,ABCD,90,0.4,adv_key_leakage,8,8,0,0,4,0,4,0,0.0,0.5,,,0.0,1.0,8,0.482422,512,247,8,0
metrics,gated,metrics,ABCD,90,0.4,adv_cycle,8,0,8,0,0,0,0,8,,,0.0,0.312344,0.08645,0.08645,8,,0,0,8,0
metrics,gated,metrics,ABCD,90,0.55,none,8,0,8,0,0,0,0,8,,,0.0,0.312344,0.090076,0.090076,8,,0,0,8,0
metrics,gated,metrics,ABCD,90,0.55,row_skip_1,8,8,0,3,0,0,5,0,0.375,0.375,,,0.317151,0.488029,8,0.511905,84,43,8,0
metrics,gated,metrics,ABCD,90,0.55,row_skip_2,8,8,0,0,0,0,8,0,0.0,0.0,,,0.118391,0.758765,8,0.0,63,0,8,1
metrics,gated,metrics,ABCD,90,0.55,early_full,8,8,0,5,0,0,3,0,0.625,0.625,,,0.002069,0.960743,8,0.524064,187,98,8,0
metrics,gated,metrics,ABCD,90,0.55,boundary,8,8,0,3,0,0,5,0,0.375,0.375,,,0.177982,0.69525,8,0.698413,63,44,8,4
metrics,gated,metrics,ABCD,90,0.55,short_local,8,8,0,0,0,0,8,0,0.0,0.0,,,0.767057,0.091571,8,0.0,11,0,8,2
metrics,gated,metrics,ABCD,90,0.55,whole_section,8,8,0,2,1,0,5,0,0.25,0.375,,,0.113039,0.793095,8,0.385417,96,37,8,0
metrics,gated,metrics,ABCD,90,0.55,anxiety,8,8,0,3,0,0,5,0,0.375,0.375,,,0.045321,0.799656,8,0.4,65,26,8,4
metrics,gated,metrics,ABCD,90,0.55,double_shift,8,8,0,2,3,0,3,0,0.25,0.625,,,0.103997,0.853817,8,0.290541,148,43,8,0
metrics,gated,metrics,ABCD,90,0.55,self_corrected,8,8,0,1,1,0,6,0,0.125,0.25,,,0.193135,0.573632,8,0.341463,41,14,8,1
metrics,gated,metrics,ABCD,90,0.55,deferred,8,8,0,1,3,0,4,0,0.125,0.5,,,0.110266,0.685225,8,0.524752,101,53,8,3
metrics,gated,metrics,ABCD,90,0.55,isolated,8,8,0,0,0,0,8,0,0.0,0.0,,,0.884389,0.010715,8,0.0,6,0,8,0
metrics,gated,metrics,ABCD,90,0.55,scanner_blank_1,8,8,0,0,0,0,8,0,0.0,0.0,,,0.039093,0.842378,8,0.0,62,0,8,1
metrics,gated,metrics,ABCD,90,0.55,scanner_blank_2,8,8,0,0,0,0,8,0,0.0,0.0,,,1.8e-05,0.996489,8,0.0,51,0,8,5
metrics,gated,metrics,ABCD,90,0.55,scanner_row_delete_1,8,8,0,0,3,0,5,0,0.0,0.375,,,0.143298,0.751822,8,0.826087,69,57,8,17
metrics,gated,metrics,ABCD,90,0.55,scanner_row_delete_2,8,8,0,0,1,0,7,0,0.0,0.125,,,0.0,0.999046,8,0.2,55,11,8,2
metrics,gated,metrics,ABCD,90,0.55,scanner_misread_1,8,0,8,0,0,0,0,8,,,0.0,0.312344,0.115224,0.115224,8,,0,0,8,0
metrics,gated,metrics,ABCD,90,0.55,scanner_misread_4,8,0,8,0,0,0,0,8,,,0.0,0.312344,0.024628,0.024628,8,,0,0,8,0
metrics,gated,metrics,ABCD,90,0.55,scanner_faint_1,8,0,8,0,0,0,0,8,,,0.0,0.312344,0.127869,0.127869,8,,0,0,8,0
metrics,gated,metrics,ABCD,90,0.55,scanner_faint_4,8,0,8,0,0,0,0,8,,,0.0,0.312344,0.118339,0.118339,8,,0,0,8,0
metrics,gated,metrics,ABCD,90,0.55,scanner_double_4,8,0,8,0,0,0,0,8,,,0.0,0.312344,0.0089,0.0089,8,,0,0,8,0
metrics,gated,metrics,ABCD,90,0.55,adv_long_runs,8,0,8,0,0,0,0,8,,,0.0,0.312344,0.056348,0.056348,8,,0,0,8,0
metrics,gated,metrics,ABCD,90,0.55,adv_favourite,8,0,8,0,0,0,0,8,,,0.0,0.312344,2.7e-05,2.7e-05,8,,0,0,8,0
metrics,gated,metrics,ABCD,90,0.55,adv_easy_block,8,0,8,0,0,0,0,8,,,0.0,0.312344,0.2588,0.2588,8,,0,0,8,0
metrics,gated,metrics,ABCD,90,0.55,adv_key_leakage,8,8,0,0,6,0,2,0,0.0,0.75,,,0.0,1.0,8,0.724138,522,378,8,0
metrics,gated,metrics,ABCD,90,0.55,adv_cycle,8,0,8,0,0,0,0,8,,,0.0,0.312344,0.370817,0.370817,8,,0,0,8,0
metrics,gated,metrics,ABCD,90,0.7,none,8,0,8,0,0,0,0,8,,,0.0,0.312344,0.111307,0.111307,8,,0,0,8,0
metrics,gated,metrics,ABCD,90,0.7,row_skip_1,8,8,0,4,0,0,4,0,0.5,0.5,,,0.098304,0.840403,8,0.747748,111,83,8,6
metrics,gated,metrics,ABCD,90,0.7,row_skip_2,8,8,0,0,0,0,8,0,0.0,0.0,,,0.047399,0.893041,8,0.0,166,0,8,0
metrics,gated,metrics,ABCD,90,0.7,early_full,8,8,0,6,0,0,2,0,0.75,0.75,,,0.076664,0.880878,8,0.731818,220,161,8,4
metrics,gated,metrics,ABCD,90,0.7,boundary,8,8,0,2,0,0,6,0,0.25,0.25,,,0.150016,0.766557,8,0.363636,55,20,8,2
metrics,gated,metrics,ABCD,90,0.7,short_local,8,8,0,1,0,0,7,0,0.125,0.125,,,0.477371,0.406136,8,0.2,20,4,8,1
metrics,gated,metrics,ABCD,90,0.7,whole_section,8,8,0,4,0,0,4,0,0.5,0.5,,,0.127253,0.797664,8,0.774648,71,55,8,5
metrics,gated,metrics,ABCD,90,0.7,anxiety,8,8,0,5,1,0,2,0,0.625,0.75,,,0.064742,0.884822,8,0.75625,160,121,8,0
metrics,gated,metrics,ABCD,90,0.7,double_shift,8,8,0,2,1,0,5,0,0.25,0.375,,,0.108044,0.790257,8,0.286667,150,43,8,13
metrics,gated,metrics,ABCD,90,0.7,self_corrected,8,8,0,4,1,0,3,0,0.5,0.625,,,0.183861,0.746685,8,0.56,75,42,8,0
metrics,gated,metrics,ABCD,90,0.7,deferred,8,8,0,3,1,0,4,0,0.375,0.5,,,0.073227,0.810147,8,0.644628,121,78,8,5
metrics,gated,metrics,ABCD,90,0.7,isolated,8,8,0,0,0,0,8,0,0.0,0.0,,,0.854166,0.031361,8,0.0,4,0,8,1
metrics,gated,metrics,ABCD,90,0.7,scanner_blank_1,8,8,0,3,0,0,5,0,0.375,0.375,,,9.6e-05,0.9891,8,0.657895,76,50,8,3
metrics,gated,metrics,ABCD,90,0.7,scanner_blank_2,8,8,0,0,0,0,8,0,0.0,0.0,,,0.0,0.999981,8,0.0,119,0,8,0
metrics,gated,metrics,ABCD,90,0.7,scanner_row_delete_1,8,8,0,2,2,0,4,0,0.25,0.5,,,0.062931,0.881342,8,0.777778,126,98,8,0
metrics,gated,metrics,ABCD,90,0.7,scanner_row_delete_2,8,8,0,0,0,0,8,0,0.0,0.0,,,0.000857,0.979644,8,0.0,203,0,8,0
metrics,gated,metrics,ABCD,90,0.7,scanner_misread_1,8,0,8,0,0,0,0,8,,,0.0,0.312344,0.074098,0.074098,8,,0,0,8,0
metrics,gated,metrics,ABCD,90,0.7,scanner_misread_4,8,0,8,0,0,0,0,8,,,0.0,0.312344,0.087044,0.087044,8,,0,0,8,0
metrics,gated,metrics,ABCD,90,0.7,scanner_faint_1,8,0,8,0,0,0,0,8,,,0.0,0.312344,0.046096,0.046096,8,,0,0,8,0
metrics,gated,metrics,ABCD,90,0.7,scanner_faint_4,8,0,8,0,0,0,0,8,,,0.0,0.312344,0.013457,0.013457,8,,0,0,8,0
metrics,gated,metrics,ABCD,90,0.7,scanner_double_4,8,0,8,0,0,0,0,8,,,0.0,0.312344,0.211937,0.211937,8,,0,0,8,0
metrics,gated,metrics,ABCD,90,0.7,adv_long_runs,8,0,8,0,0,0,0,8,,,0.0,0.312344,0.161764,0.161764,8,,0,0,8,0
metrics,gated,metrics,ABCD,90,0.7,adv_favourite,8,0,8,0,0,0,0,8,,,0.0,0.312344,4.1e-05,4.1e-05,8,,0,0,8,0
metrics,gated,metrics,ABCD,90,0.7,adv_easy_block,8,0,8,0,0,0,0,8,,,0.0,0.312344,0.844932,0.844932,8,,0,0,8,0
metrics,gated,metrics,ABCD,90,0.7,adv_key_leakage,8,8,0,0,7,0,1,0,0.0,0.875,,,0.0,1.0,8,0.840149,538,452,8,0
metrics,gated,metrics,ABCD,90,0.7,adv_cycle,8,0,8,0,0,0,0,8,,,0.0,0.312344,0.615681,0.615681,8,,0,0,8,0
metrics,gated,metrics,ABCD,90,0.85,none,8,0,8,0,0,0,0,8,,,0.0,0.312344,0.000216,0.000216,8,,0,0,8,0
metrics,gated,metrics,ABCD,90,0.85,row_skip_1,8,8,0,6,0,0,2,0,0.75,0.75,,,0.109697,0.875346,8,0.925532,188,174,8,0
metrics,gated,metrics,ABCD,90,0.85,row_skip_2,8,8,0,0,0,0,8,0,0.0,0.0,,,0.094975,0.876466,8,0.0,133,0,8,0
metrics,gated,metrics,ABCD,90,0.85,early_full,8,8,0,8,0,0,0,0,1.0,1.0,,,0.0,1.0,8,0.95393,369,352,8,2
metrics,gated,metrics,ABCD,90,0.85,boundary,8,8,0,2,0,0,6,0,0.25,0.25,,,0.22088,0.749161,8,0.661017,59,39,8,1
metrics,gated,metrics,ABCD,90,0.85,short_local,8,8,0,1,0,0,7,0,0.125,0.125,,,0.434894,0.410138,8,0.210526,19,4,8,0
metrics,gated,metrics,ABCD,90,0.85,whole_section,8,8,0,5,0,0,3,0,0.625,0.625,,,2.1e-05,0.996813,8,0.619048,189,117,8,1
metrics,gated,metrics,ABCD,90,0.85,anxiety,8,8,0,4,1,0,3,0,0.5,0.625,,,2e-06,0.999009,8,0.818182,154,126,8,2
metrics,gated,metrics,ABCD,90,0.85,double_shift,8,8,0,2,2,0,4,0,0.25,0.5,,,0.003195,0.963224,8,0.396154,260,103,8,2
metrics,gated,metrics,ABCD,90,0.85,self_corrected,8,8,0,6,0,0,2,0,0.75,0.75,,,0.006931,0.943429,8,0.760563,71,54,8,0
metrics,gated,metrics,ABCD,90,0.85,deferred,8,8,0,3,2,0,3,0,0.375,0.625,,,0.0,0.999857,8,0.697842,139,97,8,0
metrics,gated,metrics,ABCD,90,0.85,isolated,8,8,0,0,0,0,8,0,0.0,0.0,,,0.982396,0.000166,8,0.0,7,0,8,1
metrics,gated,metrics,ABCD,90,0.85,scanner_blank_1,8,8,0,6,0,0,2,0,0.75,0.75,,,0.038454,0.8447,8,0.969697,132,128,8,1
metrics,gated,metrics,ABCD,90,0.85,scanner_blank_2,8,8,0,0,0,0,8,0,0.0,0.0,,,0.0,1.0,8,0.0,119,0,8,0
metrics,gated,metrics,ABCD,90,0.85,scanner_row_delete_1,8,8,0,5,0,0,3,0,0.625,0.625,,,0.034282,0.903358,8,0.769737,152,117,8,4
metrics,gated,metrics,ABCD,90,0.85,scanner_row_delete_2,8,8,0,2,1,0,5,0,0.25,0.375,,,0.0,0.999937,8,0.267857,168,45,8,4
metrics,gated,metrics,ABCD,90,0.85,scanner_misread_1,8,0,8,0,0,0,0,8,,,0.0,0.312344,0.015742,0.015742,8,,0,0,8,0
metrics,gated,metrics,ABCD,90,0.85,scanner_misread_4,8,0,8,0,0,0,0,8,,,0.0,0.312344,0.239765,0.239765,8,,0,0,8,0
metrics,gated,metrics,ABCD,90,0.85,scanner_faint_1,8,0,8,0,0,0,0,8,,,0.0,0.312344,0.205103,0.205103,8,,0,0,8,0
metrics,gated,metrics,ABCD,90,0.85,scanner_faint_4,8,0,8,0,0,0,0,8,,,0.0,0.312344,0.166825,0.166825,8,,0,0,8,0
metrics,gated,metrics,ABCD,90,0.85,scanner_double_4,8,0,8,0,0,0,0,8,,,0.0,0.312344,0.366983,0.366983,8,,0,0,8,0
metrics,gated,metrics,ABCD,90,0.85,adv_long_runs,8,0,8,0,0,0,0,8,,,0.0,0.312344,0.376237,0.376237,8,,0,0,8,0
metrics,gated,metrics,ABCD,90,0.85,adv_favourite,8,0,8,0,0,0,0,8,,,0.0,0.312344,5.5e-05,5.5e-05,8,,0,0,8,0
metrics,gated,metrics,ABCD,90,0.85,adv_easy_block,8,0,8,0,0,0,0,8,,,0.0,0.312344,0.5993,0.5993,8,,0,0,8,0
metrics,gated,metrics,ABCD,90,0.85,adv_key_leakage,8,8,0,0,6,0,2,0,0.0,0.75,,,0.0,1.0,8,0.730129,541,395,8,0
metrics,gated,metrics,ABCD,90,0.85,adv_cycle,8,0,8,0,0,0,0,8,,,0.0,0.312344,0.586255,0.586255,8,,0,0,8,0
metrics,gated,metrics,ABCD,90,0.95,none,8,0,8,0,0,0,0,8,,,0.0,0.312344,0.293254,0.293254,8,,0,0,8,0
metrics,gated,metrics,ABCD,90,0.95,row_skip_1,8,8,0,4,0,0,4,0,0.5,0.5,,,0.064726,0.881546,8,0.902326,215,194,8,0
metrics,gated,metrics,ABCD,90,0.95,row_skip_2,8,8,0,0,0,0,8,0,0.0,0.0,,,0.0,0.999904,8,0.0,253,0,8,0
metrics,gated,metrics,ABCD,90,0.95,early_full,8,8,0,5,0,0,3,0,0.625,0.625,,,0.0,1.0,8,0.749361,391,293,8,0
metrics,gated,metrics,ABCD,90,0.95,boundary,8,8,0,3,0,0,5,0,0.375,0.375,,,0.075899,0.879937,8,0.77551,98,76,8,1
metrics,gated,metrics,ABCD,90,0.95,short_local,8,8,0,1,0,0,7,0,0.125,0.125,,,0.099817,0.842936,8,0.1875,32,6,8,0
metrics,gated,metrics,ABCD,90,0.95,whole_section,8,8,0,7,0,0,1,0,0.875,0.875,,,0.0,0.999976,8,0.939394,198,186,8,0
metrics,gated,metrics,ABCD,90,0.95,anxiety,8,8,0,2,1,0,5,0,0.25,0.375,,,0.073334,0.870941,8,0.716495,194,139,8,3
metrics,gated,metrics,ABCD,90,0.95,double_shift,8,8,0,2,0,0,6,0,0.25,0.25,,,4.1e-05,0.995403,8,0.245536,224,55,8,10
metrics,gated,metrics,ABCD,90,0.95,self_corrected,8,8,0,5,0,0,3,0,0.625,0.625,,,3e-06,0.998797,8,0.647887,71,46,8,0
metrics,gated,metrics,ABCD,90,0.95,deferred,8,8,0,7,1,0,0,0,0.875,1.0,,,0.0,1.0,8,0.916,250,229,8,0
metrics,gated,metrics,ABCD,90,0.95,isolated,8,8,0,0,0,0,8,0,0.0,0.0,,,0.839209,0.122788,8,0.0,8,0,8,0
metrics,gated,metrics,ABCD,90,0.95,scanner_blank_1,8,8,0,7,0,0,1,0,0.875,0.875,,,0.0,0.999945,8,0.983193,238,234,8,0
metrics,gated,metrics,ABCD,90,0.95,scanner_blank_2,8,8,0,0,0,0,8,0,0.0,0.0,,,0.0,1.0,8,0.0,270,0,8,0
metrics,gated,metrics,ABCD,90,0.95,scanner_row_delete_1,8,8,0,5,0,0,3,0,0.625,0.625,,,0.0,0.999789,8,0.859155,142,122,8,0
metrics,gated,metrics,ABCD,90,0.95,scanner_row_delete_2,8,8,0,1,0,0,7,0,0.125,0.125,,,0.0,0.999993,8,0.293578,109,32,8,2
metrics,gated,metrics,ABCD,90,0.95,scanner_misread_1,8,0,8,0,0,0,0,8,,,0.0,0.312344,0.00086,0.00086,8,,0,0,8,0
metrics,gated,metrics,ABCD,90,0.95,scanner_misread_4,8,0,8,0,0,0,0,8,,,0.0,0.312344,0.051271,0.051271,8,,0,0,8,0
metrics,gated,metrics,ABCD,90,0.95,scanner_faint_1,8,0,8,0,0,0,0,8,,,0.0,0.312344,0.246165,0.246165,8,,0,0,8,0
metrics,gated,metrics,ABCD,90,0.95,scanner_faint_4,8,0,8,0,0,0,0,8,,,0.0,0.312344,0.437905,0.437905,8,,0,0,8,0
metrics,gated,metrics,ABCD,90,0.95,scanner_double_4,8,0,8,0,0,0,0,8,,,0.0,0.312344,0.253098,0.253098,8,,0,0,8,0
metrics,gated,metrics,ABCD,90,0.95,adv_long_runs,8,0,8,0,0,0,0,8,,,0.0,0.312344,0.069132,0.069132,8,,0,0,8,0
metrics,gated,metrics,ABCD,90,0.95,adv_favourite,8,0,8,0,0,0,0,8,,,0.0,0.312344,8.9e-05,8.9e-05,8,,0,0,8,0
metrics,gated,metrics,ABCD,90,0.95,adv_easy_block,8,0,8,0,0,0,0,8,,,0.0,0.312344,0.840294,0.840294,8,,0,0,8,0
metrics,gated,metrics,ABCD,90,0.95,adv_key_leakage,8,8,0,0,5,0,3,0,0.0,0.625,,,0.0,1.0,8,0.595376,519,309,8,0
metrics,gated,metrics,ABCD,90,0.95,adv_cycle,8,0,8,0,0,0,0,8,,,0.0,0.312344,0.909118,0.909118,8,,0,0,8,0
metrics,gated,metrics,ABCD,100,0.26,none,8,0,8,0,0,0,0,8,,,0.0,0.312344,0.011031,0.011031,8,,0,0,8,0
metrics,gated,metrics,ABCD,100,0.26,row_skip_1,8,8,0,0,0,0,8,0,0.0,0.0,,,0.589237,0.064092,8,0.0,32,0,8,8
metrics,gated,metrics,ABCD,100,0.26,row_skip_2,8,8,0,0,0,0,8,0,0.0,0.0,,,0.365871,0.192587,8,0.0,26,0,8,11
metrics,gated,metrics,ABCD,100,0.26,early_full,8,8,0,1,0,0,7,0,0.125,0.125,,,0.523698,0.177091,8,0.644068,59,38,8,17
metrics,gated,metrics,ABCD,100,0.26,boundary,8,8,0,0,0,0,8,0,0.0,0.0,,,0.495462,0.208353,8,0.0,43,0,8,2
metrics,gated,metrics,ABCD,100,0.26,short_local,8,8,0,0,0,0,8,0,0.0,0.0,,,0.809087,0.011627,8,0.0,8,0,8,6
metrics,gated,metrics,ABCD,100,0.26,whole_section,8,8,0,0,0,0,8,0,0.0,0.0,,,0.616977,0.092238,8,0.0,15,0,8,13
metrics,gated,metrics,ABCD,100,0.26,anxiety,8,8,0,0,0,0,8,0,0.0,0.0,,,0.537128,0.180537,8,0.0,36,0,8,3
metrics,gated,metrics,ABCD,100,0.26,double_shift,8,8,0,0,0,0,8,0,0.0,0.0,,,0.829585,0.010053,8,0.0,24,0,8,35
metrics,gated,metrics,ABCD,100,0.26,self_corrected,8,8,0,0,0,0,8,0,0.0,0.0,,,0.798185,0.012273,8,0.0,13,0,8,3
metrics,gated,metrics,ABCD,100,0.26,deferred,8,8,0,0,0,0,8,0,0.0,0.0,,,0.694887,0.04523,8,0.0,40,0,8,0
metrics,gated,metrics,ABCD,100,0.26,isolated,8,8,0,0,0,0,8,0,0.0,0.0,,,0.842328,0.008467,8,,0,0,8,4
metrics,gated,metrics,ABCD,100,0.26,scanner_blank_1,8,8,0,1,0,0,7,0,0.125,0.125,,,0.005933,0.883018,8,0.038462,26,1,8,22
metrics,gated,metrics,ABCD,100,0.26,scanner_blank_2,8,8,0,0,0,0,8,0,0.0,0.0,,,7e-05,0.989937,8,0.0,12,0,8,13
metrics,gated,metrics,ABCD,100,0.26,scanner_row_delete_1,8,8,0,0,0,0,8,0,0.0,0.0,,,0.026402,0.735072,8,0.0,10,0,8,16
metrics,gated,metrics,ABCD,100,0.26,scanner_row_delete_2,8,8,0,0,0,0,8,0,0.0,0.0,,,3e-06,0.997055,8,0.0,27,0,8,0
metrics,gated,metrics,ABCD,100,0.26,scanner_misread_1,8,0,8,0,0,0,0,8,,,0.0,0.312344,0.010808,0.010808,8,,0,0,8,0
metrics,gated,metrics,ABCD,100,0.26,scanner_misread_4,8,0,8,0,0,0,0,8,,,0.0,0.312344,0.012869,0.012869,8,,0,0,8,0
metrics,gated,metrics,ABCD,100,0.26,scanner_faint_1,8,0,8,0,0,0,0,8,,,0.0,0.312344,0.085588,0.085588,8,,0,0,8,0
metrics,gated,metrics,ABCD,100,0.26,scanner_faint_4,8,0,8,0,0,0,0,8,,,0.0,0.312344,0.239042,0.239042,8,,0,0,8,0
metrics,gated,metrics,ABCD,100,0.26,scanner_double_4,8,0,8,0,0,0,0,8,,,0.0,0.312344,0.008407,0.008407,8,,0,0,8,0
metrics,gated,metrics,ABCD,100,0.26,adv_long_runs,8,0,8,0,0,0,0,8,,,0.0,0.312344,0.008213,0.008213,8,,0,0,8,0
metrics,gated,metrics,ABCD,100,0.26,adv_favourite,8,0,8,0,0,0,0,8,,,0.0,0.312344,3.6e-05,3.6e-05,8,,0,0,8,0
metrics,gated,metrics,ABCD,100,0.26,adv_easy_block,8,0,8,0,0,0,0,8,,,0.0,0.312344,0.208617,0.208617,8,,0,0,8,0
metrics,gated,metrics,ABCD,100,0.26,adv_key_leakage,8,8,0,1,3,0,4,0,0.125,0.5,,,0.0,1.0,8,0.473595,587,278,8,0
metrics,gated,metrics,ABCD,100,0.26,adv_cycle,8,0,8,0,0,0,0,8,,,0.0,0.312344,0.005943,0.005943,8,,0,0,8,0
metrics,gated,metrics,ABCD,100,0.4,none,8,0,8,0,0,0,0,8,,,0.0,0.312344,0.12,0.12,8,,0,0,8,0
metrics,gated,metrics,ABCD,100,0.4,row_skip_1,8,8,0,1,0,0,7,0,0.125,0.125,,,0.296608,0.426248,8,0.063492,63,4,8,8
metrics,gated,metrics,ABCD,100,0.4,row_skip_2,8,8,0,0,0,0,8,0,0.0,0.0,,,0.161108,0.467975,8,0.0,28,0,8,32
metrics,gated,metrics,ABCD,100,0.4,early_full,8,8,0,2,0,0,6,0,0.25,0.25,,,0.302074,0.436994,8,0.315217,92,29,8,17
metrics,gated,metrics,ABCD,100,0.4,boundary,8,8,0,1,0,0,7,0,0.125,0.125,,,0.420293,0.406957,8,0.186441,59,11,8,12
metrics,gated,metrics,ABCD,100,0.4,short_local,8,8,0,0,0,0,8,0,0.0,0.0,,,0.810157,0.017873,8,0.0,11,0,8,5
metrics,gated,metrics,ABCD,100,0.4,whole_section,8,8,0,2,0,0,6,0,0.25,0.25,,,0.288178,0.430735,8,0.2,65,13,8,0
metrics,gated,metrics,ABCD,100,0.4,anxiety,8,8,0,0,1,0,7,0,0.0,0.125,,,0.421588,0.268436,8,0.0,34,0,8,21
metrics,gated,metrics,ABCD,100,0.4,double_shift,8,8,0,0,0,0,8,0,0.0,0.0,,,0.498146,0.241189,8,0.0,50,0,8,8
metrics,gated,metrics,ABCD,100,0.4,self_corrected,8,8,0,2,0,0,6,0,0.25,0.25,,,0.430734,0.402309,8,0.545455,33,18,8,1
metrics,gated,metrics,ABCD,100,0.4,deferred,8,8,0,0,0,0,8,0,0.0,0.0,,,0.74754,0.020836,8,0.0,34,0,8,4
metrics,gated,metrics,ABCD,100,0.4,isolated,8,8,0,0,0,0,8,0,0.0,0.0,,,0.700804,0.116389,8,0.0,5,0,8,2
metrics,gated,metrics,ABCD,100,0.4,scanner_blank_1,8,8,0,2,0,0,6,0,0.25,0.25,,,0.018734,0.881034,8,0.648649,74,48,8,7
metrics,gated,metrics,ABCD,100,0.4,scanner_blank_2,8,8,0,4,0,0,4,0,0.5,0.5,,,1e-06,0.999246,8,0.409639,83,34,8,1
metrics,gated,metrics,ABCD,100,0.4,scanner_row_delete_1,8,8,0,0,1,0,7,0,0.0,0.125,,,0.070227,0.681414,8,0.159091,44,7,8,16
metrics,gated,metrics,ABCD,100,0.4,scanner_row_delete_2,8,8,0,0,0,0,8,0,0.0,0.0,,,4.7e-05,0.992962,8,0.0,43,0,8,7
metrics,gated,metrics,ABCD,100,0.4,scanner_misread_1,8,0,8,0,0,0,0,8,,,0.0,0.312344,0.00282,0.00282,8,,0,0,8,0
metrics,gated,metrics,ABCD,100,0.4,scanner_misread_4,8,0,8,0,0,0,0,8,,,0.0,0.312344,0.004245,0.004245,8,,0,0,8,0
metrics,gated,metrics,ABCD,100,0.4,scanner_faint_1,8,0,8,0,0,0,0,8,,,0.0,0.312344,0.163495,0.163495,8,,0,0,8,0
metrics,gated,metrics,ABCD,100,0.4,scanner_faint_4,8,0,8,0,0,0,0,8,,,0.0,0.312344,0.167347,0.167347,8,,0,0,8,0
metrics,gated,metrics,ABCD,100,0.4,scanner_double_4,8,0,8,0,0,0,0,8,,,0.0,0.312344,0.00159,0.00159,8,,0,0,8,0
metrics,gated,metrics,ABCD,100,0.4,adv_long_runs,8,0,8,0,0,0,0,8,,,0.0,0.312344,0.01762,0.01762,8,,0,0,8,0
metrics,gated,metrics,ABCD,100,0.4,adv_favourite,8,0,8,0,0,0,0,8,,,0.0,0.312344,2.5e-05,2.5e-05,8,,0,0,8,0
metrics,gated,metrics,ABCD,100,0.4,adv_easy_block,8,0,8,0,0,0,0,8,,,0.0,0.312344,0.534793,0.534793,8,,0,0,8,0
metrics,gated,metrics,ABCD,100,0.4,adv_key_leakage,8,8,0,0,3,0,5,0,0.0,0.375,,,0.0,1.0,8,0.345324,556,192,8,0
metrics,gated,metrics,ABCD,100,0.4,adv_cycle,8,0,8,0,0,0,0,8,,,0.0,0.312344,0.228407,0.228407,8,,0,0,8,0
metrics,gated,metrics,ABCD,100,0.55,none,8,0,8,0,0,0,0,8,,,0.0,0.312344,0.001754,0.001754,8,,0,0,8,0
metrics,gated,metrics,ABCD,100,0.55,row_skip_1,8,8,0,2,0,0,6,0,0.25,0.25,,,0.39491,0.43815,8,0.423077,52,22,8,4
metrics,gated,metrics,ABCD,100,0.55,row_skip_2,8,8,0,0,0,0,8,0,0.0,0.0,,,0.050772,0.840166,8,0.0,110,0,8,0
metrics,gated,metrics,ABCD,100,0.55,early_full,8,8,0,4,2,0,2,0,0.5,0.75,,,0.029972,0.881874,8,0.701987,151,106,8,10
metrics,gated,metrics,ABCD,100,0.55,boundary,8,8,0,2,0,0,6,0,0.25,0.25,,,0.304008,0.527908,8,0.423077,52,22,8,4
metrics,gated,metrics,ABCD,100,0.55,short_local,8,8,0,0,0,0,8,0,0.0,0.0,,,0.779197,0.047097,8,0.0,27,0,8,2
metrics,gated,metrics,ABCD,100,0.55,whole_section,8,8,0,4,0,0,4,0,0.5,0.5,,,0.229955,0.63207,8,0.551724,58,32,8,5
metrics,gated,metrics,ABCD,100,0.55,anxiety,8,8,0,2,0,0,6,0,0.25,0.25,,,0.270311,0.539087,8,0.513889,72,37,8,11
metrics,gated,metrics,ABCD,100,0.55,double_shift,8,8,0,3,1,0,4,0,0.375,0.5,,,0.035279,0.837607,8,0.234286,175,41,8,2
metrics,gated,metrics,ABCD,100,0.55,self_corrected,8,8,0,1,1,0,6,0,0.125,0.25,,,0.405656,0.421993,8,0.179487,39,7,8,1
metrics,gated,metrics,ABCD,100,0.55,deferred,8,8,0,1,1,0,6,0,0.125,0.25,,,0.313762,0.517366,8,0.210526,76,16,8,0
metrics,gated,metrics,ABCD,100,0.55,isolated,8,8,0,0,0,0,8,0,0.0,0.0,,,0.780605,0.090046,8,0.0,1,0,8,1
metrics,gated,metrics,ABCD,100,0.55,scanner_blank_1,8,8,0,5,0,0,3,0,0.625,0.625,,,0.003275,0.957747,8,0.721154,104,75,8,4
metrics,gated,metrics,ABCD,100,0.55,scanner_blank_2,8,8,0,1,0,0,7,0,0.125,0.125,,,4.7e-05,0.993239,8,0.5,50,25,8,2
metrics,gated,metrics,ABCD,100,0.55,scanner_row_delete_1,8,8,0,2,1,0,5,0,0.25,0.375,,,0.132255,0.654474,8,0.68254,63,43,8,17
metrics,gated,metrics,ABCD,100,0.55,scanner_row_delete_2,8,8,0,0,1,0,7,0,0.0,0.125,,,1.2e-05,0.996219,8,0.236559,93,22,8,5
metrics,gated,metrics,ABCD,100,0.55,scanner_misread_1,8,0,8,0,0,0,0,8,,,0.0,0.312344,0.010601,0.010601,8,,0,0,8,0
metrics,gated,metrics,ABCD,100,0.55,scanner_misread_4,8,0,8,0,0,0,0,8,,,0.0,0.312344,0.057902,0.057902,8,,0,0,8,0
metrics,gated,metrics,ABCD,100,0.55,scanner_faint_1,8,0,8,0,0,0,0,8,,,0.0,0.312344,0.080788,0.080788,8,,0,0,8,0
metrics,gated,metrics,ABCD,100,0.55,scanner_faint_4,8,0,8,0,0,0,0,8,,,0.0,0.312344,0.237983,0.237983,8,,0,0,8,0
metrics,gated,metrics,ABCD,100,0.55,scanner_double_4,8,0,8,0,0,0,0,8,,,0.0,0.312344,0.003868,0.003868,8,,0,0,8,0
metrics,gated,metrics,ABCD,100,0.55,adv_long_runs,8,0,8,0,0,0,0,8,,,0.0,0.312344,0.037234,0.037234,8,,0,0,8,0
metrics,gated,metrics,ABCD,100,0.55,adv_favourite,8,0,8,0,0,0,0,8,,,0.0,0.312344,2.9e-05,2.9e-05,8,,0,0,8,0
metrics,gated,metrics,ABCD,100,0.55,adv_easy_block,8,0,8,0,0,0,0,8,,,0.0,0.312344,0.567998,0.567998,8,,0,0,8,0
metrics,gated,metrics,ABCD,100,0.55,adv_key_leakage,8,8,0,0,6,0,2,0,0.0,0.75,,,0.0,1.0,8,0.70068,588,412,8,0
metrics,gated,metrics,ABCD,100,0.55,adv_cycle,8,0,8,0,0,0,0,8,,,0.0,0.312344,0.608015,0.608015,8,,0,0,8,0
metrics,gated,metrics,ABCD,100,0.7,none,8,0,8,0,0,0,0,8,,,0.0,0.312344,0.186482,0.186482,8,,0,0,8,0
metrics,gated,metrics,ABCD,100,0.7,row_skip_1,8,8,0,3,0,0,5,0,0.375,0.375,,,0.000482,0.979816,8,0.474747,99,47,8,0
metrics,gated,metrics,ABCD,100,0.7,row_skip_2,8,8,0,3,0,0,5,0,0.375,0.375,,,0.000136,0.989345,8,0.255319,94,24,8,3
metrics,gated,metrics,ABCD,100,0.7,early_full,8,8,0,5,0,0,3,0,0.625,0.625,,,9.7e-05,0.992373,8,0.829876,241,200,8,0
metrics,gated,metrics,ABCD,100,0.7,boundary,8,8,0,2,0,0,6,0,0.25,0.25,,,0.034172,0.850994,8,0.595238,84,50,8,0
metrics,gated,metrics,ABCD,100,0.7,short_local,8,8,0,0,0,0,8,0,0.0,0.0,,,0.568796,0.249768,8,0.0,7,0,8,2
metrics,gated,metrics,ABCD,100,0.7,whole_section,8,8,0,3,0,0,5,0,0.375,0.375,,,0.000245,0.986847,8,0.651685,89,58,8,1
metrics,gated,metrics,ABCD,100,0.7,anxiety,8,8,0,3,0,0,5,0,0.375,0.375,,,0.020561,0.911739,8,0.634483,145,92,8,0
metrics,gated,metrics,ABCD,100,0.7,double_shift,8,8,0,3,1,0,4,0,0.375,0.5,,,0.0,1.0,8,0.376033,242,91,8,0
metrics,gated,metrics,ABCD,100,0.7,self_corrected,8,8,0,3,0,0,5,0,0.375,0.375,,,0.119689,0.749368,8,0.36,50,18,8,4
metrics,gated,metrics,ABCD,100,0.7,deferred,8,8,0,2,2,0,4,0,0.25,0.5,,,0.255097,0.639948,8,0.793651,126,100,8,5
metrics,gated,metrics,ABCD,100,0.7,isolated,8,8,0,0,0,0,8,0,0.0,0.0,,,0.592747,0.329006,8,0.0,5,0,8,2
metrics,gated,metrics,ABCD,100,0.7,scanner_blank_1,8,8,0,4,0,0,4,0,0.5,0.5,,,0.0,0.999505,8,0.896104,154,138,8,1
metrics,gated,metrics,ABCD,100,0.7,scanner_blank_2,8,8,0,5,0,0,3,0,0.625,0.625,,,0.0,1.0,8,0.724551,167,121,8,0
metrics,gated,metrics,ABCD,100,0.7,scanner_row_delete_1,8,8,0,1,4,0,3,0,0.125,0.625,,,0.00658,0.925253,8,0.939189,148,139,8,4
metrics,gated,metrics,ABCD,100,0.7,scanner_row_delete_2,8,8,0,0,0,0,8,0,0.0,0.0,,,0.000288,0.986722,8,0.0,56,0,8,0
metrics,gated,metrics,ABCD,100,0.7,scanner_misread_1,8,0,8,0,0,0,0,8,,,0.0,0.312344,0.356772,0.356772,8,,0,0,8,0
metrics,gated,metrics,ABCD,100,0.7,scanner_misread_4,8,0,8,0,0,0,0,8,,,0.0,0.312344,0.019122,0.019122,8,,0,0,8,0
metrics,gated,metrics,ABCD,100,0.7,scanner_faint_1,8,0,8,0,0,0,0,8,,,0.0,0.312344,0.004174,0.004174,8,,0,0,8,0
metrics,gated,metrics,ABCD,100,0.7,scanner_faint_4,8,0,8,0,0,0,0,8,,,0.0,0.312344,0.47746,0.47746,8,,0,0,8,0
metrics,gated,metrics,ABCD,100,0.7,scanner_double_4,8,0,8,0,0,0,0,8,,,0.0,0.312344,0.247385,0.247385,8,,0,0,8,0
metrics,gated,metrics,ABCD,100,0.7,adv_long_runs,8,0,8,0,0,0,0,8,,,0.0,0.312344,0.037169,0.037169,8,,0,0,8,0
metrics,gated,metrics,ABCD,100,0.7,adv_favourite,8,0,8,0,0,0,0,8,,,0.0,0.312344,4e-05,4e-05,8,,0,0,8,0
metrics,gated,metrics,ABCD,100,0.7,adv_easy_block,8,0,8,0,0,0,0,8,,,0.0,0.312344,0.628613,0.628613,8,,0,0,8,0
metrics,gated,metrics,ABCD,100,0.7,adv_key_leakage,8,8,0,0,7,0,1,0,0.0,0.875,,,0.0,1.0,8,0.839255,591,496,8,0
metrics,gated,metrics,ABCD,100,0.7,adv_cycle,8,0,8,0,0,0,0,8,,,0.0,0.312344,0.577697,0.577697,8,,0,0,8,0
metrics,gated,metrics,ABCD,100,0.85,none,8,0,8,0,0,0,0,8,,,0.0,0.312344,0.003498,0.003498,8,,0,0,8,0
metrics,gated,metrics,ABCD,100,0.85,row_skip_1,8,8,0,6,0,0,2,0,0.75,0.75,,,0.096675,0.876738,8,0.946341,205,194,8,0
metrics,gated,metrics,ABCD,100,0.85,row_skip_2,8,8,0,2,0,0,6,0,0.25,0.25,,,6e-06,0.997762,8,0.321429,168,54,8,1
metrics,gated,metrics,ABCD,100,0.85,early_full,8,8,0,6,0,0,2,0,0.75,0.75,,,4e-06,0.998532,8,0.964384,365,352,8,6
metrics,gated,metrics,ABCD,100,0.85,boundary,8,8,0,3,0,0,5,0,0.375,0.375,,,0.035995,0.874488,8,0.715686,102,73,8,0
metrics,gated,metrics,ABCD,100,0.85,short_local,8,8,0,0,0,0,8,0,0.0,0.0,,,0.176388,0.584094,8,0.0,22,0,8,2
metrics,gated,metrics,ABCD,100,0.85,whole_section,8,8,0,6,0,0,2,0,0.75,0.75,,,6.3e-05,0.994449,8,0.879518,166,146,8,0
metrics,gated,metrics,ABCD,100,0.85,anxiety,8,8,0,3,1,0,4,0,0.375,0.5,,,0.095074,0.788906,8,0.857143,189,162,8,9
metrics,gated,metrics,ABCD,100,0.85,double_shift,8,8,0,4,1,0,3,0,0.5,0.625,,,0.0,1.0,8,0.545977,348,190,8,0
metrics,gated,metrics,ABCD,100,0.85,self_corrected,8,8,0,6,0,0,2,0,0.75,0.75,,,0.005385,0.950824,8,0.693333,75,52,8,5
metrics,gated,metrics,ABCD,100,0.85,deferred,8,8,0,5,1,0,2,0,0.625,0.75,,,0.021234,0.918194,8,0.789954,219,173,8,0
metrics,gated,metrics,ABCD,100,0.85,isolated,8,8,0,0,0,0,8,0,0.0,0.0,,,0.859808,0.124968,8,0.0,11,0,8,0
metrics,gated,metrics,ABCD,100,0.85,scanner_blank_1,8,8,0,6,0,0,2,0,0.75,0.75,,,0.0,1.0,8,0.878788,297,261,8,0
metrics,gated,metrics,ABCD,100,0.85,scanner_blank_2,8,8,0,6,0,0,2,0,0.75,0.75,,,0.0,0.999999,8,0.864322,199,172,8,0
metrics,gated,metrics,ABCD,100,0.85,scanner_row_delete_1,8,8,0,4,0,0,4,0,0.5,0.5,,,3e-06,0.998707,8,0.794643,112,89,8,6
metrics,gated,metrics,ABCD,100,0.85,scanner_row_delete_2,8,8,0,2,0,0,6,0,0.25,0.25,,,0.000477,0.98491,8,0.517241,116,60,8,1
metrics,gated,metrics,ABCD,100,0.85,scanner_misread_1,8,0,8,0,0,0,0,8,,,0.0,0.312344,0.22811,0.22811,8,,0,0,8,0
metrics,gated,metrics,ABCD,100,0.85,scanner_misread_4,8,0,8,0,0,0,0,8,,,0.0,0.312344,0.263761,0.263761,8,,0,0,8,0
metrics,gated,metrics,ABCD,100,0.85,scanner_faint_1,8,0,8,0,0,0,0,8,,,0.0,0.312344,0.001217,0.001217,8,,0,0,8,0
metrics,gated,metrics,ABCD,100,0.85,scanner_faint_4,8,0,8,0,0,0,0,8,,,0.0,0.312344,0.338736,0.338736,8,,0,0,8,0
metrics,gated,metrics,ABCD,100,0.85,scanner_double_4,8,0,8,0,0,0,0,8,,,0.0,0.312344,0.251463,0.251463,8,,0,0,8,0
metrics,gated,metrics,ABCD,100,0.85,adv_long_runs,8,0,8,0,0,0,0,8,,,0.0,0.312344,0.120849,0.120849,8,,0,0,8,0
metrics,gated,metrics,ABCD,100,0.85,adv_favourite,8,0,8,0,0,0,0,8,,,0.0,0.312344,5.8e-05,5.8e-05,8,,0,0,8,0
metrics,gated,metrics,ABCD,100,0.85,adv_easy_block,8,0,8,0,0,0,0,8,,,0.0,0.312344,0.590666,0.590666,8,,0,0,8,0
metrics,gated,metrics,ABCD,100,0.85,adv_key_leakage,8,8,0,0,7,0,1,0,0.0,0.875,,,0.0,1.0,8,0.852041,588,501,8,0
metrics,gated,metrics,ABCD,100,0.85,adv_cycle,8,0,8,0,0,0,0,8,,,0.0,0.312344,0.872208,0.872208,8,,0,0,8,0
metrics,gated,metrics,ABCD,100,0.95,none,8,0,8,0,0,0,0,8,,,0.0,0.312344,0.246363,0.246363,8,,0,0,8,0
metrics,gated,metrics,ABCD,100,0.95,row_skip_1,8,8,0,3,0,0,5,0,0.375,0.375,,,0.176405,0.763953,8,0.739645,169,125,8,0
metrics,gated,metrics,ABCD,100,0.95,row_skip_2,8,8,0,3,0,0,5,0,0.375,0.375,,,0.031685,0.898868,8,0.675676,185,125,8,4
metrics,gated,metrics,ABCD,100,0.95,early_full,8,8,0,6,0,0,2,0,0.75,0.75,,,0.0,0.999926,8,0.908213,414,376,8,0
metrics,gated,metrics,ABCD,100,0.95,boundary,8,8,0,3,0,0,5,0,0.375,0.375,,,0.001475,0.970794,8,0.829268,123,102,8,1
metrics,gated,metrics,ABCD,100,0.95,short_local,8,8,0,0,0,0,8,0,0.0,0.0,,,0.024634,0.837169,8,0.0,38,0,8,0
metrics,gated,metrics,ABCD,100,0.95,whole_section,8,8,0,7,0,0,1,0,0.875,0.875,,,0.0,1.0,8,0.914414,222,203,8,0
metrics,gated,metrics,ABCD,100,0.95,anxiety,8,8,0,2,1,0,5,0,0.25,0.375,,,0.000166,0.991051,8,0.384342,281,108,8,3
metrics,gated,metrics,ABCD,100,0.95,double_shift,8,8,0,4,0,0,4,0,0.5,0.5,,,0.002008,0.970323,8,0.595041,242,144,8,2
metrics,gated,metrics,ABCD,100,0.95,self_corrected,8,8,0,5,0,0,3,0,0.625,0.625,,,0.000325,0.987579,8,0.644737,76,49,8,0
metrics,gated,metrics,ABCD,100,0.95,deferred,8,8,0,4,0,0,4,0,0.5,0.5,,,0.0,0.999954,8,0.706383,235,166,8,0
metrics,gated,metrics,ABCD,100,0.95,isolated,8,8,0,0,0,0,8,0,0.0,0.0,,,0.735103,0.24347,8,0.0,11,0,8,0
metrics,gated,metrics,ABCD,100,0.95,scanner_blank_1,8,8,0,5,1,0,2,0,0.625,0.75,,,0.0,1.0,8,0.89172,314,280,8,0
metrics,gated,metrics,ABCD,100,0.95,scanner_blank_2,8,8,0,5,0,0,3,0,0.625,0.625,,,0.0,1.0,8,0.867347,196,170,8,0
metrics,gated,metrics,ABCD,100,0.95,scanner_row_delete_1,8,8,0,6,1,0,1,0,0.75,0.875,,,0.000512,0.984519,8,0.952096,334,318,8,0
metrics,gated,metrics,ABCD,100,0.95,scanner_row_delete_2,8,8,0,1,0,0,7,0,0.125,0.125,,,4e-06,0.998655,8,0.121951,246,30,8,0
metrics,gated,metrics,ABCD,100,0.95,scanner_misread_1,8,0,8,0,0,0,0,8,,,0.0,0.312344,0.249656,0.249656,8,,0,0,8,0
metrics,gated,metrics,ABCD,100,0.95,scanner_misread_4,8,0,8,0,0,0,0,8,,,0.0,0.312344,0.373738,0.373738,8,,0,0,8,0
metrics,gated,metrics,ABCD,100,0.95,scanner_faint_1,8,0,8,0,0,0,0,8,,,0.0,0.312344,0.146546,0.146546,8,,0,0,8,0
metrics,gated,metrics,ABCD,100,0.95,scanner_faint_4,8,0,8,0,0,0,0,8,,,0.0,0.312344,0.254198,0.254198,8,,0,0,8,0
metrics,gated,metrics,ABCD,100,0.95,scanner_double_4,8,0,8,0,0,0,0,8,,,0.0,0.312344,0.002617,0.002617,8,,0,0,8,0
metrics,gated,metrics,ABCD,100,0.95,adv_long_runs,8,0,8,0,0,0,0,8,,,0.0,0.312344,0.246804,0.246804,8,,0,0,8,0
metrics,gated,metrics,ABCD,100,0.95,adv_favourite,8,0,8,0,0,0,0,8,,,0.0,0.312344,7.6e-05,7.6e-05,8,,0,0,8,0
metrics,gated,metrics,ABCD,100,0.95,adv_easy_block,8,0,8,0,0,0,0,8,,,0.0,0.312344,0.749859,0.749859,8,,0,0,8,0
metrics,gated,metrics,ABCD,100,0.95,adv_key_leakage,8,8,0,0,6,0,2,0,0.0,0.75,,,0.0,1.0,8,0.726968,597,434,8,0
metrics,gated,metrics,ABCD,100,0.95,adv_cycle,8,0,8,0,0,0,0,8,,,0.0,0.312344,0.773262,0.773262,8,,0,0,8,0
metrics,gated,metrics,ABCD,150,0.26,none,8,0,8,0,0,0,0,8,,,0.0,0.312344,0.05837,0.05837,8,,0,0,8,0
metrics,gated,metrics,ABCD,150,0.26,row_skip_1,8,8,0,0,0,0,8,0,0.0,0.0,,,0.420482,0.237461,8,0.0,16,0,8,40
metrics,gated,metrics,ABCD,150,0.26,row_skip_2,8,8,0,0,0,0,8,0,0.0,0.0,,,0.227959,0.366284,8,0.0,27,0,8,52
metrics,gated,metrics,ABCD,150,0.26,early_full,8,8,0,0,0,0,8,0,0.0,0.0,,,0.515046,0.186025,8,0.0,86,0,8,46
metrics,gated,metrics,ABCD,150,0.26,boundary,8,8,0,0,0,0,8,0,0.0,0.0,,,0.397016,0.20141,8,0.0,12,0,8,5
metrics,gated,metrics,ABCD,150,0.26,short_local,8,8,0,0,0,0,8,0,0.0,0.0,,,0.512386,0.189108,8,0.0,17,0,8,3
metrics,gated,metrics,ABCD,150,0.26,whole_section,8,8,0,0,0,0,8,0,0.0,0.0,,,0.571619,0.074704,8,0.0,22,0,8,21
metrics,gated,metrics,ABCD,150,0.26,anxiety,8,8,0,0,0,0,8,0,0.0,0.0,,,0.557732,0.075145,8,0.0,11,0,8,15
metrics,gated,metrics,ABCD,150,0.26,double_shift,8,8,0,0,0,0,8,0,0.0,0.0,,,0.499642,0.26416,8,0.0,54,0,8,33
metrics,gated,metrics,ABCD,150,0.26,self_corrected,8,8,0,0,0,0,8,0,0.0,0.0,,,0.635599,0.08345,8,0.0,22,0,8,8
metrics,gated,metrics,ABCD,150,0.26,deferred,8,8,0,0,0,0,8,0,0.0,0.0,,,0.561715,0.205397,8,0.0,79,0,8,10
metrics,gated,metrics,ABCD,150,0.26,isolated,8,8,0,0,0,0,8,0,0.0,0.0,,,0.633474,0.048731,8,0.0,2,0,8,3
metrics,gated,metrics,ABCD,150,0.26,scanner_blank_1,8,8,0,1,0,0,7,0,0.125,0.125,,,0.00044,0.966869,8,0.205882,34,7,8,5
metrics,gated,metrics,ABCD,150,0.26,scanner_blank_2,8,8,0,0,0,0,8,0,0.0,0.0,,,2e-06,0.997687,8,0.0,21,0,8,19
metrics,gated,metrics,ABCD,150,0.26,scanner_row_delete_1,8,8,0,0,0,0,8,0,0.0,0.0,,,0.001871,0.929718,8,0.0,39,0,8,16
metrics,gated,metrics,ABCD,150,0.26,scanner_row_delete_2,8,8,0,0,0,0,8,0,0.0,0.0,,,1e-06,0.998861,8,0.0,36,0,8,12
metrics,gated,metrics,ABCD,150,0.26,scanner_misread_1,8,0,8,0,0,0,0,8,,,0.0,0.312344,0.089347,0.089347,8,,0,0,8,0
metrics,gated,metrics,ABCD,150,0.26,scanner_misread_4,8,0,8,0,0,0,0,8,,,0.0,0.312344,0.154073,0.154073,8,,0,0,8,0
metrics,gated,metrics,ABCD,150,0.26,scanner_faint_1,8,0,8,0,0,0,0,8,,,0.0,0.312344,0.092618,0.092618,8,,0,0,8,0
metrics,gated,metrics,ABCD,150,0.26,scanner_faint_4,8,0,8,0,0,0,0,8,,,0.0,0.312344,0.518271,0.518271,8,,0,0,8,0
metrics,gated,metrics,ABCD,150,0.26,scanner_double_4,8,0,8,0,0,0,0,8,,,0.0,0.312344,0.119076,0.119076,8,,0,0,8,0
metrics,gated,metrics,ABCD,150,0.26,adv_long_runs,8,0,8,0,0,0,0,8,,,0.0,0.312344,0.038632,0.038632,8,,0,0,8,0
metrics,gated,metrics,ABCD,150,0.26,adv_favourite,8,0,8,0,0,0,0,8,,,0.0,0.312344,2.8e-05,2.8e-05,8,,0,0,8,0
metrics,gated,metrics,ABCD,150,0.26,adv_easy_block,8,0,8,0,0,0,0,8,,,0.0,0.312344,0.297226,0.297226,8,,0,0,8,0
metrics,gated,metrics,ABCD,150,0.26,adv_key_leakage,8,8,0,0,0,0,8,0,0.0,0.0,,,0.0,1.0,8,0.0,888,0,8,0
metrics,gated,metrics,ABCD,150,0.26,adv_cycle,8,0,8,0,0,0,0,8,,,0.0,0.312344,0.038888,0.038888,8,,0,0,8,0
metrics,gated,metrics,ABCD,150,0.4,none,8,0,8,0,0,0,0,8,,,0.0,0.312344,0.086567,0.086567,8,,0,0,8,0
metrics,gated,metrics,ABCD,150,0.4,row_skip_1,8,8,0,0,0,0,8,0,0.0,0.0,,,0.61069,0.172436,8,0.0,52,0,8,30
metrics,gated,metrics,ABCD,150,0.4,row_skip_2,8,8,0,0,0,0,8,0,0.0,0.0,,,0.474979,0.276569,8,0.0,51,0,8,24
metrics,gated,metrics,ABCD,150,0.4,early_full,8,8,0,5,0,0,3,0,0.625,0.625,,,0.0,0.999672,8,0.365079,189,69,8,0
metrics,gated,metrics,ABCD,150,0.4,boundary,8,8,0,1,0,0,7,0,0.125,0.125,,,0.379544,0.256141,8,0.27027,37,10,8,0
metrics,gated,metrics,ABCD,150,0.4,short_local,8,8,0,0,0,0,8,0,0.0,0.0,,,0.810412,0.018669,8,0.0,8,0,8,0
metrics,gated,metrics,ABCD,150,0.4,whole_section,8,8,0,0,0,0,8,0,0.0,0.0,,,0.373085,0.353508,8,0.0,37,0,8,38
metrics,gated,metrics,ABCD,150,0.4,anxiety,8,8,0,2,0,0,6,0,0.25,0.25,,,0.146612,0.677806,8,0.295918,98,29,8,0
metrics,gated,metrics,ABCD,150,0.4,double_shift,8,8,0,0,1,0,7,0,0.0,0.125,,,0.111353,0.679012,8,0.03125,96,3,8,3
metrics,gated,metrics,ABCD,150,0.4,self_corrected,8,8,0,0,0,0,8,0,0.0,0.0,,,0.440321,0.349531,8,0.0,37,0,8,1
metrics,gated,metrics,ABCD,150,0.4,deferred,8,8,0,0,0,0,8,0,0.0,0.0,,,0.405347,0.252498,8,0.0,49,0,8,4
metrics,gated,metrics,ABCD,150,0.4,isolated,8,8,0,0,0,0,8,0,0.0,0.0,,,0.473728,0.199518,8,0.0,4,0,8,3
metrics,gated,metrics,ABCD,150,0.4,scanner_blank_1,8,8,0,2,1,0,5,0,0.25,0.375,,,0.002578,0.955654,8,0.684211,57,39,8,22
metrics,gated,metrics,ABCD,150,0.4,scanner_blank_2,8,8,0,1,0,0,7,0,0.125,0.125,,,2e-06,0.998725,8,0.222222,54,12,8,1
metrics,gated,metrics,ABCD,150,0.4,scanner_row_delete_1,8,8,0,2,1,0,5,0,0.25,0.375,,,0.006895,0.921598,8,0.647727,88,57,8,0
metrics,gated,metrics,ABCD,150,0.4,scanner_row_delete_2,8,8,0,0,0,0,8,0,0.0,0.0,,,0.0,0.999636,8,0.0,59,0,8,3
metrics,gated,metrics,ABCD,150,0.4,scanner_misread_1,8,0,8,0,0,0,0,8,,,0.0,0.312344,0.135509,0.135509,8,,0,0,8,0
metrics,gated,metrics,ABCD,150,0.4,scanner_misread_4,8,0,8,0,0,0,0,8,,,0.0,0.312344,0.055299,0.055299,8,,0,0,8,0
metrics,gated,metrics,ABCD,150,0.4,scanner_faint_1,8,0,8,0,0,0,0,8,,,0.0,0.312344,0.062545,0.062545,8,,0,0,8,0
metrics,gated,metrics,ABCD,150,0.4,scanner_faint_4,8,0,8,0,0,0,0,8,,,0.0,0.312344,0.178339,0.178339,8,,0,0,8,0
metrics,gated,metrics,ABCD,150,0.4,scanner_double_4,8,0,8,0,0,0,0,8,,,0.0,0.312344,0.026327,0.026327,8,,0,0,8,0
metrics,gated,metrics,ABCD,150,0.4,adv_long_runs,8,0,8,0,0,0,0,8,,,0.0,0.312344,0.042257,0.042257,8,,0,0,8,0
metrics,gated,metrics,ABCD,150,0.4,adv_favourite,8,0,8,0,0,0,0,8,,,0.0,0.312344,6.3e-05,6.3e-05,8,,0,0,8,0
metrics,gated,metrics,ABCD,150,0.4,adv_easy_block,8,0,8,0,0,0,0,8,,,0.0,0.312344,0.65229,0.65229,8,,0,0,8,0
metrics,gated,metrics,ABCD,150,0.4,adv_key_leakage,8,8,0,0,7,0,1,0,0.0,0.875,,,0.0,1.0,8,0.853795,896,765,8,0
metrics,gated,metrics,ABCD,150,0.4,adv_cycle,8,0,8,0,0,0,0,8,,,0.0,0.312344,0.264933,0.264933,8,,0,0,8,0
metrics,gated,metrics,ABCD,150,0.55,none,8,0,8,0,0,0,0,8,,,0.0,0.312344,0.224249,0.224249,8,,0,0,8,0
metrics,gated,metrics,ABCD,150,0.55,row_skip_1,8,8,0,2,0,0,6,0,0.25,0.25,,,0.284642,0.589545,8,0.303797,79,24,8,0
metrics,gated,metrics,ABCD,150,0.55,row_skip_2,8,8,0,0,0,0,8,0,0.0,0.0,,,0.126733,0.780907,8,0.0,136,0,8,15
metrics,gated,metrics,ABCD,150,0.55,early_full,8,8,0,6,0,0,2,0,0.75,0.75,,,0.027473,0.865617,8,0.800752,266,213,8,13
metrics,gated,metrics,ABCD,150,0.55,boundary,8,8,0,3,0,0,5,0,0.375,0.375,,,0.196765,0.683838,8,0.752941,85,64,8,5
metrics,gated,metrics,ABCD,150,0.55,short_local,8,8,0,0,0,0,8,0,0.0,0.0,,,0.692152,0.181133,8,0.0,20,0,8,0
metrics,gated,metrics,ABCD,150,0.55,whole_section,8,8,0,4,1,0,3,0,0.5,0.625,,,0.154813,0.761443,8,0.646552,116,75,8,8
metrics,gated,metrics,ABCD,150,0.55,anxiety,8,8,0,3,0,0,5,0,0.375,0.375,,,0.160146,0.718618,8,0.59375,160,95,8,4
metrics,gated,metrics,ABCD,150,0.55,double_shift,8,8,0,2,0,0,6,0,0.25,0.25,,,0.056412,0.883522,8,0.112903,186,21,8,0
metrics,gated,metrics,ABCD,150,0.55,self_corrected,8,8,0,1,0,0,7,0,0.125,0.125,,,0.314765,0.388615,8,0.15,40,6,8,4
metrics,gated,metrics,ABCD,150,0.55,deferred,8,8,0,1,2,0,5,0,0.125,0.375,,,0.17008,0.668235,8,0.464286,168,78,8,16
metrics,gated,metrics,ABCD,150,0.55,isolated,8,8,0,0,0,0,8,0,0.0,0.0,,,0.546916,0.282552,8,0.0,6,0,8,0
metrics,gated,metrics,ABCD,150,0.55,scanner_blank_1,8,8,0,5,0,0,3,0,0.625,0.625,,,1.9e-05,0.996703,8,0.714286,133,95,8,1
metrics,gated,metrics,ABCD,150,0.55,scanner_blank_2,8,8,0,6,0,0,2,0,0.75,0.75,,,3e-06,0.998574,8,0.872,125,109,8,3
metrics,gated,metrics,ABCD,150,0.55,scanner_row_delete_1,8,8,0,1,0,0,7,0,0.125,0.125,,,0.035931,0.869912,8,0.508772,57,29,8,15
metrics,gated,metrics,ABCD,150,0.55,scanner_row_delete_2,8,8,0,0,0,0,8,0,0.0,0.0,,,0.0,0.999963,8,0.0,139,0,8,1
metrics,gated,metrics,ABCD,150,0.55,scanner_misread_1,8,0,8,0,0,0,0,8,,,0.0,0.312344,0.139724,0.139724,8,,0,0,8,0
metrics,gated,metrics,ABCD,150,0.55,scanner_misread_4,8,0,8,0,0,0,0,8,,,0.0,0.312344,0.34818,0.34818,8,,0,0,8,0
metrics,gated,metrics,ABCD,150,0.55,scanner_faint_1,8,0,8,0,0,0,0,8,,,0.0,0.312344,0.000875,0.000875,8,,0,0,8,0
metrics,gated,metrics,ABCD,150,0.55,scanner_faint_4,8,0,8,0,0,0,0,8,,,0.0,0.312344,0.252288,0.252288,8,,0,0,8,0
metrics,gated,metrics,ABCD,150,0.55,scanner_double_4,8,0,8,0,0,0,0,8,,,0.0,0.312344,0.007727,0.007727,8,,0,0,8,0
metrics,gated,metrics,ABCD,150,0.55,adv_long_runs,8,0,8,0,0,0,0,8,,,0.0,0.312344,0.092379,0.092379,8,,0,0,8,0
metrics,gated,metrics,ABCD,150,0.55,adv_favourite,8,0,8,0,0,0,0,8,,,0.0,0.312344,3.2e-05,3.2e-05,8,,0,0,8,0
metrics,gated,metrics,ABCD,150,0.55,adv_easy_block,8,0,8,0,0,0,0,8,,,0.0,0.312344,0.881938,0.881938,8,,0,0,8,0
metrics,gated,metrics,ABCD,150,0.55,adv_key_leakage,8,8,0,0,7,0,1,0,0.0,0.875,,,0.0,1.0,8,0.85255,902,769,8,0
metrics,gated,metrics,ABCD,150,0.55,adv_cycle,8,0,8,0,0,0,0,8,,,0.0,0.312344,0.69232,0.69232,8,,0,0,8,0
metrics,gated,metrics,ABCD,150,0.7,none,8,0,8,0,0,0,0,8,,,0.0,0.312344,0.125021,0.125021,8,,0,0,8,0
metrics,gated,metrics,ABCD,150,0.7,row_skip_1,8,8,0,4,0,0,4,0,0.5,0.5,,,0.175787,0.755075,8,0.829897,194,161,8,5
metrics,gated,metrics,ABCD,150,0.7,row_skip_2,8,8,0,0,0,0,8,0,0.0,0.0,,,0.119077,0.777006,8,0.0,158,0,8,4
metrics,gated,metrics,ABCD,150,0.7,early_full,8,8,0,6,0,0,2,0,0.75,0.75,,,0.0,0.999976,8,0.85782,422,362,8,0
metrics,gated,metrics,ABCD,150,0.7,boundary,8,8,0,2,0,0,6,0,0.25,0.25,,,0.252847,0.610073,8,0.676923,65,44,8,6
metrics,gated,metrics,ABCD,150,0.7,short_local,8,8,0,0,0,0,8,0,0.0,0.0,,,0.47916,0.331481,8,0.0,31,0,8,0
metrics,gated,metrics,ABCD,150,0.7,whole_section,8,8,0,4,0,0,4,0,0.5,0.5,,,0.0,0.999363,8,0.669065,139,93,8,0
metrics,gated,metrics,ABCD,150,0.7,anxiety,8,8,0,4,0,0,4,0,0.5,0.5,,,0.100819,0.780655,8,0.868293,205,178,8,9
metrics,gated,metrics,ABCD,150,0.7,double_shift,8,8,0,2,0,0,6,0,0.25,0.25,,,0.102774,0.780477,8,0.288991,218,63,8,2
metrics,gated,metrics,ABCD,150,0.7,self_corrected,8,8,0,3,0,0,5,0,0.375,0.375,,,0.105879,0.845759,8,0.368421,57,21,8,2
metrics,gated,metrics,ABCD,150,0.7,deferred,8,8,0,4,0,0,4,0,0.5,0.5,,,0.245852,0.642407,8,0.6875,192,132,8,4
metrics,gated,metrics,ABCD,150,0.7,isolated,8,8,0,0,0,0,8,0,0.0,0.0,,,0.95525,0.002883,8,0.0,13,0,8,0
metrics,gated,metrics,ABCD,150,0.7,scanner_blank_1,8,8,0,4,0,0,4,0,0.5,0.5,,,0.0,0.999985,8,0.810811,185,150,8,7
metrics,gated,metrics,ABCD,150,0.7,scanner_blank_2,8,8,0,4,0,0,4,0,0.5,0.5,,,0.0,0.999984,8,0.724638,207,150,8,1
metrics,gated,metrics,ABCD,150,0.7,scanner_row_delete_1,8,8,0,4,1,0,3,0,0.5,0.625,,,0.001397,0.974542,8,0.745223,157,117,8,0
metrics,gated,metrics,ABCD,150,0.7,scanner_row_delete_2,8,8,0,1,0,0,7,0,0.125,0.125,,,0.0,1.0,8,0.087912,182,16,8,0
metrics,gated,metrics,ABCD,150,0.7,scanner_misread_1,8,0,8,0,0,0,0,8,,,0.0,0.312344,0.127936,0.127936,8,,0,0,8,0
metrics,gated,metrics,ABCD,150,0.7,scanner_misread_4,8,0,8,0,0,0,0,8,,,0.0,0.312344,0.116141,0.116141,8,,0,0,8,0
metrics,gated,metrics,ABCD,150,0.7,scanner_faint_1,8,0,8,0,0,0,0,8,,,0.0,0.312344,0.013479,0.013479,8,,0,0,8,0
metrics,gated,metrics,ABCD,150,0.7,scanner_faint_4,8,0,8,0,0,0,0,8,,,0.0,0.312344,0.202746,0.202746,8,,0,0,8,0
metrics,gated,metrics,ABCD,150,0.7,scanner_double_4,8,0,8,0,0,0,0,8,,,0.0,0.312344,0.436638,0.436638,8,,0,0,8,0
metrics,gated,metrics,ABCD,150,0.7,adv_long_runs,8,0,8,0,0,0,0,8,,,0.0,0.312344,0.158695,0.158695,8,,0,0,8,0
metrics,gated,metrics,ABCD,150,0.7,adv_favourite,8,0,8,0,0,0,0,8,,,0.0,0.312344,5.5e-05,5.5e-05,8,,0,0,8,0
metrics,gated,metrics,ABCD,150,0.7,adv_easy_block,8,0,8,0,0,0,0,8,,,0.0,0.312344,0.807016,0.807016,8,,0,0,8,0
metrics,gated,metrics,ABCD,150,0.7,adv_key_leakage,8,8,0,0,6,0,2,0,0.0,0.75,,,0.0,1.0,8,0.739773,880,651,8,0
metrics,gated,metrics,ABCD,150,0.7,adv_cycle,8,0,8,0,0,0,0,8,,,0.0,0.312344,0.826032,0.826032,8,,0,0,8,0
metrics,gated,metrics,ABCD,150,0.85,none,8,0,8,0,0,0,0,8,,,0.0,0.312344,0.364131,0.364131,8,,0,0,8,0
metrics,gated,metrics,ABCD,150,0.85,row_skip_1,8,8,0,4,1,0,3,0,0.5,0.625,,,0.0,0.999981,8,0.822368,304,250,8,0
metrics,gated,metrics,ABCD,150,0.85,row_skip_2,8,8,0,0,0,0,8,0,0.0,0.0,,,0.089288,0.874145,8,0.0,139,0,8,16
metrics,gated,metrics,ABCD,150,0.85,early_full,8,8,0,8,0,0,0,0,1.0,1.0,,,0.0,1.0,8,0.975,680,663,8,0
metrics,gated,metrics,ABCD,150,0.85,boundary,8,8,0,5,0,0,3,0,0.625,0.625,,,0.137476,0.801557,8,0.950673,223,212,8,1
metrics,gated,metrics,ABCD,150,0.85,short_local,8,8,0,0,0,0,8,0,0.0,0.0,,,0.397662,0.393778,8,0.0,29,0,8,0
metrics,gated,metrics,ABCD,150,0.85,whole_section,8,8,0,6,0,0,2,0,0.75,0.75,,,0.0,1.0,8,0.773163,313,242,8,0
metrics,gated,metrics,ABCD,150,0.85,anxiety,8,8,0,2,2,0,4,0,0.25,0.5,,,0.118544,0.782037,8,0.795652,230,183,8,5
metrics,gated,metrics,ABCD,150,0.85,double_shift,8,8,0,2,0,0,6,0,0.25,0.25,,,0.0,1.0,8,0.297674,430,128,8,0
metrics,gated,metrics,ABCD,150,0.85,self_corrected,8,8,0,5,0,0,3,0,0.625,0.625,,,0.000313,0.987731,8,0.56338,71,40,8,0
metrics,gated,metrics,ABCD,150,0.85,deferred,8,8,0,4,2,0,2,0,0.5,0.75,,,0.118944,0.874521,8,0.885167,209,185,8,1
metrics,gated,metrics,ABCD,150,0.85,isolated,8,8,0,0,0,0,8,0,0.0,0.0,,,0.734228,0.249176,8,0.0,9,0,8,0
metrics,gated,metrics,ABCD,150,0.85,scanner_blank_1,8,8,0,7,1,0,0,0,0.875,1.0,,,0.0,1.0,8,0.951567,351,334,8,2
metrics,gated,metrics,ABCD,150,0.85,scanner_blank_2,8,8,0,6,0,0,2,0,0.75,0.75,,,0.0,1.0,8,0.675277,271,183,8,0
metrics,gated,metrics,ABCD,150,0.85,scanner_row_delete_1,8,8,0,5,1,0,2,0,0.625,0.75,,,0.005187,0.954259,8,0.908795,307,279,8,10
metrics,gated,metrics,ABCD,150,0.85,scanner_row_delete_2,8,8,0,1,0,0,7,0,0.125,0.125,,,0.0,0.999956,8,0.243077,325,79,8,0
metrics,gated,metrics,ABCD,150,0.85,scanner_misread_1,8,0,8,0,0,0,0,8,,,0.0,0.312344,0.245031,0.245031,8,,0,0,8,0
metrics,gated,metrics,ABCD,150,0.85,scanner_misread_4,8,0,8,0,0,0,0,8,,,0.0,0.312344,0.269469,0.269469,8,,0,0,8,0
metrics,gated,metrics,ABCD,150,0.85,scanner_faint_1,8,0,8,0,0,0,0,8,,,0.0,0.312344,0.012149,0.012149,8,,0,0,8,0
metrics,gated,metrics,ABCD,150,0.85,scanner_faint_4,8,0,8,0,0,0,0,8,,,0.0,0.312344,0.368876,0.368876,8,,0,0,8,0
metrics,gated,metrics,ABCD,150,0.85,scanner_double_4,8,0,8,0,0,0,0,8,,,0.0,0.312344,0.241207,0.241207,8,,0,0,8,0
metrics,gated,metrics,ABCD,150,0.85,adv_long_runs,8,0,8,0,0,0,0,8,,,0.0,0.312344,0.16543,0.16543,8,,0,0,8,0
metrics,gated,metrics,ABCD,150,0.85,adv_favourite,8,0,8,0,0,0,0,8,,,0.0,0.312344,6.3e-05,6.3e-05,8,,0,0,8,0
metrics,gated,metrics,ABCD,150,0.85,adv_easy_block,8,0,8,0,0,0,0,8,,,0.0,0.312344,0.878008,0.878008,8,,0,0,8,0
metrics,gated,metrics,ABCD,150,0.85,adv_key_leakage,8,8,0,0,8,0,0,0,0.0,1.0,,,0.0,1.0,8,0.982022,890,874,8,0
metrics,gated,metrics,ABCD,150,0.85,adv_cycle,8,0,8,0,0,0,0,8,,,0.0,0.312344,0.976916,0.976916,8,,0,0,8,0
metrics,gated,metrics,ABCD,150,0.95,none,8,0,8,0,0,0,0,8,,,0.0,0.312344,0.346989,0.346989,8,,0,0,8,0
metrics,gated,metrics,ABCD,150,0.95,row_skip_1,8,8,0,4,0,0,4,0,0.5,0.5,,,2.3e-05,0.99658,8,0.696296,270,188,8,0
metrics,gated,metrics,ABCD,150,0.95,row_skip_2,8,8,0,2,0,0,6,0,0.25,0.25,,,0.000276,0.988518,8,0.434483,290,126,8,0
metrics,gated,metrics,ABCD,150,0.95,early_full,8,8,0,6,0,0,2,0,0.75,0.75,,,0.058744,0.887361,8,0.894737,665,595,8,8
metrics,gated,metrics,ABCD,150,0.95,boundary,8,8,0,5,0,0,3,0,0.625,0.625,,,0.048125,0.886495,8,0.962366,186,179,8,6
metrics,gated,metrics,ABCD,150,0.95,short_local,8,8,0,1,0,0,7,0,0.125,0.125,,,0.167272,0.719241,8,0.107143,28,3,8,4
metrics,gated,metrics,ABCD,150,0.95,whole_section,8,8,0,6,0,0,2,0,0.75,0.75,,,0.0,1.0,8,0.906907,333,302,8,0
metrics,gated,metrics,ABCD,150,0.95,anxiety,8,8,0,5,1,0,2,0,0.625,0.75,,,0.0,1.0,8,0.786207,435,342,8,0
metrics,gated,metrics,ABCD,150,0.95,double_shift,8,8,0,4,0,0,4,0,0.5,0.5,,,0.0,1.0,8,0.654135,266,174,8,0
metrics,gated,metrics,ABCD,150,0.95,self_corrected,8,8,0,5,0,0,3,0,0.625,0.625,,,0.00229,0.956515,8,0.736842,76,56,8,2
metrics,gated,metrics,ABCD,150,0.95,deferred,8,8,0,3,0,0,5,0,0.375,0.375,,,0.0,1.0,8,0.463343,341,158,8,0
metrics,gated,metrics,ABCD,150,0.95,isolated,8,8,0,0,0,0,8,0,0.0,0.0,,,0.720914,0.25067,8,0.0,7,0,8,0
metrics,gated,metrics,ABCD,150,0.95,scanner_blank_1,8,8,0,7,0,0,1,0,0.875,0.875,,,0.0,1.0,8,0.992857,280,278,8,1
metrics,gated,metrics,ABCD,150,0.95,scanner_blank_2,8,8,0,4,0,0,4,0,0.5,0.5,,,0.0,0.999869,8,0.592233,206,122,8,13
metrics,gated,metrics,ABCD,150,0.95,scanner_row_delete_1,8,8,0,4,0,0,4,0,0.5,0.5,,,0.04534,0.894774,8,0.631579,209,132,8,2
metrics,gated,metrics,ABCD,150,0.95,scanner_row_delete_2,8,8,0,4,0,0,4,0,0.5,0.5,,,0.0,1.0,8,0.668293,205,137,8,1
metrics,gated,metrics,ABCD,150,0.95,scanner_misread_1,8,0,8,0,0,0,0,8,,,0.0,0.312344,0.243672,0.243672,8,,0,0,8,0
metrics,gated,metrics,ABCD,150,0.95,scanner_misread_4,8,0,8,0,0,0,0,8,,,0.0,0.312344,0.262755,0.262755,8,,0,0,8,0
metrics,gated,metrics,ABCD,150,0.95,scanner_faint_1,8,0,8,0,0,0,0,8,,,0.0,0.312344,0.228919,0.228919,8,,0,0,8,0
metrics,gated,metrics,ABCD,150,0.95,scanner_faint_4,8,0,8,0,0,0,0,8,,,0.0,0.312344,0.265612,0.265612,8,,0,0,8,0
metrics,gated,metrics,ABCD,150,0.95,scanner_double_4,8,0,8,0,0,0,0,8,,,0.0,0.312344,0.374157,0.374157,8,,0,0,8,0
metrics,gated,metrics,ABCD,150,0.95,adv_long_runs,8,0,8,0,0,0,0,8,,,0.0,0.312344,0.343291,0.343291,8,,0,0,8,0
metrics,gated,metrics,ABCD,150,0.95,adv_favourite,8,0,8,0,0,0,0,8,,,0.0,0.312344,8.5e-05,8.5e-05,8,,0,0,8,0
metrics,gated,metrics,ABCD,150,0.95,adv_easy_block,8,0,8,0,0,0,0,8,,,0.0,0.312344,0.886392,0.886392,8,,0,0,8,0
metrics,gated,metrics,ABCD,150,0.95,adv_key_leakage,8,8,0,0,7,0,1,0,0.0,0.875,,,0.0,1.0,8,0.857961,873,749,8,0
metrics,gated,metrics,ABCD,150,0.95,adv_cycle,8,0,8,0,0,0,0,8,,,0.0,0.312344,0.998075,0.998075,8,,0,0,8,0
metrics,gated,metrics,ABCDE,46,0.26,none,8,0,8,0,0,0,0,8,,,0.0,0.312344,,,0,,0,0,8,0
metrics,gated,metrics,ABCDE,46,0.26,row_skip_1,8,8,0,0,0,0,8,0,0.0,0.0,,,,,0,0.0,15,0,8,5
metrics,gated,metrics,ABCDE,46,0.26,row_skip_2,8,8,0,0,0,0,8,0,0.0,0.0,,,,,0,0.0,30,0,8,8
metrics,gated,metrics,ABCDE,46,0.26,early_full,8,8,0,0,0,0,8,0,0.0,0.0,,,,,0,0.0,32,0,8,10
metrics,gated,metrics,ABCDE,46,0.26,boundary,8,8,0,0,0,0,8,0,0.0,0.0,,,,,0,0.0,11,0,8,9
metrics,gated,metrics,ABCDE,46,0.26,short_local,8,8,0,0,0,0,8,0,0.0,0.0,,,,,0,0.0,16,0,8,3
metrics,gated,metrics,ABCDE,46,0.26,whole_section,8,8,0,0,0,0,8,0,0.0,0.0,,,,,0,0.0,16,0,8,6
metrics,gated,metrics,ABCDE,46,0.26,anxiety,8,8,0,0,0,0,8,0,0.0,0.0,,,,,0,0.0,8,0,8,17
metrics,gated,metrics,ABCDE,46,0.26,double_shift,8,8,0,0,0,0,8,0,0.0,0.0,,,,,0,0.0,11,0,8,8
metrics,gated,metrics,ABCDE,46,0.26,self_corrected,8,8,0,0,0,0,8,0,0.0,0.0,,,,,0,0.0,8,0,8,13
metrics,gated,metrics,ABCDE,46,0.26,deferred,8,8,0,0,0,0,8,0,0.0,0.0,,,,,0,0.0,35,0,8,1
metrics,gated,metrics,ABCDE,46,0.26,isolated,8,8,0,0,0,0,8,0,0.0,0.0,,,,,0,0.0,1,0,8,1
metrics,gated,metrics,ABCDE,46,0.26,scanner_blank_1,8,8,0,0,0,0,8,0,0.0,0.0,,,,,0,0.0,19,0,8,0
metrics,gated,metrics,ABCDE,46,0.26,scanner_blank_2,8,8,0,0,0,0,8,0,0.0,0.0,,,,,0,0.0,27,0,8,3
metrics,gated,metrics,ABCDE,46,0.26,scanner_row_delete_1,8,8,0,0,0,0,8,0,0.0,0.0,,,,,0,0.0,10,0,8,8
metrics,gated,metrics,ABCDE,46,0.26,scanner_row_delete_2,8,8,0,0,0,0,8,0,0.0,0.0,,,,,0,0.0,21,0,8,0
metrics,gated,metrics,ABCDE,46,0.26,scanner_misread_1,8,0,8,0,0,0,0,8,,,0.0,0.312344,,,0,,0,0,8,0
metrics,gated,metrics,ABCDE,46,0.26,scanner_misread_4,8,0,8,0,0,0,0,8,,,0.0,0.312344,,,0,,0,0,8,0
metrics,gated,metrics,ABCDE,46,0.26,scanner_faint_1,8,0,8,0,0,0,0,8,,,0.0,0.312344,,,0,,0,0,8,0
metrics,gated,metrics,ABCDE,46,0.26,scanner_faint_4,8,0,8,0,0,0,0,8,,,0.0,0.312344,,,0,,0,0,8,0
metrics,gated,metrics,ABCDE,46,0.26,scanner_double_4,8,0,8,0,0,0,0,8,,,0.0,0.312344,,,0,,0,0,8,0
metrics,gated,metrics,ABCDE,46,0.26,adv_long_runs,8,0,8,0,0,0,0,8,,,0.0,0.312344,,,0,,0,0,8,0
metrics,gated,metrics,ABCDE,46,0.26,adv_favourite,8,0,8,0,0,0,0,8,,,0.0,0.312344,,,0,,0,0,8,0
metrics,gated,metrics,ABCDE,46,0.26,adv_easy_block,8,0,8,0,0,0,0,8,,,0.0,0.312344,,,0,,0,0,8,0
metrics,gated,metrics,ABCDE,46,0.26,adv_key_leakage,8,8,0,0,0,0,8,0,0.0,0.0,,,,,0,0.0,286,0,8,0
metrics,gated,metrics,ABCDE,46,0.26,adv_cycle,8,0,8,0,0,0,0,8,,,0.0,0.312344,,,0,,0,0,8,0
metrics,gated,metrics,ABCDE,46,0.4,none,8,0,8,0,0,0,0,8,,,0.0,0.312344,,,0,,0,0,8,0
metrics,gated,metrics,ABCDE,46,0.4,row_skip_1,8,8,0,0,0,0,8,0,0.0,0.0,,,,,0,0.0,60,0,8,2
metrics,gated,metrics,ABCDE,46,0.4,row_skip_2,8,8,0,0,0,0,8,0,0.0,0.0,,,,,0,0.0,21,0,8,4
metrics,gated,metrics,ABCDE,46,0.4,early_full,8,8,0,0,0,0,8,0,0.0,0.0,,,,,0,0.0,34,0,8,7
metrics,gated,metrics,ABCDE,46,0.4,boundary,8,8,0,0,0,0,8,0,0.0,0.0,,,,,0,0.0,27,0,8,0
metrics,gated,metrics,ABCDE,46,0.4,short_local,8,8,0,0,0,0,8,0,0.0,0.0,,,,,0,0.0,21,0,8,0
metrics,gated,metrics,ABCDE,46,0.4,whole_section,8,8,0,0,0,0,8,0,0.0,0.0,,,,,0,0.0,31,0,8,1
metrics,gated,metrics,ABCDE,46,0.4,anxiety,8,8,0,0,0,0,8,0,0.0,0.0,,,,,0,0.0,20,0,8,7
metrics,gated,metrics,ABCDE,46,0.4,double_shift,8,8,0,0,0,0,8,0,0.0,0.0,,,,,0,0.0,30,0,8,10
metrics,gated,metrics,ABCDE,46,0.4,self_corrected,8,8,0,0,0,0,8,0,0.0,0.0,,,,,0,0.0,33,0,8,0
metrics,gated,metrics,ABCDE,46,0.4,deferred,8,8,0,0,0,0,8,0,0.0,0.0,,,,,0,0.0,31,0,8,8
metrics,gated,metrics,ABCDE,46,0.4,isolated,8,8,0,0,0,0,8,0,0.0,0.0,,,,,0,0.0,5,0,8,1
metrics,gated,metrics,ABCDE,46,0.4,scanner_blank_1,8,8,0,0,0,0,8,0,0.0,0.0,,,,,0,0.0,15,0,8,8
metrics,gated,metrics,ABCDE,46,0.4,scanner_blank_2,8,8,0,0,0,0,8,0,0.0,0.0,,,,,0,0.0,25,0,8,4
metrics,gated,metrics,ABCDE,46,0.4,scanner_row_delete_1,8,8,0,0,0,0,8,0,0.0,0.0,,,,,0,0.0,22,0,8,0
metrics,gated,metrics,ABCDE,46,0.4,scanner_row_delete_2,8,8,0,0,0,0,8,0,0.0,0.0,,,,,0,0.0,22,0,8,1
metrics,gated,metrics,ABCDE,46,0.4,scanner_misread_1,8,0,8,0,0,0,0,8,,,0.0,0.312344,,,0,,0,0,8,0
metrics,gated,metrics,ABCDE,46,0.4,scanner_misread_4,8,0,8,0,0,0,0,8,,,0.0,0.312344,,,0,,0,0,8,0
metrics,gated,metrics,ABCDE,46,0.4,scanner_faint_1,8,0,8,0,0,0,0,8,,,0.0,0.312344,,,0,,0,0,8,0
metrics,gated,metrics,ABCDE,46,0.4,scanner_faint_4,8,0,8,0,0,0,0,8,,,0.0,0.312344,,,0,,0,0,8,0
metrics,gated,metrics,ABCDE,46,0.4,scanner_double_4,8,0,8,0,0,0,0,8,,,0.0,0.312344,,,0,,0,0,8,0
metrics,gated,metrics,ABCDE,46,0.4,adv_long_runs,8,0,8,0,0,0,0,8,,,0.0,0.312344,,,0,,0,0,8,0
metrics,gated,metrics,ABCDE,46,0.4,adv_favourite,8,0,8,0,0,0,0,8,,,0.0,0.312344,,,0,,0,0,8,0
metrics,gated,metrics,ABCDE,46,0.4,adv_easy_block,8,0,8,0,0,0,0,8,,,0.0,0.312344,,,0,,0,0,8,0
metrics,gated,metrics,ABCDE,46,0.4,adv_key_leakage,8,8,0,0,0,0,8,0,0.0,0.0,,,,,0,0.0,288,0,8,0
metrics,gated,metrics,ABCDE,46,0.4,adv_cycle,8,0,8,0,0,0,0,8,,,0.0,0.312344,,,0,,0,0,8,0
metrics,gated,metrics,ABCDE,46,0.55,none,8,0,8,0,0,0,0,8,,,0.0,0.312344,,,0,,0,0,8,0
metrics,gated,metrics,ABCDE,46,0.55,row_skip_1,8,8,0,0,0,0,8,0,0.0,0.0,,,,,0,0.0,49,0,8,1
metrics,gated,metrics,ABCDE,46,0.55,row_skip_2,8,8,0,0,0,0,8,0,0.0,0.0,,,,,0,0.0,28,0,8,0
metrics,gated,metrics,ABCDE,46,0.55,early_full,8,8,0,0,0,0,8,0,0.0,0.0,,,,,0,0.0,142,0,8,0
metrics,gated,metrics,ABCDE,46,0.55,boundary,8,8,0,0,0,0,8,0,0.0,0.0,,,,,0,0.0,23,0,8,0
metrics,gated,metrics,ABCDE,46,0.55,short_local,8,8,0,0,0,0,8,0,0.0,0.0,,,,,0,0.0,8,0,8,3
metrics,gated,metrics,ABCDE,46,0.55,whole_section,8,8,0,0,0,0,8,0,0.0,0.0,,,,,0,0.0,34,0,8,1
metrics,gated,metrics,ABCDE,46,0.55,anxiety,8,8,0,0,0,0,8,0,0.0,0.0,,,,,0,0.0,43,0,8,0
metrics,gated,metrics,ABCDE,46,0.55,double_shift,8,8,0,0,0,0,8,0,0.0,0.0,,,,,0,0.0,38,0,8,11
metrics,gated,metrics,ABCDE,46,0.55,self_corrected,8,8,0,0,0,0,8,0,0.0,0.0,,,,,0,0.0,45,0,8,0
metrics,gated,metrics,ABCDE,46,0.55,deferred,8,8,0,0,0,0,8,0,0.0,0.0,,,,,0,0.0,68,0,8,0
metrics,gated,metrics,ABCDE,46,0.55,isolated,8,8,0,0,0,0,8,0,0.0,0.0,,,,,0,0.0,4,0,8,2
metrics,gated,metrics,ABCDE,46,0.55,scanner_blank_1,8,8,0,0,0,0,8,0,0.0,0.0,,,,,0,0.0,67,0,8,0
metrics,gated,metrics,ABCDE,46,0.55,scanner_blank_2,8,8,0,0,0,0,8,0,0.0,0.0,,,,,0,0.0,58,0,8,2
metrics,gated,metrics,ABCDE,46,0.55,scanner_row_delete_1,8,8,0,0,0,0,8,0,0.0,0.0,,,,,0,0.0,54,0,8,0
metrics,gated,metrics,ABCDE,46,0.55,scanner_row_delete_2,8,8,0,0,0,0,8,0,0.0,0.0,,,,,0,0.0,54,0,8,0
metrics,gated,metrics,ABCDE,46,0.55,scanner_misread_1,8,0,8,0,0,0,0,8,,,0.0,0.312344,,,0,,0,0,8,0
metrics,gated,metrics,ABCDE,46,0.55,scanner_misread_4,8,0,8,0,0,0,0,8,,,0.0,0.312344,,,0,,0,0,8,0
metrics,gated,metrics,ABCDE,46,0.55,scanner_faint_1,8,0,8,0,0,0,0,8,,,0.0,0.312344,,,0,,0,0,8,0
metrics,gated,metrics,ABCDE,46,0.55,scanner_faint_4,8,0,8,0,0,0,0,8,,,0.0,0.312344,,,0,,0,0,8,0
metrics,gated,metrics,ABCDE,46,0.55,scanner_double_4,8,0,8,0,0,0,0,8,,,0.0,0.312344,,,0,,0,0,8,0
metrics,gated,metrics,ABCDE,46,0.55,adv_long_runs,8,0,8,0,0,0,0,8,,,0.0,0.312344,,,0,,0,0,8,0
metrics,gated,metrics,ABCDE,46,0.55,adv_favourite,8,0,8,0,0,0,0,8,,,0.0,0.312344,,,0,,0,0,8,0
metrics,gated,metrics,ABCDE,46,0.55,adv_easy_block,8,0,8,0,0,0,0,8,,,0.0,0.312344,,,0,,0,0,8,0
metrics,gated,metrics,ABCDE,46,0.55,adv_key_leakage,8,8,0,0,0,0,8,0,0.0,0.0,,,,,0,0.0,286,0,8,0
metrics,gated,metrics,ABCDE,46,0.55,adv_cycle,8,0,8,0,0,0,0,8,,,0.0,0.312344,,,0,,0,0,8,0
metrics,gated,metrics,ABCDE,46,0.7,none,8,0,8,0,0,0,0,8,,,0.0,0.312344,,,0,,0,0,8,0
metrics,gated,metrics,ABCDE,46,0.7,row_skip_1,8,8,0,0,0,0,8,0,0.0,0.0,,,,,0,0.0,66,0,8,0
metrics,gated,metrics,ABCDE,46,0.7,row_skip_2,8,8,0,0,0,0,8,0,0.0,0.0,,,,,0,0.0,91,0,8,0
metrics,gated,metrics,ABCDE,46,0.7,early_full,8,8,0,0,0,0,8,0,0.0,0.0,,,,,0,0.0,168,0,8,0
metrics,gated,metrics,ABCDE,46,0.7,boundary,8,8,0,0,0,0,8,0,0.0,0.0,,,,,0,0.0,30,0,8,0
metrics,gated,metrics,ABCDE,46,0.7,short_local,8,8,0,0,0,0,8,0,0.0,0.0,,,,,0,0.0,21,0,8,2
metrics,gated,metrics,ABCDE,46,0.7,whole_section,8,8,0,0,0,0,8,0,0.0,0.0,,,,,0,0.0,74,0,8,0
metrics,gated,metrics,ABCDE,46,0.7,anxiety,8,8,0,0,0,0,8,0,0.0,0.0,,,,,0,0.0,69,0,8,0
metrics,gated,metrics,ABCDE,46,0.7,double_shift,8,8,0,0,0,0,8,0,0.0,0.0,,,,,0,0.0,97,0,8,7
metrics,gated,metrics,ABCDE,46,0.7,self_corrected,8,8,0,0,0,0,8,0,0.0,0.0,,,,,0,0.0,56,0,8,0
metrics,gated,metrics,ABCDE,46,0.7,deferred,8,8,0,0,0,0,8,0,0.0,0.0,,,,,0,0.0,64,0,8,0
metrics,gated,metrics,ABCDE,46,0.7,isolated,8,8,0,0,0,0,8,0,0.0,0.0,,,,,0,0.0,7,0,8,3
metrics,gated,metrics,ABCDE,46,0.7,scanner_blank_1,8,8,0,0,0,0,8,0,0.0,0.0,,,,,0,0.0,73,0,8,0
metrics,gated,metrics,ABCDE,46,0.7,scanner_blank_2,8,8,0,0,0,0,8,0,0.0,0.0,,,,,0,0.0,38,0,8,0
metrics,gated,metrics,ABCDE,46,0.7,scanner_row_delete_1,8,8,0,0,0,0,8,0,0.0,0.0,,,,,0,0.0,34,0,8,2
metrics,gated,metrics,ABCDE,46,0.7,scanner_row_delete_2,8,8,0,0,0,0,8,0,0.0,0.0,,,,,0,0.0,53,0,8,2
metrics,gated,metrics,ABCDE,46,0.7,scanner_misread_1,8,0,8,0,0,0,0,8,,,0.0,0.312344,,,0,,0,0,8,0
metrics,gated,metrics,ABCDE,46,0.7,scanner_misread_4,8,0,8,0,0,0,0,8,,,0.0,0.312344,,,0,,0,0,8,0
metrics,gated,metrics,ABCDE,46,0.7,scanner_faint_1,8,0,8,0,0,0,0,8,,,0.0,0.312344,,,0,,0,0,8,0
metrics,gated,metrics,ABCDE,46,0.7,scanner_faint_4,8,0,8,0,0,0,0,8,,,0.0,0.312344,,,0,,0,0,8,0
metrics,gated,metrics,ABCDE,46,0.7,scanner_double_4,8,0,8,0,0,0,0,8,,,0.0,0.312344,,,0,,0,0,8,0
metrics,gated,metrics,ABCDE,46,0.7,adv_long_runs,8,0,8,0,0,0,0,8,,,0.0,0.312344,,,0,,0,0,8,0
metrics,gated,metrics,ABCDE,46,0.7,adv_favourite,8,0,8,0,0,0,0,8,,,0.0,0.312344,,,0,,0,0,8,0
metrics,gated,metrics,ABCDE,46,0.7,adv_easy_block,8,0,8,0,0,0,0,8,,,0.0,0.312344,,,0,,0,0,8,0
metrics,gated,metrics,ABCDE,46,0.7,adv_key_leakage,8,8,0,0,0,0,8,0,0.0,0.0,,,,,0,0.0,297,0,8,0
metrics,gated,metrics,ABCDE,46,0.7,adv_cycle,8,0,8,0,0,0,0,8,,,0.0,0.312344,,,0,,0,0,8,0
metrics,gated,metrics,ABCDE,46,0.85,none,8,0,8,0,0,0,0,8,,,0.0,0.312344,,,0,,0,0,8,0
metrics,gated,metrics,ABCDE,46,0.85,row_skip_1,8,8,0,0,0,0,8,0,0.0,0.0,,,,,0,0.0,54,0,8,0
metrics,gated,metrics,ABCDE,46,0.85,row_skip_2,8,8,0,0,0,0,8,0,0.0,0.0,,,,,0,0.0,71,0,8,0
metrics,gated,metrics,ABCDE,46,0.85,early_full,8,8,0,0,0,0,8,0,0.0,0.0,,,,,0,0.0,128,0,8,3
metrics,gated,metrics,ABCDE,46,0.85,boundary,8,8,0,0,0,0,8,0,0.0,0.0,,,,,0,0.0,47,0,8,2
metrics,gated,metrics,ABCDE,46,0.85,short_local,8,8,0,0,0,0,8,0,0.0,0.0,,,,,0,0.0,32,0,8,1
metrics,gated,metrics,ABCDE,46,0.85,whole_section,8,8,0,0,0,0,8,0,0.0,0.0,,,,,0,0.0,71,0,8,0
metrics,gated,metrics,ABCDE,46,0.85,anxiety,8,8,0,0,0,0,8,0,0.0,0.0,,,,,0,0.0,76,0,8,1
metrics,gated,metrics,ABCDE,46,0.85,double_shift,8,8,0,0,0,0,8,0,0.0,0.0,,,,,0,0.0,158,0,8,0
metrics,gated,metrics,ABCDE,46,0.85,self_corrected,8,8,0,0,0,0,8,0,0.0,0.0,,,,,0,0.0,79,0,8,0
metrics,gated,metrics,ABCDE,46,0.85,deferred,8,8,0,0,0,0,8,0,0.0,0.0,,,,,0,0.0,76,0,8,0
metrics,gated,metrics,ABCDE,46,0.85,isolated,8,8,0,0,0,0,8,0,0.0,0.0,,,,,0,0.0,3,0,8,0
metrics,gated,metrics,ABCDE,46,0.85,scanner_blank_1,8,8,0,0,0,0,8,0,0.0,0.0,,,,,0,0.0,55,0,8,0
metrics,gated,metrics,ABCDE,46,0.85,scanner_blank_2,8,8,0,0,0,0,8,0,0.0,0.0,,,,,0,0.0,101,0,8,0
metrics,gated,metrics,ABCDE,46,0.85,scanner_row_delete_1,8,8,0,0,0,0,8,0,0.0,0.0,,,,,0,0.0,52,0,8,7
metrics,gated,metrics,ABCDE,46,0.85,scanner_row_delete_2,8,8,0,0,0,0,8,0,0.0,0.0,,,,,0,0.0,98,0,8,0
metrics,gated,metrics,ABCDE,46,0.85,scanner_misread_1,8,0,8,0,0,0,0,8,,,0.0,0.312344,,,0,,0,0,8,0
metrics,gated,metrics,ABCDE,46,0.85,scanner_misread_4,8,0,8,0,0,0,0,8,,,0.0,0.312344,,,0,,0,0,8,0
metrics,gated,metrics,ABCDE,46,0.85,scanner_faint_1,8,0,8,0,0,0,0,8,,,0.0,0.312344,,,0,,0,0,8,0
metrics,gated,metrics,ABCDE,46,0.85,scanner_faint_4,8,0,8,0,0,0,0,8,,,0.0,0.312344,,,0,,0,0,8,0
metrics,gated,metrics,ABCDE,46,0.85,scanner_double_4,8,0,8,0,0,0,0,8,,,0.0,0.312344,,,0,,0,0,8,0
metrics,gated,metrics,ABCDE,46,0.85,adv_long_runs,8,0,8,0,0,0,0,8,,,0.0,0.312344,,,0,,0,0,8,0
metrics,gated,metrics,ABCDE,46,0.85,adv_favourite,8,0,8,0,0,0,0,8,,,0.0,0.312344,,,0,,0,0,8,0
metrics,gated,metrics,ABCDE,46,0.85,adv_easy_block,8,0,8,0,0,0,0,8,,,0.0,0.312344,,,0,,0,0,8,0
metrics,gated,metrics,ABCDE,46,0.85,adv_key_leakage,8,8,0,0,0,0,8,0,0.0,0.0,,,,,0,0.0,289,0,8,0
metrics,gated,metrics,ABCDE,46,0.85,adv_cycle,8,0,8,0,0,0,0,8,,,0.0,0.312344,,,0,,0,0,8,0
metrics,gated,metrics,ABCDE,46,0.95,none,8,0,8,0,0,0,0,8,,,0.0,0.312344,,,0,,0,0,8,0
metrics,gated,metrics,ABCDE,46,0.95,row_skip_1,8,8,0,0,0,0,8,0,0.0,0.0,,,,,0,0.0,132,0,8,0
metrics,gated,metrics,ABCDE,46,0.95,row_skip_2,8,8,0,0,0,0,8,0,0.0,0.0,,,,,0,0.0,159,0,8,0
metrics,gated,metrics,ABCDE,46,0.95,early_full,8,8,0,0,0,0,8,0,0.0,0.0,,,,,0,0.0,195,0,8,0
metrics,gated,metrics,ABCDE,46,0.95,boundary,8,8,0,0,0,0,8,0,0.0,0.0,,,,,0,0.0,59,0,8,0
metrics,gated,metrics,ABCDE,46,0.95,short_local,8,8,0,0,0,0,8,0,0.0,0.0,,,,,0,0.0,21,0,8,0
metrics,gated,metrics,ABCDE,46,0.95,whole_section,8,8,0,0,0,0,8,0,0.0,0.0,,,,,0,0.0,120,0,8,0
metrics,gated,metrics,ABCDE,46,0.95,anxiety,8,8,0,0,0,0,8,0,0.0,0.0,,,,,0,0.0,106,0,8,0
metrics,gated,metrics,ABCDE,46,0.95,double_shift,8,8,0,0,0,0,8,0,0.0,0.0,,,,,0,0.0,179,0,8,0
metrics,gated,metrics,ABCDE,46,0.95,self_corrected,8,8,0,0,0,0,8,0,0.0,0.0,,,,,0,0.0,109,0,8,1
metrics,gated,metrics,ABCDE,46,0.95,deferred,8,8,0,0,0,0,8,0,0.0,0.0,,,,,0,0.0,112,0,8,3
metrics,gated,metrics,ABCDE,46,0.95,isolated,8,8,0,0,0,0,8,0,0.0,0.0,,,,,0,0.0,10,0,8,0
metrics,gated,metrics,ABCDE,46,0.95,scanner_blank_1,8,8,0,0,0,0,8,0,0.0,0.0,,,,,0,0.0,62,0,8,0
metrics,gated,metrics,ABCDE,46,0.95,scanner_blank_2,8,8,0,0,0,0,8,0,0.0,0.0,,,,,0,0.0,110,0,8,0
metrics,gated,metrics,ABCDE,46,0.95,scanner_row_delete_1,8,8,0,0,0,0,8,0,0.0,0.0,,,,,0,0.0,86,0,8,0
metrics,gated,metrics,ABCDE,46,0.95,scanner_row_delete_2,8,8,0,0,0,0,8,0,0.0,0.0,,,,,0,0.0,92,0,8,3
metrics,gated,metrics,ABCDE,46,0.95,scanner_misread_1,8,0,8,0,0,0,0,8,,,0.0,0.312344,,,0,,0,0,8,0
metrics,gated,metrics,ABCDE,46,0.95,scanner_misread_4,8,0,8,0,0,0,0,8,,,0.0,0.312344,,,0,,0,0,8,0
metrics,gated,metrics,ABCDE,46,0.95,scanner_faint_1,8,0,8,0,0,0,0,8,,,0.0,0.312344,,,0,,0,0,8,0
metrics,gated,metrics,ABCDE,46,0.95,scanner_faint_4,8,0,8,0,0,0,0,8,,,0.0,0.312344,,,0,,0,0,8,0
metrics,gated,metrics,ABCDE,46,0.95,scanner_double_4,8,0,8,0,0,0,0,8,,,0.0,0.312344,,,0,,0,0,8,0
metrics,gated,metrics,ABCDE,46,0.95,adv_long_runs,8,0,8,0,0,0,0,8,,,0.0,0.312344,,,0,,0,0,8,0
metrics,gated,metrics,ABCDE,46,0.95,adv_favourite,8,0,8,0,0,0,0,8,,,0.0,0.312344,,,0,,0,0,8,0
metrics,gated,metrics,ABCDE,46,0.95,adv_easy_block,8,0,8,0,0,0,0,8,,,0.0,0.312344,,,0,,0,0,8,0
metrics,gated,metrics,ABCDE,46,0.95,adv_key_leakage,8,8,0,0,0,0,8,0,0.0,0.0,,,,,0,0.0,280,0,8,0
metrics,gated,metrics,ABCDE,46,0.95,adv_cycle,8,0,8,0,0,0,0,8,,,0.0,0.312344,,,0,,0,0,8,0
metrics,gated,metrics,ABCDE,90,0.26,none,8,0,8,0,0,0,0,8,,,0.0,0.312344,,,0,,0,0,8,0
metrics,gated,metrics,ABCDE,90,0.26,row_skip_1,8,8,0,0,0,0,8,0,0.0,0.0,,,,,0,0.0,14,0,8,14
metrics,gated,metrics,ABCDE,90,0.26,row_skip_2,8,8,0,0,0,0,8,0,0.0,0.0,,,,,0,0.0,1,0,8,13
metrics,gated,metrics,ABCDE,90,0.26,early_full,8,8,0,0,0,0,8,0,0.0,0.0,,,,,0,0.0,63,0,8,3
metrics,gated,metrics,ABCDE,90,0.26,boundary,8,8,0,0,0,0,8,0,0.0,0.0,,,,,0,0.0,18,0,8,2
metrics,gated,metrics,ABCDE,90,0.26,short_local,8,8,0,0,0,0,8,0,0.0,0.0,,,,,0,0.0,10,0,8,7
metrics,gated,metrics,ABCDE,90,0.26,whole_section,8,8,0,0,0,0,8,0,0.0,0.0,,,,,0,0.0,29,0,8,27
metrics,gated,metrics,ABCDE,90,0.26,anxiety,8,8,0,0,0,0,8,0,0.0,0.0,,,,,0,0.0,30,0,8,3
metrics,gated,metrics,ABCDE,90,0.26,double_shift,8,8,0,0,0,0,8,0,0.0,0.0,,,,,0,0.0,22,0,8,1
metrics,gated,metrics,ABCDE,90,0.26,self_corrected,8,8,0,0,0,0,8,0,0.0,0.0,,,,,0,0.0,18,0,8,3
metrics,gated,metrics,ABCDE,90,0.26,deferred,8,8,0,0,0,0,8,0,0.0,0.0,,,,,0,0.0,32,0,8,1
metrics,gated,metrics,ABCDE,90,0.26,isolated,8,8,0,0,0,0,8,0,0.0,0.0,,,,,0,0.0,3,0,8,0
metrics,gated,metrics,ABCDE,90,0.26,scanner_blank_1,8,8,0,0,0,0,8,0,0.0,0.0,,,,,0,0.0,40,0,8,8
metrics,gated,metrics,ABCDE,90,0.26,scanner_blank_2,8,8,0,0,0,0,8,0,0.0,0.0,,,,,0,0.0,30,0,8,4
metrics,gated,metrics,ABCDE,90,0.26,scanner_row_delete_1,8,8,0,0,0,0,8,0,0.0,0.0,,,,,0,0.0,18,0,8,5
metrics,gated,metrics,ABCDE,90,0.26,scanner_row_delete_2,8,8,0,0,0,0,8,0,0.0,0.0,,,,,0,0.0,18,0,8,18
metrics,gated,metrics,ABCDE,90,0.26,scanner_misread_1,8,0,8,0,0,0,0,8,,,0.0,0.312344,,,0,,0,0,8,0
metrics,gated,metrics,ABCDE,90,0.26,scanner_misread_4,8,0,8,0,0,0,0,8,,,0.0,0.312344,,,0,,0,0,8,0
metrics,gated,metrics,ABCDE,90,0.26,scanner_faint_1,8,0,8,0,0,0,0,8,,,0.0,0.312344,,,0,,0,0,8,0
metrics,gated,metrics,ABCDE,90,0.26,scanner_faint_4,8,0,8,0,0,0,0,8,,,0.0,0.312344,,,0,,0,0,8,0
metrics,gated,metrics,ABCDE,90,0.26,scanner_double_4,8,0,8,0,0,0,0,8,,,0.0,0.312344,,,0,,0,0,8,0
metrics,gated,metrics,ABCDE,90,0.26,adv_long_runs,8,0,8,0,0,0,0,8,,,0.0,0.312344,,,0,,0,0,8,0
metrics,gated,metrics,ABCDE,90,0.26,adv_favourite,8,0,8,0,0,0,0,8,,,0.0,0.312344,,,0,,0,0,8,0
metrics,gated,metrics,ABCDE,90,0.26,adv_easy_block,8,0,8,0,0,0,0,8,,,0.0,0.312344,,,0,,0,0,8,0
metrics,gated,metrics,ABCDE,90,0.26,adv_key_leakage,8,8,0,0,0,0,8,0,0.0,0.0,,,,,0,0.0,570,0,8,0
metrics,gated,metrics,ABCDE,90,0.26,adv_cycle,8,0,8,0,0,0,0,8,,,0.0,0.312344,,,0,,0,0,8,0
metrics,gated,metrics,ABCDE,90,0.4,none,8,0,8,0,0,0,0,8,,,0.0,0.312344,,,0,,0,0,8,0
metrics,gated,metrics,ABCDE,90,0.4,row_skip_1,8,8,0,0,0,0,8,0,0.0,0.0,,,,,0,0.0,69,0,8,0
metrics,gated,metrics,ABCDE,90,0.4,row_skip_2,8,8,0,0,0,0,8,0,0.0,0.0,,,,,0,0.0,80,0,8,4
metrics,gated,metrics,ABCDE,90,0.4,early_full,8,8,0,0,0,0,8,0,0.0,0.0,,,,,0,0.0,164,0,8,0
metrics,gated,metrics,ABCDE,90,0.4,boundary,8,8,0,0,0,0,8,0,0.0,0.0,,,,,0,0.0,30,0,8,1
metrics,gated,metrics,ABCDE,90,0.4,short_local,8,8,0,0,0,0,8,0,0.0,0.0,,,,,0,0.0,20,0,8,0
metrics,gated,metrics,ABCDE,90,0.4,whole_section,8,8,0,0,0,0,8,0,0.0,0.0,,,,,0,0.0,64,0,8,10
metrics,gated,metrics,ABCDE,90,0.4,anxiety,8,8,0,0,0,0,8,0,0.0,0.0,,,,,0,0.0,69,0,8,1
metrics,gated,metrics,ABCDE,90,0.4,double_shift,8,8,0,0,0,0,8,0,0.0,0.0,,,,,0,0.0,87,0,8,7
metrics,gated,metrics,ABCDE,90,0.4,self_corrected,8,8,0,0,0,0,8,0,0.0,0.0,,,,,0,0.0,22,0,8,3
metrics,gated,metrics,ABCDE,90,0.4,deferred,8,8,0,0,0,0,8,0,0.0,0.0,,,,,0,0.0,62,0,8,3
metrics,gated,metrics,ABCDE,90,0.4,isolated,8,8,0,0,0,0,8,0,0.0,0.0,,,,,0,0.0,4,0,8,2
metrics,gated,metrics,ABCDE,90,0.4,scanner_blank_1,8,8,0,0,0,0,8,0,0.0,0.0,,,,,0,0.0,124,0,8,9
metrics,gated,metrics,ABCDE,90,0.4,scanner_blank_2,8,8,0,0,0,0,8,0,0.0,0.0,,,,,0,0.0,70,0,8,0
metrics,gated,metrics,ABCDE,90,0.4,scanner_row_delete_1,8,8,0,0,0,0,8,0,0.0,0.0,,,,,0,0.0,66,0,8,9
metrics,gated,metrics,ABCDE,90,0.4,scanner_row_delete_2,8,8,0,0,0,0,8,0,0.0,0.0,,,,,0,0.0,53,0,8,9
metrics,gated,metrics,ABCDE,90,0.4,scanner_misread_1,8,0,8,0,0,0,0,8,,,0.0,0.312344,,,0,,0,0,8,0
metrics,gated,metrics,ABCDE,90,0.4,scanner_misread_4,8,0,8,0,0,0,0,8,,,0.0,0.312344,,,0,,0,0,8,0
metrics,gated,metrics,ABCDE,90,0.4,scanner_faint_1,8,0,8,0,0,0,0,8,,,0.0,0.312344,,,0,,0,0,8,0
metrics,gated,metrics,ABCDE,90,0.4,scanner_faint_4,8,0,8,0,0,0,0,8,,,0.0,0.312344,,,0,,0,0,8,0
metrics,gated,metrics,ABCDE,90,0.4,scanner_double_4,8,0,8,0,0,0,0,8,,,0.0,0.312344,,,0,,0,0,8,0
metrics,gated,metrics,ABCDE,90,0.4,adv_long_runs,8,0,8,0,0,0,0,8,,,0.0,0.312344,,,0,,0,0,8,0
metrics,gated,metrics,ABCDE,90,0.4,adv_favourite,8,0,8,0,0,0,0,8,,,0.0,0.312344,,,0,,0,0,8,0
metrics,gated,metrics,ABCDE,90,0.4,adv_easy_block,8,0,8,0,0,0,0,8,,,0.0,0.312344,,,0,,0,0,8,0
metrics,gated,metrics,ABCDE,90,0.4,adv_key_leakage,8,8,0,0,0,0,8,0,0.0,0.0,,,,,0,0.0,571,0,8,0
metrics,gated,metrics,ABCDE,90,0.4,adv_cycle,8,0,8,0,0,0,0,8,,,0.0,0.312344,,,0,,0,0,8,0
metrics,gated,metrics,ABCDE,90,0.55,none,8,0,8,0,0,0,0,8,,,0.0,0.312344,,,0,,0,0,8,0
metrics,gated,metrics,ABCDE,90,0.55,row_skip_1,8,8,0,0,0,0,8,0,0.0,0.0,,,,,0,0.0,117,0,8,1
metrics,gated,metrics,ABCDE,90,0.55,row_skip_2,8,8,0,0,0,0,8,0,0.0,0.0,,,,,0,0.0,63,0,8,5
metrics,gated,metrics,ABCDE,90,0.55,early_full,8,8,0,0,0,0,8,0,0.0,0.0,,,,,0,0.0,185,0,8,0
metrics,gated,metrics,ABCDE,90,0.55,boundary,8,8,0,0,0,0,8,0,0.0,0.0,,,,,0,0.0,42,0,8,0
metrics,gated,metrics,ABCDE,90,0.55,short_local,8,8,0,0,0,0,8,0,0.0,0.0,,,,,0,0.0,10,0,8,0
metrics,gated,metrics,ABCDE,90,0.55,whole_section,8,8,0,0,0,0,8,0,0.0,0.0,,,,,0,0.0,90,0,8,0
metrics,gated,metrics,ABCDE,90,0.55,anxiety,8,8,0,0,0,0,8,0,0.0,0.0,,,,,0,0.0,147,0,8,0
metrics,gated,metrics,ABCDE,90,0.55,double_shift,8,8,0,0,0,0,8,0,0.0,0.0,,,,,0,0.0,180,0,8,1
metrics,gated,metrics,ABCDE,90,0.55,self_corrected,8,8,0,0,0,0,8,0,0.0,0.0,,,,,0,0.0,66,0,8,0
metrics,gated,metrics,ABCDE,90,0.55,deferred,8,8,0,0,0,0,8,0,0.0,0.0,,,,,0,0.0,78,0,8,1
metrics,gated,metrics,ABCDE,90,0.55,isolated,8,8,0,0,0,0,8,0,0.0,0.0,,,,,0,0.0,5,0,8,0
metrics,gated,metrics,ABCDE,90,0.55,scanner_blank_1,8,8,0,0,0,0,8,0,0.0,0.0,,,,,0,0.0,102,0,8,0
metrics,gated,metrics,ABCDE,90,0.55,scanner_blank_2,8,8,0,0,0,0,8,0,0.0,0.0,,,,,0,0.0,101,0,8,2
metrics,gated,metrics,ABCDE,90,0.55,scanner_row_delete_1,8,8,0,0,0,0,8,0,0.0,0.0,,,,,0,0.0,149,0,8,1
metrics,gated,metrics,ABCDE,90,0.55,scanner_row_delete_2,8,8,0,0,0,0,8,0,0.0,0.0,,,,,0,0.0,26,0,8,4
metrics,gated,metrics,ABCDE,90,0.55,scanner_misread_1,8,0,8,0,0,0,0,8,,,0.0,0.312344,,,0,,0,0,8,0
metrics,gated,metrics,ABCDE,90,0.55,scanner_misread_4,8,0,8,0,0,0,0,8,,,0.0,0.312344,,,0,,0,0,8,0
metrics,gated,metrics,ABCDE,90,0.55,scanner_faint_1,8,0,8,0,0,0,0,8,,,0.0,0.312344,,,0,,0,0,8,0
metrics,gated,metrics,ABCDE,90,0.55,scanner_faint_4,8,0,8,0,0,0,0,8,,,0.0,0.312344,,,0,,0,0,8,0
metrics,gated,metrics,ABCDE,90,0.55,scanner_double_4,8,0,8,0,0,0,0,8,,,0.0,0.312344,,,0,,0,0,8,0
metrics,gated,metrics,ABCDE,90,0.55,adv_long_runs,8,0,8,0,0,0,0,8,,,0.0,0.312344,,,0,,0,0,8,0
metrics,gated,metrics,ABCDE,90,0.55,adv_favourite,8,0,8,0,0,0,0,8,,,0.0,0.312344,,,0,,0,0,8,0
metrics,gated,metrics,ABCDE,90,0.55,adv_easy_block,8,0,8,0,0,0,0,8,,,0.0,0.312344,,,0,,0,0,8,0
metrics,gated,metrics,ABCDE,90,0.55,adv_key_leakage,8,8,0,0,0,0,8,0,0.0,0.0,,,,,0,0.0,565,0,8,0
metrics,gated,metrics,ABCDE,90,0.55,adv_cycle,8,0,8,0,0,0,0,8,,,0.0,0.312344,,,0,,0,0,8,0
metrics,gated,metrics,ABCDE,90,0.7,none,8,0,8,0,0,0,0,8,,,0.0,0.312344,,,0,,0,0,8,0
metrics,gated,metrics,ABCDE,90,0.7,row_skip_1,8,8,0,0,0,0,8,0,0.0,0.0,,,,,0,0.0,113,0,8,0
metrics,gated,metrics,ABCDE,90,0.7,row_skip_2,8,8,0,0,0,0,8,0,0.0,0.0,,,,,0,0.0,132,0,8,0
metrics,gated,metrics,ABCDE,90,0.7,early_full,8,8,0,0,0,0,8,0,0.0,0.0,,,,,0,0.0,237,0,8,7
metrics,gated,metrics,ABCDE,90,0.7,boundary,8,8,0,0,0,0,8,0,0.0,0.0,,,,,0,0.0,113,0,8,1
metrics,gated,metrics,ABCDE,90,0.7,short_local,8,8,0,0,0,0,8,0,0.0,0.0,,,,,0,0.0,29,0,8,0
metrics,gated,metrics,ABCDE,90,0.7,whole_section,8,8,0,0,0,0,8,0,0.0,0.0,,,,,0,0.0,136,0,8,0
metrics,gated,metrics,ABCDE,90,0.7,anxiety,8,8,0,0,0,0,8,0,0.0,0.0,,,,,0,0.0,104,0,8,2
metrics,gated,metrics,ABCDE,90,0.7,double_shift,8,8,0,0,0,0,8,0,0.0,0.0,,,,,0,0.0,207,0,8,0
metrics,gated,metrics,ABCDE,90,0.7,self_corrected,8,8,0,0,0,0,8,0,0.0,0.0,,,,,0,0.0,65,0,8,0
metrics,gated,metrics,ABCDE,90,0.7,deferred,8,8,0,0,0,0,8,0,0.0,0.0,,,,,0,0.0,156,0,8,0
metrics,gated,metrics,ABCDE,90,0.7,isolated,8,8,0,0,0,0,8,0,0.0,0.0,,,,,0,0.0,5,0,8,2
metrics,gated,metrics,ABCDE,90,0.7,scanner_blank_1,8,8,0,0,0,0,8,0,0.0,0.0,,,,,0,0.0,145,0,8,0
metrics,gated,metrics,ABCDE,90,0.7,scanner_blank_2,8,8,0,0,0,0,8,0,0.0,0.0,,,,,0,0.0,159,0,8,0
metrics,gated,metrics,ABCDE,90,0.7,scanner_row_delete_1,8,8,0,0,0,0,8,0,0.0,0.0,,,,,0,0.0,67,0,8,0
metrics,gated,metrics,ABCDE,90,0.7,scanner_row_delete_2,8,8,0,0,0,0,8,0,0.0,0.0,,,,,0,0.0,132,0,8,0
metrics,gated,metrics,ABCDE,90,0.7,scanner_misread_1,8,0,8,0,0,0,0,8,,,0.0,0.312344,,,0,,0,0,8,0
metrics,gated,metrics,ABCDE,90,0.7,scanner_misread_4,8,0,8,0,0,0,0,8,,,0.0,0.312344,,,0,,0,0,8,0
metrics,gated,metrics,ABCDE,90,0.7,scanner_faint_1,8,0,8,0,0,0,0,8,,,0.0,0.312344,,,0,,0,0,8,0
metrics,gated,metrics,ABCDE,90,0.7,scanner_faint_4,8,0,8,0,0,0,0,8,,,0.0,0.312344,,,0,,0,0,8,0
metrics,gated,metrics,ABCDE,90,0.7,scanner_double_4,8,0,8,0,0,0,0,8,,,0.0,0.312344,,,0,,0,0,8,0
metrics,gated,metrics,ABCDE,90,0.7,adv_long_runs,8,0,8,0,0,0,0,8,,,0.0,0.312344,,,0,,0,0,8,0
metrics,gated,metrics,ABCDE,90,0.7,adv_favourite,8,0,8,0,0,0,0,8,,,0.0,0.312344,,,0,,0,0,8,0
metrics,gated,metrics,ABCDE,90,0.7,adv_easy_block,8,0,8,0,0,0,0,8,,,0.0,0.312344,,,0,,0,0,8,0
metrics,gated,metrics,ABCDE,90,0.7,adv_key_leakage,8,8,0,0,0,0,8,0,0.0,0.0,,,,,0,0.0,554,0,8,0
metrics,gated,metrics,ABCDE,90,0.7,adv_cycle,8,0,8,0,0,0,0,8,,,0.0,0.312344,,,0,,0,0,8,0
metrics,gated,metrics,ABCDE,90,0.85,none,8,0,8,0,0,0,0,8,,,0.0,0.312344,,,0,,0,0,8,0
metrics,gated,metrics,ABCDE,90,0.85,row_skip_1,8,8,0,0,0,0,8,0,0.0,0.0,,,,,0,0.0,166,0,8,3
metrics,gated,metrics,ABCDE,90,0.85,row_skip_2,8,8,0,0,0,0,8,0,0.0,0.0,,,,,0,0.0,218,0,8,1
metrics,gated,metrics,ABCDE,90,0.85,early_full,8,8,0,0,0,0,8,0,0.0,0.0,,,,,0,0.0,412,0,8,0
metrics,gated,metrics,ABCDE,90,0.85,boundary,8,8,0,0,0,0,8,0,0.0,0.0,,,,,0,0.0,171,0,8,0
metrics,gated,metrics,ABCDE,90,0.85,short_local,8,8,0,0,0,0,8,0,0.0,0.0,,,,,0,0.0,35,0,8,0
metrics,gated,metrics,ABCDE,90,0.85,whole_section,8,8,0,0,0,0,8,0,0.0,0.0,,,,,0,0.0,136,0,8,3
metrics,gated,metrics,ABCDE,90,0.85,anxiety,8,8,0,0,0,0,8,0,0.0,0.0,,,,,0,0.0,125,0,8,5
metrics,gated,metrics,ABCDE,90,0.85,double_shift,8,8,0,0,0,0,8,0,0.0,0.0,,,,,0,0.0,264,0,8,0
metrics,gated,metrics,ABCDE,90,0.85,self_corrected,8,8,0,0,0,0,8,0,0.0,0.0,,,,,0,0.0,72,0,8,1
metrics,gated,metrics,ABCDE,90,0.85,deferred,8,8,0,0,0,0,8,0,0.0,0.0,,,,,0,0.0,224,0,8,0
metrics,gated,metrics,ABCDE,90,0.85,isolated,8,8,0,0,0,0,8,0,0.0,0.0,,,,,0,0.0,8,0,8,0
metrics,gated,metrics,ABCDE,90,0.85,scanner_blank_1,8,8,0,0,0,0,8,0,0.0,0.0,,,,,0,0.0,195,0,8,1
metrics,gated,metrics,ABCDE,90,0.85,scanner_blank_2,8,8,0,0,0,0,8,0,0.0,0.0,,,,,0,0.0,157,0,8,0
metrics,gated,metrics,ABCDE,90,0.85,scanner_row_delete_1,8,8,0,0,0,0,8,0,0.0,0.0,,,,,0,0.0,149,0,8,0
metrics,gated,metrics,ABCDE,90,0.85,scanner_row_delete_2,8,8,0,0,0,0,8,0,0.0,0.0,,,,,0,0.0,58,0,8,2
metrics,gated,metrics,ABCDE,90,0.85,scanner_misread_1,8,0,8,0,0,0,0,8,,,0.0,0.312344,,,0,,0,0,8,0
metrics,gated,metrics,ABCDE,90,0.85,scanner_misread_4,8,0,8,0,0,0,0,8,,,0.0,0.312344,,,0,,0,0,8,0
metrics,gated,metrics,ABCDE,90,0.85,scanner_faint_1,8,0,8,0,0,0,0,8,,,0.0,0.312344,,,0,,0,0,8,0
metrics,gated,metrics,ABCDE,90,0.85,scanner_faint_4,8,0,8,0,0,0,0,8,,,0.0,0.312344,,,0,,0,0,8,0
metrics,gated,metrics,ABCDE,90,0.85,scanner_double_4,8,0,8,0,0,0,0,8,,,0.0,0.312344,,,0,,0,0,8,0
metrics,gated,metrics,ABCDE,90,0.85,adv_long_runs,8,0,8,0,0,0,0,8,,,0.0,0.312344,,,0,,0,0,8,0
metrics,gated,metrics,ABCDE,90,0.85,adv_favourite,8,0,8,0,0,0,0,8,,,0.0,0.312344,,,0,,0,0,8,0
metrics,gated,metrics,ABCDE,90,0.85,adv_easy_block,8,0,8,0,0,0,0,8,,,0.0,0.312344,,,0,,0,0,8,0
metrics,gated,metrics,ABCDE,90,0.85,adv_key_leakage,8,8,0,0,0,0,8,0,0.0,0.0,,,,,0,0.0,565,0,8,0
metrics,gated,metrics,ABCDE,90,0.85,adv_cycle,8,0,8,0,0,0,0,8,,,0.0,0.312344,,,0,,0,0,8,0
metrics,gated,metrics,ABCDE,90,0.95,none,8,0,8,0,0,0,0,8,,,0.0,0.312344,,,0,,0,0,8,0
metrics,gated,metrics,ABCDE,90,0.95,row_skip_1,8,8,0,0,0,0,8,0,0.0,0.0,,,,,0,0.0,149,0,8,0
metrics,gated,metrics,ABCDE,90,0.95,row_skip_2,8,8,0,0,0,0,8,0,0.0,0.0,,,,,0,0.0,296,0,8,0
metrics,gated,metrics,ABCDE,90,0.95,early_full,8,8,0,0,0,0,8,0,0.0,0.0,,,,,0,0.0,394,0,8,1
metrics,gated,metrics,ABCDE,90,0.95,boundary,8,8,0,0,0,0,8,0,0.0,0.0,,,,,0,0.0,107,0,8,1
metrics,gated,metrics,ABCDE,90,0.95,short_local,8,8,0,0,0,0,8,0,0.0,0.0,,,,,0,0.0,39,0,8,0
metrics,gated,metrics,ABCDE,90,0.95,whole_section,8,8,0,0,0,0,8,0,0.0,0.0,,,,,0,0.0,191,0,8,2
metrics,gated,metrics,ABCDE,90,0.95,anxiety,8,8,0,0,0,0,8,0,0.0,0.0,,,,,0,0.0,256,0,8,0
metrics,gated,metrics,ABCDE,90,0.95,double_shift,8,8,0,0,0,0,8,0,0.0,0.0,,,,,0,0.0,321,0,8,0
metrics,gated,metrics,ABCDE,90,0.95,self_corrected,8,8,0,0,0,0,8,0,0.0,0.0,,,,,0,0.0,101,0,8,0
metrics,gated,metrics,ABCDE,90,0.95,deferred,8,8,0,0,0,0,8,0,0.0,0.0,,,,,0,0.0,285,0,8,0
metrics,gated,metrics,ABCDE,90,0.95,isolated,8,8,0,0,0,0,8,0,0.0,0.0,,,,,0,0.0,9,0,8,1
metrics,gated,metrics,ABCDE,90,0.95,scanner_blank_1,8,8,0,0,0,0,8,0,0.0,0.0,,,,,0,0.0,182,0,8,0
metrics,gated,metrics,ABCDE,90,0.95,scanner_blank_2,8,8,0,0,0,0,8,0,0.0,0.0,,,,,0,0.0,178,0,8,0
metrics,gated,metrics,ABCDE,90,0.95,scanner_row_delete_1,8,8,0,0,0,0,8,0,0.0,0.0,,,,,0,0.0,175,0,8,0
metrics,gated,metrics,ABCDE,90,0.95,scanner_row_delete_2,8,8,0,0,0,0,8,0,0.0,0.0,,,,,0,0.0,204,0,8,0
metrics,gated,metrics,ABCDE,90,0.95,scanner_misread_1,8,0,8,0,0,0,0,8,,,0.0,0.312344,,,0,,0,0,8,0
metrics,gated,metrics,ABCDE,90,0.95,scanner_misread_4,8,0,8,0,0,0,0,8,,,0.0,0.312344,,,0,,0,0,8,0
metrics,gated,metrics,ABCDE,90,0.95,scanner_faint_1,8,0,8,0,0,0,0,8,,,0.0,0.312344,,,0,,0,0,8,0
metrics,gated,metrics,ABCDE,90,0.95,scanner_faint_4,8,0,8,0,0,0,0,8,,,0.0,0.312344,,,0,,0,0,8,0
metrics,gated,metrics,ABCDE,90,0.95,scanner_double_4,8,0,8,0,0,0,0,8,,,0.0,0.312344,,,0,,0,0,8,0
metrics,gated,metrics,ABCDE,90,0.95,adv_long_runs,8,0,8,0,0,0,0,8,,,0.0,0.312344,,,0,,0,0,8,0
metrics,gated,metrics,ABCDE,90,0.95,adv_favourite,8,0,8,0,0,0,0,8,,,0.0,0.312344,,,0,,0,0,8,0
metrics,gated,metrics,ABCDE,90,0.95,adv_easy_block,8,0,8,0,0,0,0,8,,,0.0,0.312344,,,0,,0,0,8,0
metrics,gated,metrics,ABCDE,90,0.95,adv_key_leakage,8,8,0,0,0,0,8,0,0.0,0.0,,,,,0,0.0,577,0,8,0
metrics,gated,metrics,ABCDE,90,0.95,adv_cycle,8,0,8,0,0,0,0,8,,,0.0,0.312344,,,0,,0,0,8,0
metrics,gated,metrics,ABCDE,100,0.26,none,8,0,8,0,0,0,0,8,,,0.0,0.312344,,,0,,0,0,8,0
metrics,gated,metrics,ABCDE,100,0.26,row_skip_1,8,8,0,0,0,0,8,0,0.0,0.0,,,,,0,0.0,47,0,8,0
metrics,gated,metrics,ABCDE,100,0.26,row_skip_2,8,8,0,0,0,0,8,0,0.0,0.0,,,,,0,0.0,45,0,8,2
metrics,gated,metrics,ABCDE,100,0.26,early_full,8,8,0,0,0,0,8,0,0.0,0.0,,,,,0,0.0,43,0,8,2
metrics,gated,metrics,ABCDE,100,0.26,boundary,8,8,0,0,0,0,8,0,0.0,0.0,,,,,0,0.0,25,0,8,8
metrics,gated,metrics,ABCDE,100,0.26,short_local,8,8,0,0,0,0,8,0,0.0,0.0,,,,,0,0.0,9,0,8,6
metrics,gated,metrics,ABCDE,100,0.26,whole_section,8,8,0,0,0,0,8,0,0.0,0.0,,,,,0,0.0,33,0,8,6
metrics,gated,metrics,ABCDE,100,0.26,anxiety,8,8,0,0,0,0,8,0,0.0,0.0,,,,,0,0.0,38,0,8,10
metrics,gated,metrics,ABCDE,100,0.26,double_shift,8,8,0,0,0,0,8,0,0.0,0.0,,,,,0,0.0,17,0,8,19
metrics,gated,metrics,ABCDE,100,0.26,self_corrected,8,8,0,0,0,0,8,0,0.0,0.0,,,,,0,0.0,32,0,8,0
metrics,gated,metrics,ABCDE,100,0.26,deferred,8,8,0,0,0,0,8,0,0.0,0.0,,,,,0,0.0,15,0,8,17
metrics,gated,metrics,ABCDE,100,0.26,isolated,8,8,0,0,0,0,8,0,0.0,0.0,,,,,0,0.0,2,0,8,1
metrics,gated,metrics,ABCDE,100,0.26,scanner_blank_1,8,8,0,0,0,0,8,0,0.0,0.0,,,,,0,0.0,53,0,8,8
metrics,gated,metrics,ABCDE,100,0.26,scanner_blank_2,8,8,0,0,0,0,8,0,0.0,0.0,,,,,0,0.0,33,0,8,6
metrics,gated,metrics,ABCDE,100,0.26,scanner_row_delete_1,8,8,0,0,0,0,8,0,0.0,0.0,,,,,0,0.0,16,0,8,4
metrics,gated,metrics,ABCDE,100,0.26,scanner_row_delete_2,8,8,0,0,0,0,8,0,0.0,0.0,,,,,0,0.0,14,0,8,39
metrics,gated,metrics,ABCDE,100,0.26,scanner_misread_1,8,0,8,0,0,0,0,8,,,0.0,0.312344,,,0,,0,0,8,0
metrics,gated,metrics,ABCDE,100,0.26,scanner_misread_4,8,0,8,0,0,0,0,8,,,0.0,0.312344,,,0,,0,0,8,0
metrics,gated,metrics,ABCDE,100,0.26,scanner_faint_1,8,0,8,0,0,0,0,8,,,0.0,0.312344,,,0,,0,0,8,0
metrics,gated,metrics,ABCDE,100,0.26,scanner_faint_4,8,0,8,0,0,0,0,8,,,0.0,0.312344,,,0,,0,0,8,0
metrics,gated,metrics,ABCDE,100,0.26,scanner_double_4,8,0,8,0,0,0,0,8,,,0.0,0.312344,,,0,,0,0,8,0
metrics,gated,metrics,ABCDE,100,0.26,adv_long_runs,8,0,8,0,0,0,0,8,,,0.0,0.312344,,,0,,0,0,8,0
metrics,gated,metrics,ABCDE,100,0.26,adv_favourite,8,0,8,0,0,0,0,8,,,0.0,0.312344,,,0,,0,0,8,0
metrics,gated,metrics,ABCDE,100,0.26,adv_easy_block,8,0,8,0,0,0,0,8,,,0.0,0.312344,,,0,,0,0,8,0
metrics,gated,metrics,ABCDE,100,0.26,adv_key_leakage,8,8,0,0,0,0,8,0,0.0,0.0,,,,,0,0.0,627,0,8,0
metrics,gated,metrics,ABCDE,100,0.26,adv_cycle,8,0,8,0,0,0,0,8,,,0.0,0.312344,,,0,,0,0,8,0
metrics,gated,metrics,ABCDE,100,0.4,none,8,0,8,0,0,0,0,8,,,0.0,0.312344,,,0,,0,0,8,0
metrics,gated,metrics,ABCDE,100,0.4,row_skip_1,8,8,0,0,0,0,8,0,0.0,0.0,,,,,0,0.0,64,0,8,6
metrics,gated,metrics,ABCDE,100,0.4,row_skip_2,8,8,0,0,0,0,8,0,0.0,0.0,,,,,0,0.0,34,0,8,8
metrics,gated,metrics,ABCDE,100,0.4,early_full,8,8,0,0,0,0,8,0,0.0,0.0,,,,,0,0.0,86,0,8,0
metrics,gated,metrics,ABCDE,100,0.4,boundary,8,8,0,0,0,0,8,0,0.0,0.0,,,,,0,0.0,55,0,8,4
metrics,gated,metrics,ABCDE,100,0.4,short_local,8,8,0,0,0,0,8,0,0.0,0.0,,,,,0,0.0,14,0,8,5
metrics,gated,metrics,ABCDE,100,0.4,whole_section,8,8,0,0,0,0,8,0,0.0,0.0,,,,,0,0.0,64,0,8,0
metrics,gated,metrics,ABCDE,100,0.4,anxiety,8,8,0,0,0,0,8,0,0.0,0.0,,,,,0,0.0,60,0,8,5
metrics,gated,metrics,ABCDE,100,0.4,double_shift,8,8,0,0,0,0,8,0,0.0,0.0,,,,,0,0.0,94,0,8,6
metrics,gated,metrics,ABCDE,100,0.4,self_corrected,8,8,0,0,0,0,8,0,0.0,0.0,,,,,0,0.0,43,0,8,0
metrics,gated,metrics,ABCDE,100,0.4,deferred,8,8,0,0,0,0,8,0,0.0,0.0,,,,,0,0.0,82,0,8,0
metrics,gated,metrics,ABCDE,100,0.4,isolated,8,8,0,0,0,0,8,0,0.0,0.0,,,,,0,0.0,5,0,8,2
metrics,gated,metrics,ABCDE,100,0.4,scanner_blank_1,8,8,0,0,0,0,8,0,0.0,0.0,,,,,0,0.0,107,0,8,0
metrics,gated,metrics,ABCDE,100,0.4,scanner_blank_2,8,8,0,0,0,0,8,0,0.0,0.0,,,,,0,0.0,85,0,8,9
metrics,gated,metrics,ABCDE,100,0.4,scanner_row_delete_1,8,8,0,0,0,0,8,0,0.0,0.0,,,,,0,0.0,19,0,8,4
metrics,gated,metrics,ABCDE,100,0.4,scanner_row_delete_2,8,8,0,0,0,0,8,0,0.0,0.0,,,,,0,0.0,59,0,8,5
metrics,gated,metrics,ABCDE,100,0.4,scanner_misread_1,8,0,8,0,0,0,0,8,,,0.0,0.312344,,,0,,0,0,8,0
metrics,gated,metrics,ABCDE,100,0.4,scanner_misread_4,8,0,8,0,0,0,0,8,,,0.0,0.312344,,,0,,0,0,8,0
metrics,gated,metrics,ABCDE,100,0.4,scanner_faint_1,8,0,8,0,0,0,0,8,,,0.0,0.312344,,,0,,0,0,8,0
metrics,gated,metrics,ABCDE,100,0.4,scanner_faint_4,8,0,8,0,0,0,0,8,,,0.0,0.312344,,,0,,0,0,8,0
metrics,gated,metrics,ABCDE,100,0.4,scanner_double_4,8,0,8,0,0,0,0,8,,,0.0,0.312344,,,0,,0,0,8,0
metrics,gated,metrics,ABCDE,100,0.4,adv_long_runs,8,0,8,0,0,0,0,8,,,0.0,0.312344,,,0,,0,0,8,0
metrics,gated,metrics,ABCDE,100,0.4,adv_favourite,8,0,8,0,0,0,0,8,,,0.0,0.312344,,,0,,0,0,8,0
metrics,gated,metrics,ABCDE,100,0.4,adv_easy_block,8,0,8,0,0,0,0,8,,,0.0,0.312344,,,0,,0,0,8,0
metrics,gated,metrics,ABCDE,100,0.4,adv_key_leakage,8,8,0,0,0,0,8,0,0.0,0.0,,,,,0,0.0,644,0,8,0
metrics,gated,metrics,ABCDE,100,0.4,adv_cycle,8,0,8,0,0,0,0,8,,,0.0,0.312344,,,0,,0,0,8,0
metrics,gated,metrics,ABCDE,100,0.55,none,8,0,8,0,0,0,0,8,,,0.0,0.312344,,,0,,0,0,8,0
metrics,gated,metrics,ABCDE,100,0.55,row_skip_1,8,8,0,0,0,0,8,0,0.0,0.0,,,,,0,0.0,120,0,8,0
metrics,gated,metrics,ABCDE,100,0.55,row_skip_2,8,8,0,0,0,0,8,0,0.0,0.0,,,,,0,0.0,101,0,8,4
metrics,gated,metrics,ABCDE,100,0.55,early_full,8,8,0,0,0,0,8,0,0.0,0.0,,,,,0,0.0,173,0,8,0
metrics,gated,metrics,ABCDE,100,0.55,boundary,8,8,0,0,0,0,8,0,0.0,0.0,,,,,0,0.0,58,0,8,1
metrics,gated,metrics,ABCDE,100,0.55,short_local,8,8,0,0,0,0,8,0,0.0,0.0,,,,,0,0.0,16,0,8,2
metrics,gated,metrics,ABCDE,100,0.55,whole_section,8,8,0,0,0,0,8,0,0.0,0.0,,,,,0,0.0,132,0,8,0
metrics,gated,metrics,ABCDE,100,0.55,anxiety,8,8,0,0,0,0,8,0,0.0,0.0,,,,,0,0.0,131,0,8,0
metrics,gated,metrics,ABCDE,100,0.55,double_shift,8,8,0,0,0,0,8,0,0.0,0.0,,,,,0,0.0,103,0,8,0
metrics,gated,metrics,ABCDE,100,0.55,self_corrected,8,8,0,0,0,0,8,0,0.0,0.0,,,,,0,0.0,45,0,8,0
metrics,gated,metrics,ABCDE,100,0.55,deferred,8,8,0,0,0,0,8,0,0.0,0.0,,,,,0,0.0,122,0,8,4
metrics,gated,metrics,ABCDE,100,0.55,isolated,8,8,0,0,0,0,8,0,0.0,0.0,,,,,0,0.0,5,0,8,1
metrics,gated,metrics,ABCDE,100,0.55,scanner_blank_1,8,8,0,0,0,0,8,0,0.0,0.0,,,,,0,0.0,55,0,8,2
metrics,gated,metrics,ABCDE,100,0.55,scanner_blank_2,8,8,0,0,0,0,8,0,0.0,0.0,,,,,0,0.0,77,0,8,1
metrics,gated,metrics,ABCDE,100,0.55,scanner_row_delete_1,8,8,0,0,0,0,8,0,0.0,0.0,,,,,0,0.0,144,0,8,0
metrics,gated,metrics,ABCDE,100,0.55,scanner_row_delete_2,8,8,0,0,0,0,8,0,0.0,0.0,,,,,0,0.0,36,0,8,0
metrics,gated,metrics,ABCDE,100,0.55,scanner_misread_1,8,0,8,0,0,0,0,8,,,0.0,0.312344,,,0,,0,0,8,0
metrics,gated,metrics,ABCDE,100,0.55,scanner_misread_4,8,0,8,0,0,0,0,8,,,0.0,0.312344,,,0,,0,0,8,0
metrics,gated,metrics,ABCDE,100,0.55,scanner_faint_1,8,0,8,0,0,0,0,8,,,0.0,0.312344,,,0,,0,0,8,0
metrics,gated,metrics,ABCDE,100,0.55,scanner_faint_4,8,0,8,0,0,0,0,8,,,0.0,0.312344,,,0,,0,0,8,0
metrics,gated,metrics,ABCDE,100,0.55,scanner_double_4,8,0,8,0,0,0,0,8,,,0.0,0.312344,,,0,,0,0,8,0
metrics,gated,metrics,ABCDE,100,0.55,adv_long_runs,8,0,8,0,0,0,0,8,,,0.0,0.312344,,,0,,0,0,8,0
metrics,gated,metrics,ABCDE,100,0.55,adv_favourite,8,0,8,0,0,0,0,8,,,0.0,0.312344,,,0,,0,0,8,0
metrics,gated,metrics,ABCDE,100,0.55,adv_easy_block,8,0,8,0,0,0,0,8,,,0.0,0.312344,,,0,,0,0,8,0
metrics,gated,metrics,ABCDE,100,0.55,adv_key_leakage,8,8,0,0,0,0,8,0,0.0,0.0,,,,,0,0.0,620,0,8,0
metrics,gated,metrics,ABCDE,100,0.55,adv_cycle,8,0,8,0,0,0,0,8,,,0.0,0.312344,,,0,,0,0,8,0
metrics,gated,metrics,ABCDE,100,0.7,none,8,0,8,0,0,0,0,8,,,0.0,0.312344,,,0,,0,0,8,0
metrics,gated,metrics,ABCDE,100,0.7,row_skip_1,8,8,0,0,0,0,8,0,0.0,0.0,,,,,0,0.0,97,0,8,3
metrics,gated,metrics,ABCDE,100,0.7,row_skip_2,8,8,0,0,0,0,8,0,0.0,0.0,,,,,0,0.0,205,0,8,3
metrics,gated,metrics,ABCDE,100,0.7,early_full,8,8,0,0,0,0,8,0,0.0,0.0,,,,,0,0.0,358,0,8,0
metrics,gated,metrics,ABCDE,100,0.7,boundary,8,8,0,0,0,0,8,0,0.0,0.0,,,,,0,0.0,47,0,8,0
metrics,gated,metrics,ABCDE,100,0.7,short_local,8,8,0,0,0,0,8,0,0.0,0.0,,,,,0,0.0,27,0,8,0
metrics,gated,metrics,ABCDE,100,0.7,whole_section,8,8,0,0,0,0,8,0,0.0,0.0,,,,,0,0.0,157,0,8,0
metrics,gated,metrics,ABCDE,100,0.7,anxiety,8,8,0,0,0,0,8,0,0.0,0.0,,,,,0,0.0,199,0,8,0
metrics,gated,metrics,ABCDE,100,0.7,double_shift,8,8,0,0,0,0,8,0,0.0,0.0,,,,,0,0.0,231,0,8,0
metrics,gated,metrics,ABCDE,100,0.7,self_corrected,8,8,0,0,0,0,8,0,0.0,0.0,,,,,0,0.0,67,0,8,3
metrics,gated,metrics,ABCDE,100,0.7,deferred,8,8,0,0,0,0,8,0,0.0,0.0,,,,,0,0.0,148,0,8,1
metrics,gated,metrics,ABCDE,100,0.7,isolated,8,8,0,0,0,0,8,0,0.0,0.0,,,,,0,0.0,6,0,8,3
metrics,gated,metrics,ABCDE,100,0.7,scanner_blank_1,8,8,0,0,0,0,8,0,0.0,0.0,,,,,0,0.0,178,0,8,0
metrics,gated,metrics,ABCDE,100,0.7,scanner_blank_2,8,8,0,0,0,0,8,0,0.0,0.0,,,,,0,0.0,227,0,8,0
metrics,gated,metrics,ABCDE,100,0.7,scanner_row_delete_1,8,8,0,0,0,0,8,0,0.0,0.0,,,,,0,0.0,180,0,8,2
metrics,gated,metrics,ABCDE,100,0.7,scanner_row_delete_2,8,8,0,0,0,0,8,0,0.0,0.0,,,,,0,0.0,152,0,8,0
metrics,gated,metrics,ABCDE,100,0.7,scanner_misread_1,8,0,8,0,0,0,0,8,,,0.0,0.312344,,,0,,0,0,8,0
metrics,gated,metrics,ABCDE,100,0.7,scanner_misread_4,8,0,8,0,0,0,0,8,,,0.0,0.312344,,,0,,0,0,8,0
metrics,gated,metrics,ABCDE,100,0.7,scanner_faint_1,8,0,8,0,0,0,0,8,,,0.0,0.312344,,,0,,0,0,8,0
metrics,gated,metrics,ABCDE,100,0.7,scanner_faint_4,8,0,8,0,0,0,0,8,,,0.0,0.312344,,,0,,0,0,8,0
metrics,gated,metrics,ABCDE,100,0.7,scanner_double_4,8,0,8,0,0,0,0,8,,,0.0,0.312344,,,0,,0,0,8,0
metrics,gated,metrics,ABCDE,100,0.7,adv_long_runs,8,0,8,0,0,0,0,8,,,0.0,0.312344,,,0,,0,0,8,0
metrics,gated,metrics,ABCDE,100,0.7,adv_favourite,8,0,8,0,0,0,0,8,,,0.0,0.312344,,,0,,0,0,8,0
metrics,gated,metrics,ABCDE,100,0.7,adv_easy_block,8,0,8,0,0,0,0,8,,,0.0,0.312344,,,0,,0,0,8,0
metrics,gated,metrics,ABCDE,100,0.7,adv_key_leakage,8,8,0,0,0,0,8,0,0.0,0.0,,,,,0,0.0,645,0,8,0
metrics,gated,metrics,ABCDE,100,0.7,adv_cycle,8,0,8,0,0,0,0,8,,,0.0,0.312344,,,0,,0,0,8,0
metrics,gated,metrics,ABCDE,100,0.85,none,8,0,8,0,0,0,0,8,,,0.0,0.312344,,,0,,0,0,8,0
metrics,gated,metrics,ABCDE,100,0.85,row_skip_1,8,8,0,0,0,0,8,0,0.0,0.0,,,,,0,0.0,239,0,8,0
metrics,gated,metrics,ABCDE,100,0.85,row_skip_2,8,8,0,0,0,0,8,0,0.0,0.0,,,,,0,0.0,121,0,8,0
metrics,gated,metrics,ABCDE,100,0.85,early_full,8,8,0,0,0,0,8,0,0.0,0.0,,,,,0,0.0,257,0,8,11
metrics,gated,metrics,ABCDE,100,0.85,boundary,8,8,0,0,0,0,8,0,0.0,0.0,,,,,0,0.0,121,0,8,0
metrics,gated,metrics,ABCDE,100,0.85,short_local,8,8,0,0,0,0,8,0,0.0,0.0,,,,,0,0.0,24,0,8,1
metrics,gated,metrics,ABCDE,100,0.85,whole_section,8,8,0,0,0,0,8,0,0.0,0.0,,,,,0,0.0,136,0,8,3
metrics,gated,metrics,ABCDE,100,0.85,anxiety,8,8,0,0,0,0,8,0,0.0,0.0,,,,,0,0.0,190,0,8,0
metrics,gated,metrics,ABCDE,100,0.85,double_shift,8,8,0,0,0,0,8,0,0.0,0.0,,,,,0,0.0,322,0,8,0
metrics,gated,metrics,ABCDE,100,0.85,self_corrected,8,8,0,0,0,0,8,0,0.0,0.0,,,,,0,0.0,94,0,8,2
metrics,gated,metrics,ABCDE,100,0.85,deferred,8,8,0,0,0,0,8,0,0.0,0.0,,,,,0,0.0,138,0,8,0
metrics,gated,metrics,ABCDE,100,0.85,isolated,8,8,0,0,0,0,8,0,0.0,0.0,,,,,0,0.0,7,0,8,2
metrics,gated,metrics,ABCDE,100,0.85,scanner_blank_1,8,8,0,0,0,0,8,0,0.0,0.0,,,,,0,0.0,112,0,8,0
metrics,gated,metrics,ABCDE,100,0.85,scanner_blank_2,8,8,0,0,0,0,8,0,0.0,0.0,,,,,0,0.0,157,0,8,0
metrics,gated,metrics,ABCDE,100,0.85,scanner_row_delete_1,8,8,0,0,0,0,8,0,0.0,0.0,,,,,0,0.0,321,0,8,0
metrics,gated,metrics,ABCDE,100,0.85,scanner_row_delete_2,8,8,0,0,0,0,8,0,0.0,0.0,,,,,0,0.0,195,0,8,0
metrics,gated,metrics,ABCDE,100,0.85,scanner_misread_1,8,0,8,0,0,0,0,8,,,0.0,0.312344,,,0,,0,0,8,0
metrics,gated,metrics,ABCDE,100,0.85,scanner_misread_4,8,0,8,0,0,0,0,8,,,0.0,0.312344,,,0,,0,0,8,0
metrics,gated,metrics,ABCDE,100,0.85,scanner_faint_1,8,0,8,0,0,0,0,8,,,0.0,0.312344,,,0,,0,0,8,0
metrics,gated,metrics,ABCDE,100,0.85,scanner_faint_4,8,0,8,0,0,0,0,8,,,0.0,0.312344,,,0,,0,0,8,0
metrics,gated,metrics,ABCDE,100,0.85,scanner_double_4,8,0,8,0,0,0,0,8,,,0.0,0.312344,,,0,,0,0,8,0
metrics,gated,metrics,ABCDE,100,0.85,adv_long_runs,8,0,8,0,0,0,0,8,,,0.0,0.312344,,,0,,0,0,8,0
metrics,gated,metrics,ABCDE,100,0.85,adv_favourite,8,0,8,0,0,0,0,8,,,0.0,0.312344,,,0,,0,0,8,0
metrics,gated,metrics,ABCDE,100,0.85,adv_easy_block,8,0,8,0,0,0,0,8,,,0.0,0.312344,,,0,,0,0,8,0
metrics,gated,metrics,ABCDE,100,0.85,adv_key_leakage,8,8,0,0,0,0,8,0,0.0,0.0,,,,,0,0.0,628,0,8,0
metrics,gated,metrics,ABCDE,100,0.85,adv_cycle,8,0,8,0,0,0,0,8,,,0.0,0.312344,,,0,,0,0,8,0
metrics,gated,metrics,ABCDE,100,0.95,none,8,0,8,0,0,0,0,8,,,0.0,0.312344,,,0,,0,0,8,0
metrics,gated,metrics,ABCDE,100,0.95,row_skip_1,8,8,0,0,0,0,8,0,0.0,0.0,,,,,0,0.0,334,0,8,2
metrics,gated,metrics,ABCDE,100,0.95,row_skip_2,8,8,0,0,0,0,8,0,0.0,0.0,,,,,0,0.0,202,0,8,2
metrics,gated,metrics,ABCDE,100,0.95,early_full,8,8,0,0,0,0,8,0,0.0,0.0,,,,,0,0.0,385,0,8,0
metrics,gated,metrics,ABCDE,100,0.95,boundary,8,8,0,0,0,0,8,0,0.0,0.0,,,,,0,0.0,166,0,8,0
metrics,gated,metrics,ABCDE,100,0.95,short_local,8,8,0,0,0,0,8,0,0.0,0.0,,,,,0,0.0,32,0,8,2
metrics,gated,metrics,ABCDE,100,0.95,whole_section,8,8,0,0,0,0,8,0,0.0,0.0,,,,,0,0.0,243,0,8,0
metrics,gated,metrics,ABCDE,100,0.95,anxiety,8,8,0,0,0,0,8,0,0.0,0.0,,,,,0,0.0,200,0,8,1
metrics,gated,metrics,ABCDE,100,0.95,double_shift,8,8,0,0,0,0,8,0,0.0,0.0,,,,,0,0.0,331,0,8,4
metrics,gated,metrics,ABCDE,100,0.95,self_corrected,8,8,0,0,0,0,8,0,0.0,0.0,,,,,0,0.0,66,0,8,2
metrics,gated,metrics,ABCDE,100,0.95,deferred,8,8,0,0,0,0,8,0,0.0,0.0,,,,,0,0.0,243,0,8,3
metrics,gated,metrics,ABCDE,100,0.95,isolated,8,8,0,0,0,0,8,0,0.0,0.0,,,,,0,0.0,12,0,8,0
metrics,gated,metrics,ABCDE,100,0.95,scanner_blank_1,8,8,0,0,0,0,8,0,0.0,0.0,,,,,0,0.0,274,0,8,0
metrics,gated,metrics,ABCDE,100,0.95,scanner_blank_2,8,8,0,0,0,0,8,0,0.0,0.0,,,,,0,0.0,175,0,8,0
metrics,gated,metrics,ABCDE,100,0.95,scanner_row_delete_1,8,8,0,0,0,0,8,0,0.0,0.0,,,,,0,0.0,270,0,8,1
metrics,gated,metrics,ABCDE,100,0.95,scanner_row_delete_2,8,8,0,0,0,0,8,0,0.0,0.0,,,,,0,0.0,181,0,8,0
metrics,gated,metrics,ABCDE,100,0.95,scanner_misread_1,8,0,8,0,0,0,0,8,,,0.0,0.312344,,,0,,0,0,8,0
metrics,gated,metrics,ABCDE,100,0.95,scanner_misread_4,8,0,8,0,0,0,0,8,,,0.0,0.312344,,,0,,0,0,8,0
metrics,gated,metrics,ABCDE,100,0.95,scanner_faint_1,8,0,8,0,0,0,0,8,,,0.0,0.312344,,,0,,0,0,8,0
metrics,gated,metrics,ABCDE,100,0.95,scanner_faint_4,8,0,8,0,0,0,0,8,,,0.0,0.312344,,,0,,0,0,8,0
metrics,gated,metrics,ABCDE,100,0.95,scanner_double_4,8,0,8,0,0,0,0,8,,,0.0,0.312344,,,0,,0,0,8,0
metrics,gated,metrics,ABCDE,100,0.95,adv_long_runs,8,0,8,0,0,0,0,8,,,0.0,0.312344,,,0,,0,0,8,0
metrics,gated,metrics,ABCDE,100,0.95,adv_favourite,8,0,8,0,0,0,0,8,,,0.0,0.312344,,,0,,0,0,8,0
metrics,gated,metrics,ABCDE,100,0.95,adv_easy_block,8,0,8,0,0,0,0,8,,,0.0,0.312344,,,0,,0,0,8,0
metrics,gated,metrics,ABCDE,100,0.95,adv_key_leakage,8,8,0,0,0,0,8,0,0.0,0.0,,,,,0,0.0,633,0,8,0
metrics,gated,metrics,ABCDE,100,0.95,adv_cycle,8,0,8,0,0,0,0,8,,,0.0,0.312344,,,0,,0,0,8,0
metrics,gated,metrics,ABCDE,150,0.26,none,8,0,8,0,0,0,0,8,,,0.0,0.312344,,,0,,0,0,8,0
metrics,gated,metrics,ABCDE,150,0.26,row_skip_1,8,8,0,0,0,0,8,0,0.0,0.0,,,,,0,0.0,36,0,8,0
metrics,gated,metrics,ABCDE,150,0.26,row_skip_2,8,8,0,0,0,0,8,0,0.0,0.0,,,,,0,0.0,32,0,8,20
metrics,gated,metrics,ABCDE,150,0.26,early_full,8,8,0,0,0,0,8,0,0.0,0.0,,,,,0,0.0,155,0,8,11
metrics,gated,metrics,ABCDE,150,0.26,boundary,8,8,0,0,0,0,8,0,0.0,0.0,,,,,0,0.0,41,0,8,8
metrics,gated,metrics,ABCDE,150,0.26,short_local,8,8,0,0,0,0,8,0,0.0,0.0,,,,,0,0.0,4,0,8,6
metrics,gated,metrics,ABCDE,150,0.26,whole_section,8,8,0,0,0,0,8,0,0.0,0.0,,,,,0,0.0,42,0,8,5
metrics,gated,metrics,ABCDE,150,0.26,anxiety,8,8,0,0,0,0,8,0,0.0,0.0,,,,,0,0.0,48,0,8,8
metrics,gated,metrics,ABCDE,150,0.26,double_shift,8,8,0,0,0,0,8,0,0.0,0.0,,,,,0,0.0,66,0,8,36
metrics,gated,metrics,ABCDE,150,0.26,self_corrected,8,8,0,0,0,0,8,0,0.0,0.0,,,,,0,0.0,14,0,8,7
metrics,gated,metrics,ABCDE,150,0.26,deferred,8,8,0,0,0,0,8,0,0.0,0.0,,,,,0,0.0,83,0,8,2
metrics,gated,metrics,ABCDE,150,0.26,isolated,8,8,0,0,0,0,8,0,0.0,0.0,,,,,0,,0,0,8,0
metrics,gated,metrics,ABCDE,150,0.26,scanner_blank_1,8,8,0,0,0,0,8,0,0.0,0.0,,,,,0,0.0,24,0,8,7
metrics,gated,metrics,ABCDE,150,0.26,scanner_blank_2,8,8,0,0,0,0,8,0,0.0,0.0,,,,,0,0.0,60,0,8,2
metrics,gated,metrics,ABCDE,150,0.26,scanner_row_delete_1,8,8,0,0,0,0,8,0,0.0,0.0,,,,,0,0.0,71,0,8,2
metrics,gated,metrics,ABCDE,150,0.26,scanner_row_delete_2,8,8,0,0,0,0,8,0,0.0,0.0,,,,,0,0.0,57,0,8,7
metrics,gated,metrics,ABCDE,150,0.26,scanner_misread_1,8,0,8,0,0,0,0,8,,,0.0,0.312344,,,0,,0,0,8,0
metrics,gated,metrics,ABCDE,150,0.26,scanner_misread_4,8,0,8,0,0,0,0,8,,,0.0,0.312344,,,0,,0,0,8,0
metrics,gated,metrics,ABCDE,150,0.26,scanner_faint_1,8,0,8,0,0,0,0,8,,,0.0,0.312344,,,0,,0,0,8,0
metrics,gated,metrics,ABCDE,150,0.26,scanner_faint_4,8,0,8,0,0,0,0,8,,,0.0,0.312344,,,0,,0,0,8,0
metrics,gated,metrics,ABCDE,150,0.26,scanner_double_4,8,0,8,0,0,0,0,8,,,0.0,0.312344,,,0,,0,0,8,0
metrics,gated,metrics,ABCDE,150,0.26,adv_long_runs,8,0,8,0,0,0,0,8,,,0.0,0.312344,,,0,,0,0,8,0
metrics,gated,metrics,ABCDE,150,0.26,adv_favourite,8,0,8,0,0,0,0,8,,,0.0,0.312344,,,0,,0,0,8,0
metrics,gated,metrics,ABCDE,150,0.26,adv_easy_block,8,0,8,0,0,0,0,8,,,0.0,0.312344,,,0,,0,0,8,0
metrics,gated,metrics,ABCDE,150,0.26,adv_key_leakage,8,8,0,0,0,0,8,0,0.0,0.0,,,,,0,0.0,930,0,8,0
metrics,gated,metrics,ABCDE,150,0.26,adv_cycle,8,0,8,0,0,0,0,8,,,0.0,0.312344,,,0,,0,0,8,0
metrics,gated,metrics,ABCDE,150,0.4,none,8,0,8,0,0,0,0,8,,,0.0,0.312344,,,0,,0,0,8,0
metrics,gated,metrics,ABCDE,150,0.4,row_skip_1,8,8,0,0,0,0,8,0,0.0,0.0,,,,,0,0.0,145,0,8,6
metrics,gated,metrics,ABCDE,150,0.4,row_skip_2,8,8,0,0,0,0,8,0,0.0,0.0,,,,,0,0.0,88,0,8,12
metrics,gated,metrics,ABCDE,150,0.4,early_full,8,8,0,0,0,0,8,0,0.0,0.0,,,,,0,0.0,224,0,8,0
metrics,gated,metrics,ABCDE,150,0.4,boundary,8,8,0,0,0,0,8,0,0.0,0.0,,,,,0,0.0,70,0,8,1
metrics,gated,metrics,ABCDE,150,0.4,short_local,8,8,0,0,0,0,8,0,0.0,0.0,,,,,0,0.0,2,0,8,7
metrics,gated,metrics,ABCDE,150,0.4,whole_section,8,8,0,0,0,0,8,0,0.0,0.0,,,,,0,0.0,64,0,8,15
metrics,gated,metrics,ABCDE,150,0.4,anxiety,8,8,0,0,0,0,8,0,0.0,0.0,,,,,0,0.0,83,0,8,5
metrics,gated,metrics,ABCDE,150,0.4,double_shift,8,8,0,0,0,0,8,0,0.0,0.0,,,,,0,0.0,130,0,8,0
metrics,gated,metrics,ABCDE,150,0.4,self_corrected,8,8,0,0,0,0,8,0,0.0,0.0,,,,,0,0.0,41,0,8,0
metrics,gated,metrics,ABCDE,150,0.4,deferred,8,8,0,0,0,0,8,0,0.0,0.0,,,,,0,0.0,107,0,8,13
metrics,gated,metrics,ABCDE,150,0.4,isolated,8,8,0,0,0,0,8,0,0.0,0.0,,,,,0,0.0,7,0,8,0
metrics,gated,metrics,ABCDE,150,0.4,scanner_blank_1,8,8,0,0,0,0,8,0,0.0,0.0,,,,,0,0.0,56,0,8,5
metrics,gated,metrics,ABCDE,150,0.4,scanner_blank_2,8,8,0,0,0,0,8,0,0.0,0.0,,,,,0,0.0,42,0,8,2
metrics,gated,metrics,ABCDE,150,0.4,scanner_row_delete_1,8,8,0,0,0,0,8,0,0.0,0.0,,,,,0,0.0,53,0,8,2
metrics,gated,metrics,ABCDE,150,0.4,scanner_row_delete_2,8,8,0,0,0,0,8,0,0.0,0.0,,,,,0,0.0,97,0,8,12
metrics,gated,metrics,ABCDE,150,0.4,scanner_misread_1,8,0,8,0,0,0,0,8,,,0.0,0.312344,,,0,,0,0,8,0
metrics,gated,metrics,ABCDE,150,0.4,scanner_misread_4,8,0,8,0,0,0,0,8,,,0.0,0.312344,,,0,,0,0,8,0
metrics,gated,metrics,ABCDE,150,0.4,scanner_faint_1,8,0,8,0,0,0,0,8,,,0.0,0.312344,,,0,,0,0,8,0
metrics,gated,metrics,ABCDE,150,0.4,scanner_faint_4,8,0,8,0,0,0,0,8,,,0.0,0.312344,,,0,,0,0,8,0
metrics,gated,metrics,ABCDE,150,0.4,scanner_double_4,8,0,8,0,0,0,0,8,,,0.0,0.312344,,,0,,0,0,8,0
metrics,gated,metrics,ABCDE,150,0.4,adv_long_runs,8,0,8,0,0,0,0,8,,,0.0,0.312344,,,0,,0,0,8,0
metrics,gated,metrics,ABCDE,150,0.4,adv_favourite,8,0,8,0,0,0,0,8,,,0.0,0.312344,,,0,,0,0,8,0
metrics,gated,metrics,ABCDE,150,0.4,adv_easy_block,8,0,8,0,0,0,0,8,,,0.0,0.312344,,,0,,0,0,8,0
metrics,gated,metrics,ABCDE,150,0.4,adv_key_leakage,8,8,0,0,0,0,8,0,0.0,0.0,,,,,0,0.0,927,0,8,0
metrics,gated,metrics,ABCDE,150,0.4,adv_cycle,8,0,8,0,0,0,0,8,,,0.0,0.312344,,,0,,0,0,8,0
metrics,gated,metrics,ABCDE,150,0.55,none,8,0,8,0,0,0,0,8,,,0.0,0.312344,,,0,,0,0,8,0
metrics,gated,metrics,ABCDE,150,0.55,row_skip_1,8,8,0,0,0,0,8,0,0.0,0.0,,,,,0,0.0,96,0,8,11
metrics,gated,metrics,ABCDE,150,0.55,row_skip_2,8,8,0,0,0,0,8,0,0.0,0.0,,,,,0,0.0,126,0,8,1
metrics,gated,metrics,ABCDE,150,0.55,early_full,8,8,0,0,0,0,8,0,0.0,0.0,,,,,0,0.0,329,0,8,0
metrics,gated,metrics,ABCDE,150,0.55,boundary,8,8,0,0,0,0,8,0,0.0,0.0,,,,,0,0.0,55,0,8,1
metrics,gated,metrics,ABCDE,150,0.55,short_local,8,8,0,0,0,0,8,0,0.0,0.0,,,,,0,0.0,24,0,8,2
metrics,gated,metrics,ABCDE,150,0.55,whole_section,8,8,0,0,0,0,8,0,0.0,0.0,,,,,0,0.0,172,0,8,0
metrics,gated,metrics,ABCDE,150,0.55,anxiety,8,8,0,0,0,0,8,0,0.0,0.0,,,,,0,0.0,146,0,8,0
metrics,gated,metrics,ABCDE,150,0.55,double_shift,8,8,0,0,0,0,8,0,0.0,0.0,,,,,0,0.0,194,0,8,13
metrics,gated,metrics,ABCDE,150,0.55,self_corrected,8,8,0,0,0,0,8,0,0.0,0.0,,,,,0,0.0,33,0,8,2
metrics,gated,metrics,ABCDE,150,0.55,deferred,8,8,0,0,0,0,8,0,0.0,0.0,,,,,0,0.0,91,0,8,1
metrics,gated,metrics,ABCDE,150,0.55,isolated,8,8,0,0,0,0,8,0,0.0,0.0,,,,,0,0.0,5,0,8,3
metrics,gated,metrics,ABCDE,150,0.55,scanner_blank_1,8,8,0,0,0,0,8,0,0.0,0.0,,,,,0,0.0,137,0,8,5
metrics,gated,metrics,ABCDE,150,0.55,scanner_blank_2,8,8,0,0,0,0,8,0,0.0,0.0,,,,,0,0.0,136,0,8,0
metrics,gated,metrics,ABCDE,150,0.55,scanner_row_delete_1,8,8,0,0,0,0,8,0,0.0,0.0,,,,,0,0.0,135,0,8,7
metrics,gated,metrics,ABCDE,150,0.55,scanner_row_delete_2,8,8,0,0,0,0,8,0,0.0,0.0,,,,,0,0.0,155,0,8,0
metrics,gated,metrics,ABCDE,150,0.55,scanner_misread_1,8,0,8,0,0,0,0,8,,,0.0,0.312344,,,0,,0,0,8,0
metrics,gated,metrics,ABCDE,150,0.55,scanner_misread_4,8,0,8,0,0,0,0,8,,,0.0,0.312344,,,0,,0,0,8,0
metrics,gated,metrics,ABCDE,150,0.55,scanner_faint_1,8,0,8,0,0,0,0,8,,,0.0,0.312344,,,0,,0,0,8,0
metrics,gated,metrics,ABCDE,150,0.55,scanner_faint_4,8,0,8,0,0,0,0,8,,,0.0,0.312344,,,0,,0,0,8,0
metrics,gated,metrics,ABCDE,150,0.55,scanner_double_4,8,0,8,0,0,0,0,8,,,0.0,0.312344,,,0,,0,0,8,0
metrics,gated,metrics,ABCDE,150,0.55,adv_long_runs,8,0,8,0,0,0,0,8,,,0.0,0.312344,,,0,,0,0,8,0
metrics,gated,metrics,ABCDE,150,0.55,adv_favourite,8,0,8,0,0,0,0,8,,,0.0,0.312344,,,0,,0,0,8,0
metrics,gated,metrics,ABCDE,150,0.55,adv_easy_block,8,0,8,0,0,0,0,8,,,0.0,0.312344,,,0,,0,0,8,0
metrics,gated,metrics,ABCDE,150,0.55,adv_key_leakage,8,8,0,0,0,0,8,0,0.0,0.0,,,,,0,0.0,952,0,8,0
metrics,gated,metrics,ABCDE,150,0.55,adv_cycle,8,0,8,0,0,0,0,8,,,0.0,0.312344,,,0,,0,0,8,0
metrics,gated,metrics,ABCDE,150,0.7,none,8,0,8,0,0,0,0,8,,,0.0,0.312344,,,0,,0,0,8,0
metrics,gated,metrics,ABCDE,150,0.7,row_skip_1,8,8,0,0,0,0,8,0,0.0,0.0,,,,,0,0.0,136,0,8,0
metrics,gated,metrics,ABCDE,150,0.7,row_skip_2,8,8,0,0,0,0,8,0,0.0,0.0,,,,,0,0.0,260,0,8,0
metrics,gated,metrics,ABCDE,150,0.7,early_full,8,8,0,0,0,0,8,0,0.0,0.0,,,,,0,0.0,384,0,8,4
metrics,gated,metrics,ABCDE,150,0.7,boundary,8,8,0,0,0,0,8,0,0.0,0.0,,,,,0,0.0,164,0,8,0
metrics,gated,metrics,ABCDE,150,0.7,short_local,8,8,0,0,0,0,8,0,0.0,0.0,,,,,0,0.0,19,0,8,0
metrics,gated,metrics,ABCDE,150,0.7,whole_section,8,8,0,0,0,0,8,0,0.0,0.0,,,,,0,0.0,195,0,8,0
metrics,gated,metrics,ABCDE,150,0.7,anxiety,8,8,0,0,0,0,8,0,0.0,0.0,,,,,0,0.0,264,0,8,16
metrics,gated,metrics,ABCDE,150,0.7,double_shift,8,8,0,0,0,0,8,0,0.0,0.0,,,,,0,0.0,248,0,8,12
metrics,gated,metrics,ABCDE,150,0.7,self_corrected,8,8,0,0,0,0,8,0,0.0,0.0,,,,,0,0.0,69,0,8,0
metrics,gated,metrics,ABCDE,150,0.7,deferred,8,8,0,0,0,0,8,0,0.0,0.0,,,,,0,0.0,134,0,8,0
metrics,gated,metrics,ABCDE,150,0.7,isolated,8,8,0,0,0,0,8,0,0.0,0.0,,,,,0,0.0,6,0,8,0
metrics,gated,metrics,ABCDE,150,0.7,scanner_blank_1,8,8,0,0,0,0,8,0,0.0,0.0,,,,,0,0.0,204,0,8,0
metrics,gated,metrics,ABCDE,150,0.7,scanner_blank_2,8,8,0,0,0,0,8,0,0.0,0.0,,,,,0,0.0,176,0,8,8
metrics,gated,metrics,ABCDE,150,0.7,scanner_row_delete_1,8,8,0,0,0,0,8,0,0.0,0.0,,,,,0,0.0,189,0,8,0
metrics,gated,metrics,ABCDE,150,0.7,scanner_row_delete_2,8,8,0,0,0,0,8,0,0.0,0.0,,,,,0,0.0,269,0,8,0
metrics,gated,metrics,ABCDE,150,0.7,scanner_misread_1,8,0,8,0,0,0,0,8,,,0.0,0.312344,,,0,,0,0,8,0
metrics,gated,metrics,ABCDE,150,0.7,scanner_misread_4,8,0,8,0,0,0,0,8,,,0.0,0.312344,,,0,,0,0,8,0
metrics,gated,metrics,ABCDE,150,0.7,scanner_faint_1,8,0,8,0,0,0,0,8,,,0.0,0.312344,,,0,,0,0,8,0
metrics,gated,metrics,ABCDE,150,0.7,scanner_faint_4,8,0,8,0,0,0,0,8,,,0.0,0.312344,,,0,,0,0,8,0
metrics,gated,metrics,ABCDE,150,0.7,scanner_double_4,8,0,8,0,0,0,0,8,,,0.0,0.312344,,,0,,0,0,8,0
metrics,gated,metrics,ABCDE,150,0.7,adv_long_runs,8,0,8,0,0,0,0,8,,,0.0,0.312344,,,0,,0,0,8,0
metrics,gated,metrics,ABCDE,150,0.7,adv_favourite,8,0,8,0,0,0,0,8,,,0.0,0.312344,,,0,,0,0,8,0
metrics,gated,metrics,ABCDE,150,0.7,adv_easy_block,8,0,8,0,0,0,0,8,,,0.0,0.312344,,,0,,0,0,8,0
metrics,gated,metrics,ABCDE,150,0.7,adv_key_leakage,8,8,0,0,0,0,8,0,0.0,0.0,,,,,0,0.0,972,0,8,0
metrics,gated,metrics,ABCDE,150,0.7,adv_cycle,8,0,8,0,0,0,0,8,,,0.0,0.312344,,,0,,0,0,8,0
metrics,gated,metrics,ABCDE,150,0.85,none,8,0,8,0,0,0,0,8,,,0.0,0.312344,,,0,,0,0,8,0
metrics,gated,metrics,ABCDE,150,0.85,row_skip_1,8,8,0,0,0,0,8,0,0.0,0.0,,,,,0,0.0,223,0,8,1
metrics,gated,metrics,ABCDE,150,0.85,row_skip_2,8,8,0,0,0,0,8,0,0.0,0.0,,,,,0,0.0,253,0,8,0
metrics,gated,metrics,ABCDE,150,0.85,early_full,8,8,0,0,0,0,8,0,0.0,0.0,,,,,0,0.0,595,0,8,0
metrics,gated,metrics,ABCDE,150,0.85,boundary,8,8,0,0,0,0,8,0,0.0,0.0,,,,,0,0.0,147,0,8,0
metrics,gated,metrics,ABCDE,150,0.85,short_local,8,8,0,0,0,0,8,0,0.0,0.0,,,,,0,0.0,20,0,8,5
metrics,gated,metrics,ABCDE,150,0.85,whole_section,8,8,0,0,0,0,8,0,0.0,0.0,,,,,0,0.0,230,0,8,0
metrics,gated,metrics,ABCDE,150,0.85,anxiety,8,8,0,0,0,0,8,0,0.0,0.0,,,,,0,0.0,492,0,8,0
metrics,gated,metrics,ABCDE,150,0.85,double_shift,8,8,0,0,0,0,8,0,0.0,0.0,,,,,0,0.0,341,0,8,7
metrics,gated,metrics,ABCDE,150,0.85,self_corrected,8,8,0,0,0,0,8,0,0.0,0.0,,,,,0,0.0,82,0,8,0
metrics,gated,metrics,ABCDE,150,0.85,deferred,8,8,0,0,0,0,8,0,0.0,0.0,,,,,0,0.0,297,0,8,0
metrics,gated,metrics,ABCDE,150,0.85,isolated,8,8,0,0,0,0,8,0,0.0,0.0,,,,,0,0.0,10,0,8,0
metrics,gated,metrics,ABCDE,150,0.85,scanner_blank_1,8,8,0,0,0,0,8,0,0.0,0.0,,,,,0,0.0,255,0,8,2
metrics,gated,metrics,ABCDE,150,0.85,scanner_blank_2,8,8,0,0,0,0,8,0,0.0,0.0,,,,,0,0.0,253,0,8,0
metrics,gated,metrics,ABCDE,150,0.85,scanner_row_delete_1,8,8,0,0,0,0,8,0,0.0,0.0,,,,,0,0.0,131,0,8,6
metrics,gated,metrics,ABCDE,150,0.85,scanner_row_delete_2,8,8,0,0,0,0,8,0,0.0,0.0,,,,,0,0.0,246,0,8,0
metrics,gated,metrics,ABCDE,150,0.85,scanner_misread_1,8,0,8,0,0,0,0,8,,,0.0,0.312344,,,0,,0,0,8,0
metrics,gated,metrics,ABCDE,150,0.85,scanner_misread_4,8,0,8,0,0,0,0,8,,,0.0,0.312344,,,0,,0,0,8,0
metrics,gated,metrics,ABCDE,150,0.85,scanner_faint_1,8,0,8,0,0,0,0,8,,,0.0,0.312344,,,0,,0,0,8,0
metrics,gated,metrics,ABCDE,150,0.85,scanner_faint_4,8,0,8,0,0,0,0,8,,,0.0,0.312344,,,0,,0,0,8,0
metrics,gated,metrics,ABCDE,150,0.85,scanner_double_4,8,0,8,0,0,0,0,8,,,0.0,0.312344,,,0,,0,0,8,0
metrics,gated,metrics,ABCDE,150,0.85,adv_long_runs,8,0,8,0,0,0,0,8,,,0.0,0.312344,,,0,,0,0,8,0
metrics,gated,metrics,ABCDE,150,0.85,adv_favourite,8,0,8,0,0,0,0,8,,,0.0,0.312344,,,0,,0,0,8,0
metrics,gated,metrics,ABCDE,150,0.85,adv_easy_block,8,0,8,0,0,0,0,8,,,0.0,0.312344,,,0,,0,0,8,0
metrics,gated,metrics,ABCDE,150,0.85,adv_key_leakage,8,8,0,0,0,0,8,0,0.0,0.0,,,,,0,0.0,943,0,8,0
metrics,gated,metrics,ABCDE,150,0.85,adv_cycle,8,0,8,0,0,0,0,8,,,0.0,0.312344,,,0,,0,0,8,0
metrics,gated,metrics,ABCDE,150,0.95,none,8,0,8,0,0,0,0,8,,,0.0,0.312344,,,0,,0,0,8,0
metrics,gated,metrics,ABCDE,150,0.95,row_skip_1,8,8,0,0,0,0,8,0,0.0,0.0,,,,,0,0.0,298,0,8,0
metrics,gated,metrics,ABCDE,150,0.95,row_skip_2,8,8,0,0,0,0,8,0,0.0,0.0,,,,,0,0.0,255,0,8,0
metrics,gated,metrics,ABCDE,150,0.95,early_full,8,8,0,0,0,0,8,0,0.0,0.0,,,,,0,0.0,760,0,8,0
metrics,gated,metrics,ABCDE,150,0.95,boundary,8,8,0,0,0,0,8,0,0.0,0.0,,,,,0,0.0,90,0,8,3
metrics,gated,metrics,ABCDE,150,0.95,short_local,8,8,0,0,0,0,8,0,0.0,0.0,,,,,0,0.0,36,0,8,0
metrics,gated,metrics,ABCDE,150,0.95,whole_section,8,8,0,0,0,0,8,0,0.0,0.0,,,,,0,0.0,376,0,8,0
metrics,gated,metrics,ABCDE,150,0.95,anxiety,8,8,0,0,0,0,8,0,0.0,0.0,,,,,0,0.0,241,0,8,16
metrics,gated,metrics,ABCDE,150,0.95,double_shift,8,8,0,0,0,0,8,0,0.0,0.0,,,,,0,0.0,478,0,8,0
metrics,gated,metrics,ABCDE,150,0.95,self_corrected,8,8,0,0,0,0,8,0,0.0,0.0,,,,,0,0.0,115,0,8,0
metrics,gated,metrics,ABCDE,150,0.95,deferred,8,8,0,0,0,0,8,0,0.0,0.0,,,,,0,0.0,266,0,8,0
metrics,gated,metrics,ABCDE,150,0.95,isolated,8,8,0,0,0,0,8,0,0.0,0.0,,,,,0,0.0,14,0,8,0
metrics,gated,metrics,ABCDE,150,0.95,scanner_blank_1,8,8,0,0,0,0,8,0,0.0,0.0,,,,,0,0.0,529,0,8,0
metrics,gated,metrics,ABCDE,150,0.95,scanner_blank_2,8,8,0,0,0,0,8,0,0.0,0.0,,,,,0,0.0,295,0,8,0
metrics,gated,metrics,ABCDE,150,0.95,scanner_row_delete_1,8,8,0,0,0,0,8,0,0.0,0.0,,,,,0,0.0,458,0,8,0
metrics,gated,metrics,ABCDE,150,0.95,scanner_row_delete_2,8,8,0,0,0,0,8,0,0.0,0.0,,,,,0,0.0,249,0,8,7
metrics,gated,metrics,ABCDE,150,0.95,scanner_misread_1,8,0,8,0,0,0,0,8,,,0.0,0.312344,,,0,,0,0,8,0
metrics,gated,metrics,ABCDE,150,0.95,scanner_misread_4,8,0,8,0,0,0,0,8,,,0.0,0.312344,,,0,,0,0,8,0
metrics,gated,metrics,ABCDE,150,0.95,scanner_faint_1,8,0,8,0,0,0,0,8,,,0.0,0.312344,,,0,,0,0,8,0
metrics,gated,metrics,ABCDE,150,0.95,scanner_faint_4,8,0,8,0,0,0,0,8,,,0.0,0.312344,,,0,,0,0,8,0
metrics,gated,metrics,ABCDE,150,0.95,scanner_double_4,8,0,8,0,0,0,0,8,,,0.0,0.312344,,,0,,0,0,8,0
metrics,gated,metrics,ABCDE,150,0.95,adv_long_runs,8,0,8,0,0,0,0,8,,,0.0,0.312344,,,0,,0,0,8,0
metrics,gated,metrics,ABCDE,150,0.95,adv_favourite,8,0,8,0,0,0,0,8,,,0.0,0.312344,,,0,,0,0,8,0
metrics,gated,metrics,ABCDE,150,0.95,adv_easy_block,8,0,8,0,0,0,0,8,,,0.0,0.312344,,,0,,0,0,8,0
metrics,gated,metrics,ABCDE,150,0.95,adv_key_leakage,8,8,0,0,0,0,8,0,0.0,0.0,,,,,0,0.0,944,0,8,0
metrics,gated,metrics,ABCDE,150,0.95,adv_cycle,8,0,8,0,0,0,0,8,,,0.0,0.312344,,,0,,0,0,8,0
metrics,bruteforce,metrics,ABCD,46,0.26,none,8,0,8,0,0,0,0,8,,,0.0,0.312344,0.009189,0.009189,8,,0,0,8,0
metrics,bruteforce,metrics,ABCD,46,0.26,row_skip_1,8,8,0,0,3,0,5,0,0.0,0.375,,,0.584646,0.091893,8,0.666667,9,6,8,23
metrics,bruteforce,metrics,ABCD,46,0.26,row_skip_2,8,8,0,0,2,0,6,0,0.0,0.25,,,0.733512,0.095831,8,0.090909,11,1,8,17
metrics,bruteforce,metrics,ABCD,46,0.26,early_full,8,8,0,1,3,0,4,0,0.125,0.5,,,0.403565,0.320232,8,0.77193,57,44,8,4
metrics,bruteforce,metrics,ABCD,46,0.26,boundary,8,8,0,0,1,0,7,0,0.0,0.125,,,0.675357,0.055792,8,0.666667,3,2,8,15
metrics,bruteforce,metrics,ABCD,46,0.26,short_local,8,8,0,0,3,0,5,0,0.0,0.375,,,0.547338,0.195888,8,0.2,10,2,8,26
metrics,bruteforce,metrics,ABCD,46,0.26,whole_section,8,8,0,0,1,0,7,0,0.0,0.125,,,0.804531,0.040039,8,0.0,11,0,8,13
metrics,bruteforce,metrics,ABCD,46,0.26,anxiety,8,8,0,0,4,0,4,0,0.0,0.5,,,0.566793,0.110271,8,0.444444,9,4,8,25
metrics,bruteforce,metrics,ABCD,46,0.26,double_shift,8,8,0,0,3,0,5,0,0.0,0.375,,,0.585276,0.179479,8,0.48,25,12,8,25
metrics,bruteforce,metrics,ABCD,46,0.26,self_corrected,8,8,0,0,3,0,5,0,0.0,0.375,,,0.600399,0.107645,8,0.117647,17,2,8,29
metrics,bruteforce,metrics,ABCD,46,0.26,deferred,8,8,0,0,1,0,7,0,0.0,0.125,,,0.72511,0.051197,8,0.333333,18,6,8,5
metrics,bruteforce,metrics,ABCD,46,0.26,isolated,8,8,0,0,2,0,6,0,0.0,0.25,,,0.493016,0.108958,8,0.333333,3,1,8,14
metrics,bruteforce,metrics,ABCD,46,0.26,scanner_blank_1,8,8,0,0,2,0,6,0,0.0,0.25,,,0.720778,0.064981,8,0.066667,15,1,8,20
metrics,bruteforce,metrics,ABCD,46,0.26,scanner_blank_2,8,8,0,0,2,0,6,0,0.0,0.25,,,0.645925,0.167664,8,0.4375,32,14,8,15
metrics,bruteforce,metrics,ABCD,46,0.26,scanner_row_delete_1,8,8,0,0,0,0,8,0,0.0,0.0,,,,,0,0.0,28,0,8,10
metrics,bruteforce,metrics,ABCD,46,0.26,scanner_row_delete_2,8,8,0,0,0,0,8,0,0.0,0.0,,,,,0,0.0,13,0,8,13
metrics,bruteforce,metrics,ABCD,46,0.26,scanner_misread_1,8,0,8,0,0,2,0,6,,,0.25,0.599689,0.078109,0.078109,8,,0,0,8,13
metrics,bruteforce,metrics,ABCD,46,0.26,scanner_misread_4,8,0,8,0,0,3,0,5,,,0.375,0.710759,0.199827,0.199827,8,,0,0,8,28
metrics,bruteforce,metrics,ABCD,46,0.26,scanner_faint_1,8,0,8,0,0,4,0,4,,,0.5,0.807097,0.095174,0.095174,8,,0,0,8,23
metrics,bruteforce,metrics,ABCD,46,0.26,scanner_faint_4,8,0,8,0,0,4,0,4,,,0.5,0.807097,0.179847,0.179847,8,,0,0,8,31
metrics,bruteforce,metrics,ABCD,46,0.26,scanner_double_4,8,0,8,0,0,5,0,3,,,0.625,0.888887,0.309441,0.309441,8,,0,0,8,47
metrics,bruteforce,metrics,ABCD,46,0.26,adv_long_runs,8,0,8,0,0,0,0,8,,,0.0,0.312344,0.007876,0.007876,8,,0,0,8,0
metrics,bruteforce,metrics,ABCD,46,0.26,adv_favourite,8,0,8,0,0,0,0,8,,,0.0,0.312344,0.0,0.0,8,,0,0,8,0
metrics,bruteforce,metrics,ABCD,46,0.26,adv_easy_block,8,0,8,0,0,0,0,8,,,0.0,0.312344,0.0,0.0,8,,0,0,8,0
metrics,bruteforce,metrics,ABCD,46,0.26,adv_key_leakage,8,8,0,8,0,0,0,0,1.0,1.0,,,0.0,1.0,8,1.0,267,267,8,0
metrics,bruteforce,metrics,ABCD,46,0.26,adv_cycle,8,0,8,0,0,4,0,4,,,0.5,0.807097,0.239209,0.239209,8,,0,0,8,35
metrics,bruteforce,metrics,ABCD,46,0.4,none,8,0,8,0,0,1,0,7,,,0.125,0.470679,0.032162,0.032162,8,,0,0,8,7
metrics,bruteforce,metrics,ABCD,46,0.4,row_skip_1,8,8,0,0,3,0,5,0,0.0,0.375,,,0.595673,0.139152,8,0.1875,16,3,8,21
metrics,bruteforce,metrics,ABCD,46,0.4,row_skip_2,8,8,0,0,3,0,5,0,0.0,0.375,,,0.697674,0.078109,8,0.458333,24,11,8,11
metrics,bruteforce,metrics,ABCD,46,0.4,early_full,8,8,0,2,5,0,1,0,0.25,0.875,,,0.3389,0.280929,8,0.846154,52,44,8,10
metrics,bruteforce,metrics,ABCD,46,0.4,boundary,8,8,0,0,1,0,7,0,0.0,0.125,,,0.877389,0.022317,8,0.555556,9,5,8,1
metrics,bruteforce,metrics,ABCD,46,0.4,short_local,8,8,0,0,2,0,6,0,0.0,0.25,,,0.786678,0.058417,8,0.090909,11,1,8,14
metrics,bruteforce,metrics,ABCD,46,0.4,whole_section,8,8,0,0,1,0,7,0,0.0,0.125,,,0.800725,0.09058,8,0.233333,30,7,8,5
metrics,bruteforce,metrics,ABCD,46,0.4,anxiety,8,8,0,0,0,0,8,0,0.0,0.0,,,0.966394,0.002625,8,0.0,18,0,8,11
metrics,bruteforce,metrics,ABCD,46,0.4,double_shift,8,8,0,0,1,0,7,0,0.0,0.125,,,0.825929,0.043321,8,0.304348,23,7,8,10
metrics,bruteforce,metrics,ABCD,46,0.4,self_corrected,8,8,0,0,2,0,6,0,0.0,0.25,,,0.739157,0.08336,8,0.333333,24,8,8,12
metrics,bruteforce,metrics,ABCD,46,0.4,deferred,8,8,0,0,1,0,7,0,0.0,0.125,,,0.723929,0.104364,8,0.521739,23,12,8,16
metrics,bruteforce,metrics,ABCD,46,0.4,isolated,8,8,0,0,0,0,8,0,0.0,0.0,,,0.931474,0.003938,8,0.0,3,0,8,3
metrics,bruteforce,metrics,ABCD,46,0.4,scanner_blank_1,8,8,0,0,2,0,6,0,0.0,0.25,,,0.798493,0.070232,8,0.263158,38,10,8,4
metrics,bruteforce,metrics,ABCD,46,0.4,scanner_blank_2,8,8,0,0,6,0,2,0,0.0,0.75,,,0.508375,0.142433,8,0.703704,27,19,8,16
metrics,bruteforce,metrics,ABCD,46,0.4,scanner_row_delete_1,8,8,0,0,0,0,8,0,0.0,0.0,,,,,0,0.0,23,0,8,5
metrics,bruteforce,metrics,ABCD,46,0.4,scanner_row_delete_2,8,8,0,0,0,0,8,0,0.0,0.0,,,,,0,0.0,39,0,8,1
metrics,bruteforce,metrics,ABCD,46,0.4,scanner_misread_1,8,0,8,0,0,2,0,6,,,0.25,0.599689,0.054479,0.054479,8,,0,0,8,12
metrics,bruteforce,metrics,ABCD,46,0.4,scanner_misread_4,8,0,8,0,0,1,0,7,,,0.125,0.470679,0.053823,0.053823,8,,0,0,8,9
metrics,bruteforce,metrics,ABCD,46,0.4,scanner_faint_1,8,0,8,0,0,0,0,8,,,0.0,0.312344,0.010502,0.010502,8,,0,0,8,0
metrics,bruteforce,metrics,ABCD,46,0.4,scanner_faint_4,8,0,8,0,0,0,0,8,,,0.0,0.312344,0.002625,0.002625,8,,0,0,8,0
metrics,bruteforce,metrics,ABCD,46,0.4,scanner_double_4,8,0,8,0,0,0,0,8,,,0.0,0.312344,0.005907,0.005907,8,,0,0,8,0
metrics,bruteforce,metrics,ABCD,46,0.4,adv_long_runs,8,0,8,0,0,0,0,8,,,0.0,0.312344,0.020348,0.020348,8,,0,0,8,0
metrics,bruteforce,metrics,ABCD,46,0.4,adv_favourite,8,0,8,0,0,0,0,8,,,0.0,0.312344,0.0,0.0,8,,0,0,8,0
metrics,bruteforce,metrics,ABCD,46,0.4,adv_easy_block,8,0,8,0,0,0,0,8,,,0.0,0.312344,0.0,0.0,8,,0,0,8,0
metrics,bruteforce,metrics,ABCD,46,0.4,adv_key_leakage,8,8,0,8,0,0,0,0,1.0,1.0,,,0.0,1.0,8,1.0,271,271,8,0
metrics,bruteforce,metrics,ABCD,46,0.4,adv_cycle,8,0,8,0,0,5,0,3,,,0.625,0.888887,0.154905,0.154905,8,,0,0,8,33
metrics,bruteforce,metrics,ABCD,46,0.55,none,8,0,8,0,0,0,0,8,,,0.0,0.312344,0.0,0.0,8,,0,0,8,0
metrics,bruteforce,metrics,ABCD,46,0.55,row_skip_1,8,8,0,0,1,0,7,0,0.0,0.125,,,0.736137,0.098456,8,0.255814,43,11,8,0
metrics,bruteforce,metrics,ABCD,46,0.55,row_skip_2,8,8,0,0,3,0,5,0,0.0,0.375,,,0.64267,0.077452,8,0.244444,45,11,8,8
metrics,bruteforce,metrics,ABCD,46,0.55,early_full,8,8,0,1,4,0,3,0,0.125,0.625,,,0.293426,0.4456,8,0.75,80,60,8,1
metrics,bruteforce,metrics,ABCD,46,0.55,boundary,8,8,0,0,0,0,8,0,0.0,0.0,,,0.920579,0.011158,8,0.0,21,0,8,2
metrics,bruteforce,metrics,ABCD,46,0.55,short_local,8,8,0,0,3,0,5,0,0.0,0.375,,,0.715658,0.114209,8,0.384615,13,5,8,20
metrics,bruteforce,metrics,ABCD,46,0.55,whole_section,8,8,0,0,0,0,8,0,0.0,0.0,,,0.752153,0.042008,8,0.0,55,0,8,0
metrics,bruteforce,metrics,ABCD,46,0.55,anxiety,8,8,0,0,2,0,6,0,0.0,0.25,,,0.675094,0.127993,8,0.333333,51,17,8,0
metrics,bruteforce,metrics,ABCD,46,0.55,double_shift,8,8,0,0,1,0,7,0,0.0,0.125,,,0.755697,0.063668,8,0.181818,44,8,8,13
metrics,bruteforce,metrics,ABCD,46,0.55,self_corrected,8,8,0,0,0,0,8,0,0.0,0.0,,,0.876077,0.021004,8,0.0,50,0,8,1
metrics,bruteforce,metrics,ABCD,46,0.55,deferred,8,8,0,0,2,0,6,0,0.0,0.25,,,0.752389,0.147317,8,0.409091,44,18,8,7
metrics,bruteforce,metrics,ABCD,46,0.55,isolated,8,8,0,0,1,0,7,0,0.0,0.125,,,0.795342,0.03085,8,0.0,5,0,8,7
metrics,bruteforce,metrics,ABCD,46,0.55,scanner_blank_1,8,8,0,0,1,0,7,0,0.0,0.125,,,0.707782,0.106333,8,0.192982,57,11,8,0
metrics,bruteforce,metrics,ABCD,46,0.55,scanner_blank_2,8,8,0,0,4,0,4,0,0.0,0.5,,,0.633612,0.122742,8,0.529412,51,27,8,1
metrics,bruteforce,metrics,ABCD,46,0.55,scanner_row_delete_1,8,8,0,0,0,0,8,0,0.0,0.0,,,,,0,0.0,50,0,8,4
metrics,bruteforce,metrics,ABCD,46,0.55,scanner_row_delete_2,8,8,0,0,0,0,8,0,0.0,0.0,,,,,0,0.0,51,0,8,0
metrics,bruteforce,metrics,ABCD,46,0.55,scanner_misread_1,8,0,8,0,0,0,0,8,,,0.0,0.312344,0.010502,0.010502,8,,0,0,8,0
metrics,bruteforce,metrics,ABCD,46,0.55,scanner_misread_4,8,0,8,0,0,0,0,8,,,0.0,0.312344,0.009189,0.009189,8,,0,0,8,0
metrics,bruteforce,metrics,ABCD,46,0.55,scanner_faint_1,8,0,8,0,0,1,0,7,,,0.125,0.470679,0.026255,0.026255,8,,0,0,8,6
metrics,bruteforce,metrics,ABCD,46,0.55,scanner_faint_4,8,0,8,0,0,0,0,8,,,0.0,0.312344,0.019035,0.019035,8,,0,0,8,0
metrics,bruteforce,metrics,ABCD,46,0.55,scanner_double_4,8,0,8,0,0,2,0,6,,,0.25,0.599689,0.07417,0.07417,8,,0,0,8,15
metrics,bruteforce,metrics,ABCD,46,0.55,adv_long_runs,8,0,8,0,0,0,0,8,,,0.0,0.312344,0.023629,0.023629,8,,0,0,8,0
metrics,bruteforce,metrics,ABCD,46,0.55,adv_favourite,8,0,8,0,0,0,0,8,,,0.0,0.312344,0.0,0.0,8,,0,0,8,0
metrics,bruteforce,metrics,ABCD,46,0.55,adv_easy_block,8,0,8,0,0,0,0,8,,,0.0,0.312344,0.0,0.0,8,,0,0,8,0
metrics,bruteforce,metrics,ABCD,46,0.55,adv_key_leakage,8,8,0,8,0,0,0,0,1.0,1.0,,,0.0,1.0,8,1.0,270,270,8,0
metrics,bruteforce,metrics,ABCD,46,0.55,adv_cycle,8,0,8,0,0,3,0,5,,,0.375,0.710759,0.158843,0.158843,8,,0,0,8,25
metrics,bruteforce,metrics,ABCD,46,0.7,none,8,0,8,0,0,0,0,8,,,0.0,0.312344,0.0,0.0,8,,0,0,8,0
metrics,bruteforce,metrics,ABCD,46,0.7,row_skip_1,8,8,0,0,2,0,6,0,0.0,0.25,,,0.725872,0.193263,8,0.384615,65,25,8,0
metrics,bruteforce,metrics,ABCD,46,0.7,row_skip_2,8,8,0,0,2,0,6,0,0.0,0.25,,,0.78274,0.054479,8,0.230769,52,12,8,2
metrics,bruteforce,metrics,ABCD,46,0.7,early_full,8,8,0,1,6,0,1,0,0.125,0.875,,,0.166719,0.587009,8,0.826923,104,86,8,1
metrics,bruteforce,metrics,ABCD,46,0.7,boundary,8,8,0,0,1,0,7,0,0.0,0.125,,,0.761342,0.051197,8,0.233333,30,7,8,1
metrics,bruteforce,metrics,ABCD,46,0.7,short_local,8,8,0,0,0,0,8,0,0.0,0.0,,,1.0,0.0,8,0.0,17,0,8,0
metrics,bruteforce,metrics,ABCD,46,0.7,whole_section,8,8,0,0,1,0,7,0,0.0,0.125,,,0.852972,0.034132,8,0.147059,34,5,8,8
metrics,bruteforce,metrics,ABCD,46,0.7,anxiety,8,8,0,0,2,0,6,0,0.0,0.25,,,0.669056,0.158186,8,0.452381,42,19,8,12
metrics,bruteforce,metrics,ABCD,46,0.7,double_shift,8,8,0,0,2,0,6,0,0.0,0.25,,,0.794948,0.048572,8,0.135593,59,8,8,4
metrics,bruteforce,metrics,ABCD,46,0.7,self_corrected,8,8,0,0,1,0,7,0,0.0,0.125,,,0.74257,0.050541,8,0.109091,55,6,8,0
metrics,bruteforce,metrics,ABCD,46,0.7,deferred,8,8,0,0,4,0,4,0,0.0,0.5,,,0.62928,0.136526,8,0.466667,60,28,8,6
metrics,bruteforce,metrics,ABCD,46,0.7,isolated,8,8,0,0,1,0,7,0,0.0,0.125,,,0.887891,0.032819,8,0.0,6,0,8,8
metrics,bruteforce,metrics,ABCD,46,0.7,scanner_blank_1,8,8,0,0,2,0,6,0,0.0,0.25,,,0.80083,0.141409,8,0.298701,77,23,8,0
metrics,bruteforce,metrics,ABCD,46,0.7,scanner_blank_2,8,8,0,0,3,0,5,0,0.0,0.375,,,0.693342,0.091893,8,0.253165,79,20,8,1
metrics,bruteforce,metrics,ABCD,46,0.7,scanner_row_delete_1,8,8,0,0,0,0,8,0,0.0,0.0,,,,,0,0.0,42,0,8,10
metrics,bruteforce,metrics,ABCD,46,0.7,scanner_row_delete_2,8,8,0,0,0,0,8,0,0.0,0.0,,,,,0,0.0,51,0,8,5
metrics,bruteforce,metrics,ABCD,46,0.7,scanner_misread_1,8,0,8,0,0,1,0,7,,,0.125,0.470679,0.042664,0.042664,8,,0,0,8,8
metrics,bruteforce,metrics,ABCD,46,0.7,scanner_misread_4,8,0,8,0,0,0,0,8,,,0.0,0.312344,0.005907,0.005907,8,,0,0,8,0
metrics,bruteforce,metrics,ABCD,46,0.7,scanner_faint_1,8,0,8,0,0,0,0,8,,,0.0,0.312344,0.0,0.0,8,,0,0,8,0
metrics,bruteforce,metrics,ABCD,46,0.7,scanner_faint_4,8,0,8,0,0,0,0,8,,,0.0,0.312344,0.005907,0.005907,8,,0,0,8,0
metrics,bruteforce,metrics,ABCD,46,0.7,scanner_double_4,8,0,8,0,0,0,0,8,,,0.0,0.312344,0.002625,0.002625,8,,0,0,8,0
metrics,bruteforce,metrics,ABCD,46,0.7,adv_long_runs,8,0,8,0,0,1,0,7,,,0.125,0.470679,0.069576,0.069576,8,,0,0,8,5
metrics,bruteforce,metrics,ABCD,46,0.7,adv_favourite,8,0,8,0,0,0,0,8,,,0.0,0.312344,0.0,0.0,8,,0,0,8,0
metrics,bruteforce,metrics,ABCD,46,0.7,adv_easy_block,8,0,8,0,0,0,0,8,,,0.0,0.312344,0.0,0.0,8,,0,0,8,0
metrics,bruteforce,metrics,ABCD,46,0.7,adv_key_leakage,8,8,0,8,0,0,0,0,1.0,1.0,,,0.0,1.0,8,1.0,262,262,8,0
metrics,bruteforce,metrics,ABCD,46,0.7,adv_cycle,8,0,8,0,0,2,0,6,,,0.25,0.599689,0.101082,0.101082,8,,0,0,8,14
metrics,bruteforce,metrics,ABCD,46,0.85,none,8,0,8,0,0,0,0,8,,,0.0,0.312344,0.010502,0.010502,8,,0,0,8,0
metrics,bruteforce,metrics,ABCD,46,0.85,row_skip_1,8,8,0,0,2,0,6,0,0.0,0.25,,,0.759478,0.190638,8,0.391304,69,27,8,0
metrics,bruteforce,metrics,ABCD,46,0.85,row_skip_2,8,8,0,0,4,0,4,0,0.0,0.5,,,0.57291,0.308417,8,0.585714,70,41,8,8
metrics,bruteforce,metrics,ABCD,46,0.85,early_full,8,8,0,1,7,0,0,0,0.125,1.0,,,0.04508,0.853051,8,0.89441,161,144,8,6
metrics,bruteforce,metrics,ABCD,46,0.85,boundary,8,8,0,0,1,0,7,0,0.0,0.125,,,0.887891,0.032819,8,0.148936,47,7,8,1
metrics,bruteforce,metrics,ABCD,46,0.85,short_local,8,8,0,0,0,0,8,0,0.0,0.0,,,1.0,0.0,8,0.0,42,0,8,1
metrics,bruteforce,metrics,ABCD,46,0.85,whole_section,8,8,0,0,1,0,7,0,0.0,0.125,,,0.92583,0.016409,8,0.057471,87,5,8,0
metrics,bruteforce,metrics,ABCD,46,0.85,anxiety,8,8,0,0,3,0,5,0,0.0,0.375,,,0.656847,0.164094,8,0.402985,67,27,8,7
metrics,bruteforce,metrics,ABCD,46,0.85,double_shift,8,8,0,0,3,0,5,0,0.0,0.375,,,0.614839,0.122086,8,0.165354,127,21,8,0
metrics,bruteforce,metrics,ABCD,46,0.85,self_corrected,8,8,0,0,4,0,4,0,0.0,0.5,,,0.621403,0.128649,8,0.274725,91,25,8,3
metrics,bruteforce,metrics,ABCD,46,0.85,deferred,8,8,0,0,3,0,5,0,0.0,0.375,,,0.600872,0.318263,8,0.6,90,54,8,0
metrics,bruteforce,metrics,ABCD,46,0.85,isolated,8,8,0,0,0,0,8,0,0.0,0.0,,,0.966394,0.002625,8,0.0,10,0,8,0
metrics,bruteforce,metrics,ABCD,46,0.85,scanner_blank_1,8,8,0,0,5,0,3,0,0.0,0.625,,,0.438905,0.304847,8,0.571429,77,44,8,1
metrics,bruteforce,metrics,ABCD,46,0.85,scanner_blank_2,8,8,0,0,2,0,6,0,0.0,0.25,,,0.789934,0.148629,8,0.368421,57,21,8,9
metrics,bruteforce,metrics,ABCD,46,0.85,scanner_row_delete_1,8,8,0,0,0,0,8,0,0.0,0.0,,,,,0,0.0,96,0,8,0
metrics,bruteforce,metrics,ABCD,46,0.85,scanner_row_delete_2,8,8,0,0,0,0,8,0,0.0,0.0,,,,,0,0.0,96,0,8,2
metrics,bruteforce,metrics,ABCD,46,0.85,scanner_misread_1,8,0,8,0,0,1,0,7,,,0.125,0.470679,0.079421,0.079421,8,,0,0,8,11
metrics,bruteforce,metrics,ABCD,46,0.85,scanner_misread_4,8,0,8,0,0,0,0,8,,,0.0,0.312344,0.010502,0.010502,8,,0,0,8,0
metrics,bruteforce,metrics,ABCD,46,0.85,scanner_faint_1,8,0,8,0,0,0,0,8,,,0.0,0.312344,0.0,0.0,8,,0,0,8,0
metrics,bruteforce,metrics,ABCD,46,0.85,scanner_faint_4,8,0,8,0,0,0,0,8,,,0.0,0.312344,0.005907,0.005907,8,,0,0,8,0
metrics,bruteforce,metrics,ABCD,46,0.85,scanner_double_4,8,0,8,0,0,0,0,8,,,0.0,0.312344,0.0,0.0,8,,0,0,8,0
metrics,bruteforce,metrics,ABCD,46,0.85,adv_long_runs,8,0,8,0,0,3,0,5,,,0.375,0.710759,0.066294,0.066294,8,,0,0,8,16
metrics,bruteforce,metrics,ABCD,46,0.85,adv_favourite,8,0,8,0,0,0,0,8,,,0.0,0.312344,0.0,0.0,8,,0,0,8,0
metrics,bruteforce,metrics,ABCD,46,0.85,adv_easy_block,8,0,8,0,0,0,0,8,,,0.0,0.312344,0.0,0.0,8,,0,0,8,0
metrics,bruteforce,metrics,ABCD,46,0.85,adv_key_leakage,8,8,0,8,0,0,0,0,1.0,1.0,,,0.0,1.0,8,1.0,266,266,8,0
metrics,bruteforce,metrics,ABCD,46,0.85,adv_cycle,8,0,8,0,0,3,0,5,,,0.375,0.710759,0.084672,0.084672,8,,0,0,8,17
metrics,bruteforce,metrics,ABCD,46,0.95,none,8,0,8,0,0,1,0,7,,,0.125,0.470679,0.02363,0.02363,8,,0,0,8,6
metrics,bruteforce,metrics,ABCD,46,0.95,row_skip_1,8,8,0,0,1,0,7,0,0.0,0.125,,,0.875,0.125,8,0.323529,68,22,8,0
metrics,bruteforce,metrics,ABCD,46,0.95,row_skip_2,8,8,0,0,3,0,5,0,0.0,0.375,,,0.595516,0.262182,8,0.386364,88,34,8,8
metrics,bruteforce,metrics,ABCD,46,0.95,early_full,8,8,0,2,6,0,0,0,0.25,1.0,,,0.039934,0.898629,8,0.944444,198,187,8,7
metrics,bruteforce,metrics,ABCD,46,0.95,boundary,8,8,0,0,0,0,8,0,0.0,0.0,,,0.98254,0.000656,8,0.0,39,0,8,2
metrics,bruteforce,metrics,ABCD,46,0.95,short_local,8,8,0,0,0,0,8,0,0.0,0.0,,,0.98254,0.000656,8,0.0,28,0,8,1
metrics,bruteforce,metrics,ABCD,46,0.95,whole_section,8,8,0,0,0,0,8,0,0.0,0.0,,,0.95156,0.005907,8,0.0,99,0,8,0
metrics,bruteforce,metrics,ABCD,46,0.95,anxiety,8,8,0,0,3,0,5,0,0.0,0.375,,,0.542953,0.383533,8,0.530435,115,61,8,0
metrics,bruteforce,metrics,ABCD,46,0.95,double_shift,8,8,0,0,6,0,2,0,0.0,0.75,,,0.316661,0.486951,8,0.428571,168,72,8,0
metrics,bruteforce,metrics,ABCD,46,0.95,self_corrected,8,8,0,0,2,0,6,0,0.0,0.25,,,0.789698,0.043321,8,0.059524,84,5,8,7
metrics,bruteforce,metrics,ABCD,46,0.95,deferred,8,8,0,0,5,0,3,0,0.0,0.625,,,0.336037,0.571545,8,0.652174,138,90,8,0
metrics,bruteforce,metrics,ABCD,46,0.95,isolated,8,8,0,0,0,0,8,0,0.0,0.0,,,0.938038,0.010502,8,0.0,9,0,8,0
metrics,bruteforce,metrics,ABCD,46,0.95,scanner_blank_1,8,8,0,0,4,0,4,0,0.0,0.5,,,0.491493,0.404537,8,0.474138,116,55,8,4
metrics,bruteforce,metrics,ABCD,46,0.95,scanner_blank_2,8,8,0,0,3,0,5,0,0.0,0.375,,,0.649207,0.261526,8,0.373832,107,40,8,1
metrics,bruteforce,metrics,ABCD,46,0.95,scanner_row_delete_1,8,8,0,0,0,0,8,0,0.0,0.0,,,,,0,0.0,69,0,8,0
metrics,bruteforce,metrics,ABCD,46,0.95,scanner_row_delete_2,8,8,0,0,0,0,8,0,0.0,0.0,,,,,0,0.0,89,0,8,0
metrics,bruteforce,metrics,ABCD,46,0.95,scanner_misread_1,8,0,8,0,0,1,0,7,,,0.125,0.470679,0.02363,0.02363,8,,0,0,8,6
metrics,bruteforce,metrics,ABCD,46,0.95,scanner_misread_4,8,0,8,0,0,0,0,8,,,0.0,0.312344,0.0,0.0,8,,0,0,8,0
metrics,bruteforce,metrics,ABCD,46,0.95,scanner_faint_1,8,0,8,0,0,0,0,8,,,0.0,0.312344,0.0,0.0,8,,0,0,8,0
metrics,bruteforce,metrics,ABCD,46,0.95,scanner_faint_4,8,0,8,0,0,1,0,7,,,0.125,0.470679,0.032162,0.032162,8,,0,0,8,7
metrics,bruteforce,metrics,ABCD,46,0.95,scanner_double_4,8,0,8,0,0,0,0,8,,,0.0,0.312344,0.005907,0.005907,8,,0,0,8,0
metrics,bruteforce,metrics,ABCD,46,0.95,adv_long_runs,8,0,8,0,0,0,0,8,,,0.0,0.312344,0.017722,0.017722,8,,0,0,8,0
metrics,bruteforce,metrics,ABCD,46,0.95,adv_favourite,8,0,8,0,0,0,0,8,,,0.0,0.312344,0.0,0.0,8,,0,0,8,0
metrics,bruteforce,metrics,ABCD,46,0.95,adv_easy_block,8,0,8,0,0,0,0,8,,,0.0,0.312344,0.0,0.0,8,,0,0,8,0
metrics,bruteforce,metrics,ABCD,46,0.95,adv_key_leakage,8,8,0,8,0,0,0,0,1.0,1.0,,,0.0,1.0,8,1.0,260,260,8,0
metrics,bruteforce,metrics,ABCD,46,0.95,adv_cycle,8,0,8,0,0,1,0,7,,,0.125,0.470679,0.051854,0.051854,8,,0,0,8,7
metrics,bruteforce,metrics,ABCD,90,0.26,none,8,0,8,0,0,2,0,6,,,0.25,0.599689,0.01989,0.01989,8,,0,0,8,14
metrics,bruteforce,metrics,ABCD,90,0.26,row_skip_1,8,8,0,0,2,0,6,0,0.0,0.25,,,0.840364,0.016289,8,0.0,14,0,8,22
metrics,bruteforce,metrics,ABCD,90,0.26,row_skip_2,8,8,0,0,4,0,4,0,0.0,0.5,,,0.701817,0.081447,8,0.5625,16,9,8,35
metrics,bruteforce,metrics,ABCD,90,0.26,early_full,8,8,0,1,5,0,2,0,0.125,0.75,,,0.635802,0.061728,8,0.923077,26,24,8,39
metrics,bruteforce,metrics,ABCD,90,0.26,boundary,8,8,0,0,2,0,6,0,0.0,0.25,,,0.82939,0.042353,8,0.181818,11,2,8,24
metrics,bruteforce,metrics,ABCD,90,0.26,short_local,8,8,0,0,4,0,4,0,0.0,0.5,,,0.612654,0.103395,8,0.0,1,0,8,58
metrics,bruteforce,metrics,ABCD,90,0.26,whole_section,8,8,0,0,7,0,1,0,0.0,0.875,,,0.564472,0.08299,8,1.0,12,12,8,59
metrics,bruteforce,metrics,ABCD,90,0.26,anxiety,8,8,0,0,1,0,7,0,0.0,0.125,,,0.854767,0.012174,8,0.428571,7,3,8,14
metrics,bruteforce,metrics,ABCD,90,0.26,double_shift,8,8,0,0,4,0,4,0,0.0,0.5,,,0.719307,0.043381,8,0.028571,35,1,8,58
metrics,bruteforce,metrics,ABCD,90,0.26,self_corrected,8,8,0,0,2,0,6,0,0.0,0.25,,,0.819959,0.023662,8,0.105263,19,2,8,22
metrics,bruteforce,metrics,ABCD,90,0.26,deferred,8,8,0,0,6,0,2,0,0.0,0.75,,,0.623971,0.059156,8,0.777778,9,7,8,63
metrics,bruteforce,metrics,ABCD,90,0.26,isolated,8,8,0,0,5,0,3,0,0.0,0.625,,,0.587963,0.115741,8,0.5,2,1,8,52
metrics,bruteforce,metrics,ABCD,90,0.26,scanner_blank_1,8,8,0,0,4,0,4,0,0.0,0.5,,,0.695473,0.047325,8,0.4,20,8,8,37
metrics,bruteforce,metrics,ABCD,90,0.26,scanner_blank_2,8,8,0,0,3,0,5,0,0.0,0.375,,,0.810185,0.023148,8,0.235294,34,8,8,26
metrics,bruteforce,metrics,ABCD,90,0.26,scanner_row_delete_1,8,8,0,0,0,0,8,0,0.0,0.0,,,,,0,0.0,39,0,8,10
metrics,bruteforce,metrics,ABCD,90,0.26,scanner_row_delete_2,8,8,0,0,0,0,8,0,0.0,0.0,,,,,0,0.0,27,0,8,24
metrics,bruteforce,metrics,ABCD,90,0.26,scanner_misread_1,8,0,8,0,0,4,0,4,,,0.5,0.807097,0.130658,0.130658,8,,0,0,8,52
metrics,bruteforce,metrics,ABCD,90,0.26,scanner_misread_4,8,0,8,0,0,5,0,3,,,0.625,0.888887,0.121399,0.121399,8,,0,0,8,58
metrics,bruteforce,metrics,ABCD,90,0.26,scanner_faint_1,8,0,8,0,0,3,0,5,,,0.375,0.710759,0.080761,0.080761,8,,0,0,8,34
metrics,bruteforce,metrics,ABCD,90,0.26,scanner_faint_4,8,0,8,0,0,5,0,3,,,0.625,0.888887,0.106653,0.106653,8,,0,0,8,54
metrics,bruteforce,metrics,ABCD,90,0.26,scanner_double_4,8,0,8,0,0,2,0,6,,,0.25,0.599689,0.036866,0.036866,8,,0,0,8,19
metrics,bruteforce,metrics,ABCD,90,0.26,adv_long_runs,8,0,8,0,0,1,0,7,,,0.125,0.470679,0.008745,0.008745,8,,0,0,8,5
metrics,bruteforce,metrics,ABCD,90,0.26,adv_favourite,8,0,8,0,0,0,0,8,,,0.0,0.312344,0.0,0.0,8,,0,0,8,0
metrics,bruteforce,metrics,ABCD,90,0.26,adv_easy_block,8,0,8,0,0,0,0,8,,,0.0,0.312344,0.0,0.0,8,,0,0,8,0
metrics,bruteforce,metrics,ABCD,90,0.26,adv_key_leakage,8,8,0,8,0,0,0,0,1.0,1.0,,,0.0,1.0,8,1.0,538,538,8,0
metrics,bruteforce,metrics,ABCD,90,0.26,adv_cycle,8,0,8,0,0,2,0,6,,,0.25,0.599689,0.034465,0.034465,8,,0,0,8,17
metrics,bruteforce,metrics,ABCD,90,0.4,none,8,0,8,0,0,1,0,7,,,0.125,0.470679,0.020919,0.020919,8,,0,0,8,10
metrics,bruteforce,metrics,ABCD,90,0.4,row_skip_1,8,8,0,0,1,0,7,0,0.0,0.125,,,0.821159,0.034122,8,0.342105,38,13,8,6
metrics,bruteforce,metrics,ABCD,90,0.4,row_skip_2,8,8,0,0,1,0,7,0,0.0,0.125,,,0.796639,0.129973,8,0.444444,63,28,8,5
metrics,bruteforce,metrics,ABCD,90,0.4,early_full,8,8,0,0,6,0,2,0,0.0,0.75,,,0.337963,0.402778,8,0.941606,137,129,8,9
metrics,bruteforce,metrics,ABCD,90,0.4,boundary,8,8,0,0,2,0,6,0,0.0,0.25,,,0.855796,0.031721,8,0.294118,17,5,8,26
metrics,bruteforce,metrics,ABCD,90,0.4,short_local,8,8,0,0,2,0,6,0,0.0,0.25,,,0.822188,0.053669,8,0.0,12,0,8,29
metrics,bruteforce,metrics,ABCD,90,0.4,whole_section,8,8,0,0,3,0,5,0,0.0,0.375,,,0.788237,0.038237,8,0.387097,62,24,8,0
metrics,bruteforce,metrics,ABCD,90,0.4,anxiety,8,8,0,0,3,0,5,0,0.0,0.375,,,0.717593,0.115741,8,0.565217,46,26,8,19
metrics,bruteforce,metrics,ABCD,90,0.4,double_shift,8,8,0,0,4,0,4,0,0.0,0.5,,,0.815501,0.019205,8,0.311475,61,19,8,5
metrics,bruteforce,metrics,ABCD,90,0.4,self_corrected,8,8,0,0,1,0,7,0,0.0,0.125,,,0.9369,0.010974,8,0.0,53,0,8,8
metrics,bruteforce,metrics,ABCD,90,0.4,deferred,8,8,0,0,4,0,4,0,0.0,0.5,,,0.611797,0.167352,8,0.632184,87,55,8,2
metrics,bruteforce,metrics,ABCD,90,0.4,isolated,8,8,0,0,1,0,7,0,0.0,0.125,,,0.877572,0.044239,8,0.166667,6,1,8,15
metrics,bruteforce,metrics,ABCD,90,0.4,scanner_blank_1,8,8,0,0,3,0,5,0,0.0,0.375,,,0.7512,0.038237,8,0.297297,37,11,8,17
metrics,bruteforce,metrics,ABCD,90,0.4,scanner_blank_2,8,8,0,0,2,0,6,0,0.0,0.25,,,0.875,0.013889,8,0.28125,32,9,8,8
metrics,bruteforce,metrics,ABCD,90,0.4,scanner_row_delete_1,8,8,0,0,0,0,8,0,0.0,0.0,,,,,0,0.0,49,0,8,9
metrics,bruteforce,metrics,ABCD,90,0.4,scanner_row_delete_2,8,8,0,0,0,0,8,0,0.0,0.0,,,,,0,0.0,48,0,8,0
metrics,bruteforce,metrics,ABCD,90,0.4,scanner_misread_1,8,0,8,0,0,1,0,7,,,0.125,0.470679,0.023491,0.023491,8,,0,0,8,11
metrics,bruteforce,metrics,ABCD,90,0.4,scanner_misread_4,8,0,8,0,0,0,0,8,,,0.0,0.312344,0.002229,0.002229,8,,0,0,8,0
metrics,bruteforce,metrics,ABCD,90,0.4,scanner_faint_1,8,0,8,0,0,0,0,8,,,0.0,0.312344,0.0,0.0,8,,0,0,8,0
metrics,bruteforce,metrics,ABCD,90,0.4,scanner_faint_4,8,0,8,0,0,0,0,8,,,0.0,0.312344,0.000686,0.000686,8,,0,0,8,0
metrics,bruteforce,metrics,ABCD,90,0.4,scanner_double_4,8,0,8,0,0,1,0,7,,,0.125,0.470679,0.00583,0.00583,8,,0,0,8,5
metrics,bruteforce,metrics,ABCD,90,0.4,adv_long_runs,8,0,8,0,0,2,0,6,,,0.25,0.599689,0.033436,0.033436,8,,0,0,8,17
metrics,bruteforce,metrics,ABCD,90,0.4,adv_favourite,8,0,8,0,0,0,0,8,,,0.0,0.312344,0.0,0.0,8,,0,0,8,0
metrics,bruteforce,metrics,ABCD,90,0.4,adv_easy_block,8,0,8,0,0,0,0,8,,,0.0,0.312344,0.0,0.0,8,,0,0,8,0
metrics,bruteforce,metrics,ABCD,90,0.4,adv_key_leakage,8,8,0,8,0,0,0,0,1.0,1.0,,,0.0,1.0,8,1.0,512,512,8,0
metrics,bruteforce,metrics,ABCD,90,0.4,adv_cycle,8,0,8,0,0,4,0,4,,,0.5,0.807097,0.059499,0.059499,8,,0,0,8,36
metrics,bruteforce,metrics,ABCD,90,0.55,none,8,0,8,0,0,1,0,7,,,0.125,0.470679,0.024691,0.024691,8,,0,0,8,12
metrics,bruteforce,metrics,ABCD,90,0.55,row_skip_1,8,8,0,0,4,0,4,0,0.0,0.5,,,0.600137,0.19273,8,0.714286,84,60,8,3
metrics,bruteforce,metrics,ABCD,90,0.55,row_skip_2,8,8,0,0,3,0,5,0,0.0,0.375,,,0.852195,0.018861,8,0.142857,63,9,8,10
metrics,bruteforce,metrics,ABCD,90,0.55,early_full,8,8,0,0,8,0,0,0,0.0,1.0,,,0.134088,0.72668,8,0.973262,187,182,8,3
metrics,bruteforce,metrics,ABCD,90,0.55,boundary,8,8,0,0,3,0,5,0,0.0,0.375,,,0.770919,0.048697,8,0.301587,63,19,8,13
metrics,bruteforce,metrics,ABCD,90,0.55,short_local,8,8,0,0,0,0,8,0,0.0,0.0,,,1.0,0.0,8,0.0,11,0,8,2
metrics,bruteforce,metrics,ABCD,90,0.55,whole_section,8,8,0,0,1,0,7,0,0.0,0.125,,,0.874486,0.022634,8,0.114583,96,11,8,0
metrics,bruteforce,metrics,ABCD,90,0.55,anxiety,8,8,0,0,2,0,6,0,0.0,0.25,,,0.82716,0.104938,8,0.461538,65,30,8,4
metrics,bruteforce,metrics,ABCD,90,0.55,double_shift,8,8,0,0,5,0,3,0,0.0,0.625,,,0.529664,0.131516,8,0.378378,148,56,8,1
metrics,bruteforce,metrics,ABCD,90,0.55,self_corrected,8,8,0,0,1,0,7,0,0.0,0.125,,,0.927812,0.011145,8,0.02439,41,1,8,8
metrics,bruteforce,metrics,ABCD,90,0.55,deferred,8,8,0,0,6,0,2,0,0.0,0.75,,,0.556927,0.112483,8,0.455446,101,46,8,16
metrics,bruteforce,metrics,ABCD,90,0.55,isolated,8,8,0,0,0,0,8,0,0.0,0.0,,,1.0,0.0,8,0.0,6,0,8,0
metrics,bruteforce,metrics,ABCD,90,0.55,scanner_blank_1,8,8,0,0,2,0,6,0,0.0,0.25,,,0.794753,0.100309,8,0.532258,62,33,8,1
metrics,bruteforce,metrics,ABCD,90,0.55,scanner_blank_2,8,8,0,0,2,0,6,0,0.0,0.25,,,0.757545,0.090878,8,0.627451,51,32,8,5
metrics,bruteforce,metrics,ABCD,90,0.55,scanner_row_delete_1,8,8,0,0,0,0,8,0,0.0,0.0,,,,,0,0.0,69,0,8,17
metrics,bruteforce,metrics,ABCD,90,0.55,scanner_row_delete_2,8,8,0,0,0,0,8,0,0.0,0.0,,,,,0,0.0,55,0,8,2
metrics,bruteforce,metrics,ABCD,90,0.55,scanner_misread_1,8,0,8,0,0,0,0,8,,,0.0,0.312344,0.002743,0.002743,8,,0,0,8,0
metrics,bruteforce,metrics,ABCD,90,0.55,scanner_misread_4,8,0,8,0,0,1,0,7,,,0.125,0.470679,0.013717,0.013717,8,,0,0,8,8
metrics,bruteforce,metrics,ABCD,90,0.55,scanner_faint_1,8,0,8,0,0,0,0,8,,,0.0,0.312344,0.0,0.0,8,,0,0,8,0
metrics,bruteforce,metrics,ABCD,90,0.55,scanner_faint_4,8,0,8,0,0,1,0,7,,,0.125,0.470679,0.006173,0.006173,8,,0,0,8,6
metrics,bruteforce,metrics,ABCD,90,0.55,scanner_double_4,8,0,8,0,0,0,0,8,,,0.0,0.312344,0.0,0.0,8,,0,0,8,0
metrics,bruteforce,metrics,ABCD,90,0.55,adv_long_runs,8,0,8,0,0,2,0,6,,,0.25,0.599689,0.024691,0.024691,8,,0,0,8,16
metrics,bruteforce,metrics,ABCD,90,0.55,adv_favourite,8,0,8,0,0,0,0,8,,,0.0,0.312344,0.0,0.0,8,,0,0,8,0
metrics,bruteforce,metrics,ABCD,90,0.55,adv_easy_block,8,0,8,0,0,0,0,8,,,0.0,0.312344,0.0,0.0,8,,0,0,8,0
metrics,bruteforce,metrics,ABCD,90,0.55,adv_key_leakage,8,8,0,8,0,0,0,0,1.0,1.0,,,0.0,1.0,8,1.0,522,522,8,0
metrics,bruteforce,metrics,ABCD,90,0.55,adv_cycle,8,0,8,0,0,5,0,3,,,0.625,0.888887,0.042353,0.042353,8,,0,0,8,33
metrics,bruteforce,metrics,ABCD,90,0.7,none,8,0,8,0,0,1,0,7,,,0.125,0.470679,0.008402,0.008402,8,,0,0,8,7
metrics,bruteforce,metrics,ABCD,90,0.7,row_skip_1,8,8,0,0,4,0,4,0,0.0,0.5,,,0.626886,0.275034,8,0.666667,111,74,8,14
metrics,bruteforce,metrics,ABCD,90,0.7,row_skip_2,8,8,0,0,5,0,3,0,0.0,0.625,,,0.486283,0.338135,8,0.614458,166,102,8,0
metrics,bruteforce,metrics,ABCD,90,0.7,early_full,8,8,0,2,6,0,0,0,0.25,1.0,,,0.06773,0.81773,8,0.963636,220,212,8,12
metrics,bruteforce,metrics,ABCD,90,0.7,boundary,8,8,0,0,0,0,8,0,0.0,0.0,,,0.964678,0.001715,8,0.0,55,0,8,2
metrics,bruteforce,metrics,ABCD,90,0.7,short_local,8,8,0,0,0,0,8,0,0.0,0.0,,,1.0,0.0,8,0.0,20,0,8,1
metrics,bruteforce,metrics,ABCD,90,0.7,whole_section,8,8,0,0,3,0,5,0,0.0,0.375,,,0.81893,0.022634,8,0.126761,71,9,8,15
metrics,bruteforce,metrics,ABCD,90,0.7,anxiety,8,8,0,0,5,0,3,0,0.0,0.625,,,0.651749,0.14249,8,0.33125,160,53,8,0
metrics,bruteforce,metrics,ABCD,90,0.7,double_shift,8,8,0,0,4,0,4,0,0.0,0.5,,,0.673525,0.11797,8,0.306667,150,46,8,13
metrics,bruteforce,metrics,ABCD,90,0.7,self_corrected,8,8,0,0,0,0,8,0,0.0,0.0,,,1.0,0.0,8,0.0,75,0,8,0
metrics,bruteforce,metrics,ABCD,90,0.7,deferred,8,8,0,0,3,0,5,0,0.0,0.375,,,0.720336,0.155521,8,0.38843,121,47,8,5
metrics,bruteforce,metrics,ABCD,90,0.7,isolated,8,8,0,0,0,0,8,0,0.0,0.0,,,1.0,0.0,8,0.0,4,0,8,1
metrics,bruteforce,metrics,ABCD,90,0.7,scanner_blank_1,8,8,0,0,1,0,7,0,0.0,0.125,,,0.875686,0.107167,8,0.328947,76,25,8,3
metrics,bruteforce,metrics,ABCD,90,0.7,scanner_blank_2,8,8,0,0,1,0,7,0,0.0,0.125,,,0.91358,0.024691,8,0.10084,119,12,8,0
metrics,bruteforce,metrics,ABCD,90,0.7,scanner_row_delete_1,8,8,0,0,0,0,8,0,0.0,0.0,,,,,0,0.0,126,0,8,0
metrics,bruteforce,metrics,ABCD,90,0.7,scanner_row_delete_2,8,8,0,0,0,0,8,0,0.0,0.0,,,,,0,0.0,203,0,8,0
metrics,bruteforce,metrics,ABCD,90,0.7,scanner_misread_1,8,0,8,0,0,0,0,8,,,0.0,0.312344,0.0,0.0,8,,0,0,8,0
metrics,bruteforce,metrics,ABCD,90,0.7,scanner_misread_4,8,0,8,0,0,0,0,8,,,0.0,0.312344,0.000686,0.000686,8,,0,0,8,0
metrics,bruteforce,metrics,ABCD,90,0.7,scanner_faint_1,8,0,8,0,0,0,0,8,,,0.0,0.312344,0.0,0.0,8,,0,0,8,0
metrics,bruteforce,metrics,ABCD,90,0.7,scanner_faint_4,8,0,8,0,0,0,0,8,,,0.0,0.312344,0.0,0.0,8,,0,0,8,0
metrics,bruteforce,metrics,ABCD,90,0.7,scanner_double_4,8,0,8,0,0,1,0,7,,,0.125,0.470679,0.006173,0.006173,8,,0,0,8,6
metrics,bruteforce,metrics,ABCD,90,0.7,adv_long_runs,8,0,8,0,0,1,0,7,,,0.125,0.470679,0.020919,0.020919,8,,0,0,8,9
metrics,bruteforce,metrics,ABCD,90,0.7,adv_favourite,8,0,8,0,0,0,0,8,,,0.0,0.312344,0.0,0.0,8,,0,0,8,0
metrics,bruteforce,metrics,ABCD,90,0.7,adv_easy_block,8,0,8,0,0,0,0,8,,,0.0,0.312344,0.0,0.0,8,,0,0,8,0
metrics,bruteforce,metrics,ABCD,90,0.7,adv_key_leakage,8,8,0,8,0,0,0,0,1.0,1.0,,,0.0,1.0,8,1.0,538,538,8,0
metrics,bruteforce,metrics,ABCD,90,0.7,adv_cycle,8,0,8,0,0,1,0,7,,,0.125,0.470679,0.032236,0.032236,8,,0,0,8,13
metrics,bruteforce,metrics,ABCD,90,0.85,none,8,0,8,0,0,0,0,8,,,0.0,0.312344,0.0,0.0,8,,0,0,8,0
metrics,bruteforce,metrics,ABCD,90,0.85,row_skip_1,8,8,0,0,4,0,4,0,0.0,0.5,,,0.611968,0.195302,8,0.361702,188,68,8,0
metrics,bruteforce,metrics,ABCD,90,0.85,row_skip_2,8,8,0,0,1,0,7,0,0.0,0.125,,,0.875686,0.107167,8,0.18797,133,25,8,0
metrics,bruteforce,metrics,ABCD,90,0.85,early_full,8,8,0,3,5,0,0,0,0.375,1.0,,,0.000686,0.982167,8,0.96748,369,357,8,1
metrics,bruteforce,metrics,ABCD,90,0.85,boundary,8,8,0,0,1,0,7,0,0.0,0.125,,,0.861454,0.046639,8,0.033898,59,2,8,15
metrics,bruteforce,metrics,ABCD,90,0.85,short_local,8,8,0,0,0,0,8,0,0.0,0.0,,,1.0,0.0,8,0.0,19,0,8,0
metrics,bruteforce,metrics,ABCD,90,0.85,whole_section,8,8,0,0,2,0,6,0,0.0,0.25,,,0.860597,0.018004,8,0.068783,189,13,8,0
metrics,bruteforce,metrics,ABCD,90,0.85,anxiety,8,8,0,0,3,0,5,0,0.0,0.375,,,0.616427,0.292353,8,0.461039,154,71,8,2
metrics,bruteforce,metrics,ABCD,90,0.85,double_shift,8,8,0,0,6,0,2,0,0.0,0.75,,,0.340363,0.294067,8,0.365385,260,95,8,2
metrics,bruteforce,metrics,ABCD,90,0.85,self_corrected,8,8,0,0,0,0,8,0,0.0,0.0,,,0.973765,0.001543,8,0.0,71,0,8,0
metrics,bruteforce,metrics,ABCD,90,0.85,deferred,8,8,0,0,1,0,7,0,0.0,0.125,,,0.91358,0.024691,8,0.086331,139,12,8,0
metrics,bruteforce,metrics,ABCD,90,0.85,isolated,8,8,0,0,0,0,8,0,0.0,0.0,,,1.0,0.0,8,0.0,7,0,8,1
metrics,bruteforce,metrics,ABCD,90,0.85,scanner_blank_1,8,8,0,0,3,0,5,0,0.0,0.375,,,0.70216,0.229938,8,0.606061,132,80,8,0
metrics,bruteforce,metrics,ABCD,90,0.85,scanner_blank_2,8,8,0,0,1,0,7,0,0.0,0.125,,,0.943587,0.008402,8,0.058824,119,7,8,0
metrics,bruteforce,metrics,ABCD,90,0.85,scanner_row_delete_1,8,8,0,0,0,0,8,0,0.0,0.0,,,,,0,0.0,152,0,8,4
metrics,bruteforce,metrics,ABCD,90,0.85,scanner_row_delete_2,8,8,0,0,0,0,8,0,0.0,0.0,,,,,0,0.0,168,0,8,4
metrics,bruteforce,metrics,ABCD,90,0.85,scanner_misread_1,8,0,8,0,0,0,0,8,,,0.0,0.312344,0.0,0.0,8,,0,0,8,0
metrics,bruteforce,metrics,ABCD,90,0.85,scanner_misread_4,8,0,8,0,0,1,0,7,,,0.125,0.470679,0.006173,0.006173,8,,0,0,8,6
metrics,bruteforce,metrics,ABCD,90,0.85,scanner_faint_1,8,0,8,0,0,0,0,8,,,0.0,0.312344,0.001543,0.001543,8,,0,0,8,0
metrics,bruteforce,metrics,ABCD,90,0.85,scanner_faint_4,8,0,8,0,0,0,0,8,,,0.0,0.312344,0.0,0.0,8,,0,0,8,0
metrics,bruteforce,metrics,ABCD,90,0.85,scanner_double_4,8,0,8,0,0,2,0,6,,,0.25,0.599689,0.016804,0.016804,8,,0,0,8,14
metrics,bruteforce,metrics,ABCD,90,0.85,adv_long_runs,8,0,8,0,0,3,0,5,,,0.375,0.710759,0.029664,0.029664,8,,0,0,8,20
metrics,bruteforce,metrics,ABCD,90,0.85,adv_favourite,8,0,8,0,0,0,0,8,,,0.0,0.312344,0.0,0.0,8,,0,0,8,0
metrics,bruteforce,metrics,ABCD,90,0.85,adv_easy_block,8,0,8,0,0,0,0,8,,,0.0,0.312344,0.0,0.0,8,,0,0,8,0
metrics,bruteforce,metrics,ABCD,90,0.85,adv_key_leakage,8,8,0,8,0,0,0,0,1.0,1.0,,,0.0,1.0,8,1.0,541,541,8,0
metrics,bruteforce,metrics,ABCD,90,0.85,adv_cycle,8,0,8,0,0,3,0,5,,,0.375,0.710759,0.073903,0.073903,8,,0,0,8,33
metrics,bruteforce,metrics,ABCD,90,0.95,none,8,0,8,0,0,1,0,7,,,0.125,0.470679,0.008573,0.008573,8,,0,0,8,7
metrics,bruteforce,metrics,ABCD,90,0.95,row_skip_1,8,8,0,0,5,0,3,0,0.0,0.625,,,0.4369,0.510974,8,0.772093,215,166,8,4
metrics,bruteforce,metrics,ABCD,90,0.95,row_skip_2,8,8,0,0,5,0,3,0,0.0,0.625,,,0.526063,0.303841,8,0.403162,253,102,8,0
metrics,bruteforce,metrics,ABCD,90,0.95,early_full,8,8,0,3,5,0,0,0,0.375,1.0,,,0.004287,0.939472,8,0.964194,391,377,8,0
metrics,bruteforce,metrics,ABCD,90,0.95,boundary,8,8,0,0,2,0,6,0,0.0,0.25,,,0.85511,0.031036,8,0.102041,98,10,8,10
metrics,bruteforce,metrics,ABCD,90,0.95,short_local,8,8,0,0,1,0,7,0,0.0,0.125,,,0.950617,0.006173,8,0.03125,32,1,8,5
metrics,bruteforce,metrics,ABCD,90,0.95,whole_section,8,8,0,0,0,0,8,0,0.0,0.0,,,0.956619,0.002915,8,0.0,198,0,8,0
metrics,bruteforce,metrics,ABCD,90,0.95,anxiety,8,8,0,0,4,0,4,0,0.0,0.5,,,0.500171,0.490912,8,0.757732,194,147,8,2
metrics,bruteforce,metrics,ABCD,90,0.95,double_shift,8,8,0,0,6,0,2,0,0.0,0.75,,,0.435185,0.37963,8,0.415179,224,93,8,24
metrics,bruteforce,metrics,ABCD,90,0.95,self_corrected,8,8,0,0,0,0,8,0,0.0,0.0,,,0.982167,0.000686,8,0.0,71,0,8,0
metrics,bruteforce,metrics,ABCD,90,0.95,deferred,8,8,0,0,3,0,5,0,0.0,0.375,,,0.693587,0.258402,8,0.428,250,107,8,0
metrics,bruteforce,metrics,ABCD,90,0.95,isolated,8,8,0,0,0,0,8,0,0.0,0.0,,,1.0,0.0,8,0.0,8,0,8,0
metrics,bruteforce,metrics,ABCD,90,0.95,scanner_blank_1,8,8,0,0,5,0,3,0,0.0,0.625,,,0.538237,0.232682,8,0.428571,238,102,8,0
metrics,bruteforce,metrics,ABCD,90,0.95,scanner_blank_2,8,8,0,0,4,0,4,0,0.0,0.5,,,0.500686,0.482167,8,0.559259,270,151,8,0
metrics,bruteforce,metrics,ABCD,90,0.95,scanner_row_delete_1,8,8,0,0,0,0,8,0,0.0,0.0,,,,,0,0.0,142,0,8,0
metrics,bruteforce,metrics,ABCD,90,0.95,scanner_row_delete_2,8,8,0,0,0,0,8,0,0.0,0.0,,,,,0,0.0,109,0,8,2
metrics,bruteforce,metrics,ABCD,90,0.95,scanner_misread_1,8,0,8,0,0,0,0,8,,,0.0,0.312344,0.0,0.0,8,,0,0,8,0
metrics,bruteforce,metrics,ABCD,90,0.95,scanner_misread_4,8,0,8,0,0,0,0,8,,,0.0,0.312344,0.000171,0.000171,8,,0,0,8,0
metrics,bruteforce,metrics,ABCD,90,0.95,scanner_faint_1,8,0,8,0,0,1,0,7,,,0.125,0.470679,0.008402,0.008402,8,,0,0,8,7
metrics,bruteforce,metrics,ABCD,90,0.95,scanner_faint_4,8,0,8,0,0,3,0,5,,,0.375,0.710759,0.042695,0.042695,8,,0,0,8,27
metrics,bruteforce,metrics,ABCD,90,0.95,scanner_double_4,8,0,8,0,0,1,0,7,,,0.125,0.470679,0.013889,0.013889,8,,0,0,8,9
metrics,bruteforce,metrics,ABCD,90,0.95,adv_long_runs,8,0,8,0,0,0,0,8,,,0.0,0.312344,0.007202,0.007202,8,,0,0,8,0
metrics,bruteforce,metrics,ABCD,90,0.95,adv_favourite,8,0,8,0,0,0,0,8,,,0.0,0.312344,0.0,0.0,8,,0,0,8,0
metrics,bruteforce,metrics,ABCD,90,0.95,adv_easy_block,8,0,8,0,0,0,0,8,,,0.0,0.312344,0.0,0.0,8,,0,0,8,0
metrics,bruteforce,metrics,ABCD,90,0.95,adv_key_leakage,8,8,0,8,0,0,0,0,1.0,1.0,,,0.0,1.0,8,1.0,519,519,8,0
metrics,bruteforce,metrics,ABCD,90,0.95,adv_cycle,8,0,8,0,0,3,0,5,,,0.375,0.710759,0.091735,0.091735,8,,0,0,8,38
metrics,bruteforce,metrics,ABCD,100,0.26,none,8,0,8,0,0,1,0,7,,,0.125,0.470679,0.035139,0.035139,8,,0,0,8,15
metrics,bruteforce,metrics,ABCD,100,0.26,row_skip_1,8,8,0,0,5,0,3,0,0.0,0.625,,,0.6075,0.074167,8,0.625,32,20,8,37
metrics,bruteforce,metrics,ABCD,100,0.26,row_skip_2,8,8,0,0,5,0,3,0,0.0,0.625,,,0.666805,0.058472,8,0.423077,26,11,8,43
metrics,bruteforce,metrics,ABCD,100,0.26,early_full,8,8,0,2,5,0,1,0,0.25,0.875,,,0.435694,0.227361,8,0.881356,59,52,8,58
metrics,bruteforce,metrics,ABCD,100,0.26,boundary,8,8,0,0,4,0,4,0,0.0,0.5,,,0.631945,0.115278,8,0.255814,43,11,8,46
metrics,bruteforce,metrics,ABCD,100,0.26,short_local,8,8,0,0,5,0,3,0,0.0,0.625,,,0.465278,0.215278,8,0.75,8,6,8,82
metrics,bruteforce,metrics,ABCD,100,0.26,whole_section,8,8,0,0,3,0,5,0,0.0,0.375,,,0.810833,0.0275,8,0.333333,15,5,8,31
metrics,bruteforce,metrics,ABCD,100,0.26,anxiety,8,8,0,0,2,0,6,0,0.0,0.25,,,0.755972,0.080972,8,0.25,36,9,8,26
metrics,bruteforce,metrics,ABCD,100,0.26,double_shift,8,8,0,0,5,0,3,0,0.0,0.625,,,0.706806,0.048472,8,0.875,24,21,8,55
metrics,bruteforce,metrics,ABCD,100,0.26,self_corrected,8,8,0,0,7,0,1,0,0.0,0.875,,,0.568055,0.084722,8,0.846154,13,11,8,54
metrics,bruteforce,metrics,ABCD,100,0.26,deferred,8,8,0,0,3,0,5,0,0.0,0.375,,,0.741389,0.041389,8,0.35,40,14,8,13
metrics,bruteforce,metrics,ABCD,100,0.26,isolated,8,8,0,0,4,0,4,0,0.0,0.5,,,0.669583,0.127916,8,,0,0,8,57
metrics,bruteforce,metrics,ABCD,100,0.26,scanner_blank_1,8,8,0,0,4,0,4,0,0.0,0.5,,,0.777361,0.035694,8,0.5,26,13,8,40
metrics,bruteforce,metrics,ABCD,100,0.26,scanner_blank_2,8,8,0,0,3,0,5,0,0.0,0.375,,,0.767083,0.042083,8,0.0,12,0,8,42
metrics,bruteforce,metrics,ABCD,100,0.26,scanner_row_delete_1,8,8,0,0,0,0,8,0,0.0,0.0,,,,,0,0.0,10,0,8,16
metrics,bruteforce,metrics,ABCD,100,0.26,scanner_row_delete_2,8,8,0,0,0,0,8,0,0.0,0.0,,,,,0,0.0,27,0,8,0
metrics,bruteforce,metrics,ABCD,100,0.26,scanner_misread_1,8,0,8,0,0,3,0,5,,,0.375,0.710759,0.113472,0.113472,8,,0,0,8,47
metrics,bruteforce,metrics,ABCD,100,0.26,scanner_misread_4,8,0,8,0,0,4,0,4,,,0.5,0.807097,0.151389,0.151389,8,,0,0,8,59
metrics,bruteforce,metrics,ABCD,100,0.26,scanner_faint_1,8,0,8,0,0,4,0,4,,,0.5,0.807097,0.074305,0.074305,8,,0,0,8,45
metrics,bruteforce,metrics,ABCD,100,0.26,scanner_faint_4,8,0,8,0,0,3,0,5,,,0.375,0.710759,0.065833,0.065833,8,,0,0,8,35
metrics,bruteforce,metrics,ABCD,100,0.26,scanner_double_4,8,0,8,0,0,2,0,6,,,0.25,0.599689,0.041806,0.041806,8,,0,0,8,23
metrics,bruteforce,metrics,ABCD,100,0.26,adv_long_runs,8,0,8,0,0,2,0,6,,,0.25,0.599689,0.010556,0.010556,8,,0,0,8,11
metrics,bruteforce,metrics,ABCD,100,0.26,adv_favourite,8,0,8,0,0,0,0,8,,,0.0,0.312344,0.0,0.0,8,,0,0,8,0
metrics,bruteforce,metrics,ABCD,100,0.26,adv_easy_block,8,0,8,0,0,0,0,8,,,0.0,0.312344,0.0,0.0,8,,0,0,8,0
metrics,bruteforce,metrics,ABCD,100,0.26,adv_key_leakage,8,8,0,8,0,0,0,0,1.0,1.0,,,0.0,1.0,8,1.0,587,587,8,0
metrics,bruteforce,metrics,ABCD,100,0.26,adv_cycle,8,0,8,0,0,3,0,5,,,0.375,0.710759,0.081111,0.081111,8,,0,0,8,37
metrics,bruteforce,metrics,ABCD,100,0.4,none,8,0,8,0,0,0,0,8,,,0.0,0.312344,0.0,0.0,8,,0,0,8,0
metrics,bruteforce,metrics,ABCD,100,0.4,row_skip_1,8,8,0,0,5,0,3,0,0.0,0.625,,,0.614444,0.097778,8,0.698413,63,44,8,18
metrics,bruteforce,metrics,ABCD,100,0.4,row_skip_2,8,8,0,0,2,0,6,0,0.0,0.25,,,0.872361,0.014028,8,0.214286,28,6,8,39
metrics,bruteforce,metrics,ABCD,100,0.4,early_full,8,8,0,2,4,0,2,0,0.25,0.75,,,0.461389,0.244722,8,0.880435,92,81,8,26
metrics,bruteforce,metrics,ABCD,100,0.4,boundary,8,8,0,0,3,0,5,0,0.0,0.375,,,0.805972,0.047639,8,0.457627,59,27,8,12
metrics,bruteforce,metrics,ABCD,100,0.4,short_local,8,8,0,0,3,0,5,0,0.0,0.375,,,0.802083,0.060417,8,0.0,11,0,8,36
metrics,bruteforce,metrics,ABCD,100,0.4,whole_section,8,8,0,0,1,0,7,0,0.0,0.125,,,0.863889,0.013889,8,0.123077,65,8,8,0
metrics,bruteforce,metrics,ABCD,100,0.4,anxiety,8,8,0,0,1,0,7,0,0.0,0.125,,,0.805278,0.055278,8,0.470588,34,16,8,24
metrics,bruteforce,metrics,ABCD,100,0.4,double_shift,8,8,0,0,4,0,4,0,0.0,0.5,,,0.768056,0.034722,8,0.32,50,16,8,22
metrics,bruteforce,metrics,ABCD,100,0.4,self_corrected,8,8,0,0,2,0,6,0,0.0,0.25,,,0.880278,0.013611,8,0.0,33,0,8,14
metrics,bruteforce,metrics,ABCD,100,0.4,deferred,8,8,0,0,3,0,5,0,0.0,0.375,,,0.753194,0.028194,8,0.382353,34,13,8,13
metrics,bruteforce,metrics,ABCD,100,0.4,isolated,8,8,0,0,1,0,7,0,0.0,0.125,,,0.93625,0.01125,8,0.0,5,0,8,11
metrics,bruteforce,metrics,ABCD,100,0.4,scanner_blank_1,8,8,0,0,4,0,4,0,0.0,0.5,,,0.634028,0.242361,8,0.837838,74,62,8,24
metrics,bruteforce,metrics,ABCD,100,0.4,scanner_blank_2,8,8,0,0,4,0,4,0,0.0,0.5,,,0.699861,0.074861,8,0.39759,83,33,8,13
metrics,bruteforce,metrics,ABCD,100,0.4,scanner_row_delete_1,8,8,0,0,0,0,8,0,0.0,0.0,,,,,0,0.0,44,0,8,16
metrics,bruteforce,metrics,ABCD,100,0.4,scanner_row_delete_2,8,8,0,0,0,0,8,0,0.0,0.0,,,,,0,0.0,43,0,8,7
metrics,bruteforce,metrics,ABCD,100,0.4,scanner_misread_1,8,0,8,0,0,1,0,7,,,0.125,0.470679,0.01125,0.01125,8,,0,0,8,9
metrics,bruteforce,metrics,ABCD,100,0.4,scanner_misread_4,8,0,8,0,0,2,0,6,,,0.25,0.599689,0.030278,0.030278,8,,0,0,8,20
metrics,bruteforce,metrics,ABCD,100,0.4,scanner_faint_1,8,0,8,0,0,2,0,6,,,0.25,0.599689,0.025694,0.025694,8,,0,0,8,19
metrics,bruteforce,metrics,ABCD,100,0.4,scanner_faint_4,8,0,8,0,0,4,0,4,,,0.5,0.807097,0.044306,0.044306,8,,0,0,8,33
metrics,bruteforce,metrics,ABCD,100,0.4,scanner_double_4,8,0,8,0,0,1,0,7,,,0.125,0.470679,0.005,0.005,8,,0,0,8,6
metrics,bruteforce,metrics,ABCD,100,0.4,adv_long_runs,8,0,8,0,0,2,0,6,,,0.25,0.599689,0.011944,0.011944,8,,0,0,8,11
metrics,bruteforce,metrics,ABCD,100,0.4,adv_favourite,8,0,8,0,0,0,0,8,,,0.0,0.312344,0.0,0.0,8,,0,0,8,0
metrics,bruteforce,metrics,ABCD,100,0.4,adv_easy_block,8,0,8,0,0,0,0,8,,,0.0,0.312344,0.0,0.0,8,,0,0,8,0
metrics,bruteforce,metrics,ABCD,100,0.4,adv_key_leakage,8,8,0,8,0,0,0,0,1.0,1.0,,,0.0,1.0,8,1.0,556,556,8,0
metrics,bruteforce,metrics,ABCD,100,0.4,adv_cycle,8,0,8,0,0,2,0,6,,,0.25,0.599689,0.014445,0.014445,8,,0,0,8,11
metrics,bruteforce,metrics,ABCD,100,0.55,none,8,0,8,0,0,0,0,8,,,0.0,0.312344,0.0,0.0,8,,0,0,8,0
metrics,bruteforce,metrics,ABCD,100,0.55,row_skip_1,8,8,0,0,2,0,6,0,0.0,0.25,,,0.811805,0.070139,8,0.596154,52,31,8,4
metrics,bruteforce,metrics,ABCD,100,0.55,row_skip_2,8,8,0,0,4,0,4,0,0.0,0.5,,,0.629305,0.187639,8,0.609091,110,67,8,0
metrics,bruteforce,metrics,ABCD,100,0.55,early_full,8,8,0,1,6,0,1,0,0.125,0.875,,,0.286666,0.42,8,0.900662,151,136,8,23
metrics,bruteforce,metrics,ABCD,100,0.55,boundary,8,8,0,0,0,0,8,0,0.0,0.0,,,0.968055,0.001389,8,0.0,52,0,8,4
metrics,bruteforce,metrics,ABCD,100,0.55,short_local,8,8,0,0,0,0,8,0,0.0,0.0,,,1.0,0.0,8,0.0,27,0,8,2
metrics,bruteforce,metrics,ABCD,100,0.55,whole_section,8,8,0,0,2,0,6,0,0.0,0.25,,,0.890694,0.015694,8,0.258621,58,15,8,5
metrics,bruteforce,metrics,ABCD,100,0.55,anxiety,8,8,0,0,2,0,6,0,0.0,0.25,,,0.799306,0.057639,8,0.375,72,27,8,11
metrics,bruteforce,metrics,ABCD,100,0.55,double_shift,8,8,0,0,5,0,3,0,0.0,0.625,,,0.526667,0.21,8,0.405714,175,71,8,8
metrics,bruteforce,metrics,ABCD,100,0.55,self_corrected,8,8,0,0,0,0,8,0,0.0,0.0,,,1.0,0.0,8,0.0,39,0,8,1
metrics,bruteforce,metrics,ABCD,100,0.55,deferred,8,8,0,0,1,0,7,0,0.0,0.125,,,0.930555,0.013889,8,0.131579,76,10,8,0
metrics,bruteforce,metrics,ABCD,100,0.55,isolated,8,8,0,0,0,0,8,0,0.0,0.0,,,1.0,0.0,8,0.0,1,0,8,1
metrics,bruteforce,metrics,ABCD,100,0.55,scanner_blank_1,8,8,0,0,2,0,6,0,0.0,0.25,,,0.821111,0.021111,8,0.096154,104,10,8,10
metrics,bruteforce,metrics,ABCD,100,0.55,scanner_blank_2,8,8,0,0,2,0,6,0,0.0,0.25,,,0.838472,0.030139,8,0.4,50,20,8,2
metrics,bruteforce,metrics,ABCD,100,0.55,scanner_row_delete_1,8,8,0,0,0,0,8,0,0.0,0.0,,,,,0,0.0,63,0,8,17
metrics,bruteforce,metrics,ABCD,100,0.55,scanner_row_delete_2,8,8,0,0,0,0,8,0,0.0,0.0,,,,,0,0.0,93,0,8,5
metrics,bruteforce,metrics,ABCD,100,0.55,scanner_misread_1,8,0,8,0,0,1,0,7,,,0.125,0.470679,0.014444,0.014444,8,,0,0,8,10
metrics,bruteforce,metrics,ABCD,100,0.55,scanner_misread_4,8,0,8,0,0,2,0,6,,,0.25,0.599689,0.013889,0.013889,8,,0,0,8,14
metrics,bruteforce,metrics,ABCD,100,0.55,scanner_faint_1,8,0,8,0,0,2,0,6,,,0.25,0.599689,0.018055,0.018055,8,,0,0,8,16
metrics,bruteforce,metrics,ABCD,100,0.55,scanner_faint_4,8,0,8,0,0,0,0,8,,,0.0,0.312344,0.0,0.0,8,,0,0,8,0
metrics,bruteforce,metrics,ABCD,100,0.55,scanner_double_4,8,0,8,0,0,0,0,8,,,0.0,0.312344,0.0,0.0,8,,0,0,8,0
metrics,bruteforce,metrics,ABCD,100,0.55,adv_long_runs,8,0,8,0,0,0,0,8,,,0.0,0.312344,0.006111,0.006111,8,,0,0,8,0
metrics,bruteforce,metrics,ABCD,100,0.55,adv_favourite,8,0,8,0,0,0,0,8,,,0.0,0.312344,0.0,0.0,8,,0,0,8,0
metrics,bruteforce,metrics,ABCD,100,0.55,adv_easy_block,8,0,8,0,0,0,0,8,,,0.0,0.312344,0.0,0.0,8,,0,0,8,0
metrics,bruteforce,metrics,ABCD,100,0.55,adv_key_leakage,8,8,0,8,0,0,0,0,1.0,1.0,,,0.0,1.0,8,1.0,588,588,8,0
metrics,bruteforce,metrics,ABCD,100,0.55,adv_cycle,8,0,8,0,0,6,0,2,,,0.75,0.953611,0.097917,0.097917,8,,0,0,8,59
metrics,bruteforce,metrics,ABCD,100,0.7,none,8,0,8,0,0,1,0,7,,,0.125,0.470679,0.027222,0.027222,8,,0,0,8,14
metrics,bruteforce,metrics,ABCD,100,0.7,row_skip_1,8,8,0,0,1,0,7,0,0.0,0.125,,,0.898472,0.040139,8,0.171717,99,17,8,0
metrics,bruteforce,metrics,ABCD,100,0.7,row_skip_2,8,8,0,0,0,0,8,0,0.0,0.0,,,0.968889,0.002222,8,0.0,94,0,8,3
metrics,bruteforce,metrics,ABCD,100,0.7,early_full,8,8,0,2,4,0,2,0,0.25,0.75,,,0.2075,0.7075,8,0.954357,241,230,8,0
metrics,bruteforce,metrics,ABCD,100,0.7,boundary,8,8,0,0,5,0,3,0,0.0,0.625,,,0.619305,0.094306,8,0.428571,84,36,8,21
metrics,bruteforce,metrics,ABCD,100,0.7,short_local,8,8,0,0,3,0,5,0,0.0,0.375,,,0.798333,0.031667,8,0.428571,7,3,8,24
metrics,bruteforce,metrics,ABCD,100,0.7,whole_section,8,8,0,0,1,0,7,0,0.0,0.125,,,0.961805,0.003472,8,0.05618,89,5,8,1
metrics,bruteforce,metrics,ABCD,100,0.7,anxiety,8,8,0,0,3,0,5,0,0.0,0.375,,,0.642361,0.284028,8,0.57931,145,84,8,0
metrics,bruteforce,metrics,ABCD,100,0.7,double_shift,8,8,0,0,7,0,1,0,0.0,0.875,,,0.388889,0.255556,8,0.429752,242,104,8,0
metrics,bruteforce,metrics,ABCD,100,0.7,self_corrected,8,8,0,0,1,0,7,0,0.0,0.125,,,0.925139,0.016806,8,0.02,50,1,8,14
metrics,bruteforce,metrics,ABCD,100,0.7,deferred,8,8,0,0,3,0,5,0,0.0,0.375,,,0.706111,0.189444,8,0.547619,126,69,8,5
metrics,bruteforce,metrics,ABCD,100,0.7,isolated,8,8,0,0,1,0,7,0,0.0,0.125,,,0.930555,0.013889,8,0.0,5,0,8,12
metrics,bruteforce,metrics,ABCD,100,0.7,scanner_blank_1,8,8,0,0,4,0,4,0,0.0,0.5,,,0.588889,0.322222,8,0.668831,154,103,8,6
metrics,bruteforce,metrics,ABCD,100,0.7,scanner_blank_2,8,8,0,0,3,0,5,0,0.0,0.375,,,0.681944,0.215278,8,0.467066,167,78,8,0
metrics,bruteforce,metrics,ABCD,100,0.7,scanner_row_delete_1,8,8,0,0,0,0,8,0,0.0,0.0,,,,,0,0.0,148,0,8,4
metrics,bruteforce,metrics,ABCD,100,0.7,scanner_row_delete_2,8,8,0,0,0,0,8,0,0.0,0.0,,,,,0,0.0,56,0,8,0
metrics,bruteforce,metrics,ABCD,100,0.7,scanner_misread_1,8,0,8,0,0,1,0,7,,,0.125,0.470679,0.006944,0.006944,8,,0,0,8,7
metrics,bruteforce,metrics,ABCD,100,0.7,scanner_misread_4,8,0,8,0,0,0,0,8,,,0.0,0.312344,0.0,0.0,8,,0,0,8,0
metrics,bruteforce,metrics,ABCD,100,0.7,scanner_faint_1,8,0,8,0,0,0,0,8,,,0.0,0.312344,0.0,0.0,8,,0,0,8,0
metrics,bruteforce,metrics,ABCD,100,0.7,scanner_faint_4,8,0,8,0,0,2,0,6,,,0.25,0.599689,0.036111,0.036111,8,,0,0,8,22
metrics,bruteforce,metrics,ABCD,100,0.7,scanner_double_4,8,0,8,0,0,1,0,7,,,0.125,0.470679,0.016806,0.016806,8,,0,0,8,11
metrics,bruteforce,metrics,ABCD,100,0.7,adv_long_runs,8,0,8,0,0,1,0,7,,,0.125,0.470679,0.015555,0.015555,8,,0,0,8,8
metrics,bruteforce,metrics,ABCD,100,0.7,adv_favourite,8,0,8,0,0,0,0,8,,,0.0,0.312344,0.0,0.0,8,,0,0,8,0
metrics,bruteforce,metrics,ABCD,100,0.7,adv_easy_block,8,0,8,0,0,0,0,8,,,0.0,0.312344,0.0,0.0,8,,0,0,8,0
metrics,bruteforce,metrics,ABCD,100,0.7,adv_key_leakage,8,8,0,8,0,0,0,0,1.0,1.0,,,0.0,1.0,8,1.0,591,591,8,0
metrics,bruteforce,metrics,ABCD,100,0.7,adv_cycle,8,0,8,0,0,2,0,6,,,0.25,0.599689,0.014444,0.014444,8,,0,0,8,14
metrics,bruteforce,metrics,ABCD,100,0.85,none,8,0,8,0,0,0,0,8,,,0.0,0.312344,0.0,0.0,8,,0,0,8,0
metrics,bruteforce,metrics,ABCD,100,0.85,row_skip_1,8,8,0,0,6,0,2,0,0.0,0.75,,,0.373333,0.406667,8,0.570732,205,117,8,8
metrics,bruteforce,metrics,ABCD,100,0.85,row_skip_2,8,8,0,0,1,0,7,0,0.0,0.125,,,0.875,0.125,8,0.208333,168,35,8,1
metrics,bruteforce,metrics,ABCD,100,0.85,early_full,8,8,0,2,5,0,1,0,0.25,0.875,,,0.180694,0.755695,8,0.978082,365,357,8,10
metrics,bruteforce,metrics,ABCD,100,0.85,boundary,8,8,0,0,1,0,7,0,0.0,0.125,,,0.922361,0.014028,8,0.098039,102,10,8,0
metrics,bruteforce,metrics,ABCD,100,0.85,short_local,8,8,0,0,1,0,7,0,0.0,0.125,,,0.930694,0.005694,8,0.0,22,0,8,7
metrics,bruteforce,metrics,ABCD,100,0.85,whole_section,8,8,0,0,3,0,5,0,0.0,0.375,,,0.804722,0.038055,8,0.10241,166,17,8,11
metrics,bruteforce,metrics,ABCD,100,0.85,anxiety,8,8,0,0,4,0,4,0,0.0,0.5,,,0.47625,0.35125,8,0.68254,189,129,8,9
metrics,bruteforce,metrics,ABCD,100,0.85,double_shift,8,8,0,0,7,0,1,0,0.0,0.875,,,0.2725,0.505833,8,0.543103,348,189,8,0
metrics,bruteforce,metrics,ABCD,100,0.85,self_corrected,8,8,0,0,1,0,7,0,0.0,0.125,,,0.922361,0.014028,8,0.0,75,0,8,15
metrics,bruteforce,metrics,ABCD,100,0.85,deferred,8,8,0,0,3,0,5,0,0.0,0.375,,,0.686944,0.186944,8,0.351598,219,77,8,0
metrics,bruteforce,metrics,ABCD,100,0.85,isolated,8,8,0,0,0,0,8,0,0.0,0.0,,,0.97625,0.00125,8,0.0,11,0,8,0
metrics,bruteforce,metrics,ABCD,100,0.85,scanner_blank_1,8,8,0,0,5,0,3,0,0.0,0.625,,,0.402222,0.535555,8,0.656566,297,195,8,0
metrics,bruteforce,metrics,ABCD,100,0.85,scanner_blank_2,8,8,0,0,4,0,4,0,0.0,0.5,,,0.543472,0.201805,8,0.376884,199,75,8,0
metrics,bruteforce,metrics,ABCD,100,0.85,scanner_row_delete_1,8,8,0,0,0,0,8,0,0.0,0.0,,,,,0,0.0,112,0,8,6
metrics,bruteforce,metrics,ABCD,100,0.85,scanner_row_delete_2,8,8,0,0,0,0,8,0,0.0,0.0,,,,,0,0.0,116,0,8,1
metrics,bruteforce,metrics,ABCD,100,0.85,scanner_misread_1,8,0,8,0,0,0,0,8,,,0.0,0.312344,0.0,0.0,8,,0,0,8,0
metrics,bruteforce,metrics,ABCD,100,0.85,scanner_misread_4,8,0,8,0,0,1,0,7,,,0.125,0.470679,0.01125,0.01125,8,,0,0,8,9
metrics,bruteforce,metrics,ABCD,100,0.85,scanner_faint_1,8,0,8,0,0,0,0,8,,,0.0,0.312344,0.0,0.0,8,,0,0,8,0
metrics,bruteforce,metrics,ABCD,100,0.85,scanner_faint_4,8,0,8,0,0,1,0,7,,,0.125,0.470679,0.013889,0.013889,8,,0,0,8,10
metrics,bruteforce,metrics,ABCD,100,0.85,scanner_double_4,8,0,8,0,0,0,0,8,,,0.0,0.312344,0.0,0.0,8,,0,0,8,0
metrics,bruteforce,metrics,ABCD,100,0.85,adv_long_runs,8,0,8,0,0,1,0,7,,,0.125,0.470679,0.009444,0.009444,8,,0,0,8,6
metrics,bruteforce,metrics,ABCD,100,0.85,adv_favourite,8,0,8,0,0,0,0,8,,,0.0,0.312344,0.0,0.0,8,,0,0,8,0
metrics,bruteforce,metrics,ABCD,100,0.85,adv_easy_block,8,0,8,0,0,0,0,8,,,0.0,0.312344,0.0,0.0,8,,0,0,8,0
metrics,bruteforce,metrics,ABCD,100,0.85,adv_key_leakage,8,8,0,8,0,0,0,0,1.0,1.0,,,0.0,1.0,8,1.0,588,588,8,0
metrics,bruteforce,metrics,ABCD,100,0.85,adv_cycle,8,0,8,0,0,6,0,2,,,0.75,0.953611,0.076111,0.076111,8,,0,0,8,53
metrics,bruteforce,metrics,ABCD,100,0.95,none,8,0,8,0,0,0,0,8,,,0.0,0.312344,0.0,0.0,8,,0,0,8,0
metrics,bruteforce,metrics,ABCD,100,0.95,row_skip_1,8,8,0,0,4,0,4,0,0.0,0.5,,,0.599444,0.216111,8,0.43787,169,74,8,0
metrics,bruteforce,metrics,ABCD,100,0.95,row_skip_2,8,8,0,0,4,0,4,0,0.0,0.5,,,0.53125,0.20625,8,0.378378,185,70,8,4
metrics,bruteforce,metrics,ABCD,100,0.95,early_full,8,8,0,0,8,0,0,0,0.0,1.0,,,0.088889,0.822222,8,0.963768,414,399,8,2
metrics,bruteforce,metrics,ABCD,100,0.95,boundary,8,8,0,0,1,0,7,0,0.0,0.125,,,0.848333,0.031667,8,0.0,123,0,8,15
metrics,bruteforce,metrics,ABCD,100,0.95,short_local,8,8,0,0,0,0,8,0,0.0,0.0,,,1.0,0.0,8,0.0,38,0,8,0
metrics,bruteforce,metrics,ABCD,100,0.95,whole_section,8,8,0,0,1,0,7,0,0.0,0.125,,,0.887361,0.012361,8,0.036036,222,8,8,0
metrics,bruteforce,metrics,ABCD,100,0.95,anxiety,8,8,0,0,5,0,3,0,0.0,0.625,,,0.393889,0.510556,8,0.669039,281,188,8,3
metrics,bruteforce,metrics,ABCD,100,0.95,double_shift,8,8,0,0,2,0,6,0,0.0,0.25,,,0.723889,0.207222,8,0.272727,242,66,8,2
metrics,bruteforce,metrics,ABCD,100,0.95,self_corrected,8,8,0,0,1,0,7,0,0.0,0.125,,,0.942222,0.008889,8,0.0,76,0,8,8
metrics,bruteforce,metrics,ABCD,100,0.95,deferred,8,8,0,0,3,0,5,0,0.0,0.375,,,0.60125,0.37625,8,0.578723,235,136,8,0
metrics,bruteforce,metrics,ABCD,100,0.95,isolated,8,8,0,0,1,0,7,0,0.0,0.125,,,0.915139,0.023472,8,0.181818,11,2,8,11
metrics,bruteforce,metrics,ABCD,100,0.95,scanner_blank_1,8,8,0,0,6,0,2,0,0.0,0.75,,,0.3325,0.549167,8,0.605096,314,190,8,0
metrics,bruteforce,metrics,ABCD,100,0.95,scanner_blank_2,8,8,0,0,3,0,5,0,0.0,0.375,,,0.705,0.255,8,0.494898,196,97,8,0
metrics,bruteforce,metrics,ABCD,100,0.95,scanner_row_delete_1,8,8,0,0,0,0,8,0,0.0,0.0,,,,,0,0.0,334,0,8,0
metrics,bruteforce,metrics,ABCD,100,0.95,scanner_row_delete_2,8,8,0,0,0,0,8,0,0.0,0.0,,,,,0,0.0,246,0,8,0
metrics,bruteforce,metrics,ABCD,100,0.95,scanner_misread_1,8,0,8,0,0,0,0,8,,,0.0,0.312344,0.0,0.0,8,,0,0,8,0
metrics,bruteforce,metrics,ABCD,100,0.95,scanner_misread_4,8,0,8,0,0,1,0,7,,,0.125,0.470679,0.02,0.02,8,,0,0,8,12
metrics,bruteforce,metrics,ABCD,100,0.95,scanner_faint_1,8,0,8,0,0,1,0,7,,,0.125,0.470679,0.005,0.005,8,,0,0,8,6
metrics,bruteforce,metrics,ABCD,100,0.95,scanner_faint_4,8,0,8,0,0,0,0,8,,,0.0,0.312344,0.002222,0.002222,8,,0,0,8,0
metrics,bruteforce,metrics,ABCD,100,0.95,scanner_double_4,8,0,8,0,0,0,0,8,,,0.0,0.312344,0.0,0.0,8,,0,0,8,0
metrics,bruteforce,metrics,ABCD,100,0.95,adv_long_runs,8,0,8,0,0,1,0,7,,,0.125,0.470679,0.006667,0.006667,8,,0,0,8,5
metrics,bruteforce,metrics,ABCD,100,0.95,adv_favourite,8,0,8,0,0,0,0,8,,,0.0,0.312344,0.0,0.0,8,,0,0,8,0
metrics,bruteforce,metrics,ABCD,100,0.95,adv_easy_block,8,0,8,0,0,0,0,8,,,0.0,0.312344,0.0,0.0,8,,0,0,8,0
metrics,bruteforce,metrics,ABCD,100,0.95,adv_key_leakage,8,8,0,8,0,0,0,0,1.0,1.0,,,0.0,1.0,8,1.0,597,597,8,0
metrics,bruteforce,metrics,ABCD,100,0.95,adv_cycle,8,0,8,0,0,4,0,4,,,0.5,0.807097,0.095417,0.095417,8,,0,0,8,47
metrics,bruteforce,metrics,ABCD,150,0.26,none,8,0,8,0,0,4,0,4,,,0.5,0.807097,0.103148,0.103148,8,,0,0,8,68
metrics,bruteforce,metrics,ABCD,150,0.26,row_skip_1,8,8,0,0,5,0,3,0,0.0,0.625,,,0.716049,0.049383,8,0.1875,16,3,8,96
metrics,bruteforce,metrics,ABCD,150,0.26,row_skip_2,8,8,0,0,5,0,3,0,0.0,0.625,,,0.736296,0.036296,8,0.222222,27,6,8,95
metrics,bruteforce,metrics,ABCD,150,0.26,early_full,8,8,0,0,5,0,3,0,0.0,0.625,,,0.621852,0.155185,8,0.965116,86,83,8,68
metrics,bruteforce,metrics,ABCD,150,0.26,boundary,8,8,0,0,6,0,2,0,0.0,0.75,,,0.598333,0.103889,8,0.583333,12,7,8,89
metrics,bruteforce,metrics,ABCD,150,0.26,short_local,8,8,0,0,3,0,5,0,0.0,0.375,,,0.792469,0.048025,8,0.176471,17,3,8,46
metrics,bruteforce,metrics,ABCD,150,0.26,whole_section,8,8,0,0,3,0,5,0,0.0,0.375,,,0.797037,0.03037,8,0.272727,22,6,8,49
metrics,bruteforce,metrics,ABCD,150,0.26,anxiety,8,8,0,0,3,0,5,0,0.0,0.375,,,0.777407,0.021852,8,0.272727,11,3,8,42
metrics,bruteforce,metrics,ABCD,150,0.26,double_shift,8,8,0,0,2,0,6,0,0.0,0.25,,,0.875988,0.014876,8,0.166667,54,9,8,45
metrics,bruteforce,metrics,ABCD,150,0.26,self_corrected,8,8,0,0,4,0,4,0,0.0,0.5,,,0.821852,0.021852,8,0.409091,22,9,8,33
metrics,bruteforce,metrics,ABCD,150,0.26,deferred,8,8,0,0,3,0,5,0,0.0,0.375,,,0.802531,0.130309,8,0.658228,79,52,8,16
metrics,bruteforce,metrics,ABCD,150,0.26,isolated,8,8,0,0,5,0,3,0,0.0,0.625,,,0.569012,0.135679,8,0.5,2,1,8,102
metrics,bruteforce,metrics,ABCD,150,0.26,scanner_blank_1,8,8,0,0,4,0,4,0,0.0,0.5,,,0.772654,0.022654,8,0.147059,34,5,8,35
metrics,bruteforce,metrics,ABCD,150,0.26,scanner_blank_2,8,8,0,0,4,0,4,0,0.0,0.5,,,0.679753,0.057531,8,0.52381,21,11,8,65
metrics,bruteforce,metrics,ABCD,150,0.26,scanner_row_delete_1,8,8,0,0,0,0,8,0,0.0,0.0,,,,,0,0.0,39,0,8,16
metrics,bruteforce,metrics,ABCD,150,0.26,scanner_row_delete_2,8,8,0,0,0,0,8,0,0.0,0.0,,,,,0,0.0,36,0,8,12
metrics,bruteforce,metrics,ABCD,150,0.26,scanner_misread_1,8,0,8,0,0,4,0,4,,,0.5,0.807097,0.107716,0.107716,8,,0,0,8,71
metrics,bruteforce,metrics,ABCD,150,0.26,scanner_misread_4,8,0,8,0,0,5,0,3,,,0.625,0.888887,0.042654,0.042654,8,,0,0,8,56
metrics,bruteforce,metrics,ABCD,150,0.26,scanner_faint_1,8,0,8,0,0,7,0,1,,,0.875,0.993609,0.140247,0.140247,8,,0,0,8,112
metrics,bruteforce,metrics,ABCD,150,0.26,scanner_faint_4,8,0,8,0,0,5,0,3,,,0.625,0.888887,0.056482,0.056482,8,,0,0,8,63
metrics,bruteforce,metrics,ABCD,150,0.26,scanner_double_4,8,0,8,0,0,3,0,5,,,0.375,0.710759,0.04679,0.04679,8,,0,0,8,47
metrics,bruteforce,metrics,ABCD,150,0.26,adv_long_runs,8,0,8,0,0,3,0,5,,,0.375,0.710759,0.015494,0.015494,8,,0,0,8,22
metrics,bruteforce,metrics,ABCD,150,0.26,adv_favourite,8,0,8,0,0,0,0,8,,,0.0,0.312344,0.0,0.0,8,,0,0,8,0
metrics,bruteforce,metrics,ABCD,150,0.26,adv_easy_block,8,0,8,0,0,0,0,8,,,0.0,0.312344,0.0,0.0,8,,0,0,8,0
metrics,bruteforce,metrics,ABCD,150,0.26,adv_key_leakage,8,8,0,8,0,0,0,0,1.0,1.0,,,0.0,1.0,8,1.0,888,888,8,0
metrics,bruteforce,metrics,ABCD,150,0.26,adv_cycle,8,0,8,0,0,4,0,4,,,0.5,0.807097,0.021235,0.021235,8,,0,0,8,33
metrics,bruteforce,metrics,ABCD,150,0.4,none,8,0,8,0,0,0,0,8,,,0.0,0.312344,0.0,0.0,8,,0,0,8,0
metrics,bruteforce,metrics,ABCD,150,0.4,row_skip_1,8,8,0,0,3,0,5,0,0.0,0.375,,,0.884876,0.012654,8,0.326923,52,17,8,36
metrics,bruteforce,metrics,ABCD,150,0.4,row_skip_2,8,8,0,0,2,0,6,0,0.0,0.25,,,0.824136,0.051914,8,0.764706,51,39,8,26
metrics,bruteforce,metrics,ABCD,150,0.4,early_full,8,8,0,4,4,0,0,0,0.5,1.0,,,0.259815,0.309815,8,0.994709,189,188,8,1
metrics,bruteforce,metrics,ABCD,150,0.4,boundary,8,8,0,0,1,0,7,0,0.0,0.125,,,0.937901,0.004568,8,0.0,37,0,8,8
metrics,bruteforce,metrics,ABCD,150,0.4,short_local,8,8,0,0,1,0,7,0,0.0,0.125,,,0.963395,0.002284,8,0.0,8,0,8,6
metrics,bruteforce,metrics,ABCD,150,0.4,whole_section,8,8,0,0,3,0,5,0,0.0,0.375,,,0.877531,0.010864,8,0.324324,37,12,8,48
metrics,bruteforce,metrics,ABCD,150,0.4,anxiety,8,8,0,0,5,0,3,0,0.0,0.625,,,0.700802,0.050803,8,0.469388,98,46,8,14
metrics,bruteforce,metrics,ABCD,150,0.4,double_shift,8,8,0,0,5,0,3,0,0.0,0.625,,,0.712469,0.056914,8,0.458333,96,44,8,21
metrics,bruteforce,metrics,ABCD,150,0.4,self_corrected,8,8,0,0,1,0,7,0,0.0,0.125,,,0.923395,0.01784,8,0.0,37,0,8,18
metrics,bruteforce,metrics,ABCD,150,0.4,deferred,8,8,0,0,1,0,7,0,0.0,0.125,,,0.91821,0.012654,8,0.204082,49,10,8,8
metrics,bruteforce,metrics,ABCD,150,0.4,isolated,8,8,0,0,1,0,7,0,0.0,0.125,,,0.92642,0.004197,8,0.0,4,0,8,9
metrics,bruteforce,metrics,ABCD,150,0.4,scanner_blank_1,8,8,0,0,3,0,5,0,0.0,0.375,,,0.802531,0.030309,8,0.508772,57,29,8,29
metrics,bruteforce,metrics,ABCD,150,0.4,scanner_blank_2,8,8,0,0,3,0,5,0,0.0,0.375,,,0.764506,0.036728,8,0.314815,54,17,8,24
metrics,bruteforce,metrics,ABCD,150,0.4,scanner_row_delete_1,8,8,0,0,0,0,8,0,0.0,0.0,,,,,0,0.0,88,0,8,0
metrics,bruteforce,metrics,ABCD,150,0.4,scanner_row_delete_2,8,8,0,0,0,0,8,0,0.0,0.0,,,,,0,0.0,59,0,8,3
metrics,bruteforce,metrics,ABCD,150,0.4,scanner_misread_1,8,0,8,0,0,4,0,4,,,0.5,0.807097,0.047037,0.047037,8,,0,0,8,52
metrics,bruteforce,metrics,ABCD,150,0.4,scanner_misread_4,8,0,8,0,0,3,0,5,,,0.375,0.710759,0.045309,0.045309,8,,0,0,8,44
metrics,bruteforce,metrics,ABCD,150,0.4,scanner_faint_1,8,0,8,0,0,2,0,6,,,0.25,0.599689,0.045679,0.045679,8,,0,0,8,34
metrics,bruteforce,metrics,ABCD,150,0.4,scanner_faint_4,8,0,8,0,0,0,0,8,,,0.0,0.312344,0.0,0.0,8,,0,0,8,0
metrics,bruteforce,metrics,ABCD,150,0.4,scanner_double_4,8,0,8,0,0,1,0,7,,,0.125,0.470679,0.003951,0.003951,8,,0,0,8,8
metrics,bruteforce,metrics,ABCD,150,0.4,adv_long_runs,8,0,8,0,0,4,0,4,,,0.5,0.807097,0.016543,0.016543,8,,0,0,8,28
metrics,bruteforce,metrics,ABCD,150,0.4,adv_favourite,8,0,8,0,0,0,0,8,,,0.0,0.312344,0.0,0.0,8,,0,0,8,0
metrics,bruteforce,metrics,ABCD,150,0.4,adv_easy_block,8,0,8,0,0,0,0,8,,,0.0,0.312344,0.0,0.0,8,,0,0,8,0
metrics,bruteforce,metrics,ABCD,150,0.4,adv_key_leakage,8,8,0,8,0,0,0,0,1.0,1.0,,,0.0,1.0,8,1.0,896,896,8,0
metrics,bruteforce,metrics,ABCD,150,0.4,adv_cycle,8,0,8,0,0,6,0,2,,,0.75,0.953611,0.040247,0.040247,8,,0,0,8,60
metrics,bruteforce,metrics,ABCD,150,0.55,none,8,0,8,0,0,1,0,7,,,0.125,0.470679,0.010432,0.010432,8,,0,0,8,13
metrics,bruteforce,metrics,ABCD,150,0.55,row_skip_1,8,8,0,0,1,0,7,0,0.0,0.125,,,0.950617,0.006173,8,0.126582,79,10,8,0
metrics,bruteforce,metrics,ABCD,150,0.55,row_skip_2,8,8,0,0,3,0,5,0,0.0,0.375,,,0.765803,0.088025,8,0.375,136,51,8,22
metrics,bruteforce,metrics,ABCD,150,0.55,early_full,8,8,0,2,5,0,1,0,0.25,0.875,,,0.232531,0.593642,8,0.977444,266,260,8,18
metrics,bruteforce,metrics,ABCD,150,0.55,boundary,8,8,0,0,2,0,6,0,0.0,0.25,,,0.895494,0.01216,8,0.141176,85,12,8,12
metrics,bruteforce,metrics,ABCD,150,0.55,short_local,8,8,0,0,0,0,8,0,0.0,0.0,,,1.0,0.0,8,0.0,20,0,8,0
metrics,bruteforce,metrics,ABCD,150,0.55,whole_section,8,8,0,0,2,0,6,0,0.0,0.25,,,0.947531,0.003086,8,0.086207,116,10,8,7
metrics,bruteforce,metrics,ABCD,150,0.55,anxiety,8,8,0,0,4,0,4,0,0.0,0.5,,,0.607531,0.229753,8,0.68125,160,109,8,7
metrics,bruteforce,metrics,ABCD,150,0.55,double_shift,8,8,0,0,2,0,6,0,0.0,0.25,,,0.845309,0.034197,8,0.16129,186,30,8,0
metrics,bruteforce,metrics,ABCD,150,0.55,self_corrected,8,8,0,0,1,0,7,0,0.0,0.125,,,0.93821,0.010432,8,0.0,40,0,8,17
metrics,bruteforce,metrics,ABCD,150,0.55,deferred,8,8,0,0,4,0,4,0,0.0,0.5,,,0.645,0.172778,8,0.565476,168,95,8,16
metrics,bruteforce,metrics,ABCD,150,0.55,isolated,8,8,0,0,1,0,7,0,0.0,0.125,,,0.925062,0.013951,8,0.166667,6,1,8,14
metrics,bruteforce,metrics,ABCD,150,0.55,scanner_blank_1,8,8,0,0,1,0,7,0,0.0,0.125,,,0.952778,0.002778,8,0.0,133,0,8,7
metrics,bruteforce,metrics,ABCD,150,0.55,scanner_blank_2,8,8,0,0,3,0,5,0,0.0,0.375,,,0.817654,0.039877,8,0.32,125,40,8,3
metrics,bruteforce,metrics,ABCD,150,0.55,scanner_row_delete_1,8,8,0,0,0,0,8,0,0.0,0.0,,,,,0,0.0,57,0,8,15
metrics,bruteforce,metrics,ABCD,150,0.55,scanner_row_delete_2,8,8,0,0,0,0,8,0,0.0,0.0,,,,,0,0.0,139,0,8,1
metrics,bruteforce,metrics,ABCD,150,0.55,scanner_misread_1,8,0,8,0,0,0,0,8,,,0.0,0.312344,0.0,0.0,8,,0,0,8,0
metrics,bruteforce,metrics,ABCD,150,0.55,scanner_misread_4,8,0,8,0,0,3,0,5,,,0.375,0.710759,0.024445,0.024445,8,,0,0,8,34
metrics,bruteforce,metrics,ABCD,150,0.55,scanner_faint_1,8,0,8,0,0,0,0,8,,,0.0,0.312344,0.0,0.0,8,,0,0,8,0
metrics,bruteforce,metrics,ABCD,150,0.55,scanner_faint_4,8,0,8,0,0,1,0,7,,,0.125,0.470679,0.005,0.005,8,,0,0,8,9
metrics,bruteforce,metrics,ABCD,150,0.55,scanner_double_4,8,0,8,0,0,0,0,8,,,0.0,0.312344,0.0,0.0,8,,0,0,8,0
metrics,bruteforce,metrics,ABCD,150,0.55,adv_long_runs,8,0,8,0,0,2,0,6,,,0.25,0.599689,0.009506,0.009506,8,,0,0,8,15
metrics,bruteforce,metrics,ABCD,150,0.55,adv_favourite,8,0,8,0,0,0,0,8,,,0.0,0.312344,0.0,0.0,8,,0,0,8,0
metrics,bruteforce,metrics,ABCD,150,0.55,adv_easy_block,8,0,8,0,0,0,0,8,,,0.0,0.312344,0.0,0.0,8,,0,0,8,0
metrics,bruteforce,metrics,ABCD,150,0.55,adv_key_leakage,8,8,0,8,0,0,0,0,1.0,1.0,,,0.0,1.0,8,1.0,902,902,8,0
metrics,bruteforce,metrics,ABCD,150,0.55,adv_cycle,8,0,8,0,0,5,0,3,,,0.625,0.888887,0.049074,0.049074,8,,0,0,8,61
metrics,bruteforce,metrics,ABCD,150,0.7,none,8,0,8,0,0,0,0,8,,,0.0,0.312344,0.0,0.0,8,,0,0,8,0
metrics,bruteforce,metrics,ABCD,150,0.7,row_skip_1,8,8,0,0,3,0,5,0,0.0,0.375,,,0.654876,0.282654,8,0.623711,194,121,8,5
metrics,bruteforce,metrics,ABCD,150,0.7,row_skip_2,8,8,0,0,1,0,7,0,0.0,0.125,,,0.890803,0.051914,8,0.183544,158,29,8,4
metrics,bruteforce,metrics,ABCD,150,0.7,early_full,8,8,0,4,4,0,0,0,0.5,1.0,,,0.114444,0.736667,8,0.978673,422,413,8,0
metrics,bruteforce,metrics,ABCD,150,0.7,boundary,8,8,0,0,1,0,7,0,0.0,0.125,,,0.957654,0.002099,8,0.0,65,0,8,11
metrics,bruteforce,metrics,ABCD,150,0.7,short_local,8,8,0,0,0,0,8,0,0.0,0.0,,,1.0,0.0,8,0.0,31,0,8,0
metrics,bruteforce,metrics,ABCD,150,0.7,whole_section,8,8,0,0,0,0,8,0,0.0,0.0,,,1.0,0.0,8,0.0,139,0,8,0
metrics,bruteforce,metrics,ABCD,150,0.7,anxiety,8,8,0,0,3,0,5,0,0.0,0.375,,,0.632469,0.321358,8,0.707317,205,145,8,9
metrics,bruteforce,metrics,ABCD,150,0.7,double_shift,8,8,0,0,5,0,3,0,0.0,0.625,,,0.614321,0.180988,8,0.431193,218,94,8,10
metrics,bruteforce,metrics,ABCD,150,0.7,self_corrected,8,8,0,0,1,0,7,0,0.0,0.125,,,0.912531,0.018086,8,0.070175,57,4,8,15
metrics,bruteforce,metrics,ABCD,150,0.7,deferred,8,8,0,0,4,0,4,0,0.0,0.5,,,0.687716,0.159938,8,0.479167,192,92,8,9
metrics,bruteforce,metrics,ABCD,150,0.7,isolated,8,8,0,0,0,0,8,0,0.0,0.0,,,1.0,0.0,8,0.0,13,0,8,0
metrics,bruteforce,metrics,ABCD,150,0.7,scanner_blank_1,8,8,0,0,4,0,4,0,0.0,0.5,,,0.707531,0.151975,8,0.394595,185,73,8,28
metrics,bruteforce,metrics,ABCD,150,0.7,scanner_blank_2,8,8,0,0,3,0,5,0,0.0,0.375,,,0.690802,0.11858,8,0.362319,207,75,8,0
metrics,bruteforce,metrics,ABCD,150,0.7,scanner_row_delete_1,8,8,0,0,0,0,8,0,0.0,0.0,,,,,0,0.0,157,0,8,0
metrics,bruteforce,metrics,ABCD,150,0.7,scanner_row_delete_2,8,8,0,0,0,0,8,0,0.0,0.0,,,,,0,0.0,182,0,8,0
metrics,bruteforce,metrics,ABCD,150,0.7,scanner_misread_1,8,0,8,0,0,1,0,7,,,0.125,0.470679,0.006173,0.006173,8,,0,0,8,10
metrics,bruteforce,metrics,ABCD,150,0.7,scanner_misread_4,8,0,8,0,0,0,0,8,,,0.0,0.312344,0.0,0.0,8,,0,0,8,0
metrics,bruteforce,metrics,ABCD,150,0.7,scanner_faint_1,8,0,8,0,0,0,0,8,,,0.0,0.312344,0.0,0.0,8,,0,0,8,0
metrics,bruteforce,metrics,ABCD,150,0.7,scanner_faint_4,8,0,8,0,0,1,0,7,,,0.125,0.470679,0.003025,0.003025,8,,0,0,8,7
metrics,bruteforce,metrics,ABCD,150,0.7,scanner_double_4,8,0,8,0,0,3,0,5,,,0.375,0.710759,0.025556,0.025556,8,,0,0,8,34
metrics,bruteforce,metrics,ABCD,150,0.7,adv_long_runs,8,0,8,0,0,3,0,5,,,0.375,0.710759,0.021111,0.021111,8,,0,0,8,28
metrics,bruteforce,metrics,ABCD,150,0.7,adv_favourite,8,0,8,0,0,0,0,8,,,0.0,0.312344,0.0,0.0,8,,0,0,8,0
metrics,bruteforce,metrics,ABCD,150,0.7,adv_easy_block,8,0,8,0,0,0,0,8,,,0.0,0.312344,0.0,0.0,8,,0,0,8,0
metrics,bruteforce,metrics,ABCD,150,0.7,adv_key_leakage,8,8,0,8,0,0,0,0,1.0,1.0,,,0.0,1.0,8,1.0,880,880,8,0
metrics,bruteforce,metrics,ABCD,150,0.7,adv_cycle,8,0,8,0,0,7,0,1,,,0.875,0.993609,0.024877,0.024877,8,,0,0,8,51
metrics,bruteforce,metrics,ABCD,150,0.85,none,8,0,8,0,0,1,0,7,,,0.125,0.470679,0.007716,0.007716,8,,0,0,8,11
metrics,bruteforce,metrics,ABCD,150,0.85,row_skip_1,8,8,0,0,3,0,5,0,0.0,0.375,,,0.623086,0.25642,8,0.375,304,114,8,0
metrics,bruteforce,metrics,ABCD,150,0.85,row_skip_2,8,8,0,0,6,0,2,0,0.0,0.75,,,0.630617,0.075062,8,0.374101,139,52,8,41
metrics,bruteforce,metrics,ABCD,150,0.85,early_full,8,8,0,2,6,0,0,0,0.25,1.0,,,0.0,1.0,8,0.983824,680,669,8,0
metrics,bruteforce,metrics,ABCD,150,0.85,boundary,8,8,0,0,4,0,4,0,0.0,0.5,,,0.789568,0.039568,8,0.188341,223,42,8,3
metrics,bruteforce,metrics,ABCD,150,0.85,short_local,8,8,0,0,0,0,8,0,0.0,0.0,,,1.0,0.0,8,0.0,29,0,8,0
metrics,bruteforce,metrics,ABCD,150,0.85,whole_section,8,8,0,0,3,0,5,0,0.0,0.375,,,0.859938,0.009938,8,0.063898,313,20,8,0
metrics,bruteforce,metrics,ABCD,150,0.85,anxiety,8,8,0,0,2,0,6,0,0.0,0.25,,,0.756173,0.200617,8,0.521739,230,120,8,6
metrics,bruteforce,metrics,ABCD,150,0.85,double_shift,8,8,0,0,7,0,1,0,0.0,0.875,,,0.327593,0.477593,8,0.504651,430,217,8,0
metrics,bruteforce,metrics,ABCD,150,0.85,self_corrected,8,8,0,0,0,0,8,0,0.0,0.0,,,1.0,0.0,8,0.0,71,0,8,0
metrics,bruteforce,metrics,ABCD,150,0.85,deferred,8,8,0,0,3,0,5,0,0.0,0.375,,,0.720309,0.203642,8,0.492823,209,103,8,8
metrics,bruteforce,metrics,ABCD,150,0.85,isolated,8,8,0,0,2,0,6,0,0.0,0.25,,,0.861173,0.033395,8,0.222222,9,2,8,29
metrics,bruteforce,metrics,ABCD,150,0.85,scanner_blank_1,8,8,0,0,4,0,4,0,0.0,0.5,,,0.596481,0.213148,8,0.333333,351,117,8,0
metrics,bruteforce,metrics,ABCD,150,0.85,scanner_blank_2,8,8,0,0,4,0,4,0,0.0,0.5,,,0.676543,0.154321,8,0.350554,271,95,8,3
metrics,bruteforce,metrics,ABCD,150,0.85,scanner_row_delete_1,8,8,0,0,0,0,8,0,0.0,0.0,,,,,0,0.0,307,0,8,10
metrics,bruteforce,metrics,ABCD,150,0.85,scanner_row_delete_2,8,8,0,0,0,0,8,0,0.0,0.0,,,,,0,0.0,325,0,8,0
metrics,bruteforce,metrics,ABCD,150,0.85,scanner_misread_1,8,0,8,0,0,2,0,6,,,0.25,0.599689,0.008025,0.008025,8,,0,0,8,16
metrics,bruteforce,metrics,ABCD,150,0.85,scanner_misread_4,8,0,8,0,0,1,0,7,,,0.125,0.470679,0.010494,0.010494,8,,0,0,8,13
metrics,bruteforce,metrics,ABCD,150,0.85,scanner_faint_1,8,0,8,0,0,0,0,8,,,0.0,0.312344,0.0,0.0,8,,0,0,8,0
metrics,bruteforce,metrics,ABCD,150,0.85,scanner_faint_4,8,0,8,0,0,1,0,7,,,0.125,0.470679,0.001543,0.001543,8,,0,0,8,5
metrics,bruteforce,metrics,ABCD,150,0.85,scanner_double_4,8,0,8,0,0,0,0,8,,,0.0,0.312344,0.000988,0.000988,8,,0,0,8,0
metrics,bruteforce,metrics,ABCD,150,0.85,adv_long_runs,8,0,8,0,0,1,0,7,,,0.125,0.470679,0.003827,0.003827,8,,0,0,8,5
metrics,bruteforce,metrics,ABCD,150,0.85,adv_favourite,8,0,8,0,0,0,0,8,,,0.0,0.312344,0.0,0.0,8,,0,0,8,0
metrics,bruteforce,metrics,ABCD,150,0.85,adv_easy_block,8,0,8,0,0,0,0,8,,,0.0,0.312344,0.0,0.0,8,,0,0,8,0
metrics,bruteforce,metrics,ABCD,150,0.85,adv_key_leakage,8,8,0,8,0,0,0,0,1.0,1.0,,,0.0,1.0,8,1.0,890,890,8,0
metrics,bruteforce,metrics,ABCD,150,0.85,adv_cycle,8,0,8,0,0,6,0,2,,,0.75,0.953611,0.051173,0.051173,8,,0,0,8,63
metrics,bruteforce,metrics,ABCD,150,0.95,none,8,0,8,0,0,1,0,7,,,0.125,0.470679,0.003025,0.003025,8,,0,0,8,7
metrics,bruteforce,metrics,ABCD,150,0.95,row_skip_1,8,8,0,0,4,0,4,0,0.0,0.5,,,0.634444,0.267778,8,0.522222,270,141,8,12
metrics,bruteforce,metrics,ABCD,150,0.95,row_skip_2,8,8,0,0,3,0,5,0,0.0,0.375,,,0.709506,0.253951,8,0.406897,290,118,8,7
metrics,bruteforce,metrics,ABCD,150,0.95,early_full,8,8,0,2,5,0,1,0,0.25,0.875,,,0.125,0.875,8,0.978947,665,651,8,6
metrics,bruteforce,metrics,ABCD,150,0.95,boundary,8,8,0,0,2,0,6,0,0.0,0.25,,,0.892284,0.008951,8,0.026882,186,5,8,16
metrics,bruteforce,metrics,ABCD,150,0.95,short_local,8,8,0,0,1,0,7,0,0.0,0.125,,,0.916728,0.022284,8,0.142857,28,4,8,19
metrics,bruteforce,metrics,ABCD,150,0.95,whole_section,8,8,0,0,0,0,8,0,0.0,0.0,,,0.967901,0.001234,8,0.0,333,0,8,0
metrics,bruteforce,metrics,ABCD,150,0.95,anxiety,8,8,0,0,6,0,2,0,0.0,0.75,,,0.314568,0.525679,8,0.662069,435,288,8,14
metrics,bruteforce,metrics,ABCD,150,0.95,double_shift,8,8,0,0,4,0,4,0,0.0,0.5,,,0.658889,0.225555,8,0.409774,266,109,8,11
metrics,bruteforce,metrics,ABCD,150,0.95,self_corrected,8,8,0,0,0,0,8,0,0.0,0.0,,,0.983889,0.000556,8,0.0,76,0,8,2
metrics,bruteforce,metrics,ABCD,150,0.95,deferred,8,8,0,0,2,0,6,0,0.0,0.25,,,0.744753,0.239198,8,0.40176,341,137,8,0
metrics,bruteforce,metrics,ABCD,150,0.95,isolated,8,8,0,0,1,0,7,0,0.0,0.125,,,0.927346,0.010679,8,0.142857,7,1,8,12
metrics,bruteforce,metrics,ABCD,150,0.95,scanner_blank_1,8,8,0,0,4,0,4,0,0.0,0.5,,,0.571358,0.382469,8,0.582143,280,163,8,12
metrics,bruteforce,metrics,ABCD,150,0.95,scanner_blank_2,8,8,0,0,1,0,7,0,0.0,0.125,,,0.869753,0.114197,8,0.208738,206,43,8,13
metrics,bruteforce,metrics,ABCD,150,0.95,scanner_row_delete_1,8,8,0,0,0,0,8,0,0.0,0.0,,,,,0,0.0,209,0,8,2
metrics,bruteforce,metrics,ABCD,150,0.95,scanner_row_delete_2,8,8,0,0,0,0,8,0,0.0,0.0,,,,,0,0.0,205,0,8,1
metrics,bruteforce,metrics,ABCD,150,0.95,scanner_misread_1,8,0,8,0,0,1,0,7,,,0.125,0.470679,0.005,0.005,8,,0,0,8,9
metrics,bruteforce,metrics,ABCD,150,0.95,scanner_misread_4,8,0,8,0,0,0,0,8,,,0.0,0.312344,0.0,0.0,8,,0,0,8,0
metrics,bruteforce,metrics,ABCD,150,0.95,scanner_faint_1,8,0,8,0,0,1,0,7,,,0.125,0.470679,0.010432,0.010432,8,,0,0,8,13
metrics,bruteforce,metrics,ABCD,150,0.95,scanner_faint_4,8,0,8,0,0,0,0,8,,,0.0,0.312344,0.000247,0.000247,8,,0,0,8,0
metrics,bruteforce,metrics,ABCD,150,0.95,scanner_double_4,8,0,8,0,0,1,0,7,,,0.125,0.470679,0.013889,0.013889,8,,0,0,8,15
metrics,bruteforce,metrics,ABCD,150,0.95,adv_long_runs,8,0,8,0,0,2,0,6,,,0.25,0.599689,0.00679,0.00679,8,,0,0,8,13
metrics,bruteforce,metrics,ABCD,150,0.95,adv_favourite,8,0,8,0,0,0,0,8,,,0.0,0.312344,0.0,0.0,8,,0,0,8,0
metrics,bruteforce,metrics,ABCD,150,0.95,adv_easy_block,8,0,8,0,0,0,0,8,,,0.0,0.312344,0.0,0.0,8,,0,0,8,0
metrics,bruteforce,metrics,ABCD,150,0.95,adv_key_leakage,8,8,0,8,0,0,0,0,1.0,1.0,,,0.0,1.0,8,1.0,873,873,8,0
metrics,bruteforce,metrics,ABCD,150,0.95,adv_cycle,8,0,8,0,0,3,0,5,,,0.375,0.710759,0.042716,0.042716,8,,0,0,8,44
metrics,bruteforce,metrics,ABCDE,46,0.26,none,8,0,8,0,0,0,0,8,,,0.0,0.312344,0.016409,0.016409,8,,0,0,8,0
metrics,bruteforce,metrics,ABCDE,46,0.26,row_skip_1,8,8,0,0,1,0,7,0,0.0,0.125,,,0.849034,0.030193,8,0.4,15,6,8,5
metrics,bruteforce,metrics,ABCDE,46,0.26,row_skip_2,8,8,0,0,4,0,4,0,0.0,0.5,,,0.517039,0.114866,8,0.566667,30,17,8,15
metrics,bruteforce,metrics,ABCDE,46,0.26,early_full,8,8,0,1,3,0,4,0,0.125,0.5,,,0.564404,0.212954,8,0.9375,32,30,8,21
metrics,bruteforce,metrics,ABCDE,46,0.26,boundary,8,8,0,0,2,0,6,0,0.0,0.25,,,0.754385,0.062356,8,0.727273,11,8,8,14
metrics,bruteforce,metrics,ABCDE,46,0.26,short_local,8,8,0,0,1,0,7,0,0.0,0.125,,,0.914934,0.02363,8,0.0,16,0,8,9
metrics,bruteforce,metrics,ABCDE,46,0.26,whole_section,8,8,0,0,2,0,6,0,0.0,0.25,,,0.810308,0.082047,8,0.375,16,6,8,15
metrics,bruteforce,metrics,ABCDE,46,0.26,anxiety,8,8,0,0,1,0,7,0,0.0,0.125,,,0.780508,0.034132,8,0.125,8,1,8,21
metrics,bruteforce,metrics,ABCDE,46,0.26,double_shift,8,8,0,0,0,0,8,0,0.0,0.0,,,0.682315,0.044633,8,0.0,11,0,8,8
metrics,bruteforce,metrics,ABCDE,46,0.26,self_corrected,8,8,0,0,1,0,7,0,0.0,0.125,,,0.830261,0.029537,8,0.0,8,0,8,19
metrics,bruteforce,metrics,ABCDE,46,0.26,deferred,8,8,0,0,2,0,6,0,0.0,0.25,,,0.689797,0.070232,8,0.314286,35,11,8,2
metrics,bruteforce,metrics,ABCDE,46,0.26,isolated,8,8,0,0,2,0,6,0,0.0,0.25,,,0.707257,0.069576,8,1.0,1,1,8,12
metrics,bruteforce,metrics,ABCDE,46,0.26,scanner_blank_1,8,8,0,0,2,0,6,0,0.0,0.25,,,0.674963,0.073514,8,0.368421,19,7,8,6
metrics,bruteforce,metrics,ABCDE,46,0.26,scanner_blank_2,8,8,0,0,2,0,6,0,0.0,0.25,,,0.688222,0.141121,8,0.555556,27,15,8,6
metrics,bruteforce,metrics,ABCDE,46,0.26,scanner_row_delete_1,8,8,0,0,0,0,8,0,0.0,0.0,,,,,0,0.0,10,0,8,8
metrics,bruteforce,metrics,ABCDE,46,0.26,scanner_row_delete_2,8,8,0,0,0,0,8,0,0.0,0.0,,,,,0,0.0,21,0,8,0
metrics,bruteforce,metrics,ABCDE,46,0.26,scanner_misread_1,8,0,8,0,0,2,0,6,,,0.25,0.599689,0.05973,0.05973,8,,0,0,8,13
metrics,bruteforce,metrics,ABCDE,46,0.26,scanner_misread_4,8,0,8,0,0,1,0,7,,,0.125,0.470679,0.03807,0.03807,8,,0,0,8,7
metrics,bruteforce,metrics,ABCDE,46,0.26,scanner_faint_1,8,0,8,0,0,1,0,7,,,0.125,0.470679,0.064981,0.064981,8,,0,0,8,9
metrics,bruteforce,metrics,ABCDE,46,0.26,scanner_faint_4,8,0,8,0,0,2,0,6,,,0.25,0.599689,0.076796,0.076796,8,,0,0,8,15
metrics,bruteforce,metrics,ABCDE,46,0.26,scanner_double_4,8,0,8,0,0,0,0,8,,,0.0,0.312344,0.003938,0.003938,8,,0,0,8,0
metrics,bruteforce,metrics,ABCDE,46,0.26,adv_long_runs,8,0,8,0,0,0,0,8,,,0.0,0.312344,0.012471,0.012471,8,,0,0,8,0
metrics,bruteforce,metrics,ABCDE,46,0.26,adv_favourite,8,0,8,0,0,0,0,8,,,0.0,0.312344,0.0,0.0,8,,0,0,8,0
metrics,bruteforce,metrics,ABCDE,46,0.26,adv_easy_block,8,0,8,0,0,0,0,8,,,0.0,0.312344,0.0,0.0,8,,0,0,8,0
metrics,bruteforce,metrics,ABCDE,46,0.26,adv_key_leakage,8,8,0,8,0,0,0,0,1.0,1.0,,,0.0,1.0,8,1.0,286,286,8,0
metrics,bruteforce,metrics,ABCDE,46,0.26,adv_cycle,8,0,8,0,0,2,0,6,,,0.25,0.599689,0.092549,0.092549,8,,0,0,8,15
metrics,bruteforce,metrics,ABCDE,46,0.4,none,8,0,8,0,0,1,0,7,,,0.125,0.470679,0.032162,0.032162,8,,0,0,8,6
metrics,bruteforce,metrics,ABCDE,46,0.4,row_skip_1,8,8,0,0,5,0,3,0,0.0,0.625,,,0.479758,0.222511,8,0.683333,60,41,8,2
metrics,bruteforce,metrics,ABCDE,46,0.4,row_skip_2,8,8,0,0,2,0,6,0,0.0,0.25,,,0.798493,0.070232,8,0.095238,21,2,8,16
metrics,bruteforce,metrics,ABCDE,46,0.4,early_full,8,8,0,0,2,0,6,0,0.0,0.25,,,0.591341,0.152935,8,0.529412,34,18,8,7
metrics,bruteforce,metrics,ABCDE,46,0.4,boundary,8,8,0,0,1,0,7,0,0.0,0.125,,,0.914934,0.02363,8,0.222222,27,6,8,0
metrics,bruteforce,metrics,ABCDE,46,0.4,short_local,8,8,0,0,0,0,8,0,0.0,0.0,,,0.903119,0.011815,8,0.0,21,0,8,0
metrics,bruteforce,metrics,ABCDE,46,0.4,whole_section,8,8,0,0,1,0,7,0,0.0,0.125,,,0.72511,0.051197,8,0.193548,31,6,8,1
metrics,bruteforce,metrics,ABCDE,46,0.4,anxiety,8,8,0,0,3,0,5,0,0.0,0.375,,,0.631774,0.084672,8,0.3,20,6,8,19
metrics,bruteforce,metrics,ABCDE,46,0.4,double_shift,8,8,0,0,1,0,7,0,0.0,0.125,,,0.863474,0.044633,8,0.266667,30,8,8,10
metrics,bruteforce,metrics,ABCDE,46,0.4,self_corrected,8,8,0,0,3,0,5,0,0.0,0.375,,,0.576507,0.156217,8,0.484848,33,16,8,8
metrics,bruteforce,metrics,ABCDE,46,0.4,deferred,8,8,0,0,1,0,7,0,0.0,0.125,,,0.773157,0.063012,8,0.258065,31,8,8,8
metrics,bruteforce,metrics,ABCDE,46,0.4,isolated,8,8,0,0,2,0,6,0,0.0,0.25,,,0.83118,0.048572,8,0.2,5,1,8,12
metrics,bruteforce,metrics,ABCDE,46,0.4,scanner_blank_1,8,8,0,0,1,0,7,0,0.0,0.125,,,0.887891,0.032819,8,0.466667,15,7,8,8
metrics,bruteforce,metrics,ABCDE,46,0.4,scanner_blank_2,8,8,0,0,3,0,5,0,0.0,0.375,,,0.676276,0.074827,8,0.36,25,9,8,12
metrics,bruteforce,metrics,ABCDE,46,0.4,scanner_row_delete_1,8,8,0,0,0,0,8,0,0.0,0.0,,,,,0,0.0,22,0,8,0
metrics,bruteforce,metrics,ABCDE,46,0.4,scanner_row_delete_2,8,8,0,0,0,0,8,0,0.0,0.0,,,,,0,0.0,22,0,8,1
metrics,bruteforce,metrics,ABCDE,46,0.4,scanner_misread_1,8,0,8,0,0,0,0,8,,,0.0,0.312344,0.0,0.0,8,,0,0,8,0
metrics,bruteforce,metrics,ABCDE,46,0.4,scanner_misread_4,8,0,8,0,0,1,0,7,,,0.125,0.470679,0.016409,0.016409,8,,0,0,8,5
metrics,bruteforce,metrics,ABCDE,46,0.4,scanner_faint_1,8,0,8,0,0,0,0,8,,,0.0,0.312344,0.011158,0.011158,8,,0,0,8,0
metrics,bruteforce,metrics,ABCDE,46,0.4,scanner_faint_4,8,0,8,0,0,0,0,8,,,0.0,0.312344,0.000656,0.000656,8,,0,0,8,0
metrics,bruteforce,metrics,ABCDE,46,0.4,scanner_double_4,8,0,8,0,0,0,0,8,,,0.0,0.312344,0.011158,0.011158,8,,0,0,8,0
metrics,bruteforce,metrics,ABCDE,46,0.4,adv_long_runs,8,0,8,0,0,0,0,8,,,0.0,0.312344,0.013128,0.013128,8,,0,0,8,0
metrics,bruteforce,metrics,ABCDE,46,0.4,adv_favourite,8,0,8,0,0,0,0,8,,,0.0,0.312344,0.0,0.0,8,,0,0,8,0
metrics,bruteforce,metrics,ABCDE,46,0.4,adv_easy_block,8,0,8,0,0,0,0,8,,,0.0,0.312344,0.0,0.0,8,,0,0,8,0
metrics,bruteforce,metrics,ABCDE,46,0.4,adv_key_leakage,8,8,0,8,0,0,0,0,1.0,1.0,,,0.0,1.0,8,1.0,288,288,8,0
metrics,bruteforce,metrics,ABCDE,46,0.4,adv_cycle,8,0,8,0,0,2,0,6,,,0.25,0.599689,0.078109,0.078109,8,,0,0,8,13
metrics,bruteforce,metrics,ABCDE,46,0.55,none,8,0,8,0,0,1,0,7,,,0.125,0.470679,0.02363,0.02363,8,,0,0,8,6
metrics,bruteforce,metrics,ABCDE,46,0.55,row_skip_1,8,8,0,0,2,0,6,0,0.0,0.25,,,0.654721,0.194576,8,0.469388,49,23,8,1
metrics,bruteforce,metrics,ABCDE,46,0.55,row_skip_2,8,8,0,0,1,0,7,0,0.0,0.125,,,0.831705,0.085329,8,0.392857,28,11,8,0
metrics,bruteforce,metrics,ABCDE,46,0.55,early_full,8,8,0,2,6,0,0,0,0.25,1.0,,,0.007273,0.923939,8,0.950704,142,135,8,0
metrics,bruteforce,metrics,ABCDE,46,0.55,boundary,8,8,0,0,0,0,8,0,0.0,0.0,,,0.966394,0.002625,8,0.0,23,0,8,0
metrics,bruteforce,metrics,ABCDE,46,0.55,short_local,8,8,0,0,0,0,8,0,0.0,0.0,,,0.938038,0.010502,8,0.0,8,0,8,3
metrics,bruteforce,metrics,ABCDE,46,0.55,whole_section,8,8,0,0,1,0,7,0,0.0,0.125,,,0.881328,0.026255,8,0.176471,34,6,8,1
metrics,bruteforce,metrics,ABCDE,46,0.55,anxiety,8,8,0,0,2,0,6,0,0.0,0.25,,,0.728786,0.127337,8,0.44186,43,19,8,0
metrics,bruteforce,metrics,ABCDE,46,0.55,double_shift,8,8,0,0,2,0,6,0,0.0,0.25,,,0.688091,0.086641,8,0.263158,38,10,8,16
metrics,bruteforce,metrics,ABCDE,46,0.55,self_corrected,8,8,0,0,0,0,8,0,0.0,0.0,,,0.827636,0.026911,8,0.0,45,0,8,0
metrics,bruteforce,metrics,ABCDE,46,0.55,deferred,8,8,0,0,5,0,3,0,0.0,0.625,,,0.498924,0.205445,8,0.470588,68,32,8,7
metrics,bruteforce,metrics,ABCDE,46,0.55,isolated,8,8,0,0,0,0,8,0,0.0,0.0,,,0.95156,0.005907,8,0.0,4,0,8,2
metrics,bruteforce,metrics,ABCDE,46,0.55,scanner_blank_1,8,8,0,0,3,0,5,0,0.0,0.375,,,0.585302,0.183129,8,0.402985,67,27,8,0
metrics,bruteforce,metrics,ABCDE,46,0.55,scanner_blank_2,8,8,0,0,1,0,7,0,0.0,0.125,,,0.805844,0.041352,8,0.12069,58,7,8,2
metrics,bruteforce,metrics,ABCDE,46,0.55,scanner_row_delete_1,8,8,0,0,0,0,8,0,0.0,0.0,,,,,0,0.0,54,0,8,0
metrics,bruteforce,metrics,ABCDE,46,0.55,scanner_row_delete_2,8,8,0,0,0,0,8,0,0.0,0.0,,,,,0,0.0,54,0,8,0
metrics,bruteforce,metrics,ABCDE,46,0.55,scanner_misread_1,8,0,8,0,0,0,0,8,,,0.0,0.312344,0.0,0.0,8,,0,0,8,0
metrics,bruteforce,metrics,ABCDE,46,0.55,scanner_misread_4,8,0,8,0,0,0,0,8,,,0.0,0.312344,0.000656,0.000656,8,,0,0,8,0
metrics,bruteforce,metrics,ABCDE,46,0.55,scanner_faint_1,8,0,8,0,0,0,0,8,,,0.0,0.312344,0.0,0.0,8,,0,0,8,0
metrics,bruteforce,metrics,ABCDE,46,0.55,scanner_faint_4,8,0,8,0,0,0,0,8,,,0.0,0.312344,0.021004,0.021004,8,,0,0,8,0
metrics,bruteforce,metrics,ABCDE,46,0.55,scanner_double_4,8,0,8,0,0,1,0,7,,,0.125,0.470679,0.016409,0.016409,8,,0,0,8,5
metrics,bruteforce,metrics,ABCDE,46,0.55,adv_long_runs,8,0,8,0,0,1,0,7,,,0.125,0.470679,0.047259,0.047259,8,,0,0,8,6
metrics,bruteforce,metrics,ABCDE,46,0.55,adv_favourite,8,0,8,0,0,0,0,8,,,0.0,0.312344,0.0,0.0,8,,0,0,8,0
metrics,bruteforce,metrics,ABCDE,46,0.55,adv_easy_block,8,0,8,0,0,0,0,8,,,0.0,0.312344,0.0,0.0,8,,0,0,8,0
metrics,bruteforce,metrics,ABCDE,46,0.55,adv_key_leakage,8,8,0,8,0,0,0,0,1.0,1.0,,,0.0,1.0,8,1.0,286,286,8,0
metrics,bruteforce,metrics,ABCDE,46,0.55,adv_cycle,8,0,8,0,0,5,0,3,,,0.625,0.888887,0.192318,0.192318,8,,0,0,8,35
metrics,bruteforce,metrics,ABCDE,46,0.7,none,8,0,8,0,0,0,0,8,,,0.0,0.312344,0.0,0.0,8,,0,0,8,0
metrics,bruteforce,metrics,ABCDE,46,0.7,row_skip_1,8,8,0,0,2,0,6,0,0.0,0.25,,,0.728786,0.127337,8,0.287879,66,19,8,0
metrics,bruteforce,metrics,ABCDE,46,0.7,row_skip_2,8,8,0,0,3,0,5,0,0.0,0.375,,,0.596303,0.226738,8,0.362637,91,33,8,0
metrics,bruteforce,metrics,ABCDE,46,0.7,early_full,8,8,0,3,5,0,0,0,0.375,1.0,,,0.002547,0.955445,8,0.934524,168,157,8,1
metrics,bruteforce,metrics,ABCDE,46,0.7,boundary,8,8,0,0,1,0,7,0,0.0,0.125,,,0.905351,0.032162,8,0.233333,30,7,8,0
metrics,bruteforce,metrics,ABCDE,46,0.7,short_local,8,8,0,0,0,0,8,0,0.0,0.0,,,1.0,0.0,8,0.0,21,0,8,2
metrics,bruteforce,metrics,ABCDE,46,0.7,whole_section,8,8,0,0,1,0,7,0,0.0,0.125,,,0.815427,0.032819,8,0.067568,74,5,8,0
metrics,bruteforce,metrics,ABCDE,46,0.7,anxiety,8,8,0,0,3,0,5,0,0.0,0.375,,,0.666693,0.08336,8,0.26087,69,18,8,0
metrics,bruteforce,metrics,ABCDE,46,0.7,double_shift,8,8,0,0,3,0,5,0,0.0,0.375,,,0.527148,0.14309,8,0.237113,97,23,8,7
metrics,bruteforce,metrics,ABCDE,46,0.7,self_corrected,8,8,0,0,1,0,7,0,0.0,0.125,,,0.863868,0.026911,8,0.089286,56,5,8,0
metrics,bruteforce,metrics,ABCDE,46,0.7,deferred,8,8,0,0,1,0,7,0,0.0,0.125,,,0.795579,0.136158,8,0.25,64,16,8,0
metrics,bruteforce,metrics,ABCDE,46,0.7,isolated,8,8,0,0,0,0,8,0,0.0,0.0,,,1.0,0.0,8,0.0,7,0,8,3
metrics,bruteforce,metrics,ABCDE,46,0.7,scanner_blank_1,8,8,0,0,2,0,6,0,0.0,0.25,,,0.75,0.25,8,0.493151,73,36,8,0
metrics,bruteforce,metrics,ABCDE,46,0.7,scanner_blank_2,8,8,0,0,0,0,8,0,0.0,0.0,,,0.855991,0.019035,8,0.0,38,0,8,0
metrics,bruteforce,metrics,ABCDE,46,0.7,scanner_row_delete_1,8,8,0,0,0,0,8,0,0.0,0.0,,,,,0,0.0,34,0,8,2
metrics,bruteforce,metrics,ABCDE,46,0.7,scanner_row_delete_2,8,8,0,0,0,0,8,0,0.0,0.0,,,,,0,0.0,53,0,8,2
metrics,bruteforce,metrics,ABCDE,46,0.7,scanner_misread_1,8,0,8,0,0,1,0,7,,,0.125,0.470679,0.079421,0.079421,8,,0,0,8,11
metrics,bruteforce,metrics,ABCDE,46,0.7,scanner_misread_4,8,0,8,0,0,0,0,8,,,0.0,0.312344,0.0,0.0,8,,0,0,8,0
metrics,bruteforce,metrics,ABCDE,46,0.7,scanner_faint_1,8,0,8,0,0,0,0,8,,,0.0,0.312344,0.0,0.0,8,,0,0,8,0
metrics,bruteforce,metrics,ABCDE,46,0.7,scanner_faint_4,8,0,8,0,0,0,0,8,,,0.0,0.312344,0.000656,0.000656,8,,0,0,8,0
metrics,bruteforce,metrics,ABCDE,46,0.7,scanner_double_4,8,0,8,0,0,0,0,8,,,0.0,0.312344,0.0,0.0,8,,0,0,8,0
metrics,bruteforce,metrics,ABCDE,46,0.7,adv_long_runs,8,0,8,0,0,1,0,7,,,0.125,0.470679,0.038726,0.038726,8,,0,0,8,6
metrics,bruteforce,metrics,ABCDE,46,0.7,adv_favourite,8,0,8,0,0,0,0,8,,,0.0,0.312344,0.0,0.0,8,,0,0,8,0
metrics,bruteforce,metrics,ABCDE,46,0.7,adv_easy_block,8,0,8,0,0,0,0,8,,,0.0,0.312344,0.0,0.0,8,,0,0,8,0
metrics,bruteforce,metrics,ABCDE,46,0.7,adv_key_leakage,8,8,0,8,0,0,0,0,1.0,1.0,,,0.0,1.0,8,1.0,297,297,8,0
metrics,bruteforce,metrics,ABCDE,46,0.7,adv_cycle,8,0,8,0,0,1,0,7,,,0.125,0.470679,0.042008,0.042008,8,,0,0,8,5
metrics,bruteforce,metrics,ABCDE,46,0.85,none,8,0,8,0,0,0,0,8,,,0.0,0.312344,0.0,0.0,8,,0,0,8,0
metrics,bruteforce,metrics,ABCDE,46,0.85,row_skip_1,8,8,0,0,0,0,8,0,0.0,0.0,,,1.0,0.0,8,0.0,54,0,8,0
metrics,bruteforce,metrics,ABCDE,46,0.85,row_skip_2,8,8,0,0,2,0,6,0,0.0,0.25,,,0.780351,0.157162,8,0.323944,71,23,8,0
metrics,bruteforce,metrics,ABCDE,46,0.85,early_full,8,8,0,2,4,0,2,0,0.25,0.75,,,0.185701,0.689325,8,0.9375,128,120,8,3
metrics,bruteforce,metrics,ABCDE,46,0.85,boundary,8,8,0,0,2,0,6,0,0.0,0.25,,,0.823304,0.040695,8,0.170213,47,8,8,5
metrics,bruteforce,metrics,ABCDE,46,0.85,short_local,8,8,0,0,0,0,8,0,0.0,0.0,,,1.0,0.0,8,0.0,32,0,8,1
metrics,bruteforce,metrics,ABCDE,46,0.85,whole_section,8,8,0,0,0,0,8,0,0.0,0.0,,,0.948934,0.003282,8,0.0,71,0,8,0
metrics,bruteforce,metrics,ABCDE,46,0.85,anxiety,8,8,0,0,3,0,5,0,0.0,0.375,,,0.627389,0.272317,8,0.5,76,38,8,1
metrics,bruteforce,metrics,ABCDE,46,0.85,double_shift,8,8,0,0,6,0,2,0,0.0,0.75,,,0.332283,0.448225,8,0.436709,158,69,8,0
metrics,bruteforce,metrics,ABCDE,46,0.85,self_corrected,8,8,0,0,0,0,8,0,0.0,0.0,,,0.932787,0.005251,8,0.0,79,0,8,0
metrics,bruteforce,metrics,ABCDE,46,0.85,deferred,8,8,0,0,1,0,7,0,0.0,0.125,,,0.875,0.125,8,0.25,76,19,8,0
metrics,bruteforce,metrics,ABCDE,46,0.85,isolated,8,8,0,0,0,0,8,0,0.0,0.0,,,0.966394,0.002625,8,0.0,3,0,8,0
metrics,bruteforce,metrics,ABCDE,46,0.85,scanner_blank_1,8,8,0,0,0,0,8,0,0.0,0.0,,,0.98254,0.000656,8,0.0,55,0,8,0
metrics,bruteforce,metrics,ABCDE,46,0.85,scanner_blank_2,8,8,0,0,4,0,4,0,0.0,0.5,,,0.440742,0.342917,8,0.485149,101,49,8,0
metrics,bruteforce,metrics,ABCDE,46,0.85,scanner_row_delete_1,8,8,0,0,0,0,8,0,0.0,0.0,,,,,0,0.0,52,0,8,7
metrics,bruteforce,metrics,ABCDE,46,0.85,scanner_row_delete_2,8,8,0,0,0,0,8,0,0.0,0.0,,,,,0,0.0,98,0,8,0
metrics,bruteforce,metrics,ABCDE,46,0.85,scanner_misread_1,8,0,8,0,0,1,0,7,,,0.125,0.470679,0.02363,0.02363,8,,0,0,8,6
metrics,bruteforce,metrics,ABCDE,46,0.85,scanner_misread_4,8,0,8,0,0,0,0,8,,,0.0,0.312344,0.0,0.0,8,,0,0,8,0
metrics,bruteforce,metrics,ABCDE,46,0.85,scanner_faint_1,8,0,8,0,0,0,0,8,,,0.0,0.312344,0.013127,0.013127,8,,0,0,8,0
metrics,bruteforce,metrics,ABCDE,46,0.85,scanner_faint_4,8,0,8,0,0,0,0,8,,,0.0,0.312344,0.000656,0.000656,8,,0,0,8,0
metrics,bruteforce,metrics,ABCDE,46,0.85,scanner_double_4,8,0,8,0,0,1,0,7,,,0.125,0.470679,0.035444,0.035444,8,,0,0,8,7
metrics,bruteforce,metrics,ABCDE,46,0.85,adv_long_runs,8,0,8,0,0,0,0,8,,,0.0,0.312344,0.01444,0.01444,8,,0,0,8,0
metrics,bruteforce,metrics,ABCDE,46,0.85,adv_favourite,8,0,8,0,0,0,0,8,,,0.0,0.312344,0.0,0.0,8,,0,0,8,0
metrics,bruteforce,metrics,ABCDE,46,0.85,adv_easy_block,8,0,8,0,0,0,0,8,,,0.0,0.312344,0.0,0.0,8,,0,0,8,0
metrics,bruteforce,metrics,ABCDE,46,0.85,adv_key_leakage,8,8,0,8,0,0,0,0,1.0,1.0,,,0.0,1.0,8,1.0,289,289,8,0
metrics,bruteforce,metrics,ABCDE,46,0.85,adv_cycle,8,0,8,0,0,1,0,7,,,0.125,0.470679,0.063012,0.063012,8,,0,0,8,8
metrics,bruteforce,metrics,ABCDE,46,0.95,none,8,0,8,0,0,0,0,8,,,0.0,0.312344,0.0,0.0,8,,0,0,8,0
metrics,bruteforce,metrics,ABCDE,46,0.95,row_skip_1,8,8,0,0,4,0,4,0,0.0,0.5,,,0.515123,0.428166,8,0.55303,132,73,8,0
metrics,bruteforce,metrics,ABCDE,46,0.95,row_skip_2,8,8,0,0,6,0,2,0,0.0,0.75,,,0.305372,0.511894,8,0.490566,159,78,8,0
metrics,bruteforce,metrics,ABCDE,46,0.95,early_full,8,8,0,2,5,0,1,0,0.25,0.875,,,0.091394,0.877625,8,0.933333,195,182,8,0
metrics,bruteforce,metrics,ABCDE,46,0.95,boundary,8,8,0,0,0,0,8,0,0.0,0.0,,,0.948934,0.003282,8,0.0,59,0,8,0
metrics,bruteforce,metrics,ABCDE,46,0.95,short_local,8,8,0,0,1,0,7,0,0.0,0.125,,,0.852972,0.034132,8,0.142857,21,3,8,3
metrics,bruteforce,metrics,ABCDE,46,0.95,whole_section,8,8,0,0,0,0,8,0,0.0,0.0,,,0.965081,0.001313,8,0.0,120,0,8,0
metrics,bruteforce,metrics,ABCDE,46,0.95,anxiety,8,8,0,0,4,0,4,0,0.0,0.5,,,0.407635,0.378649,8,0.471698,106,50,8,0
metrics,bruteforce,metrics,ABCDE,46,0.95,double_shift,8,8,0,0,5,0,3,0,0.0,0.625,,,0.283869,0.457782,8,0.340782,179,61,8,0
metrics,bruteforce,metrics,ABCDE,46,0.95,self_corrected,8,8,0,0,2,0,6,0,0.0,0.25,,,0.73535,0.133901,8,0.165138,109,18,8,1
metrics,bruteforce,metrics,ABCDE,46,0.95,deferred,8,8,0,0,4,0,4,0,0.0,0.5,,,0.57291,0.308417,8,0.473214,112,53,8,11
metrics,bruteforce,metrics,ABCDE,46,0.95,isolated,8,8,0,0,0,0,8,0,0.0,0.0,,,1.0,0.0,8,0.0,10,0,8,0
metrics,bruteforce,metrics,ABCDE,46,0.95,scanner_blank_1,8,8,0,0,2,0,6,0,0.0,0.25,,,0.67008,0.228051,8,0.467742,62,29,8,0
metrics,bruteforce,metrics,ABCDE,46,0.95,scanner_blank_2,8,8,0,0,3,0,5,0,0.0,0.375,,,0.608118,0.238553,8,0.3,110,33,8,3
metrics,bruteforce,metrics,ABCDE,46,0.95,scanner_row_delete_1,8,8,0,0,0,0,8,0,0.0,0.0,,,,,0,0.0,86,0,8,0
metrics,bruteforce,metrics,ABCDE,46,0.95,scanner_row_delete_2,8,8,0,0,0,0,8,0,0.0,0.0,,,,,0,0.0,92,0,8,3
metrics,bruteforce,metrics,ABCDE,46,0.95,scanner_misread_1,8,0,8,0,0,0,0,8,,,0.0,0.312344,0.0,0.0,8,,0,0,8,0
metrics,bruteforce,metrics,ABCDE,46,0.95,scanner_misread_4,8,0,8,0,0,0,0,8,,,0.0,0.312344,0.0,0.0,8,,0,0,8,0
metrics,bruteforce,metrics,ABCDE,46,0.95,scanner_faint_1,8,0,8,0,0,0,0,8,,,0.0,0.312344,0.0,0.0,8,,0,0,8,0
metrics,bruteforce,metrics,ABCDE,46,0.95,scanner_faint_4,8,0,8,0,0,0,0,8,,,0.0,0.312344,0.008533,0.008533,8,,0,0,8,0
metrics,bruteforce,metrics,ABCDE,46,0.95,scanner_double_4,8,0,8,0,0,0,0,8,,,0.0,0.312344,0.000656,0.000656,8,,0,0,8,0
metrics,bruteforce,metrics,ABCDE,46,0.95,adv_long_runs,8,0,8,0,0,0,0,8,,,0.0,0.312344,0.019691,0.019691,8,,0,0,8,0
metrics,bruteforce,metrics,ABCDE,46,0.95,adv_favourite,8,0,8,0,0,0,0,8,,,0.0,0.312344,0.0,0.0,8,,0,0,8,0
metrics,bruteforce,metrics,ABCDE,46,0.95,adv_easy_block,8,0,8,0,0,0,0,8,,,0.0,0.312344,0.0,0.0,8,,0,0,8,0
metrics,bruteforce,metrics,ABCDE,46,0.95,adv_key_leakage,8,8,0,8,0,0,0,0,1.0,1.0,,,0.0,1.0,8,1.0,280,280,8,0
metrics,bruteforce,metrics,ABCDE,46,0.95,adv_cycle,8,0,8,0,0,4,0,4,,,0.5,0.807097,0.189036,0.189036,8,,0,0,8,32
metrics,bruteforce,metrics,ABCDE,90,0.26,none,8,0,8,0,0,0,0,8,,,0.0,0.312344,0.0,0.0,8,,0,0,8,0
metrics,bruteforce,metrics,ABCDE,90,0.26,row_skip_1,8,8,0,0,2,0,6,0,0.0,0.25,,,0.817044,0.030007,8,0.785714,14,11,8,21
metrics,bruteforce,metrics,ABCDE,90,0.26,row_skip_2,8,8,0,0,2,0,6,0,0.0,0.25,,,0.831962,0.017147,8,1.0,1,1,8,25
metrics,bruteforce,metrics,ABCDE,90,0.26,early_full,8,8,0,1,3,0,4,0,0.125,0.5,,,0.526235,0.146605,8,0.873016,63,55,8,4
metrics,bruteforce,metrics,ABCDE,90,0.26,boundary,8,8,0,0,2,0,6,0,0.0,0.25,,,0.800926,0.032407,8,0.222222,18,4,8,16
metrics,bruteforce,metrics,ABCDE,90,0.26,short_local,8,8,0,0,1,0,7,0,0.0,0.125,,,0.902606,0.013717,8,0.0,10,0,8,15
metrics,bruteforce,metrics,ABCDE,90,0.26,whole_section,8,8,0,0,4,0,4,0,0.0,0.5,,,0.785494,0.035494,8,0.344828,29,10,8,44
metrics,bruteforce,metrics,ABCDE,90,0.26,anxiety,8,8,0,0,3,0,5,0,0.0,0.375,,,0.702675,0.054527,8,0.2,30,6,8,22
metrics,bruteforce,metrics,ABCDE,90,0.26,double_shift,8,8,0,0,3,0,5,0,0.0,0.375,,,0.747599,0.025377,8,0.363636,22,8,8,11
metrics,bruteforce,metrics,ABCDE,90,0.26,self_corrected,8,8,0,0,0,0,8,0,0.0,0.0,,,0.947531,0.003086,8,0.0,18,0,8,3
metrics,bruteforce,metrics,ABCDE,90,0.26,deferred,8,8,0,0,5,0,3,0,0.0,0.625,,,0.661351,0.078018,8,0.90625,32,29,8,16
metrics,bruteforce,metrics,ABCDE,90,0.26,isolated,8,8,0,0,3,0,5,0,0.0,0.375,,,0.784465,0.034465,8,0.333333,3,1,8,22
metrics,bruteforce,metrics,ABCDE,90,0.26,scanner_blank_1,8,8,0,0,3,0,5,0,0.0,0.375,,,0.75823,0.036008,8,0.225,40,9,8,22
metrics,bruteforce,metrics,ABCDE,90,0.26,scanner_blank_2,8,8,0,0,4,0,4,0,0.0,0.5,,,0.707476,0.040809,8,0.766667,30,23,8,9
metrics,bruteforce,metrics,ABCDE,90,0.26,scanner_row_delete_1,8,8,0,0,0,0,8,0,0.0,0.0,,,,,0,0.0,18,0,8,5
metrics,bruteforce,metrics,ABCDE,90,0.26,scanner_row_delete_2,8,8,0,0,0,0,8,0,0.0,0.0,,,,,0,0.0,18,0,8,18
metrics,bruteforce,metrics,ABCDE,90,0.26,scanner_misread_1,8,0,8,0,0,1,0,7,,,0.125,0.470679,0.010974,0.010974,8,,0,0,8,8
metrics,bruteforce,metrics,ABCDE,90,0.26,scanner_misread_4,8,0,8,0,0,0,0,8,,,0.0,0.312344,0.000857,0.000857,8,,0,0,8,0
metrics,bruteforce,metrics,ABCDE,90,0.26,scanner_faint_1,8,0,8,0,0,2,0,6,,,0.25,0.599689,0.060014,0.060014,8,,0,0,8,23
metrics,bruteforce,metrics,ABCDE,90,0.26,scanner_faint_4,8,0,8,0,0,2,0,6,,,0.25,0.599689,0.03738,0.03738,8,,0,0,8,19
metrics,bruteforce,metrics,ABCDE,90,0.26,scanner_double_4,8,0,8,0,0,1,0,7,,,0.125,0.470679,0.037208,0.037208,8,,0,0,8,13
metrics,bruteforce,metrics,ABCDE,90,0.26,adv_long_runs,8,0,8,0,0,4,0,4,,,0.5,0.807097,0.034808,0.034808,8,,0,0,8,27
metrics,bruteforce,metrics,ABCDE,90,0.26,adv_favourite,8,0,8,0,0,0,0,8,,,0.0,0.312344,0.0,0.0,8,,0,0,8,0
metrics,bruteforce,metrics,ABCDE,90,0.26,adv_easy_block,8,0,8,0,0,0,0,8,,,0.0,0.312344,0.0,0.0,8,,0,0,8,0
metrics,bruteforce,metrics,ABCDE,90,0.26,adv_key_leakage,8,8,0,8,0,0,0,0,1.0,1.0,,,0.0,1.0,8,1.0,570,570,8,0
metrics,bruteforce,metrics,ABCDE,90,0.26,adv_cycle,8,0,8,0,0,5,0,3,,,0.625,0.888887,0.074588,0.074588,8,,0,0,8,43
metrics,bruteforce,metrics,ABCDE,90,0.4,none,8,0,8,0,0,2,0,6,,,0.25,0.599689,0.021605,0.021605,8,,0,0,8,15
metrics,bruteforce,metrics,ABCDE,90,0.4,row_skip_1,8,8,0,0,1,0,7,0,0.0,0.125,,,0.874314,0.031721,8,0.188406,69,13,8,0
metrics,bruteforce,metrics,ABCDE,90,0.4,row_skip_2,8,8,0,0,3,0,5,0,0.0,0.375,,,0.691358,0.098765,8,0.475,80,38,8,4
metrics,bruteforce,metrics,ABCDE,90,0.4,early_full,8,8,0,2,5,0,1,0,0.25,0.875,,,0.212106,0.53618,8,0.969512,164,159,8,0
metrics,bruteforce,metrics,ABCDE,90,0.4,boundary,8,8,0,0,1,0,7,0,0.0,0.125,,,0.906721,0.017833,8,0.0,30,0,8,11
metrics,bruteforce,metrics,ABCDE,90,0.4,short_local,8,8,0,0,3,0,5,0,0.0,0.375,,,0.806413,0.037894,8,0.35,20,7,8,18
metrics,bruteforce,metrics,ABCDE,90,0.4,whole_section,8,8,0,0,1,0,7,0,0.0,0.125,,,0.870542,0.009431,8,0.078125,64,5,8,10
metrics,bruteforce,metrics,ABCDE,90,0.4,anxiety,8,8,0,0,3,0,5,0,0.0,0.375,,,0.717764,0.069616,8,0.42029,69,29,8,6
metrics,bruteforce,metrics,ABCDE,90,0.4,double_shift,8,8,0,0,2,0,6,0,0.0,0.25,,,0.796125,0.027606,8,0.183908,87,16,8,7
metrics,bruteforce,metrics,ABCDE,90,0.4,self_corrected,8,8,0,0,2,0,6,0,0.0,0.25,,,0.901578,0.012689,8,0.136364,22,3,8,12
metrics,bruteforce,metrics,ABCDE,90,0.4,deferred,8,8,0,0,2,0,6,0,0.0,0.25,,,0.764918,0.051955,8,0.225806,62,14,8,12
metrics,bruteforce,metrics,ABCDE,90,0.4,isolated,8,8,0,0,1,0,7,0,0.0,0.125,,,0.883059,0.012689,8,0.0,4,0,8,9
metrics,bruteforce,metrics,ABCDE,90,0.4,scanner_blank_1,8,8,0,0,5,0,3,0,0.0,0.625,,,0.451132,0.275206,8,0.701613,124,87,8,9
metrics,bruteforce,metrics,ABCDE,90,0.4,scanner_blank_2,8,8,0,0,3,0,5,0,0.0,0.375,,,0.701303,0.071674,8,0.457143,70,32,8,0
metrics,bruteforce,metrics,ABCDE,90,0.4,scanner_row_delete_1,8,8,0,0,0,0,8,0,0.0,0.0,,,,,0,0.0,66,0,8,9
metrics,bruteforce,metrics,ABCDE,90,0.4,scanner_row_delete_2,8,8,0,0,0,0,8,0,0.0,0.0,,,,,0,0.0,53,0,8,9
metrics,bruteforce,metrics,ABCDE,90,0.4,scanner_misread_1,8,0,8,0,0,1,0,7,,,0.125,0.470679,0.008402,0.008402,8,,0,0,8,7
metrics,bruteforce,metrics,ABCDE,90,0.4,scanner_misread_4,8,0,8,0,0,1,0,7,,,0.125,0.470679,0.006173,0.006173,8,,0,0,8,6
metrics,bruteforce,metrics,ABCDE,90,0.4,scanner_faint_1,8,0,8,0,0,0,0,8,,,0.0,0.312344,0.000686,0.000686,8,,0,0,8,0
metrics,bruteforce,metrics,ABCDE,90,0.4,scanner_faint_4,8,0,8,0,0,1,0,7,,,0.125,0.470679,0.017318,0.017318,8,,0,0,8,10
metrics,bruteforce,metrics,ABCDE,90,0.4,scanner_double_4,8,0,8,0,0,0,0,8,,,0.0,0.312344,0.000857,0.000857,8,,0,0,8,0
metrics,bruteforce,metrics,ABCDE,90,0.4,adv_long_runs,8,0,8,0,0,0,0,8,,,0.0,0.312344,0.00703,0.00703,8,,0,0,8,0
metrics,bruteforce,metrics,ABCDE,90,0.4,adv_favourite,8,0,8,0,0,0,0,8,,,0.0,0.312344,0.0,0.0,8,,0,0,8,0
metrics,bruteforce,metrics,ABCDE,90,0.4,adv_easy_block,8,0,8,0,0,0,0,8,,,0.0,0.312344,0.0,0.0,8,,0,0,8,0
metrics,bruteforce,metrics,ABCDE,90,0.4,adv_key_leakage,8,8,0,8,0,0,0,0,1.0,1.0,,,0.0,1.0,8,1.0,571,571,8,0
metrics,bruteforce,metrics,ABCDE,90,0.4,adv_cycle,8,0,8,0,0,5,0,3,,,0.625,0.888887,0.076646,0.076646,8,,0,0,8,43
metrics,bruteforce,metrics,ABCDE,90,0.55,none,8,0,8,0,0,0,0,8,,,0.0,0.312344,0.0,0.0,8,,0,0,8,0
metrics,bruteforce,metrics,ABCDE,90,0.55,row_skip_1,8,8,0,0,4,0,4,0,0.0,0.5,,,0.584534,0.167867,8,0.504274,117,59,8,1
metrics,bruteforce,metrics,ABCDE,90,0.55,row_skip_2,8,8,0,0,2,0,6,0,0.0,0.25,,,0.784465,0.127058,8,0.52381,63,33,8,5
metrics,bruteforce,metrics,ABCDE,90,0.55,early_full,8,8,0,0,8,0,0,0,0.0,1.0,,,0.134602,0.643861,8,0.924324,185,171,8,0
metrics,bruteforce,metrics,ABCDE,90,0.55,boundary,8,8,0,0,1,0,7,0,0.0,0.125,,,0.924554,0.017147,8,0.238095,42,10,8,0
metrics,bruteforce,metrics,ABCDE,90,0.55,short_local,8,8,0,0,0,0,8,0,0.0,0.0,,,1.0,0.0,8,0.0,10,0,8,0
metrics,bruteforce,metrics,ABCDE,90,0.55,whole_section,8,8,0,0,1,0,7,0,0.0,0.125,,,0.904321,0.015432,8,0.022222,90,2,8,7
metrics,bruteforce,metrics,ABCDE,90,0.55,anxiety,8,8,0,0,5,0,3,0,0.0,0.625,,,0.540466,0.24417,8,0.544218,147,80,8,0
metrics,bruteforce,metrics,ABCDE,90,0.55,double_shift,8,8,0,0,6,0,2,0,0.0,0.75,,,0.347908,0.375686,8,0.611111,180,110,8,1
metrics,bruteforce,metrics,ABCDE,90,0.55,self_corrected,8,8,0,0,0,0,8,0,0.0,0.0,,,0.973765,0.001543,8,0.0,66,0,8,0
metrics,bruteforce,metrics,ABCDE,90,0.55,deferred,8,8,0,0,2,0,6,0,0.0,0.25,,,0.764575,0.088649,8,0.410256,78,32,8,1
metrics,bruteforce,metrics,ABCDE,90,0.55,isolated,8,8,0,0,0,0,8,0,0.0,0.0,,,1.0,0.0,8,0.0,5,0,8,0
metrics,bruteforce,metrics,ABCDE,90,0.55,scanner_blank_1,8,8,0,0,3,0,5,0,0.0,0.375,,,0.679527,0.207305,8,0.558824,102,57,8,0
metrics,bruteforce,metrics,ABCDE,90,0.55,scanner_blank_2,8,8,0,0,3,0,5,0,0.0,0.375,,,0.601166,0.193759,8,0.554455,101,56,8,2
metrics,bruteforce,metrics,ABCDE,90,0.55,scanner_row_delete_1,8,8,0,0,0,0,8,0,0.0,0.0,,,,,0,0.0,149,0,8,1
metrics,bruteforce,metrics,ABCDE,90,0.55,scanner_row_delete_2,8,8,0,0,0,0,8,0,0.0,0.0,,,,,0,0.0,26,0,8,4
metrics,bruteforce,metrics,ABCDE,90,0.55,scanner_misread_1,8,0,8,0,0,0,0,8,,,0.0,0.312344,0.0,0.0,8,,0,0,8,0
metrics,bruteforce,metrics,ABCDE,90,0.55,scanner_misread_4,8,0,8,0,0,0,0,8,,,0.0,0.312344,0.0,0.0,8,,0,0,8,0
metrics,bruteforce,metrics,ABCDE,90,0.55,scanner_faint_1,8,0,8,0,0,0,0,8,,,0.0,0.312344,0.0,0.0,8,,0,0,8,0
metrics,bruteforce,metrics,ABCDE,90,0.55,scanner_faint_4,8,0,8,0,0,2,0,6,,,0.25,0.599689,0.024863,0.024863,8,,0,0,8,17
metrics,bruteforce,metrics,ABCDE,90,0.55,scanner_double_4,8,0,8,0,0,0,0,8,,,0.0,0.312344,0.002743,0.002743,8,,0,0,8,0
metrics,bruteforce,metrics,ABCDE,90,0.55,adv_long_runs,8,0,8,0,0,4,0,4,,,0.5,0.807097,0.027435,0.027435,8,,0,0,8,24
metrics,bruteforce,metrics,ABCDE,90,0.55,adv_favourite,8,0,8,0,0,0,0,8,,,0.0,0.312344,0.0,0.0,8,,0,0,8,0
metrics,bruteforce,metrics,ABCDE,90,0.55,adv_easy_block,8,0,8,0,0,0,0,8,,,0.0,0.312344,0.0,0.0,8,,0,0,8,0
metrics,bruteforce,metrics,ABCDE,90,0.55,adv_key_leakage,8,8,0,8,0,0,0,0,1.0,1.0,,,0.0,1.0,8,1.0,565,565,8,0
metrics,bruteforce,metrics,ABCDE,90,0.55,adv_cycle,8,0,8,0,0,5,0,3,,,0.625,0.888887,0.039609,0.039609,8,,0,0,8,33
metrics,bruteforce,metrics,ABCDE,90,0.7,none,8,0,8,0,0,0,0,8,,,0.0,0.312344,0.0,0.0,8,,0,0,8,0
metrics,bruteforce,metrics,ABCDE,90,0.7,row_skip_1,8,8,0,0,1,0,7,0,0.0,0.125,,,0.857167,0.125686,8,0.371681,113,42,8,0
metrics,bruteforce,metrics,ABCDE,90,0.7,row_skip_2,8,8,0,0,4,0,4,0,0.0,0.5,,,0.58522,0.242627,8,0.477273,132,63,8,8
metrics,bruteforce,metrics,ABCDE,90,0.7,early_full,8,8,0,2,5,0,1,0,0.25,0.875,,,0.213134,0.666838,8,0.970464,237,230,8,20
metrics,bruteforce,metrics,ABCDE,90,0.7,boundary,8,8,0,0,3,0,5,0,0.0,0.375,,,0.832133,0.026578,8,0.185841,113,21,8,1
metrics,bruteforce,metrics,ABCDE,90,0.7,short_local,8,8,0,0,0,0,8,0,0.0,0.0,,,1.0,0.0,8,0.0,29,0,8,0
metrics,bruteforce,metrics,ABCDE,90,0.7,whole_section,8,8,0,0,3,0,5,0,0.0,0.375,,,0.790809,0.03155,8,0.132353,136,18,8,4
metrics,bruteforce,metrics,ABCDE,90,0.7,anxiety,8,8,0,0,1,0,7,0,0.0,0.125,,,0.876543,0.098765,8,0.230769,104,24,8,2
metrics,bruteforce,metrics,ABCDE,90,0.7,double_shift,8,8,0,0,4,0,4,0,0.0,0.5,,,0.694445,0.083333,8,0.198068,207,41,8,0
metrics,bruteforce,metrics,ABCDE,90,0.7,self_corrected,8,8,0,0,0,0,8,0,0.0,0.0,,,0.990912,0.000171,8,0.0,65,0,8,0
metrics,bruteforce,metrics,ABCDE,90,0.7,deferred,8,8,0,0,2,0,6,0,0.0,0.25,,,0.755487,0.107339,8,0.224359,156,35,8,0
metrics,bruteforce,metrics,ABCDE,90,0.7,isolated,8,8,0,0,0,0,8,0,0.0,0.0,,,1.0,0.0,8,0.0,5,0,8,2
metrics,bruteforce,metrics,ABCDE,90,0.7,scanner_blank_1,8,8,0,0,3,0,5,0,0.0,0.375,,,0.671982,0.218278,8,0.406897,145,59,8,0
metrics,bruteforce,metrics,ABCDE,90,0.7,scanner_blank_2,8,8,0,0,2,0,6,0,0.0,0.25,,,0.765604,0.163752,8,0.36478,159,58,8,0
metrics,bruteforce,metrics,ABCDE,90,0.7,scanner_row_delete_1,8,8,0,0,0,0,8,0,0.0,0.0,,,,,0,0.0,67,0,8,0
metrics,bruteforce,metrics,ABCDE,90,0.7,scanner_row_delete_2,8,8,0,0,0,0,8,0,0.0,0.0,,,,,0,0.0,132,0,8,0
metrics,bruteforce,metrics,ABCDE,90,0.7,scanner_misread_1,8,0,8,0,0,0,0,8,,,0.0,0.312344,0.0,0.0,8,,0,0,8,0
metrics,bruteforce,metrics,ABCDE,90,0.7,scanner_misread_4,8,0,8,0,0,1,0,7,,,0.125,0.470679,0.00703,0.00703,8,,0,0,8,5
metrics,bruteforce,metrics,ABCDE,90,0.7,scanner_faint_1,8,0,8,0,0,0,0,8,,,0.0,0.312344,0.0,0.0,8,,0,0,8,0
metrics,bruteforce,metrics,ABCDE,90,0.7,scanner_faint_4,8,0,8,0,0,2,0,6,,,0.25,0.599689,0.03738,0.03738,8,,0,0,8,20
metrics,bruteforce,metrics,ABCDE,90,0.7,scanner_double_4,8,0,8,0,0,0,0,8,,,0.0,0.312344,0.002743,0.002743,8,,0,0,8,0
metrics,bruteforce,metrics,ABCDE,90,0.7,adv_long_runs,8,0,8,0,0,1,0,7,,,0.125,0.470679,0.009088,0.009088,8,,0,0,8,5
metrics,bruteforce,metrics,ABCDE,90,0.7,adv_favourite,8,0,8,0,0,0,0,8,,,0.0,0.312344,0.0,0.0,8,,0,0,8,0
metrics,bruteforce,metrics,ABCDE,90,0.7,adv_easy_block,8,0,8,0,0,0,0,8,,,0.0,0.312344,0.0,0.0,8,,0,0,8,0
metrics,bruteforce,metrics,ABCDE,90,0.7,adv_key_leakage,8,8,0,8,0,0,0,0,1.0,1.0,,,0.0,1.0,8,1.0,554,554,8,0
metrics,bruteforce,metrics,ABCDE,90,0.7,adv_cycle,8,0,8,0,0,4,0,4,,,0.5,0.807097,0.038237,0.038237,8,,0,0,8,27
metrics,bruteforce,metrics,ABCDE,90,0.85,none,8,0,8,0,0,1,0,7,,,0.125,0.470679,0.012517,0.012517,8,,0,0,8,8
metrics,bruteforce,metrics,ABCDE,90,0.85,row_skip_1,8,8,0,0,3,0,5,0,0.0,0.375,,,0.752058,0.140947,8,0.204819,166,34,8,11
metrics,bruteforce,metrics,ABCDE,90,0.85,row_skip_2,8,8,0,0,4,0,4,0,0.0,0.5,,,0.574417,0.278121,8,0.321101,218,70,8,1
metrics,bruteforce,metrics,ABCDE,90,0.85,early_full,8,8,0,2,6,0,0,0,0.25,1.0,,,0.0,1.0,8,0.951456,412,392,8,0
metrics,bruteforce,metrics,ABCDE,90,0.85,boundary,8,8,0,0,2,0,6,0,0.0,0.25,,,0.839849,0.043553,8,0.116959,171,20,8,0
metrics,bruteforce,metrics,ABCDE,90,0.85,short_local,8,8,0,0,0,0,8,0,0.0,0.0,,,1.0,0.0,8,0.0,35,0,8,0
metrics,bruteforce,metrics,ABCDE,90,0.85,whole_section,8,8,0,0,0,0,8,0,0.0,0.0,,,0.938786,0.003601,8,0.0,136,0,8,3
metrics,bruteforce,metrics,ABCDE,90,0.85,anxiety,8,8,0,0,3,0,5,0,0.0,0.375,,,0.728052,0.061385,8,0.256,125,32,8,5
metrics,bruteforce,metrics,ABCDE,90,0.85,double_shift,8,8,0,0,5,0,3,0,0.0,0.625,,,0.510459,0.223422,8,0.299242,264,79,8,0
metrics,bruteforce,metrics,ABCDE,90,0.85,self_corrected,8,8,0,0,2,0,6,0,0.0,0.25,,,0.832647,0.05487,8,0.138889,72,10,8,15
metrics,bruteforce,metrics,ABCDE,90,0.85,deferred,8,8,0,0,4,0,4,0,0.0,0.5,,,0.568587,0.383402,8,0.486607,224,109,8,0
metrics,bruteforce,metrics,ABCDE,90,0.85,isolated,8,8,0,0,0,0,8,0,0.0,0.0,,,1.0,0.0,8,0.0,8,0,8,0
metrics,bruteforce,metrics,ABCDE,90,0.85,scanner_blank_1,8,8,0,0,4,0,4,0,0.0,0.5,,,0.574931,0.287894,8,0.538462,195,105,8,7
metrics,bruteforce,metrics,ABCDE,90,0.85,scanner_blank_2,8,8,0,0,5,0,3,0,0.0,0.625,,,0.522119,0.272119,8,0.605096,157,95,8,10
metrics,bruteforce,metrics,ABCDE,90,0.85,scanner_row_delete_1,8,8,0,0,0,0,8,0,0.0,0.0,,,,,0,0.0,149,0,8,0
metrics,bruteforce,metrics,ABCDE,90,0.85,scanner_row_delete_2,8,8,0,0,0,0,8,0,0.0,0.0,,,,,0,0.0,58,0,8,2
metrics,bruteforce,metrics,ABCDE,90,0.85,scanner_misread_1,8,0,8,0,0,0,0,8,,,0.0,0.312344,0.0,0.0,8,,0,0,8,0
metrics,bruteforce,metrics,ABCDE,90,0.85,scanner_misread_4,8,0,8,0,0,0,0,8,,,0.0,0.312344,0.0,0.0,8,,0,0,8,0
metrics,bruteforce,metrics,ABCDE,90,0.85,scanner_faint_1,8,0,8,0,0,0,0,8,,,0.0,0.312344,0.0,0.0,8,,0,0,8,0
metrics,bruteforce,metrics,ABCDE,90,0.85,scanner_faint_4,8,0,8,0,0,0,0,8,,,0.0,0.312344,0.0,0.0,8,,0,0,8,0
metrics,bruteforce,metrics,ABCDE,90,0.85,scanner_double_4,8,0,8,0,0,1,0,7,,,0.125,0.470679,0.028978,0.028978,8,,0,0,8,13
metrics,bruteforce,metrics,ABCDE,90,0.85,adv_long_runs,8,0,8,0,0,2,0,6,,,0.25,0.599689,0.020919,0.020919,8,,0,0,8,13
metrics,bruteforce,metrics,ABCDE,90,0.85,adv_favourite,8,0,8,0,0,0,0,8,,,0.0,0.312344,0.0,0.0,8,,0,0,8,0
metrics,bruteforce,metrics,ABCDE,90,0.85,adv_easy_block,8,0,8,0,0,0,0,8,,,0.0,0.312344,0.0,0.0,8,,0,0,8,0
metrics,bruteforce,metrics,ABCDE,90,0.85,adv_key_leakage,8,8,0,8,0,0,0,0,1.0,1.0,,,0.0,1.0,8,1.0,565,565,8,0
metrics,bruteforce,metrics,ABCDE,90,0.85,adv_cycle,8,0,8,0,0,5,0,3,,,0.625,0.888887,0.108368,0.108368,8,,0,0,8,52
metrics,bruteforce,metrics,ABCDE,90,0.95,none,8,0,8,0,0,0,0,8,,,0.0,0.312344,0.0,0.0,8,,0,0,8,0
metrics,bruteforce,metrics,ABCDE,90,0.95,row_skip_1,8,8,0,0,1,0,7,0,0.0,0.125,,,0.892147,0.049554,8,0.114094,149,17,8,0
metrics,bruteforce,metrics,ABCDE,90,0.95,row_skip_2,8,8,0,0,6,0,2,0,0.0,0.75,,,0.287551,0.593107,8,0.631757,296,187,8,0
metrics,bruteforce,metrics,ABCDE,90,0.95,early_full,8,8,0,3,5,0,0,0,0.375,1.0,,,0.0619,0.885974,8,0.961929,394,379,8,9
metrics,bruteforce,metrics,ABCDE,90,0.95,boundary,8,8,0,0,1,0,7,0,0.0,0.125,,,0.943587,0.008402,8,0.065421,107,7,8,1
metrics,bruteforce,metrics,ABCDE,90,0.95,short_local,8,8,0,0,1,0,7,0,0.0,0.125,,,0.895748,0.043896,8,0.025641,39,1,8,15
metrics,bruteforce,metrics,ABCDE,90,0.95,whole_section,8,8,0,0,3,0,5,0,0.0,0.375,,,0.783779,0.033779,8,0.089005,191,17,8,8
metrics,bruteforce,metrics,ABCDE,90,0.95,anxiety,8,8,0,0,5,0,3,0,0.0,0.625,,,0.376029,0.588992,8,0.585938,256,150,8,0
metrics,bruteforce,metrics,ABCDE,90,0.95,double_shift,8,8,0,0,6,0,2,0,0.0,0.75,,,0.292009,0.54201,8,0.448598,321,144,8,0
metrics,bruteforce,metrics,ABCDE,90,0.95,self_corrected,8,8,0,0,0,0,8,0,0.0,0.0,,,1.0,0.0,8,0.0,101,0,8,0
metrics,bruteforce,metrics,ABCDE,90,0.95,deferred,8,8,0,0,4,0,4,0,0.0,0.5,,,0.483711,0.474451,8,0.561404,285,160,8,0
metrics,bruteforce,metrics,ABCDE,90,0.95,isolated,8,8,0,0,1,0,7,0,0.0,0.125,,,0.884602,0.023491,8,0.0,9,0,8,12
metrics,bruteforce,metrics,ABCDE,90,0.95,scanner_blank_1,8,8,0,0,3,0,5,0,0.0,0.375,,,0.700617,0.256173,8,0.456044,182,83,8,5
metrics,bruteforce,metrics,ABCDE,90,0.95,scanner_blank_2,8,8,0,0,3,0,5,0,0.0,0.375,,,0.716049,0.179012,8,0.286517,178,51,8,2
metrics,bruteforce,metrics,ABCDE,90,0.95,scanner_row_delete_1,8,8,0,0,0,0,8,0,0.0,0.0,,,,,0,0.0,175,0,8,0
metrics,bruteforce,metrics,ABCDE,90,0.95,scanner_row_delete_2,8,8,0,0,0,0,8,0,0.0,0.0,,,,,0,0.0,204,0,8,0
metrics,bruteforce,metrics,ABCDE,90,0.95,scanner_misread_1,8,0,8,0,0,0,0,8,,,0.0,0.312344,0.0,0.0,8,,0,0,8,0
metrics,bruteforce,metrics,ABCDE,90,0.95,scanner_misread_4,8,0,8,0,0,2,0,6,,,0.25,0.599689,0.029149,0.029149,8,,0,0,8,18
metrics,bruteforce,metrics,ABCDE,90,0.95,scanner_faint_1,8,0,8,0,0,0,0,8,,,0.0,0.312344,0.0,0.0,8,,0,0,8,0
metrics,bruteforce,metrics,ABCDE,90,0.95,scanner_faint_4,8,0,8,0,0,0,0,8,,,0.0,0.312344,0.0,0.0,8,,0,0,8,0
metrics,bruteforce,metrics,ABCDE,90,0.95,scanner_double_4,8,0,8,0,0,0,0,8,,,0.0,0.312344,0.000171,0.000171,8,,0,0,8,0
metrics,bruteforce,metrics,ABCDE,90,0.95,adv_long_runs,8,0,8,0,0,1,0,7,,,0.125,0.470679,0.012174,0.012174,8,,0,0,8,5
metrics,bruteforce,metrics,ABCDE,90,0.95,adv_favourite,8,0,8,0,0,0,0,8,,,0.0,0.312344,0.0,0.0,8,,0,0,8,0
metrics,bruteforce,metrics,ABCDE,90,0.95,adv_easy_block,8,0,8,0,0,0,0,8,,,0.0,0.312344,0.0,0.0,8,,0,0,8,0
metrics,bruteforce,metrics,ABCDE,90,0.95,adv_key_leakage,8,8,0,8,0,0,0,0,1.0,1.0,,,0.0,1.0,8,1.0,577,577,8,0
metrics,bruteforce,metrics,ABCDE,90,0.95,adv_cycle,8,0,8,0,0,5,0,3,,,0.625,0.888887,0.057956,0.057956,8,,0,0,8,39
metrics,bruteforce,metrics,ABCDE,100,0.26,none,8,0,8,0,0,0,0,8,,,0.0,0.312344,0.0,0.0,8,,0,0,8,0
metrics,bruteforce,metrics,ABCDE,100,0.26,row_skip_1,8,8,0,0,3,0,5,0,0.0,0.375,,,0.794861,0.036528,8,0.446809,47,21,8,5
metrics,bruteforce,metrics,ABCDE,100,0.26,row_skip_2,8,8,0,0,2,0,6,0,0.0,0.25,,,0.854722,0.021389,8,0.377778,45,17,8,2
metrics,bruteforce,metrics,ABCDE,100,0.26,early_full,8,8,0,0,5,0,3,0,0.0,0.625,,,0.634028,0.075694,8,0.883721,43,38,8,12
metrics,bruteforce,metrics,ABCDE,100,0.26,boundary,8,8,0,0,1,0,7,0,0.0,0.125,,,0.878611,0.011944,8,0.28,25,7,8,9
metrics,bruteforce,metrics,ABCDE,100,0.26,short_local,8,8,0,0,1,0,7,0,0.0,0.125,,,0.891389,0.024722,8,0.0,9,0,8,19
metrics,bruteforce,metrics,ABCDE,100,0.26,whole_section,8,8,0,0,3,0,5,0,0.0,0.375,,,0.760417,0.052083,8,0.30303,33,10,8,27
metrics,bruteforce,metrics,ABCDE,100,0.26,anxiety,8,8,0,0,3,0,5,0,0.0,0.375,,,0.824722,0.024722,8,0.394737,38,15,8,17
metrics,bruteforce,metrics,ABCDE,100,0.26,double_shift,8,8,0,0,1,0,7,0,0.0,0.125,,,0.875278,0.008611,8,0.0,17,0,8,25
metrics,bruteforce,metrics,ABCDE,100,0.26,self_corrected,8,8,0,0,0,0,8,0,0.0,0.0,,,1.0,0.0,8,0.0,32,0,8,0
metrics,bruteforce,metrics,ABCDE,100,0.26,deferred,8,8,0,0,2,0,6,0,0.0,0.25,,,0.866945,0.016944,8,0.533333,15,8,8,24
metrics,bruteforce,metrics,ABCDE,100,0.26,isolated,8,8,0,0,3,0,5,0,0.0,0.375,,,0.818194,0.026528,8,0.5,2,1,8,22
metrics,bruteforce,metrics,ABCDE,100,0.26,scanner_blank_1,8,8,0,0,2,0,6,0,0.0,0.25,,,0.850556,0.033889,8,0.415094,53,22,8,8
metrics,bruteforce,metrics,ABCDE,100,0.26,scanner_blank_2,8,8,0,0,2,0,6,0,0.0,0.25,,,0.789305,0.030972,8,0.363636,33,12,8,13
metrics,bruteforce,metrics,ABCDE,100,0.26,scanner_row_delete_1,8,8,0,0,0,0,8,0,0.0,0.0,,,,,0,0.0,16,0,8,4
metrics,bruteforce,metrics,ABCDE,100,0.26,scanner_row_delete_2,8,8,0,0,0,0,8,0,0.0,0.0,,,,,0,0.0,14,0,8,39
metrics,bruteforce,metrics,ABCDE,100,0.26,scanner_misread_1,8,0,8,0,0,0,0,8,,,0.0,0.312344,0.001806,0.001806,8,,0,0,8,0
metrics,bruteforce,metrics,ABCDE,100,0.26,scanner_misread_4,8,0,8,0,0,4,0,4,,,0.5,0.807097,0.050694,0.050694,8,,0,0,8,36
metrics,bruteforce,metrics,ABCDE,100,0.26,scanner_faint_1,8,0,8,0,0,1,0,7,,,0.125,0.470679,0.013889,0.013889,8,,0,0,8,10
metrics,bruteforce,metrics,ABCDE,100,0.26,scanner_faint_4,8,0,8,0,0,2,0,6,,,0.25,0.599689,0.047222,0.047222,8,,0,0,8,26
metrics,bruteforce,metrics,ABCDE,100,0.26,scanner_double_4,8,0,8,0,0,3,0,5,,,0.375,0.710759,0.014306,0.014306,8,,0,0,8,17
metrics,bruteforce,metrics,ABCDE,100,0.26,adv_long_runs,8,0,8,0,0,1,0,7,,,0.125,0.470679,0.008056,0.008056,8,,0,0,8,5
metrics,bruteforce,metrics,ABCDE,100,0.26,adv_favourite,8,0,8,0,0,0,0,8,,,0.0,0.312344,0.0,0.0,8,,0,0,8,0
metrics,bruteforce,metrics,ABCDE,100,0.26,adv_easy_block,8,0,8,0,0,0,0,8,,,0.0,0.312344,0.0,0.0,8,,0,0,8,0
metrics,bruteforce,metrics,ABCDE,100,0.26,adv_key_leakage,8,8,0,8,0,0,0,0,1.0,1.0,,,0.0,1.0,8,1.0,627,627,8,0
metrics,bruteforce,metrics,ABCDE,100,0.26,adv_cycle,8,0,8,0,0,6,0,2,,,0.75,0.953611,0.103889,0.103889,8,,0,0,8,62
metrics,bruteforce,metrics,ABCDE,100,0.4,none,8,0,8,0,0,1,0,7,,,0.125,0.470679,0.008889,0.008889,8,,0,0,8,8
metrics,bruteforce,metrics,ABCDE,100,0.4,row_skip_1,8,8,0,0,3,0,5,0,0.0,0.375,,,0.682361,0.107361,8,0.6875,64,44,8,7
metrics,bruteforce,metrics,ABCDE,100,0.4,row_skip_2,8,8,0,0,2,0,6,0,0.0,0.25,,,0.7825,0.065833,8,0.588235,34,20,8,17
metrics,bruteforce,metrics,ABCDE,100,0.4,early_full,8,8,0,0,5,0,3,0,0.0,0.625,,,0.494306,0.235972,8,0.930233,86,80,8,7
metrics,bruteforce,metrics,ABCDE,100,0.4,boundary,8,8,0,0,4,0,4,0,0.0,0.5,,,0.765278,0.048611,8,0.527273,55,29,8,9
metrics,bruteforce,metrics,ABCDE,100,0.4,short_local,8,8,0,0,1,0,7,0,0.0,0.125,,,0.948472,0.006805,8,0.0,14,0,8,12
metrics,bruteforce,metrics,ABCDE,100,0.4,whole_section,8,8,0,0,2,0,6,0,0.0,0.25,,,0.887361,0.012361,8,0.203125,64,13,8,0
metrics,bruteforce,metrics,ABCDE,100,0.4,anxiety,8,8,0,0,3,0,5,0,0.0,0.375,,,0.729583,0.104583,8,0.583333,60,35,8,15
metrics,bruteforce,metrics,ABCDE,100,0.4,double_shift,8,8,0,0,5,0,3,0,0.0,0.625,,,0.628889,0.095556,8,0.489362,94,46,8,12
metrics,bruteforce,metrics,ABCDE,100,0.4,self_corrected,8,8,0,0,0,0,8,0,0.0,0.0,,,1.0,0.0,8,0.0,43,0,8,0
metrics,bruteforce,metrics,ABCDE,100,0.4,deferred,8,8,0,0,5,0,3,0,0.0,0.625,,,0.644028,0.085694,8,0.536585,82,44,8,6
metrics,bruteforce,metrics,ABCDE,100,0.4,isolated,8,8,0,0,3,0,5,0,0.0,0.375,,,0.812361,0.037361,8,0.2,5,1,8,28
metrics,bruteforce,metrics,ABCDE,100,0.4,scanner_blank_1,8,8,0,0,4,0,4,0,0.0,0.5,,,0.660972,0.069306,8,0.401869,107,43,8,0
metrics,bruteforce,metrics,ABCDE,100,0.4,scanner_blank_2,8,8,0,0,3,0,5,0,0.0,0.375,,,0.77375,0.04875,8,0.364706,85,31,8,9
metrics,bruteforce,metrics,ABCDE,100,0.4,scanner_row_delete_1,8,8,0,0,0,0,8,0,0.0,0.0,,,,,0,0.0,19,0,8,4
metrics,bruteforce,metrics,ABCDE,100,0.4,scanner_row_delete_2,8,8,0,0,0,0,8,0,0.0,0.0,,,,,0,0.0,59,0,8,5
metrics,bruteforce,metrics,ABCDE,100,0.4,scanner_misread_1,8,0,8,0,0,1,0,7,,,0.125,0.470679,0.003472,0.003472,8,,0,0,8,5
metrics,bruteforce,metrics,ABCDE,100,0.4,scanner_misread_4,8,0,8,0,0,0,0,8,,,0.0,0.312344,0.00125,0.00125,8,,0,0,8,0
metrics,bruteforce,metrics,ABCDE,100,0.4,scanner_faint_1,8,0,8,0,0,0,0,8,,,0.0,0.312344,0.000556,0.000556,8,,0,0,8,0
metrics,bruteforce,metrics,ABCDE,100,0.4,scanner_faint_4,8,0,8,0,0,0,0,8,,,0.0,0.312344,0.001111,0.001111,8,,0,0,8,0
metrics,bruteforce,metrics,ABCDE,100,0.4,scanner_double_4,8,0,8,0,0,1,0,7,,,0.125,0.470679,0.006805,0.006805,8,,0,0,8,7
metrics,bruteforce,metrics,ABCDE,100,0.4,adv_long_runs,8,0,8,0,0,4,0,4,,,0.5,0.807097,0.015972,0.015972,8,,0,0,8,21
metrics,bruteforce,metrics,ABCDE,100,0.4,adv_favourite,8,0,8,0,0,0,0,8,,,0.0,0.312344,0.0,0.0,8,,0,0,8,0
metrics,bruteforce,metrics,ABCDE,100,0.4,adv_easy_block,8,0,8,0,0,0,0,8,,,0.0,0.312344,0.0,0.0,8,,0,0,8,0
metrics,bruteforce,metrics,ABCDE,100,0.4,adv_key_leakage,8,8,0,8,0,0,0,0,1.0,1.0,,,0.0,1.0,8,1.0,644,644,8,0
metrics,bruteforce,metrics,ABCDE,100,0.4,adv_cycle,8,0,8,0,0,2,0,6,,,0.25,0.599689,0.021667,0.021667,8,,0,0,8,16
metrics,bruteforce,metrics,ABCDE,100,0.55,none,8,0,8,0,0,0,0,8,,,0.0,0.312344,0.000139,0.000139,8,,0,0,8,0
metrics,bruteforce,metrics,ABCDE,100,0.55,row_skip_1,8,8,0,0,3,0,5,0,0.0,0.375,,,0.747917,0.139583,8,0.391667,120,47,8,0
metrics,bruteforce,metrics,ABCDE,100,0.55,row_skip_2,8,8,0,0,2,0,6,0,0.0,0.25,,,0.878472,0.020139,8,0.168317,101,17,8,4
metrics,bruteforce,metrics,ABCDE,100,0.55,early_full,8,8,0,1,5,0,2,0,0.125,0.75,,,0.301944,0.518611,8,0.901734,173,156,8,1
metrics,bruteforce,metrics,ABCDE,100,0.55,boundary,8,8,0,0,2,0,6,0,0.0,0.25,,,0.835278,0.035278,8,0.37931,58,22,8,1
metrics,bruteforce,metrics,ABCDE,100,0.55,short_local,8,8,0,0,1,0,7,0,0.0,0.125,,,0.93625,0.01125,8,0.0,16,0,8,11
metrics,bruteforce,metrics,ABCDE,100,0.55,whole_section,8,8,0,0,2,0,6,0,0.0,0.25,,,0.902083,0.010417,8,0.090909,132,12,8,0
metrics,bruteforce,metrics,ABCDE,100,0.55,anxiety,8,8,0,0,3,0,5,0,0.0,0.375,,,0.740972,0.099306,8,0.328244,131,43,8,0
metrics,bruteforce,metrics,ABCDE,100,0.55,double_shift,8,8,0,0,5,0,3,0,0.0,0.625,,,0.66125,0.069583,8,0.456311,103,47,8,2
metrics,bruteforce,metrics,ABCDE,100,0.55,self_corrected,8,8,0,0,1,0,7,0,0.0,0.125,,,0.925139,0.016806,8,0.022222,45,1,8,10
metrics,bruteforce,metrics,ABCDE,100,0.55,deferred,8,8,0,0,3,0,5,0,0.0,0.375,,,0.747083,0.055416,8,0.262295,122,32,8,4
metrics,bruteforce,metrics,ABCDE,100,0.55,isolated,8,8,0,0,0,0,8,0,0.0,0.0,,,1.0,0.0,8,0.0,5,0,8,1
metrics,bruteforce,metrics,ABCDE,100,0.55,scanner_blank_1,8,8,0,0,0,0,8,0,0.0,0.0,,,1.0,0.0,8,0.0,55,0,8,2
metrics,bruteforce,metrics,ABCDE,100,0.55,scanner_blank_2,8,8,0,0,2,0,6,0,0.0,0.25,,,0.829861,0.021528,8,0.207792,77,16,8,1
metrics,bruteforce,metrics,ABCDE,100,0.55,scanner_row_delete_1,8,8,0,0,0,0,8,0,0.0,0.0,,,,,0,0.0,144,0,8,0
metrics,bruteforce,metrics,ABCDE,100,0.55,scanner_row_delete_2,8,8,0,0,0,0,8,0,0.0,0.0,,,,,0,0.0,36,0,8,0
metrics,bruteforce,metrics,ABCDE,100,0.55,scanner_misread_1,8,0,8,0,0,0,0,8,,,0.0,0.312344,0.0,0.0,8,,0,0,8,0
metrics,bruteforce,metrics,ABCDE,100,0.55,scanner_misread_4,8,0,8,0,0,1,0,7,,,0.125,0.470679,0.009028,0.009028,8,,0,0,8,8
metrics,bruteforce,metrics,ABCDE,100,0.55,scanner_faint_1,8,0,8,0,0,2,0,6,,,0.25,0.599689,0.011806,0.011806,8,,0,0,8,13
metrics,bruteforce,metrics,ABCDE,100,0.55,scanner_faint_4,8,0,8,0,0,1,0,7,,,0.125,0.470679,0.007222,0.007222,8,,0,0,8,6
metrics,bruteforce,metrics,ABCDE,100,0.55,scanner_double_4,8,0,8,0,0,1,0,7,,,0.125,0.470679,0.003472,0.003472,8,,0,0,8,5
metrics,bruteforce,metrics,ABCDE,100,0.55,adv_long_runs,8,0,8,0,0,2,0,6,,,0.25,0.599689,0.016389,0.016389,8,,0,0,8,12
metrics,bruteforce,metrics,ABCDE,100,0.55,adv_favourite,8,0,8,0,0,0,0,8,,,0.0,0.312344,0.0,0.0,8,,0,0,8,0
metrics,bruteforce,metrics,ABCDE,100,0.55,adv_easy_block,8,0,8,0,0,0,0,8,,,0.0,0.312344,0.0,0.0,8,,0,0,8,0
metrics,bruteforce,metrics,ABCDE,100,0.55,adv_key_leakage,8,8,0,8,0,0,0,0,1.0,1.0,,,0.0,1.0,8,1.0,620,620,8,0
metrics,bruteforce,metrics,ABCDE,100,0.55,adv_cycle,8,0,8,0,0,6,0,2,,,0.75,0.953611,0.047639,0.047639,8,,0,0,8,42
metrics,bruteforce,metrics,ABCDE,100,0.7,none,8,0,8,0,0,0,0,8,,,0.0,0.312344,0.0,0.0,8,,0,0,8,0
metrics,bruteforce,metrics,ABCDE,100,0.7,row_skip_1,8,8,0,0,1,0,7,0,0.0,0.125,,,0.92,0.02,8,0.123711,97,12,8,3
metrics,bruteforce,metrics,ABCDE,100,0.7,row_skip_2,8,8,0,0,4,0,4,0,0.0,0.5,,,0.503611,0.436944,8,0.556098,205,114,8,3
metrics,bruteforce,metrics,ABCDE,100,0.7,early_full,8,8,0,2,6,0,0,0,0.25,1.0,,,0.008889,0.942222,8,0.949721,358,340,8,0
metrics,bruteforce,metrics,ABCDE,100,0.7,boundary,8,8,0,0,0,0,8,0,0.0,0.0,,,1.0,0.0,8,0.0,47,0,8,0
metrics,bruteforce,metrics,ABCDE,100,0.7,short_local,8,8,0,0,0,0,8,0,0.0,0.0,,,1.0,0.0,8,0.0,27,0,8,0
metrics,bruteforce,metrics,ABCDE,100,0.7,whole_section,8,8,0,0,0,0,8,0,0.0,0.0,,,0.905833,0.005833,8,0.0,157,0,8,0
metrics,bruteforce,metrics,ABCDE,100,0.7,anxiety,8,8,0,0,5,0,3,0,0.0,0.625,,,0.436528,0.411528,8,0.628141,199,125,8,0
metrics,bruteforce,metrics,ABCDE,100,0.7,double_shift,8,8,0,0,5,0,3,0,0.0,0.625,,,0.556944,0.223611,8,0.354978,231,82,8,0
metrics,bruteforce,metrics,ABCDE,100,0.7,self_corrected,8,8,0,0,0,0,8,0,0.0,0.0,,,1.0,0.0,8,0.0,67,0,8,3
metrics,bruteforce,metrics,ABCDE,100,0.7,deferred,8,8,0,0,3,0,5,0,0.0,0.375,,,0.7175,0.1675,8,0.364865,148,54,8,1
metrics,bruteforce,metrics,ABCDE,100,0.7,isolated,8,8,0,0,0,0,8,0,0.0,0.0,,,0.968889,0.002222,8,0.0,6,0,8,3
metrics,bruteforce,metrics,ABCDE,100,0.7,scanner_blank_1,8,8,0,0,3,0,5,0,0.0,0.375,,,0.761944,0.145278,8,0.308989,178,55,8,0
metrics,bruteforce,metrics,ABCDE,100,0.7,scanner_blank_2,8,8,0,0,3,0,5,0,0.0,0.375,,,0.628611,0.278611,8,0.427313,227,97,8,0
metrics,bruteforce,metrics,ABCDE,100,0.7,scanner_row_delete_1,8,8,0,0,0,0,8,0,0.0,0.0,,,,,0,0.0,180,0,8,2
metrics,bruteforce,metrics,ABCDE,100,0.7,scanner_row_delete_2,8,8,0,0,0,0,8,0,0.0,0.0,,,,,0,0.0,152,0,8,0
metrics,bruteforce,metrics,ABCDE,100,0.7,scanner_misread_1,8,0,8,0,0,0,0,8,,,0.0,0.312344,0.0,0.0,8,,0,0,8,0
metrics,bruteforce,metrics,ABCDE,100,0.7,scanner_misread_4,8,0,8,0,0,0,0,8,,,0.0,0.312344,0.0,0.0,8,,0,0,8,0
metrics,bruteforce,metrics,ABCDE,100,0.7,scanner_faint_1,8,0,8,0,0,1,0,7,,,0.125,0.470679,0.003472,0.003472,8,,0,0,8,5
metrics,bruteforce,metrics,ABCDE,100,0.7,scanner_faint_4,8,0,8,0,0,0,0,8,,,0.0,0.312344,0.0,0.0,8,,0,0,8,0
metrics,bruteforce,metrics,ABCDE,100,0.7,scanner_double_4,8,0,8,0,0,1,0,7,,,0.125,0.470679,0.016806,0.016806,8,,0,0,8,11
metrics,bruteforce,metrics,ABCDE,100,0.7,adv_long_runs,8,0,8,0,0,1,0,7,,,0.125,0.470679,0.009167,0.009167,8,,0,0,8,6
metrics,bruteforce,metrics,ABCDE,100,0.7,adv_favourite,8,0,8,0,0,0,0,8,,,0.0,0.312344,0.0,0.0,8,,0,0,8,0
metrics,bruteforce,metrics,ABCDE,100,0.7,adv_easy_block,8,0,8,0,0,0,0,8,,,0.0,0.312344,0.0,0.0,8,,0,0,8,0
metrics,bruteforce,metrics,ABCDE,100,0.7,adv_key_leakage,8,8,0,8,0,0,0,0,1.0,1.0,,,0.0,1.0,8,1.0,645,645,8,0
metrics,bruteforce,metrics,ABCDE,100,0.7,adv_cycle,8,0,8,0,0,6,0,2,,,0.75,0.953611,0.060694,0.060694,8,,0,0,8,46
metrics,bruteforce,metrics,ABCDE,100,0.85,none,8,0,8,0,0,1,0,7,,,0.125,0.470679,0.008889,0.008889,8,,0,0,8,8
metrics,bruteforce,metrics,ABCDE,100,0.85,row_skip_1,8,8,0,0,4,0,4,0,0.0,0.5,,,0.60625,0.28125,8,0.359833,239,86,8,0
metrics,bruteforce,metrics,ABCDE,100,0.85,row_skip_2,8,8,0,0,1,0,7,0,0.0,0.125,,,0.930694,0.005694,8,0.041322,121,5,8,0
metrics,bruteforce,metrics,ABCDE,100,0.85,early_full,8,8,0,2,4,0,2,0,0.25,0.75,,,0.278195,0.603194,8,0.949416,257,244,8,12
metrics,bruteforce,metrics,ABCDE,100,0.85,boundary,8,8,0,0,2,0,6,0,0.0,0.25,,,0.916805,0.008472,8,0.090909,121,11,8,0
metrics,bruteforce,metrics,ABCDE,100,0.85,short_local,8,8,0,0,2,0,6,0,0.0,0.25,,,0.916805,0.008472,8,0.0,24,0,8,12
metrics,bruteforce,metrics,ABCDE,100,0.85,whole_section,8,8,0,0,1,0,7,0,0.0,0.125,,,0.90625,0.03125,8,0.0,136,0,8,18
metrics,bruteforce,metrics,ABCDE,100,0.85,anxiety,8,8,0,0,3,0,5,0,0.0,0.375,,,0.638889,0.272222,8,0.542105,190,103,8,0
metrics,bruteforce,metrics,ABCDE,100,0.85,double_shift,8,8,0,0,5,0,3,0,0.0,0.625,,,0.507083,0.332083,8,0.347826,322,112,8,0
metrics,bruteforce,metrics,ABCDE,100,0.85,self_corrected,8,8,0,0,0,0,8,0,0.0,0.0,,,1.0,0.0,8,0.0,94,0,8,2
metrics,bruteforce,metrics,ABCDE,100,0.85,deferred,8,8,0,0,2,0,6,0,0.0,0.25,,,0.75,0.25,8,0.630435,138,87,8,0
metrics,bruteforce,metrics,ABCDE,100,0.85,isolated,8,8,0,0,0,0,8,0,0.0,0.0,,,1.0,0.0,8,0.0,7,0,8,2
metrics,bruteforce,metrics,ABCDE,100,0.85,scanner_blank_1,8,8,0,0,0,0,8,0,0.0,0.0,,,1.0,0.0,8,0.0,112,0,8,0
metrics,bruteforce,metrics,ABCDE,100,0.85,scanner_blank_2,8,8,0,0,1,0,7,0,0.0,0.125,,,0.948472,0.006805,8,0.044586,157,7,8,0
metrics,bruteforce,metrics,ABCDE,100,0.85,scanner_row_delete_1,8,8,0,0,0,0,8,0,0.0,0.0,,,,,0,0.0,321,0,8,0
metrics,bruteforce,metrics,ABCDE,100,0.85,scanner_row_delete_2,8,8,0,0,0,0,8,0,0.0,0.0,,,,,0,0.0,195,0,8,0
metrics,bruteforce,metrics,ABCDE,100,0.85,scanner_misread_1,8,0,8,0,0,0,0,8,,,0.0,0.312344,0.0,0.0,8,,0,0,8,0
metrics,bruteforce,metrics,ABCDE,100,0.85,scanner_misread_4,8,0,8,0,0,0,0,8,,,0.0,0.312344,0.002222,0.002222,8,,0,0,8,0
metrics,bruteforce,metrics,ABCDE,100,0.85,scanner_faint_1,8,0,8,0,0,0,0,8,,,0.0,0.312344,0.0,0.0,8,,0,0,8,0
metrics,bruteforce,metrics,ABCDE,100,0.85,scanner_faint_4,8,0,8,0,0,0,0,8,,,0.0,0.312344,0.0,0.0,8,,0,0,8,0
metrics,bruteforce,metrics,ABCDE,100,0.85,scanner_double_4,8,0,8,0,0,0,0,8,,,0.0,0.312344,0.0,0.0,8,,0,0,8,0
metrics,bruteforce,metrics,ABCDE,100,0.85,adv_long_runs,8,0,8,0,0,3,0,5,,,0.375,0.710759,0.028333,0.028333,8,,0,0,8,22
metrics,bruteforce,metrics,ABCDE,100,0.85,adv_favourite,8,0,8,0,0,0,0,8,,,0.0,0.312344,0.0,0.0,8,,0,0,8,0
metrics,bruteforce,metrics,ABCDE,100,0.85,adv_easy_block,8,0,8,0,0,0,0,8,,,0.0,0.312344,0.0,0.0,8,,0,0,8,0
metrics,bruteforce,metrics,ABCDE,100,0.85,adv_key_leakage,8,8,0,8,0,0,0,0,1.0,1.0,,,0.0,1.0,8,1.0,628,628,8,0
metrics,bruteforce,metrics,ABCDE,100,0.85,adv_cycle,8,0,8,0,0,2,0,6,,,0.25,0.599689,0.026528,0.026528,8,,0,0,8,18
metrics,bruteforce,metrics,ABCDE,100,0.95,none,8,0,8,0,0,0,0,8,,,0.0,0.312344,0.0,0.0,8,,0,0,8,0
metrics,bruteforce,metrics,ABCDE,100,0.95,row_skip_1,8,8,0,0,6,0,2,0,0.0,0.75,,,0.349167,0.515833,8,0.61976,334,207,8,7
metrics,bruteforce,metrics,ABCDE,100,0.95,row_skip_2,8,8,0,0,2,0,6,0,0.0,0.25,,,0.721111,0.221111,8,0.30198,202,61,8,2
metrics,bruteforce,metrics,ABCDE,100,0.95,early_full,8,8,0,2,6,0,0,0,0.25,1.0,,,0.148056,0.764722,8,0.968831,385,373,8,0
metrics,bruteforce,metrics,ABCDE,100,0.95,boundary,8,8,0,0,2,0,6,0,0.0,0.25,,,0.845139,0.036806,8,0.138554,166,23,8,0
metrics,bruteforce,metrics,ABCDE,100,0.95,short_local,8,8,0,0,0,0,8,0,0.0,0.0,,,1.0,0.0,8,0.0,32,0,8,2
metrics,bruteforce,metrics,ABCDE,100,0.95,whole_section,8,8,0,0,0,0,8,0,0.0,0.0,,,0.945139,0.003472,8,0.0,243,0,8,0
metrics,bruteforce,metrics,ABCDE,100,0.95,anxiety,8,8,0,0,3,0,5,0,0.0,0.375,,,0.709722,0.193055,8,0.295,200,59,8,1
metrics,bruteforce,metrics,ABCDE,100,0.95,double_shift,8,8,0,0,5,0,3,0,0.0,0.625,,,0.455694,0.430694,8,0.392749,331,130,8,4
metrics,bruteforce,metrics,ABCDE,100,0.95,self_corrected,8,8,0,0,0,0,8,0,0.0,0.0,,,1.0,0.0,8,0.0,66,0,8,2
metrics,bruteforce,metrics,ABCDE,100,0.95,deferred,8,8,0,0,5,0,3,0,0.0,0.625,,,0.553611,0.303611,8,0.469136,243,114,8,8
metrics,bruteforce,metrics,ABCDE,100,0.95,isolated,8,8,0,0,1,0,7,0,0.0,0.125,,,0.948472,0.006805,8,0.083333,12,1,8,6
metrics,bruteforce,metrics,ABCDE,100,0.95,scanner_blank_1,8,8,0,0,3,0,5,0,0.0,0.375,,,0.627222,0.343889,8,0.485401,274,133,8,0
metrics,bruteforce,metrics,ABCDE,100,0.95,scanner_blank_2,8,8,0,0,3,0,5,0,0.0,0.375,,,0.696805,0.255139,8,0.411429,175,72,8,6
metrics,bruteforce,metrics,ABCDE,100,0.95,scanner_row_delete_1,8,8,0,0,0,0,8,0,0.0,0.0,,,,,0,0.0,270,0,8,1
metrics,bruteforce,metrics,ABCDE,100,0.95,scanner_row_delete_2,8,8,0,0,0,0,8,0,0.0,0.0,,,,,0,0.0,181,0,8,0
metrics,bruteforce,metrics,ABCDE,100,0.95,scanner_misread_1,8,0,8,0,0,1,0,7,,,0.125,0.470679,0.010139,0.010139,8,,0,0,8,8
metrics,bruteforce,metrics,ABCDE,100,0.95,scanner_misread_4,8,0,8,0,0,0,0,8,,,0.0,0.312344,0.0,0.0,8,,0,0,8,0
metrics,bruteforce,metrics,ABCDE,100,0.95,scanner_faint_1,8,0,8,0,0,0,0,8,,,0.0,0.312344,0.0,0.0,8,,0,0,8,0
metrics,bruteforce,metrics,ABCDE,100,0.95,scanner_faint_4,8,0,8,0,0,0,0,8,,,0.0,0.312344,0.0,0.0,8,,0,0,8,0
metrics,bruteforce,metrics,ABCDE,100,0.95,scanner_double_4,8,0,8,0,0,1,0,7,,,0.125,0.470679,0.023472,0.023472,8,,0,0,8,13
metrics,bruteforce,metrics,ABCDE,100,0.95,adv_long_runs,8,0,8,0,0,4,0,4,,,0.5,0.807097,0.020833,0.020833,8,,0,0,8,23
metrics,bruteforce,metrics,ABCDE,100,0.95,adv_favourite,8,0,8,0,0,0,0,8,,,0.0,0.312344,0.0,0.0,8,,0,0,8,0
metrics,bruteforce,metrics,ABCDE,100,0.95,adv_easy_block,8,0,8,0,0,0,0,8,,,0.0,0.312344,0.0,0.0,8,,0,0,8,0
metrics,bruteforce,metrics,ABCDE,100,0.95,adv_key_leakage,8,8,0,8,0,0,0,0,1.0,1.0,,,0.0,1.0,8,1.0,633,633,8,0
metrics,bruteforce,metrics,ABCDE,100,0.95,adv_cycle,8,0,8,0,0,5,0,3,,,0.625,0.888887,0.080556,0.080556,8,,0,0,8,45
metrics,bruteforce,metrics,ABCDE,150,0.26,none,8,0,8,0,0,0,0,8,,,0.0,0.312344,0.000556,0.000556,8,,0,0,8,0
metrics,bruteforce,metrics,ABCDE,150,0.26,row_skip_1,8,8,0,0,4,0,4,0,0.0,0.5,,,0.820062,0.025617,8,0.527778,36,19,8,18
metrics,bruteforce,metrics,ABCDE,150,0.26,row_skip_2,8,8,0,0,4,0,4,0,0.0,0.5,,,0.82395,0.01284,8,0.59375,32,19,8,28
metrics,bruteforce,metrics,ABCDE,150,0.26,early_full,8,8,0,2,4,0,2,0,0.25,0.75,,,0.530617,0.219506,8,0.980645,155,152,8,17
metrics,bruteforce,metrics,ABCDE,150,0.26,boundary,8,8,0,0,2,0,6,0,0.0,0.25,,,0.810741,0.032963,8,0.487805,41,20,8,18
metrics,bruteforce,metrics,ABCDE,150,0.26,short_local,8,8,0,0,1,0,7,0,0.0,0.125,,,0.968271,0.001605,8,0.0,4,0,8,11
metrics,bruteforce,metrics,ABCDE,150,0.26,whole_section,8,8,0,0,1,0,7,0,0.0,0.125,,,0.909938,0.004383,8,0.166667,42,7,8,5
metrics,bruteforce,metrics,ABCDE,150,0.26,anxiety,8,8,0,0,4,0,4,0,0.0,0.5,,,0.800864,0.023086,8,0.354167,48,17,8,29
metrics,bruteforce,metrics,ABCDE,150,0.26,double_shift,8,8,0,0,6,0,2,0,0.0,0.75,,,0.714197,0.03642,8,0.5,66,33,8,57
metrics,bruteforce,metrics,ABCDE,150,0.26,self_corrected,8,8,0,0,2,0,6,0,0.0,0.25,,,0.83821,0.043765,8,0.142857,14,2,8,42
metrics,bruteforce,metrics,ABCDE,150,0.26,deferred,8,8,0,0,6,0,2,0,0.0,0.75,,,0.657716,0.141049,8,0.746988,83,62,8,27
metrics,bruteforce,metrics,ABCDE,150,0.26,isolated,8,8,0,0,2,0,6,0,0.0,0.25,,,0.895,0.011667,8,,0,0,8,18
metrics,bruteforce,metrics,ABCDE,150,0.26,scanner_blank_1,8,8,0,0,4,0,4,0,0.0,0.5,,,0.725926,0.048148,8,0.75,24,18,8,40
metrics,bruteforce,metrics,ABCDE,150,0.26,scanner_blank_2,8,8,0,0,2,0,6,0,0.0,0.25,,,0.851543,0.023765,8,0.266667,60,16,8,13
metrics,bruteforce,metrics,ABCDE,150,0.26,scanner_row_delete_1,8,8,0,0,0,0,8,0,0.0,0.0,,,,,0,0.0,71,0,8,2
metrics,bruteforce,metrics,ABCDE,150,0.26,scanner_row_delete_2,8,8,0,0,0,0,8,0,0.0,0.0,,,,,0,0.0,57,0,8,7
metrics,bruteforce,metrics,ABCDE,150,0.26,scanner_misread_1,8,0,8,0,0,3,0,5,,,0.375,0.710759,0.014074,0.014074,8,,0,0,8,26
metrics,bruteforce,metrics,ABCDE,150,0.26,scanner_misread_4,8,0,8,0,0,1,0,7,,,0.125,0.470679,0.027346,0.027346,8,,0,0,8,21
metrics,bruteforce,metrics,ABCDE,150,0.26,scanner_faint_1,8,0,8,0,0,3,0,5,,,0.375,0.710759,0.058519,0.058519,8,,0,0,8,50
metrics,bruteforce,metrics,ABCDE,150,0.26,scanner_faint_4,8,0,8,0,0,0,0,8,,,0.0,0.312344,0.001543,0.001543,8,,0,0,8,0
metrics,bruteforce,metrics,ABCDE,150,0.26,scanner_double_4,8,0,8,0,0,5,0,3,,,0.625,0.888887,0.054259,0.054259,8,,0,0,8,51
metrics,bruteforce,metrics,ABCDE,150,0.26,adv_long_runs,8,0,8,0,0,2,0,6,,,0.25,0.599689,0.007531,0.007531,8,,0,0,8,14
metrics,bruteforce,metrics,ABCDE,150,0.26,adv_favourite,8,0,8,0,0,0,0,8,,,0.0,0.312344,0.0,0.0,8,,0,0,8,0
metrics,bruteforce,metrics,ABCDE,150,0.26,adv_easy_block,8,0,8,0,0,0,0,8,,,0.0,0.312344,0.0,0.0,8,,0,0,8,0
metrics,bruteforce,metrics,ABCDE,150,0.26,adv_key_leakage,8,8,0,8,0,0,0,0,1.0,1.0,,,0.0,1.0,8,1.0,930,930,8,0
metrics,bruteforce,metrics,ABCDE,150,0.26,adv_cycle,8,0,8,0,0,5,0,3,,,0.625,0.888887,0.019012,0.019012,8,,0,0,8,37
metrics,bruteforce,metrics,ABCDE,150,0.4,none,8,0,8,0,0,1,0,7,,,0.125,0.470679,0.003025,0.003025,8,,0,0,8,7
metrics,bruteforce,metrics,ABCDE,150,0.4,row_skip_1,8,8,0,0,4,0,4,0,0.0,0.5,,,0.685802,0.174691,8,0.62069,145,90,8,6
metrics,bruteforce,metrics,ABCDE,150,0.4,row_skip_2,8,8,0,0,4,0,4,0,0.0,0.5,,,0.67642,0.131975,8,0.545455,88,48,8,42
metrics,bruteforce,metrics,ABCDE,150,0.4,early_full,8,8,0,4,4,0,0,0,0.5,1.0,,,0.187963,0.493519,8,0.995536,224,223,8,14
metrics,bruteforce,metrics,ABCDE,150,0.4,boundary,8,8,0,0,1,0,7,0,0.0,0.125,,,0.958642,0.003087,8,0.1,70,7,8,1
metrics,bruteforce,metrics,ABCDE,150,0.4,short_local,8,8,0,0,2,0,6,0,0.0,0.25,,,0.884568,0.017901,8,0.0,2,0,8,31
metrics,bruteforce,metrics,ABCDE,150,0.4,whole_section,8,8,0,0,2,0,6,0,0.0,0.25,,,0.920123,0.009012,8,0.171875,64,11,8,20
metrics,bruteforce,metrics,ABCDE,150,0.4,anxiety,8,8,0,0,2,0,6,0,0.0,0.25,,,0.756481,0.09537,8,0.650602,83,54,8,6
metrics,bruteforce,metrics,ABCDE,150,0.4,double_shift,8,8,0,0,4,0,4,0,0.0,0.5,,,0.696296,0.074074,8,0.461538,130,60,8,2
metrics,bruteforce,metrics,ABCDE,150,0.4,self_corrected,8,8,0,0,1,0,7,0,0.0,0.125,,,0.955,0.005,8,0.121951,41,5,8,4
metrics,bruteforce,metrics,ABCDE,150,0.4,deferred,8,8,0,0,2,0,6,0,0.0,0.25,,,0.761111,0.161111,8,0.700935,107,75,8,13
metrics,bruteforce,metrics,ABCDE,150,0.4,isolated,8,8,0,0,1,0,7,0,0.0,0.125,,,0.930555,0.013889,8,0.0,7,0,8,15
metrics,bruteforce,metrics,ABCDE,150,0.4,scanner_blank_1,8,8,0,0,2,0,6,0,0.0,0.25,,,0.893271,0.009938,8,0.160714,56,9,8,13
metrics,bruteforce,metrics,ABCDE,150,0.4,scanner_blank_2,8,8,0,0,2,0,6,0,0.0,0.25,,,0.862407,0.023519,8,0.380952,42,16,8,13
metrics,bruteforce,metrics,ABCDE,150,0.4,scanner_row_delete_1,8,8,0,0,0,0,8,0,0.0,0.0,,,,,0,0.0,53,0,8,2
metrics,bruteforce,metrics,ABCDE,150,0.4,scanner_row_delete_2,8,8,0,0,0,0,8,0,0.0,0.0,,,,,0,0.0,97,0,8,12
metrics,bruteforce,metrics,ABCDE,150,0.4,scanner_misread_1,8,0,8,0,0,0,0,8,,,0.0,0.312344,0.0,0.0,8,,0,0,8,0
metrics,bruteforce,metrics,ABCDE,150,0.4,scanner_misread_4,8,0,8,0,0,1,0,7,,,0.125,0.470679,0.022284,0.022284,8,,0,0,8,19
metrics,bruteforce,metrics,ABCDE,150,0.4,scanner_faint_1,8,0,8,0,0,2,0,6,,,0.25,0.599689,0.011482,0.011482,8,,0,0,8,19
metrics,bruteforce,metrics,ABCDE,150,0.4,scanner_faint_4,8,0,8,0,0,0,0,8,,,0.0,0.312344,0.000988,0.000988,8,,0,0,8,0
metrics,bruteforce,metrics,ABCDE,150,0.4,scanner_double_4,8,0,8,0,0,1,0,7,,,0.125,0.470679,0.003951,0.003951,8,,0,0,8,8
metrics,bruteforce,metrics,ABCDE,150,0.4,adv_long_runs,8,0,8,0,0,3,0,5,,,0.375,0.710759,0.006173,0.006173,8,,0,0,8,16
metrics,bruteforce,metrics,ABCDE,150,0.4,adv_favourite,8,0,8,0,0,0,0,8,,,0.0,0.312344,0.0,0.0,8,,0,0,8,0
metrics,bruteforce,metrics,ABCDE,150,0.4,adv_easy_block,8,0,8,0,0,0,0,8,,,0.0,0.312344,0.0,0.0,8,,0,0,8,0
metrics,bruteforce,metrics,ABCDE,150,0.4,adv_key_leakage,8,8,0,8,0,0,0,0,1.0,1.0,,,0.0,1.0,8,1.0,927,927,8,0
metrics,bruteforce,metrics,ABCDE,150,0.4,adv_cycle,8,0,8,0,0,6,0,2,,,0.75,0.953611,0.030556,0.030556,8,,0,0,8,51
metrics,bruteforce,metrics,ABCDE,150,0.55,none,8,0,8,0,0,0,0,8,,,0.0,0.312344,0.0,0.0,8,,0,0,8,0
metrics,bruteforce,metrics,ABCDE,150,0.55,row_skip_1,8,8,0,0,2,0,6,0,0.0,0.25,,,0.857778,0.057778,8,0.375,96,36,8,11
metrics,bruteforce,metrics,ABCDE,150,0.55,row_skip_2,8,8,0,0,2,0,6,0,0.0,0.25,,,0.809321,0.137099,8,0.468254,126,59,8,1
metrics,bruteforce,metrics,ABCDE,150,0.55,early_full,8,8,0,4,4,0,0,0,0.5,1.0,,,0.097222,0.736111,8,0.978723,329,322,8,0
metrics,bruteforce,metrics,ABCDE,150,0.55,boundary,8,8,0,0,0,0,8,0,0.0,0.0,,,1.0,0.0,8,0.0,55,0,8,1
metrics,bruteforce,metrics,ABCDE,150,0.55,short_local,8,8,0,0,0,0,8,0,0.0,0.0,,,1.0,0.0,8,0.0,24,0,8,2
metrics,bruteforce,metrics,ABCDE,150,0.55,whole_section,8,8,0,0,2,0,6,0,0.0,0.25,,,0.877901,0.011234,8,0.098837,172,17,8,0
metrics,bruteforce,metrics,ABCDE,150,0.55,anxiety,8,8,0,0,3,0,5,0,0.0,0.375,,,0.754444,0.076667,8,0.294521,146,43,8,14
metrics,bruteforce,metrics,ABCDE,150,0.55,double_shift,8,8,0,0,4,0,4,0,0.0,0.5,,,0.628148,0.161482,8,0.474227,194,92,8,13
metrics,bruteforce,metrics,ABCDE,150,0.55,self_corrected,8,8,0,0,0,0,8,0,0.0,0.0,,,0.978765,0.000988,8,0.0,33,0,8,2
metrics,bruteforce,metrics,ABCDE,150,0.55,deferred,8,8,0,0,1,0,7,0,0.0,0.125,,,0.860864,0.094198,8,0.428571,91,39,8,1
metrics,bruteforce,metrics,ABCDE,150,0.55,isolated,8,8,0,0,0,0,8,0,0.0,0.0,,,0.978765,0.000988,8,0.0,5,0,8,3
metrics,bruteforce,metrics,ABCDE,150,0.55,scanner_blank_1,8,8,0,0,2,0,6,0,0.0,0.25,,,0.800123,0.133457,8,0.437956,137,60,8,5
metrics,bruteforce,metrics,ABCDE,150,0.55,scanner_blank_2,8,8,0,0,1,0,7,0,0.0,0.125,,,0.927346,0.010679,8,0.095588,136,13,8,0
metrics,bruteforce,metrics,ABCDE,150,0.55,scanner_row_delete_1,8,8,0,0,0,0,8,0,0.0,0.0,,,,,0,0.0,135,0,8,7
metrics,bruteforce,metrics,ABCDE,150,0.55,scanner_row_delete_2,8,8,0,0,0,0,8,0,0.0,0.0,,,,,0,0.0,155,0,8,0
metrics,bruteforce,metrics,ABCDE,150,0.55,scanner_misread_1,8,0,8,0,0,1,0,7,,,0.125,0.470679,0.005,0.005,8,,0,0,8,9
metrics,bruteforce,metrics,ABCDE,150,0.55,scanner_misread_4,8,0,8,0,0,1,0,7,,,0.125,0.470679,0.008889,0.008889,8,,0,0,8,12
metrics,bruteforce,metrics,ABCDE,150,0.55,scanner_faint_1,8,0,8,0,0,0,0,8,,,0.0,0.312344,0.0,0.0,8,,0,0,8,0
metrics,bruteforce,metrics,ABCDE,150,0.55,scanner_faint_4,8,0,8,0,0,0,0,8,,,0.0,0.312344,0.000247,0.000247,8,,0,0,8,0
metrics,bruteforce,metrics,ABCDE,150,0.55,scanner_double_4,8,0,8,0,0,0,0,8,,,0.0,0.312344,0.0,0.0,8,,0,0,8,0
metrics,bruteforce,metrics,ABCDE,150,0.55,adv_long_runs,8,0,8,0,0,3,0,5,,,0.375,0.710759,0.008272,0.008272,8,,0,0,8,19
metrics,bruteforce,metrics,ABCDE,150,0.55,adv_favourite,8,0,8,0,0,0,0,8,,,0.0,0.312344,0.0,0.0,8,,0,0,8,0
metrics,bruteforce,metrics,ABCDE,150,0.55,adv_easy_block,8,0,8,0,0,0,0,8,,,0.0,0.312344,0.0,0.0,8,,0,0,8,0
metrics,bruteforce,metrics,ABCDE,150,0.55,adv_key_leakage,8,8,0,8,0,0,0,0,1.0,1.0,,,0.0,1.0,8,1.0,952,952,8,0
metrics,bruteforce,metrics,ABCDE,150,0.55,adv_cycle,8,0,8,0,0,4,0,4,,,0.5,0.807097,0.024136,0.024136,8,,0,0,8,33
metrics,bruteforce,metrics,ABCDE,150,0.7,none,8,0,8,0,0,0,0,8,,,0.0,0.312344,0.0,0.0,8,,0,0,8,0
metrics,bruteforce,metrics,ABCDE,150,0.7,row_skip_1,8,8,0,0,2,0,6,0,0.0,0.25,,,0.827531,0.083086,8,0.338235,136,46,8,0
metrics,bruteforce,metrics,ABCDE,150,0.7,row_skip_2,8,8,0,0,4,0,4,0,0.0,0.5,,,0.560556,0.288333,8,0.507692,260,132,8,0
metrics,bruteforce,metrics,ABCDE,150,0.7,early_full,8,8,0,3,4,0,1,0,0.375,0.875,,,0.177099,0.73821,8,0.979167,384,376,8,12
metrics,bruteforce,metrics,ABCDE,150,0.7,boundary,8,8,0,0,2,0,6,0,0.0,0.25,,,0.862901,0.024012,8,0.152439,164,25,8,0
metrics,bruteforce,metrics,ABCDE,150,0.7,short_local,8,8,0,0,0,0,8,0,0.0,0.0,,,1.0,0.0,8,0.0,19,0,8,0
metrics,bruteforce,metrics,ABCDE,150,0.7,whole_section,8,8,0,0,2,0,6,0,0.0,0.25,,,0.884938,0.018272,8,0.123077,195,24,8,0
metrics,bruteforce,metrics,ABCDE,150,0.7,anxiety,8,8,0,0,4,0,4,0,0.0,0.5,,,0.632407,0.193519,8,0.397727,264,105,8,16
metrics,bruteforce,metrics,ABCDE,150,0.7,double_shift,8,8,0,0,4,0,4,0,0.0,0.5,,,0.676111,0.115,8,0.306452,248,76,8,12
metrics,bruteforce,metrics,ABCDE,150,0.7,self_corrected,8,8,0,0,0,0,8,0,0.0,0.0,,,1.0,0.0,8,0.0,69,0,8,0
metrics,bruteforce,metrics,ABCDE,150,0.7,deferred,8,8,0,0,1,0,7,0,0.0,0.125,,,0.875247,0.114136,8,0.320896,134,43,8,0
metrics,bruteforce,metrics,ABCDE,150,0.7,isolated,8,8,0,0,0,0,8,0,0.0,0.0,,,1.0,0.0,8,0.0,6,0,8,0
metrics,bruteforce,metrics,ABCDE,150,0.7,scanner_blank_1,8,8,0,0,3,0,5,0,0.0,0.375,,,0.781852,0.092963,8,0.27451,204,56,8,0
metrics,bruteforce,metrics,ABCDE,150,0.7,scanner_blank_2,8,8,0,0,3,0,5,0,0.0,0.375,,,0.698642,0.198642,8,0.528409,176,93,8,8
metrics,bruteforce,metrics,ABCDE,150,0.7,scanner_row_delete_1,8,8,0,0,0,0,8,0,0.0,0.0,,,,,0,0.0,189,0,8,0
metrics,bruteforce,metrics,ABCDE,150,0.7,scanner_row_delete_2,8,8,0,0,0,0,8,0,0.0,0.0,,,,,0,0.0,269,0,8,0
metrics,bruteforce,metrics,ABCDE,150,0.7,scanner_misread_1,8,0,8,0,0,1,0,7,,,0.125,0.470679,0.006173,0.006173,8,,0,0,8,10
metrics,bruteforce,metrics,ABCDE,150,0.7,scanner_misread_4,8,0,8,0,0,1,0,7,,,0.125,0.470679,0.001543,0.001543,8,,0,0,8,5
metrics,bruteforce,metrics,ABCDE,150,0.7,scanner_faint_1,8,0,8,0,0,1,0,7,,,0.125,0.470679,0.014444,0.014444,8,,0,0,8,15
metrics,bruteforce,metrics,ABCDE,150,0.7,scanner_faint_4,8,0,8,0,0,1,0,7,,,0.125,0.470679,0.001543,0.001543,8,,0,0,8,5
metrics,bruteforce,metrics,ABCDE,150,0.7,scanner_double_4,8,0,8,0,0,1,0,7,,,0.125,0.470679,0.013889,0.013889,8,,0,0,8,15
metrics,bruteforce,metrics,ABCDE,150,0.7,adv_long_runs,8,0,8,0,0,2,0,6,,,0.25,0.599689,0.006111,0.006111,8,,0,0,8,13
metrics,bruteforce,metrics,ABCDE,150,0.7,adv_favourite,8,0,8,0,0,0,0,8,,,0.0,0.312344,0.0,0.0,8,,0,0,8,0
metrics,bruteforce,metrics,ABCDE,150,0.7,adv_easy_block,8,0,8,0,0,0,0,8,,,0.0,0.312344,0.0,0.0,8,,0,0,8,0
metrics,bruteforce,metrics,ABCDE,150,0.7,adv_key_leakage,8,8,0,8,0,0,0,0,1.0,1.0,,,0.0,1.0,8,1.0,972,972,8,0
metrics,bruteforce,metrics,ABCDE,150,0.7,adv_cycle,8,0,8,0,0,6,0,2,,,0.75,0.953611,0.053704,0.053704,8,,0,0,8,65
metrics,bruteforce,metrics,ABCDE,150,0.85,none,8,0,8,0,0,1,0,7,,,0.125,0.470679,0.003025,0.003025,8,,0,0,8,7
metrics,bruteforce,metrics,ABCDE,150,0.85,row_skip_1,8,8,0,0,3,0,5,0,0.0,0.375,,,0.711173,0.205617,8,0.484305,223,108,8,5
metrics,bruteforce,metrics,ABCDE,150,0.85,row_skip_2,8,8,0,0,2,0,6,0,0.0,0.25,,,0.825617,0.131173,8,0.249012,253,63,8,3
metrics,bruteforce,metrics,ABCDE,150,0.85,early_full,8,8,0,0,8,0,0,0,0.0,1.0,,,0.045247,0.884136,8,0.97479,595,580,8,7
metrics,bruteforce,metrics,ABCDE,150,0.85,boundary,8,8,0,0,1,0,7,0,0.0,0.125,,,0.946358,0.007469,8,0.07483,147,11,8,0
metrics,bruteforce,metrics,ABCDE,150,0.85,short_local,8,8,0,0,0,0,8,0,0.0,0.0,,,1.0,0.0,8,0.0,20,0,8,5
metrics,bruteforce,metrics,ABCDE,150,0.85,whole_section,8,8,0,0,1,0,7,0,0.0,0.125,,,0.920988,0.009876,8,0.052174,230,12,8,0
metrics,bruteforce,metrics,ABCDE,150,0.85,anxiety,8,8,0,0,5,0,3,0,0.0,0.625,,,0.375,0.625,8,0.650407,492,320,8,0
metrics,bruteforce,metrics,ABCDE,150,0.85,double_shift,8,8,0,0,3,0,5,0,0.0,0.375,,,0.671481,0.193704,8,0.293255,341,100,8,7
metrics,bruteforce,metrics,ABCDE,150,0.85,self_corrected,8,8,0,0,0,0,8,0,0.0,0.0,,,1.0,0.0,8,0.0,82,0,8,0
metrics,bruteforce,metrics,ABCDE,150,0.85,deferred,8,8,0,0,3,0,5,0,0.0,0.375,,,0.697654,0.25321,8,0.346801,297,103,8,0
metrics,bruteforce,metrics,ABCDE,150,0.85,isolated,8,8,0,0,0,0,8,0,0.0,0.0,,,1.0,0.0,8,0.0,10,0,8,0
metrics,bruteforce,metrics,ABCDE,150,0.85,scanner_blank_1,8,8,0,0,4,0,4,0,0.0,0.5,,,0.608086,0.19142,8,0.360784,255,92,8,15
metrics,bruteforce,metrics,ABCDE,150,0.85,scanner_blank_2,8,8,0,0,1,0,7,0,0.0,0.125,,,0.875,0.125,8,0.237154,253,60,8,0
metrics,bruteforce,metrics,ABCDE,150,0.85,scanner_row_delete_1,8,8,0,0,0,0,8,0,0.0,0.0,,,,,0,0.0,131,0,8,6
metrics,bruteforce,metrics,ABCDE,150,0.85,scanner_row_delete_2,8,8,0,0,0,0,8,0,0.0,0.0,,,,,0,0.0,246,0,8,0
metrics,bruteforce,metrics,ABCDE,150,0.85,scanner_misread_1,8,0,8,0,0,0,0,8,,,0.0,0.312344,6.2e-05,6.2e-05,8,,0,0,8,0
metrics,bruteforce,metrics,ABCDE,150,0.85,scanner_misread_4,8,0,8,0,0,0,0,8,,,0.0,0.312344,0.0,0.0,8,,0,0,8,0
metrics,bruteforce,metrics,ABCDE,150,0.85,scanner_faint_1,8,0,8,0,0,0,0,8,,,0.0,0.312344,0.0,0.0,8,,0,0,8,0
metrics,bruteforce,metrics,ABCDE,150,0.85,scanner_faint_4,8,0,8,0,0,0,0,8,,,0.0,0.312344,0.000556,0.000556,8,,0,0,8,0
metrics,bruteforce,metrics,ABCDE,150,0.85,scanner_double_4,8,0,8,0,0,0,0,8,,,0.0,0.312344,0.0,0.0,8,,0,0,8,0
metrics,bruteforce,metrics,ABCDE,150,0.85,adv_long_runs,8,0,8,0,0,1,0,7,,,0.125,0.470679,0.006296,0.006296,8,,0,0,8,8
metrics,bruteforce,metrics,ABCDE,150,0.85,adv_favourite,8,0,8,0,0,0,0,8,,,0.0,0.312344,0.0,0.0,8,,0,0,8,0
metrics,bruteforce,metrics,ABCDE,150,0.85,adv_easy_block,8,0,8,0,0,0,0,8,,,0.0,0.312344,0.0,0.0,8,,0,0,8,0
metrics,bruteforce,metrics,ABCDE,150,0.85,adv_key_leakage,8,8,0,8,0,0,0,0,1.0,1.0,,,0.0,1.0,8,1.0,943,943,8,0
metrics,bruteforce,metrics,ABCDE,150,0.85,adv_cycle,8,0,8,0,0,4,0,4,,,0.5,0.807097,0.028148,0.028148,8,,0,0,8,40
metrics,bruteforce,metrics,ABCDE,150,0.95,none,8,0,8,0,0,0,0,8,,,0.0,0.312344,0.0,0.0,8,,0,0,8,0
metrics,bruteforce,metrics,ABCDE,150,0.95,row_skip_1,8,8,0,0,4,0,4,0,0.0,0.5,,,0.604321,0.29321,8,0.47651,298,142,8,4
metrics,bruteforce,metrics,ABCDE,150,0.95,row_skip_2,8,8,0,0,3,0,5,0,0.0,0.375,,,0.704877,0.165988,8,0.32549,255,83,8,0
metrics,bruteforce,metrics,ABCDE,150,0.95,early_full,8,8,0,1,7,0,0,0,0.125,1.0,,,0.067222,0.883889,8,0.981579,760,746,8,11
metrics,bruteforce,metrics,ABCDE,150,0.95,boundary,8,8,0,0,3,0,5,0,0.0,0.375,,,0.852963,0.01963,8,0.177778,90,16,8,17
metrics,bruteforce,metrics,ABCDE,150,0.95,short_local,8,8,0,0,0,0,8,0,0.0,0.0,,,1.0,0.0,8,0.0,36,0,8,0
metrics,bruteforce,metrics,ABCDE,150,0.95,whole_section,8,8,0,0,1,0,7,0,0.0,0.125,,,0.94679,0.002346,8,0.013298,376,5,8,0
metrics,bruteforce,metrics,ABCDE,150,0.95,anxiety,8,8,0,0,2,0,6,0,0.0,0.25,,,0.834012,0.050679,8,0.161826,241,39,8,16
metrics,bruteforce,metrics,ABCDE,150,0.95,double_shift,8,8,0,0,6,0,2,0,0.0,0.75,,,0.409383,0.409383,8,0.433054,478,207,8,5
metrics,bruteforce,metrics,ABCDE,150,0.95,self_corrected,8,8,0,0,0,0,8,0,0.0,0.0,,,1.0,0.0,8,0.0,115,0,8,0
metrics,bruteforce,metrics,ABCDE,150,0.95,deferred,8,8,0,0,2,0,6,0,0.0,0.25,,,0.849753,0.105309,8,0.172932,266,46,8,0
metrics,bruteforce,metrics,ABCDE,150,0.95,isolated,8,8,0,0,0,0,8,0,0.0,0.0,,,1.0,0.0,8,0.0,14,0,8,0
metrics,bruteforce,metrics,ABCDE,150,0.95,scanner_blank_1,8,8,0,0,4,0,4,0,0.0,0.5,,,0.478765,0.500988,8,0.521739,529,276,8,0
metrics,bruteforce,metrics,ABCDE,150,0.95,scanner_blank_2,8,8,0,0,3,0,5,0,0.0,0.375,,,0.666728,0.272284,8,0.423729,295,125,8,9
metrics,bruteforce,metrics,ABCDE,150,0.95,scanner_row_delete_1,8,8,0,0,0,0,8,0,0.0,0.0,,,,,0,0.0,458,0,8,0
metrics,bruteforce,metrics,ABCDE,150,0.95,scanner_row_delete_2,8,8,0,0,0,0,8,0,0.0,0.0,,,,,0,0.0,249,0,8,7
metrics,bruteforce,metrics,ABCDE,150,0.95,scanner_misread_1,8,0,8,0,0,1,0,7,,,0.125,0.470679,0.003025,0.003025,8,,0,0,8,7
metrics,bruteforce,metrics,ABCDE,150,0.95,scanner_misread_4,8,0,8,0,0,0,0,8,,,0.0,0.312344,0.0,0.0,8,,0,0,8,0
metrics,bruteforce,metrics,ABCDE,150,0.95,scanner_faint_1,8,0,8,0,0,2,0,6,,,0.25,0.599689,0.005247,0.005247,8,,0,0,8,13
metrics,bruteforce,metrics,ABCDE,150,0.95,scanner_faint_4,8,0,8,0,0,1,0,7,,,0.125,0.470679,0.003951,0.003951,8,,0,0,8,8
metrics,bruteforce,metrics,ABCDE,150,0.95,scanner_double_4,8,0,8,0,0,0,0,8,,,0.0,0.312344,0.0,0.0,8,,0,0,8,0
metrics,bruteforce,metrics,ABCDE,150,0.95,adv_long_runs,8,0,8,0,0,4,0,4,,,0.5,0.807097,0.014445,0.014445,8,,0,0,8,30
metrics,bruteforce,metrics,ABCDE,150,0.95,adv_favourite,8,0,8,0,0,0,0,8,,,0.0,0.312344,0.0,0.0,8,,0,0,8,0
metrics,bruteforce,metrics,ABCDE,150,0.95,adv_easy_block,8,0,8,0,0,0,0,8,,,0.0,0.312344,0.0,0.0,8,,0,0,8,0
metrics,bruteforce,metrics,ABCDE,150,0.95,adv_key_leakage,8,8,0,8,0,0,0,0,1.0,1.0,,,0.0,1.0,8,1.0,944,944,8,0
metrics,bruteforce,metrics,ABCDE,150,0.95,adv_cycle,8,0,8,0,0,4,0,4,,,0.5,0.807097,0.018272,0.018272,8,,0,0,8,32
metrics,lcs,metrics,ABCD,46,0.26,none,8,0,8,0,0,8,0,0,,,1.0,1.0,,,0,,0,0,8,103
metrics,lcs,metrics,ABCD,46,0.26,row_skip_1,8,8,0,0,8,0,0,0,0.0,1.0,,,,,0,1.0,9,9,8,122
metrics,lcs,metrics,ABCD,46,0.26,row_skip_2,8,8,0,0,8,0,0,0,0.0,1.0,,,,,0,1.0,11,11,8,96
metrics,lcs,metrics,ABCD,46,0.26,early_full,8,8,0,0,8,0,0,0,0.0,1.0,,,,,0,1.0,57,57,8,79
metrics,lcs,metrics,ABCD,46,0.26,boundary,8,8,0,0,8,0,0,0,0.0,1.0,,,,,0,1.0,3,3,8,124
metrics,lcs,metrics,ABCD,46,0.26,short_local,8,8,0,0,8,0,0,0,0.0,1.0,,,,,0,1.0,10,10,8,126
metrics,lcs,metrics,ABCD,46,0.26,whole_section,8,8,0,0,8,0,0,0,0.0,1.0,,,,,0,1.0,11,11,8,104
metrics,lcs,metrics,ABCD,46,0.26,anxiety,8,8,0,0,8,0,0,0,0.0,1.0,,,,,0,1.0,9,9,8,115
metrics,lcs,metrics,ABCD,46,0.26,double_shift,8,8,0,0,8,0,0,0,0.0,1.0,,,,,0,1.0,25,25,8,120
metrics,lcs,metrics,ABCD,46,0.26,self_corrected,8,8,0,0,8,0,0,0,0.0,1.0,,,,,0,1.0,17,17,8,119
metrics,lcs,metrics,ABCD,46,0.26,deferred,8,8,0,0,8,0,0,0,0.0,1.0,,,,,0,1.0,18,18,8,106
metrics,lcs,metrics,ABCD,46,0.26,isolated,8,8,0,0,8,0,0,0,0.0,1.0,,,,,0,1.0,3,3,8,136
metrics,lcs,metrics,ABCD,46,0.26,scanner_blank_1,8,8,0,0,8,0,0,0,0.0,1.0,,,,,0,1.0,15,15,8,119
metrics,lcs,metrics,ABCD,46,0.26,scanner_blank_2,8,8,0,0,8,0,0,0,0.0,1.0,,,,,0,1.0,32,32,8,89
metrics,lcs,metrics,ABCD,46,0.26,scanner_row_delete_1,8,8,0,0,0,0,8,0,0.0,0.0,,,,,0,0.0,28,0,8,10
metrics,lcs,metrics,ABCD,46,0.26,scanner_row_delete_2,8,8,0,0,0,0,8,0,0.0,0.0,,,,,0,0.0,13,0,8,13
metrics,lcs,metrics,ABCD,46,0.26,scanner_misread_1,8,0,8,0,0,8,0,0,,,1.0,1.0,,,0,,0,0,8,122
metrics,lcs,metrics,ABCD,46,0.26,scanner_misread_4,8,0,8,0,0,8,0,0,,,1.0,1.0,,,0,,0,0,8,121
metrics,lcs,metrics,ABCD,46,0.26,scanner_faint_1,8,0,8,0,0,8,0,0,,,1.0,1.0,,,0,,0,0,8,118
metrics,lcs,metrics,ABCD,46,0.26,scanner_faint_4,8,0,8,0,0,8,0,0,,,1.0,1.0,,,0,,0,0,8,133
metrics,lcs,metrics,ABCD,46,0.26,scanner_double_4,8,0,8,0,0,8,0,0,,,1.0,1.0,,,0,,0,0,8,139
metrics,lcs,metrics,ABCD,46,0.26,adv_long_runs,8,0,8,0,0,8,0,0,,,1.0,1.0,,,0,,0,0,8,58
metrics,lcs,metrics,ABCD,46,0.26,adv_favourite,8,0,8,0,0,0,0,8,,,0.0,0.312344,,,0,,0,0,8,0
metrics,lcs,metrics,ABCD,46,0.26,adv_easy_block,8,0,8,0,0,8,0,0,,,1.0,1.0,,,0,,0,0,8,57
metrics,lcs,metrics,ABCD,46,0.26,adv_key_leakage,8,8,0,0,8,0,0,0,0.0,1.0,,,,,0,1.0,267,267,8,0
metrics,lcs,metrics,ABCD,46,0.26,adv_cycle,8,0,8,0,0,8,0,0,,,1.0,1.0,,,0,,0,0,8,152
metrics,lcs,metrics,ABCD,46,0.4,none,8,0,8,0,0,8,0,0,,,1.0,1.0,,,0,,0,0,8,90
metrics,lcs,metrics,ABCD,46,0.4,row_skip_1,8,8,0,0,8,0,0,0,0.0,1.0,,,,,0,1.0,16,16,8,102
metrics,lcs,metrics,ABCD,46,0.4,row_skip_2,8,8,0,0,8,0,0,0,0.0,1.0,,,,,0,1.0,24,24,8,98
metrics,lcs,metrics,ABCD,46,0.4,early_full,8,8,0,0,8,0,0,0,0.0,1.0,,,,,0,1.0,52,52,8,75
metrics,lcs,metrics,ABCD,46,0.4,boundary,8,8,0,0,8,0,0,0,0.0,1.0,,,,,0,1.0,9,9,8,93
metrics,lcs,metrics,ABCD,46,0.4,short_local,8,8,0,0,8,0,0,0,0.0,1.0,,,,,0,1.0,11,11,8,96
metrics,lcs,metrics,ABCD,46,0.4,whole_section,8,8,0,0,8,0,0,0,0.0,1.0,,,,,0,1.0,30,30,8,62
metrics,lcs,metrics,ABCD,46,0.4,anxiety,8,8,0,0,8,0,0,0,0.0,1.0,,,,,0,1.0,18,18,8,95
metrics,lcs,metrics,ABCD,46,0.4,double_shift,8,8,0,0,8,0,0,0,0.0,1.0,,,,,0,1.0,23,23,8,84
metrics,lcs,metrics,ABCD,46,0.4,self_corrected,8,8,0,0,8,0,0,0,0.0,1.0,,,,,0,1.0,24,24,8,102
metrics,lcs,metrics,ABCD,46,0.4,deferred,8,8,0,0,8,0,0,0,0.0,1.0,,,,,0,1.0,23,23,8,108
metrics,lcs,metrics,ABCD,46,0.4,isolated,8,8,0,0,8,0,0,0,0.0,1.0,,,,,0,1.0,3,3,8,77
metrics,lcs,metrics,ABCD,46,0.4,scanner_blank_1,8,8,0,0,8,0,0,0,0.0,1.0,,,,,0,1.0,38,38,8,65
metrics,lcs,metrics,ABCD,46,0.4,scanner_blank_2,8,8,0,0,8,0,0,0,0.0,1.0,,,,,0,1.0,27,27,8,100
metrics,lcs,metrics,ABCD,46,0.4,scanner_row_delete_1,8,8,0,0,0,0,8,0,0.0,0.0,,,,,0,0.0,23,0,8,5
metrics,lcs,metrics,ABCD,46,0.4,scanner_row_delete_2,8,8,0,0,0,0,8,0,0.0,0.0,,,,,0,0.0,39,0,8,1
metrics,lcs,metrics,ABCD,46,0.4,scanner_misread_1,8,0,8,0,0,8,0,0,,,1.0,1.0,,,0,,0,0,8,101
metrics,lcs,metrics,ABCD,46,0.4,scanner_misread_4,8,0,8,0,0,8,0,0,,,1.0,1.0,,,0,,0,0,8,87
metrics,lcs,metrics,ABCD,46,0.4,scanner_faint_1,8,0,8,0,0,8,0,0,,,1.0,1.0,,,0,,0,0,8,70
metrics,lcs,metrics,ABCD,46,0.4,scanner_faint_4,8,0,8,0,0,8,0,0,,,1.0,1.0,,,0,,0,0,8,74
metrics,lcs,metrics,ABCD,46,0.4,scanner_double_4,8,0,8,0,0,8,0,0,,,1.0,1.0,,,0,,0,0,8,85
metrics,lcs,metrics,ABCD,46,0.4,adv_long_runs,8,0,8,0,0,8,0,0,,,1.0,1.0,,,0,,0,0,8,61
metrics,lcs,metrics,ABCD,46,0.4,adv_favourite,8,0,8,0,0,0,0,8,,,0.0,0.312344,,,0,,0,0,8,0
metrics,lcs,metrics,ABCD,46,0.4,adv_easy_block,8,0,8,0,0,8,0,0,,,1.0,1.0,,,0,,0,0,8,65
metrics,lcs,metrics,ABCD,46,0.4,adv_key_leakage,8,8,0,0,8,0,0,0,0.0,1.0,,,,,0,1.0,271,271,8,0
metrics,lcs,metrics,ABCD,46,0.4,adv_cycle,8,0,8,0,0,8,0,0,,,1.0,1.0,,,0,,0,0,8,133
metrics,lcs,metrics,ABCD,46,0.55,none,8,0,8,0,0,8,0,0,,,1.0,1.0,,,0,,0,0,8,51
metrics,lcs,metrics,ABCD,46,0.55,row_skip_1,8,8,0,0,8,0,0,0,0.0,1.0,,,,,0,1.0,43,43,8,56
metrics,lcs,metrics,ABCD,46,0.55,row_skip_2,8,8,0,0,8,0,0,0,0.0,1.0,,,,,0,1.0,45,45,8,67
metrics,lcs,metrics,ABCD,46,0.55,early_full,8,8,0,0,8,0,0,0,0.0,1.0,,,,,0,1.0,80,80,8,57
metrics,lcs,metrics,ABCD,46,0.55,boundary,8,8,0,0,8,0,0,0,0.0,1.0,,,,,0,1.0,21,21,8,56
metrics,lcs,metrics,ABCD,46,0.55,short_local,8,8,0,0,8,0,0,0,0.0,1.0,,,,,0,1.0,13,13,8,87
metrics,lcs,metrics,ABCD,46,0.55,whole_section,8,8,0,0,8,0,0,0,0.0,1.0,,,,,0,1.0,55,55,8,39
metrics,lcs,metrics,ABCD,46,0.55,anxiety,8,8,0,0,8,0,0,0,0.0,1.0,,,,,0,1.0,51,51,8,57
metrics,lcs,metrics,ABCD,46,0.55,double_shift,8,8,0,0,8,0,0,0,0.0,1.0,,,,,0,1.0,44,44,8,76
metrics,lcs,metrics,ABCD,46,0.55,self_corrected,8,8,0,0,8,0,0,0,0.0,1.0,,,,,0,1.0,50,50,8,35
metrics,lcs,metrics,ABCD,46,0.55,deferred,8,8,0,0,8,0,0,0,0.0,1.0,,,,,0,1.0,44,44,8,65
metrics,lcs,metrics,ABCD,46,0.55,isolated,8,8,0,0,8,0,0,0,0.0,1.0,,,,,0,1.0,5,5,8,84
metrics,lcs,metrics,ABCD,46,0.55,scanner_blank_1,8,8,0,0,8,0,0,0,0.0,1.0,,,,,0,1.0,57,57,8,47
metrics,lcs,metrics,ABCD,46,0.55,scanner_blank_2,8,8,0,0,8,0,0,0,0.0,1.0,,,,,0,1.0,51,51,8,46
metrics,lcs,metrics,ABCD,46,0.55,scanner_row_delete_1,8,8,0,0,0,0,8,0,0.0,0.0,,,,,0,0.0,50,0,8,4
metrics,lcs,metrics,ABCD,46,0.55,scanner_row_delete_2,8,8,0,0,0,0,8,0,0.0,0.0,,,,,0,0.0,51,0,8,0
metrics,lcs,metrics,ABCD,46,0.55,scanner_misread_1,8,0,8,0,0,8,0,0,,,1.0,1.0,,,0,,0,0,8,60
metrics,lcs,metrics,ABCD,46,0.55,scanner_misread_4,8,0,8,0,0,8,0,0,,,1.0,1.0,,,0,,0,0,8,74
metrics,lcs,metrics,ABCD,46,0.55,scanner_faint_1,8,0,8,0,0,8,0,0,,,1.0,1.0,,,0,,0,0,8,75
metrics,lcs,metrics,ABCD,46,0.55,scanner_faint_4,8,0,8,0,0,8,0,0,,,1.0,1.0,,,0,,0,0,8,87
metrics,lcs,metrics,ABCD,46,0.55,scanner_double_4,8,0,8,0,0,8,0,0,,,1.0,1.0,,,0,,0,0,8,78
metrics,lcs,metrics,ABCD,46,0.55,adv_long_runs,8,0,8,0,0,8,0,0,,,1.0,1.0,,,0,,0,0,8,68
metrics,lcs,metrics,ABCD,46,0.55,adv_favourite,8,0,8,0,0,0,0,8,,,0.0,0.312344,,,0,,0,0,8,0
metrics,lcs,metrics,ABCD,46,0.55,adv_easy_block,8,0,8,0,0,8,0,0,,,1.0,1.0,,,0,,0,0,8,55
metrics,lcs,metrics,ABCD,46,0.55,adv_key_leakage,8,8,0,0,8,0,0,0,0.0,1.0,,,,,0,1.0,270,270,8,0
metrics,lcs,metrics,ABCD,46,0.55,adv_cycle,8,0,8,0,0,8,0,0,,,1.0,1.0,,,0,,0,0,8,139
metrics,lcs,metrics,ABCD,46,0.7,none,8,0,8,0,0,7,0,1,,,0.875,0.993609,,,0,,0,0,8,35
metrics,lcs,metrics,ABCD,46,0.7,row_skip_1,8,8,0,0,8,0,0,0,0.0,1.0,,,,,0,1.0,65,65,8,44
metrics,lcs,metrics,ABCD,46,0.7,row_skip_2,8,8,0,0,8,0,0,0,0.0,1.0,,,,,0,1.0,52,52,8,45
metrics,lcs,metrics,ABCD,46,0.7,early_full,8,8,0,0,8,0,0,0,0.0,1.0,,,,,0,1.0,104,104,8,50
metrics,lcs,metrics,ABCD,46,0.7,boundary,8,8,0,0,8,0,0,0,0.0,1.0,,,,,0,1.0,30,30,8,56
metrics,lcs,metrics,ABCD,46,0.7,short_local,8,8,0,0,8,0,0,0,0.0,1.0,,,,,0,1.0,17,17,8,55
metrics,lcs,metrics,ABCD,46,0.7,whole_section,8,8,0,0,8,0,0,0,0.0,1.0,,,,,0,1.0,34,34,8,52
metrics,lcs,metrics,ABCD,46,0.7,anxiety,8,8,0,0,8,0,0,0,0.0,1.0,,,,,0,1.0,42,42,8,78
metrics,lcs,metrics,ABCD,46,0.7,double_shift,8,8,0,0,8,0,0,0,0.0,1.0,,,,,0,1.0,59,59,8,61
metrics,lcs,metrics,ABCD,46,0.7,self_corrected,8,8,0,0,8,0,0,0,0.0,1.0,,,,,0,1.0,55,55,8,50
metrics,lcs,metrics,ABCD,46,0.7,deferred,8,8,0,0,8,0,0,0,0.0,1.0,,,,,0,1.0,60,60,8,38
metrics,lcs,metrics,ABCD,46,0.7,isolated,8,8,0,0,8,0,0,0,0.0,1.0,,,,,0,1.0,6,6,8,46
metrics,lcs,metrics,ABCD,46,0.7,scanner_blank_1,8,8,0,0,8,0,0,0,0.0,1.0,,,,,0,0.987013,77,76,8,21
metrics,lcs,metrics,ABCD,46,0.7,scanner_blank_2,8,8,0,0,8,0,0,0,0.0,1.0,,,,,0,0.962025,79,76,8,21
metrics,lcs,metrics,ABCD,46,0.7,scanner_row_delete_1,8,8,0,0,0,0,8,0,0.0,0.0,,,,,0,0.0,42,0,8,10
metrics,lcs,metrics,ABCD,46,0.7,scanner_row_delete_2,8,8,0,0,0,0,8,0,0.0,0.0,,,,,0,0.0,51,0,8,5
metrics,lcs,metrics,ABCD,46,0.7,scanner_misread_1,8,0,8,0,0,7,0,1,,,0.875,0.993609,,,0,,0,0,8,51
metrics,lcs,metrics,ABCD,46,0.7,scanner_misread_4,8,0,8,0,0,8,0,0,,,1.0,1.0,,,0,,0,0,8,42
metrics,lcs,metrics,ABCD,46,0.7,scanner_faint_1,8,0,8,0,0,7,0,1,,,0.875,0.993609,,,0,,0,0,8,23
metrics,lcs,metrics,ABCD,46,0.7,scanner_faint_4,8,0,8,0,0,8,0,0,,,1.0,1.0,,,0,,0,0,8,41
metrics,lcs,metrics,ABCD,46,0.7,scanner_double_4,8,0,8,0,0,8,0,0,,,1.0,1.0,,,0,,0,0,8,47
metrics,lcs,metrics,ABCD,46,0.7,adv_long_runs,8,0,8,0,0,8,0,0,,,1.0,1.0,,,0,,0,0,8,72
metrics,lcs,metrics,ABCD,46,0.7,adv_favourite,8,0,8,0,0,0,0,8,,,0.0,0.312344,,,0,,0,0,8,0
metrics,lcs,metrics,ABCD,46,0.7,adv_easy_block,8,0,8,0,0,8,0,0,,,1.0,1.0,,,0,,0,0,8,70
metrics,lcs,metrics,ABCD,46,0.7,adv_key_leakage,8,8,0,0,8,0,0,0,0.0,1.0,,,,,0,1.0,262,262,8,0
metrics,lcs,metrics,ABCD,46,0.7,adv_cycle,8,0,8,0,0,8,0,0,,,1.0,1.0,,,0,,0,0,8,153
metrics,lcs,metrics,ABCD,46,0.85,none,8,0,8,0,0,5,0,3,,,0.625,0.888887,,,0,,0,0,8,28
metrics,lcs,metrics,ABCD,46,0.85,row_skip_1,8,8,0,0,8,0,0,0,0.0,1.0,,,,,0,1.0,69,69,8,18
metrics,lcs,metrics,ABCD,46,0.85,row_skip_2,8,8,0,0,8,0,0,0,0.0,1.0,,,,,0,1.0,70,70,8,49
metrics,lcs,metrics,ABCD,46,0.85,early_full,8,8,0,0,8,0,0,0,0.0,1.0,,,,,0,1.0,161,161,8,34
metrics,lcs,metrics,ABCD,46,0.85,boundary,8,8,0,0,8,0,0,0,0.0,1.0,,,,,0,1.0,47,47,8,12
metrics,lcs,metrics,ABCD,46,0.85,short_local,8,8,0,0,8,0,0,0,0.0,1.0,,,,,0,1.0,42,42,8,24
metrics,lcs,metrics,ABCD,46,0.85,whole_section,8,8,0,0,8,0,0,0,0.0,1.0,,,,,0,1.0,87,87,8,7
metrics,lcs,metrics,ABCD,46,0.85,anxiety,8,8,0,0,8,0,0,0,0.0,1.0,,,,,0,1.0,67,67,8,47
metrics,lcs,metrics,ABCD,46,0.85,double_shift,8,8,0,0,8,0,0,0,0.0,1.0,,,,,0,1.0,127,127,8,13
metrics,lcs,metrics,ABCD,46,0.85,self_corrected,8,8,0,0,8,0,0,0,0.0,1.0,,,,,0,1.0,91,91,8,22
metrics,lcs,metrics,ABCD,46,0.85,deferred,8,8,0,0,8,0,0,0,0.0,1.0,,,,,0,1.0,90,90,8,25
metrics,lcs,metrics,ABCD,46,0.85,isolated,8,8,0,0,7,0,1,0,0.0,0.875,,,,,0,0.9,10,9,8,29
metrics,lcs,metrics,ABCD,46,0.85,scanner_blank_1,8,8,0,0,8,0,0,0,0.0,1.0,,,,,0,0.974026,77,75,8,41
metrics,lcs,metrics,ABCD,46,0.85,scanner_blank_2,8,8,0,0,8,0,0,0,0.0,1.0,,,,,0,0.912281,57,52,8,29
metrics,lcs,metrics,ABCD,46,0.85,scanner_row_delete_1,8,8,0,0,0,0,8,0,0.0,0.0,,,,,0,0.0,96,0,8,0
metrics,lcs,metrics,ABCD,46,0.85,scanner_row_delete_2,8,8,0,0,0,0,8,0,0.0,0.0,,,,,0,0.0,96,0,8,2
metrics,lcs,metrics,ABCD,46,0.85,scanner_misread_1,8,0,8,0,0,6,0,2,,,0.75,0.953611,,,0,,0,0,8,33
metrics,lcs,metrics,ABCD,46,0.85,scanner_misread_4,8,0,8,0,0,6,0,2,,,0.75,0.953611,,,0,,0,0,8,31
metrics,lcs,metrics,ABCD,46,0.85,scanner_faint_1,8,0,8,0,0,7,0,1,,,0.875,0.993609,,,0,,0,0,8,10
metrics,lcs,metrics,ABCD,46,0.85,scanner_faint_4,8,0,8,0,0,6,0,2,,,0.75,0.953611,,,0,,0,0,8,29
metrics,lcs,metrics,ABCD,46,0.85,scanner_double_4,8,0,8,0,0,7,0,1,,,0.875,0.993609,,,0,,0,0,8,22
metrics,lcs,metrics,ABCD,46,0.85,adv_long_runs,8,0,8,0,0,8,0,0,,,1.0,1.0,,,0,,0,0,8,78
metrics,lcs,metrics,ABCD,46,0.85,adv_favourite,8,0,8,0,0,0,0,8,,,0.0,0.312344,,,0,,0,0,8,0
metrics,lcs,metrics,ABCD,46,0.85,adv_easy_block,8,0,8,0,0,8,0,0,,,1.0,1.0,,,0,,0,0,8,60
metrics,lcs,metrics,ABCD,46,0.85,adv_key_leakage,8,8,0,0,8,0,0,0,0.0,1.0,,,,,0,1.0,266,266,8,0
metrics,lcs,metrics,ABCD,46,0.85,adv_cycle,8,0,8,0,0,8,0,0,,,1.0,1.0,,,0,,0,0,8,125
metrics,lcs,metrics,ABCD,46,0.95,none,8,0,8,0,0,1,0,7,,,0.125,0.470679,,,0,,0,0,8,17
metrics,lcs,metrics,ABCD,46,0.95,row_skip_1,8,8,0,0,8,0,0,0,0.0,1.0,,,,,0,1.0,68,68,8,25
metrics,lcs,metrics,ABCD,46,0.95,row_skip_2,8,8,0,0,8,0,0,0,0.0,1.0,,,,,0,1.0,88,88,8,31
metrics,lcs,metrics,ABCD,46,0.95,early_full,8,8,0,0,8,0,0,0,0.0,1.0,,,,,0,1.0,198,198,8,20
metrics,lcs,metrics,ABCD,46,0.95,boundary,8,8,0,0,8,0,0,0,0.0,1.0,,,,,0,1.0,39,39,8,32
metrics,lcs,metrics,ABCD,46,0.95,short_local,8,8,0,0,8,0,0,0,0.0,1.0,,,,,0,1.0,28,28,8,18
metrics,lcs,metrics,ABCD,46,0.95,whole_section,8,8,0,0,8,0,0,0,0.0,1.0,,,,,0,1.0,99,99,8,11
metrics,lcs,metrics,ABCD,46,0.95,anxiety,8,8,0,0,8,0,0,0,0.0,1.0,,,,,0,1.0,115,115,8,16
metrics,lcs,metrics,ABCD,46,0.95,double_shift,8,8,0,0,8,0,0,0,0.0,1.0,,,,,0,1.0,168,168,8,13
metrics,lcs,metrics,ABCD,46,0.95,self_corrected,8,8,0,0,8,0,0,0,0.0,1.0,,,,,0,0.952381,84,80,8,39
metrics,lcs,metrics,ABCD,46,0.95,deferred,8,8,0,0,8,0,0,0,0.0,1.0,,,,,0,0.963768,138,133,8,18
metrics,lcs,metrics,ABCD,46,0.95,isolated,8,8,0,0,6,0,2,0,0.0,0.75,,,,,0,0.666667,9,6,8,29
metrics,lcs,metrics,ABCD,46,0.95,scanner_blank_1,8,8,0,0,8,0,0,0,0.0,1.0,,,,,0,0.948276,116,110,8,18
metrics,lcs,metrics,ABCD,46,0.95,scanner_blank_2,8,8,0,0,8,0,0,0,0.0,1.0,,,,,0,0.906542,107,97,8,7
metrics,lcs,metrics,ABCD,46,0.95,scanner_row_delete_1,8,8,0,0,0,0,8,0,0.0,0.0,,,,,0,0.0,69,0,8,0
metrics,lcs,metrics,ABCD,46,0.95,scanner_row_delete_2,8,8,0,0,0,0,8,0,0.0,0.0,,,,,0,0.0,89,0,8,0
metrics,lcs,metrics,ABCD,46,0.95,scanner_misread_1,8,0,8,0,0,5,0,3,,,0.625,0.888887,,,0,,0,0,8,34
metrics,lcs,metrics,ABCD,46,0.95,scanner_misread_4,8,0,8,0,0,6,0,2,,,0.75,0.953611,,,0,,0,0,8,17
metrics,lcs,metrics,ABCD,46,0.95,scanner_faint_1,8,0,8,0,0,2,0,6,,,0.25,0.599689,,,0,,0,0,8,4
metrics,lcs,metrics,ABCD,46,0.95,scanner_faint_4,8,0,8,0,0,7,0,1,,,0.875,0.993609,,,0,,0,0,8,42
metrics,lcs,metrics,ABCD,46,0.95,scanner_double_4,8,0,8,0,0,5,0,3,,,0.625,0.888887,,,0,,0,0,8,39
metrics,lcs,metrics,ABCD,46,0.95,adv_long_runs,8,0,8,0,0,8,0,0,,,1.0,1.0,,,0,,0,0,8,56
metrics,lcs,metrics,ABCD,46,0.95,adv_favourite,8,0,8,0,0,0,0,8,,,0.0,0.312344,,,0,,0,0,8,0
metrics,lcs,metrics,ABCD,46,0.95,adv_easy_block,8,0,8,0,0,8,0,0,,,1.0,1.0,,,0,,0,0,8,70
metrics,lcs,metrics,ABCD,46,0.95,adv_key_leakage,8,8,0,0,8,0,0,0,0.0,1.0,,,,,0,1.0,260,260,8,0
metrics,lcs,metrics,ABCD,46,0.95,adv_cycle,8,0,8,0,0,8,0,0,,,1.0,1.0,,,0,,0,0,8,132
metrics,lcs,metrics,ABCD,90,0.26,none,8,0,8,0,0,8,0,0,,,1.0,1.0,,,0,,0,0,8,191
metrics,lcs,metrics,ABCD,90,0.26,row_skip_1,8,8,0,0,8,0,0,0,0.0,1.0,,,,,0,1.0,14,14,8,201
metrics,lcs,metrics,ABCD,90,0.26,row_skip_2,8,8,0,0,8,0,0,0,0.0,1.0,,,,,0,1.0,16,16,8,238
metrics,lcs,metrics,ABCD,90,0.26,early_full,8,8,0,0,8,0,0,0,0.0,1.0,,,,,0,1.0,26,26,8,248
metrics,lcs,metrics,ABCD,90,0.26,boundary,8,8,0,0,8,0,0,0,0.0,1.0,,,,,0,1.0,11,11,8,192
metrics,lcs,metrics,ABCD,90,0.26,short_local,8,8,0,0,8,0,0,0,0.0,1.0,,,,,0,1.0,1,1,8,271
metrics,lcs,metrics,ABCD,90,0.26,whole_section,8,8,0,0,8,0,0,0,0.0,1.0,,,,,0,1.0,12,12,8,282
metrics,lcs,metrics,ABCD,90,0.26,anxiety,8,8,0,0,8,0,0,0,0.0,1.0,,,,,0,1.0,7,7,8,234
metrics,lcs,metrics,ABCD,90,0.26,double_shift,8,8,0,0,8,0,0,0,0.0,1.0,,,,,0,1.0,35,35,8,232
metrics,lcs,metrics,ABCD,90,0.26,self_corrected,8,8,0,0,8,0,0,0,0.0,1.0,,,,,0,1.0,19,19,8,231
metrics,lcs,metrics,ABCD,90,0.26,deferred,8,8,0,0,8,0,0,0,0.0,1.0,,,,,0,1.0,9,9,8,285
metrics,lcs,metrics,ABCD,90,0.26,isolated,8,8,0,0,8,0,0,0,0.0,1.0,,,,,0,1.0,2,2,8,261
metrics,lcs,metrics,ABCD,90,0.26,scanner_blank_1,8,8,0,0,8,0,0,0,0.0,1.0,,,,,0,1.0,20,20,8,238
metrics,lcs,metrics,ABCD,90,0.26,scanner_blank_2,8,8,0,0,8,0,0,0,0.0,1.0,,,,,0,1.0,34,34,8,215
metrics,lcs,metrics,ABCD,90,0.26,scanner_row_delete_1,8,8,0,0,0,0,8,0,0.0,0.0,,,,,0,0.0,39,0,8,10
metrics,lcs,metrics,ABCD,90,0.26,scanner_row_delete_2,8,8,0,0,0,0,8,0,0.0,0.0,,,,,0,0.0,27,0,8,24
metrics,lcs,metrics,ABCD,90,0.26,scanner_misread_1,8,0,8,0,0,8,0,0,,,1.0,1.0,,,0,,0,0,8,267
metrics,lcs,metrics,ABCD,90,0.26,scanner_misread_4,8,0,8,0,0,8,0,0,,,1.0,1.0,,,0,,0,0,8,280
metrics,lcs,metrics,ABCD,90,0.26,scanner_faint_1,8,0,8,0,0,8,0,0,,,1.0,1.0,,,0,,0,0,8,247
metrics,lcs,metrics,ABCD,90,0.26,scanner_faint_4,8,0,8,0,0,8,0,0,,,1.0,1.0,,,0,,0,0,8,245
metrics,lcs,metrics,ABCD,90,0.26,scanner_double_4,8,0,8,0,0,8,0,0,,,1.0,1.0,,,0,,0,0,8,236
metrics,lcs,metrics,ABCD,90,0.26,adv_long_runs,8,0,8,0,0,8,0,0,,,1.0,1.0,,,0,,0,0,8,146
metrics,lcs,metrics,ABCD,90,0.26,adv_favourite,8,0,8,0,0,0,0,8,,,0.0,0.312344,,,0,,0,0,8,0
metrics,lcs,metrics,ABCD,90,0.26,adv_easy_block,8,0,8,0,0,8,0,0,,,1.0,1.0,,,0,,0,0,8,136
metrics,lcs,metrics,ABCD,90,0.26,adv_key_leakage,8,8,0,0,8,0,0,0,0.0,1.0,,,,,0,1.0,538,538,8,0
metrics,lcs,metrics,ABCD,90,0.26,adv_cycle,8,0,8,0,0,8,0,0,,,1.0,1.0,,,0,,0,0,8,253
metrics,lcs,metrics,ABCD,90,0.4,none,8,0,8,0,0,8,0,0,,,1.0,1.0,,,0,,0,0,8,208
metrics,lcs,metrics,ABCD,90,0.4,row_skip_1,8,8,0,0,8,0,0,0,0.0,1.0,,,,,0,1.0,38,38,8,208
metrics,lcs,metrics,ABCD,90,0.4,row_skip_2,8,8,0,0,8,0,0,0,0.0,1.0,,,,,0,1.0,63,63,8,132
metrics,lcs,metrics,ABCD,90,0.4,early_full,8,8,0,0,8,0,0,0,0.0,1.0,,,,,0,1.0,137,137,8,185
metrics,lcs,metrics,ABCD,90,0.4,boundary,8,8,0,0,8,0,0,0,0.0,1.0,,,,,0,1.0,17,17,8,195
metrics,lcs,metrics,ABCD,90,0.4,short_local,8,8,0,0,8,0,0,0,0.0,1.0,,,,,0,1.0,12,12,8,212
metrics,lcs,metrics,ABCD,90,0.4,whole_section,8,8,0,0,8,0,0,0,0.0,1.0,,,,,0,1.0,62,62,8,174
metrics,lcs,metrics,ABCD,90,0.4,anxiety,8,8,0,0,8,0,0,0,0.0,1.0,,,,,0,1.0,46,46,8,178
metrics,lcs,metrics,ABCD,90,0.4,double_shift,8,8,0,0,8,0,0,0,0.0,1.0,,,,,0,1.0,61,61,8,164
metrics,lcs,metrics,ABCD,90,0.4,self_corrected,8,8,0,0,8,0,0,0,0.0,1.0,,,,,0,1.0,53,53,8,139
metrics,lcs,metrics,ABCD,90,0.4,deferred,8,8,0,0,8,0,0,0,0.0,1.0,,,,,0,1.0,87,87,8,131
metrics,lcs,metrics,ABCD,90,0.4,isolated,8,8,0,0,8,0,0,0,0.0,1.0,,,,,0,1.0,6,6,8,199
metrics,lcs,metrics,ABCD,90,0.4,scanner_blank_1,8,8,0,0,8,0,0,0,0.0,1.0,,,,,0,1.0,37,37,8,208
metrics,lcs,metrics,ABCD,90,0.4,scanner_blank_2,8,8,0,0,8,0,0,0,0.0,1.0,,,,,0,1.0,32,32,8,183
metrics,lcs,metrics,ABCD,90,0.4,scanner_row_delete_1,8,8,0,0,0,0,8,0,0.0,0.0,,,,,0,0.0,49,0,8,9
metrics,lcs,metrics,ABCD,90,0.4,scanner_row_delete_2,8,8,0,0,0,0,8,0,0.0,0.0,,,,,0,0.0,48,0,8,0
metrics,lcs,metrics,ABCD,90,0.4,scanner_misread_1,8,0,8,0,0,8,0,0,,,1.0,1.0,,,0,,0,0,8,183
metrics,lcs,metrics,ABCD,90,0.4,scanner_misread_4,8,0,8,0,0,8,0,0,,,1.0,1.0,,,0,,0,0,8,178
metrics,lcs,metrics,ABCD,90,0.4,scanner_faint_1,8,0,8,0,0,8,0,0,,,1.0,1.0,,,0,,0,0,8,179
metrics,lcs,metrics,ABCD,90,0.4,scanner_faint_4,8,0,8,0,0,8,0,0,,,1.0,1.0,,,0,,0,0,8,169
metrics,lcs,metrics,ABCD,90,0.4,scanner_double_4,8,0,8,0,0,8,0,0,,,1.0,1.0,,,0,,0,0,8,168
metrics,lcs,metrics,ABCD,90,0.4,adv_long_runs,8,0,8,0,0,8,0,0,,,1.0,1.0,,,0,,0,0,8,167
metrics,lcs,metrics,ABCD,90,0.4,adv_favourite,8,0,8,0,0,0,0,8,,,0.0,0.312344,,,0,,0,0,8,0
metrics,lcs,metrics,ABCD,90,0.4,adv_easy_block,8,0,8,0,0,8,0,0,,,1.0,1.0,,,0,,0,0,8,128
metrics,lcs,metrics,ABCD,90,0.4,adv_key_leakage,8,8,0,0,8,0,0,0,0.0,1.0,,,,,0,1.0,512,512,8,0
metrics,lcs,metrics,ABCD,90,0.4,adv_cycle,8,0,8,0,0,8,0,0,,,1.0,1.0,,,0,,0,0,8,274
metrics,lcs,metrics,ABCD,90,0.55,none,8,0,8,0,0,8,0,0,,,1.0,1.0,,,0,,0,0,8,161
metrics,lcs,metrics,ABCD,90,0.55,row_skip_1,8,8,0,0,8,0,0,0,0.0,1.0,,,,,0,1.0,84,84,8,149
metrics,lcs,metrics,ABCD,90,0.55,row_skip_2,8,8,0,0,8,0,0,0,0.0,1.0,,,,,0,1.0,63,63,8,123
metrics,lcs,metrics,ABCD,90,0.55,early_full,8,8,0,0,8,0,0,0,0.0,1.0,,,,,0,1.0,187,187,8,126
metrics,lcs,metrics,ABCD,90,0.55,boundary,8,8,0,0,8,0,0,0,0.0,1.0,,,,,0,1.0,63,63,8,140
metrics,lcs,metrics,ABCD,90,0.55,short_local,8,8,0,0,8,0,0,0,0.0,1.0,,,,,0,1.0,11,11,8,100
metrics,lcs,metrics,ABCD,90,0.55,whole_section,8,8,0,0,8,0,0,0,0.0,1.0,,,,,0,1.0,96,96,8,95
metrics,lcs,metrics,ABCD,90,0.55,anxiety,8,8,0,0,8,0,0,0,0.0,1.0,,,,,0,1.0,65,65,8,143
metrics,lcs,metrics,ABCD,90,0.55,double_shift,8,8,0,0,8,0,0,0,0.0,1.0,,,,,0,1.0,148,148,8,117
metrics,lcs,metrics,ABCD,90,0.55,self_corrected,8,8,0,0,8,0,0,0,0.0,1.0,,,,,0,1.0,41,41,8,156
metrics,lcs,metrics,ABCD,90,0.55,deferred,8,8,0,0,8,0,0,0,0.0,1.0,,,,,0,1.0,101,101,8,156
metrics,lcs,metrics,ABCD,90,0.55,isolated,8,8,0,0,8,0,0,0,0.0,1.0,,,,,0,1.0,6,6,8,123
metrics,lcs,metrics,ABCD,90,0.55,scanner_blank_1,8,8,0,0,8,0,0,0,0.0,1.0,,,,,0,1.0,62,62,8,129
metrics,lcs,metrics,ABCD,90,0.55,scanner_blank_2,8,8,0,0,8,0,0,0,0.0,1.0,,,,,0,1.0,51,51,8,152
metrics,lcs,metrics,ABCD,90,0.55,scanner_row_delete_1,8,8,0,0,0,0,8,0,0.0,0.0,,,,,0,0.0,69,0,8,17
metrics,lcs,metrics,ABCD,90,0.55,scanner_row_delete_2,8,8,0,0,0,0,8,0,0.0,0.0,,,,,0,0.0,55,0,8,2
metrics,lcs,metrics,ABCD,90,0.55,scanner_misread_1,8,0,8,0,0,8,0,0,,,1.0,1.0,,,0,,0,0,8,131
metrics,lcs,metrics,ABCD,90,0.55,scanner_misread_4,8,0,8,0,0,8,0,0,,,1.0,1.0,,,0,,0,0,8,159
metrics,lcs,metrics,ABCD,90,0.55,scanner_faint_1,8,0,8,0,0,8,0,0,,,1.0,1.0,,,0,,0,0,8,131
metrics,lcs,metrics,ABCD,90,0.55,scanner_faint_4,8,0,8,0,0,8,0,0,,,1.0,1.0,,,0,,0,0,8,122
metrics,lcs,metrics,ABCD,90,0.55,scanner_double_4,8,0,8,0,0,8,0,0,,,1.0,1.0,,,0,,0,0,8,90
metrics,lcs,metrics,ABCD,90,0.55,adv_long_runs,8,0,8,0,0,8,0,0,,,1.0,1.0,,,0,,0,0,8,144
metrics,lcs,metrics,ABCD,90,0.55,adv_favourite,8,0,8,0,0,0,0,8,,,0.0,0.312344,,,0,,0,0,8,0
metrics,lcs,metrics,ABCD,90,0.55,adv_easy_block,8,0,8,0,0,8,0,0,,,1.0,1.0,,,0,,0,0,8,129
metrics,lcs,metrics,ABCD,90,0.55,adv_key_leakage,8,8,0,0,8,0,0,0,0.0,1.0,,,,,0,1.0,522,522,8,0
metrics,lcs,metrics,ABCD,90,0.55,adv_cycle,8,0,8,0,0,8,0,0,,,1.0,1.0,,,0,,0,0,8,276
metrics,lcs,metrics,ABCD,90,0.7,none,8,0,8,0,0,8,0,0,,,1.0,1.0,,,0,,0,0,8,81
metrics,lcs,metrics,ABCD,90,0.7,row_skip_1,8,8,0,0,8,0,0,0,0.0,1.0,,,,,0,1.0,111,111,8,126
metrics,lcs,metrics,ABCD,90,0.7,row_skip_2,8,8,0,0,8,0,0,0,0.0,1.0,,,,,0,1.0,166,166,8,81
metrics,lcs,metrics,ABCD,90,0.7,early_full,8,8,0,0,8,0,0,0,0.0,1.0,,,,,0,1.0,220,220,8,92
metrics,lcs,metrics,ABCD,90,0.7,boundary,8,8,0,0,8,0,0,0,0.0,1.0,,,,,0,1.0,55,55,8,102
metrics,lcs,metrics,ABCD,90,0.7,short_local,8,8,0,0,8,0,0,0,0.0,1.0,,,,,0,1.0,20,20,8,77
metrics,lcs,metrics,ABCD,90,0.7,whole_section,8,8,0,0,8,0,0,0,0.0,1.0,,,,,0,1.0,71,71,8,138
metrics,lcs,metrics,ABCD,90,0.7,anxiety,8,8,0,0,8,0,0,0,0.0,1.0,,,,,0,1.0,160,160,8,66
metrics,lcs,metrics,ABCD,90,0.7,double_shift,8,8,0,0,8,0,0,0,0.0,1.0,,,,,0,1.0,150,150,8,120
metrics,lcs,metrics,ABCD,90,0.7,self_corrected,8,8,0,0,8,0,0,0,0.0,1.0,,,,,0,1.0,75,75,8,59
metrics,lcs,metrics,ABCD,90,0.7,deferred,8,8,0,0,8,0,0,0,0.0,1.0,,,,,0,1.0,121,121,8,110
metrics,lcs,metrics,ABCD,90,0.7,isolated,8,8,0,0,8,0,0,0,0.0,1.0,,,,,0,1.0,4,4,8,63
metrics,lcs,metrics,ABCD,90,0.7,scanner_blank_1,8,8,0,0,8,0,0,0,0.0,1.0,,,,,0,1.0,76,76,8,74
metrics,lcs,metrics,ABCD,90,0.7,scanner_blank_2,8,8,0,0,8,0,0,0,0.0,1.0,,,,,0,0.983193,119,117,8,42
metrics,lcs,metrics,ABCD,90,0.7,scanner_row_delete_1,8,8,0,0,0,0,8,0,0.0,0.0,,,,,0,0.0,126,0,8,0
metrics,lcs,metrics,ABCD,90,0.7,scanner_row_delete_2,8,8,0,0,0,0,8,0,0.0,0.0,,,,,0,0.0,203,0,8,0
metrics,lcs,metrics,ABCD,90,0.7,scanner_misread_1,8,0,8,0,0,8,0,0,,,1.0,1.0,,,0,,0,0,8,76
metrics,lcs,metrics,ABCD,90,0.7,scanner_misread_4,8,0,8,0,0,8,0,0,,,1.0,1.0,,,0,,0,0,8,73
metrics,lcs,metrics,ABCD,90,0.7,scanner_faint_1,8,0,8,0,0,8,0,0,,,1.0,1.0,,,0,,0,0,8,71
metrics,lcs,metrics,ABCD,90,0.7,scanner_faint_4,8,0,8,0,0,8,0,0,,,1.0,1.0,,,0,,0,0,8,59
metrics,lcs,metrics,ABCD,90,0.7,scanner_double_4,8,0,8,0,0,8,0,0,,,1.0,1.0,,,0,,0,0,8,103
metrics,lcs,metrics,ABCD,90,0.7,adv_long_runs,8,0,8,0,0,8,0,0,,,1.0,1.0,,,0,,0,0,8,149
metrics,lcs,metrics,ABCD,90,0.7,adv_favourite,8,0,8,0,0,0,0,8,,,0.0,0.312344,,,0,,0,0,8,0
metrics,lcs,metrics,ABCD,90,0.7,adv_easy_block,8,0,8,0,0,8,0,0,,,1.0,1.0,,,0,,0,0,8,133
metrics,lcs,metrics,ABCD,90,0.7,adv_key_leakage,8,8,0,0,8,0,0,0,0.0,1.0,,,,,0,1.0,538,538,8,0
metrics,lcs,metrics,ABCD,90,0.7,adv_cycle,8,0,8,0,0,8,0,0,,,1.0,1.0,,,0,,0,0,8,260
metrics,lcs,metrics,ABCD,90,0.85,none,8,0,8,0,0,7,0,1,,,0.875,0.993609,,,0,,0,0,8,20
metrics,lcs,metrics,ABCD,90,0.85,row_skip_1,8,8,0,0,8,0,0,0,0.0,1.0,,,,,0,1.0,188,188,8,39
metrics,lcs,metrics,ABCD,90,0.85,row_skip_2,8,8,0,0,8,0,0,0,0.0,1.0,,,,,0,1.0,133,133,8,21
metrics,lcs,metrics,ABCD,90,0.85,early_full,8,8,0,0,8,0,0,0,0.0,1.0,,,,,0,1.0,369,369,8,46
metrics,lcs,metrics,ABCD,90,0.85,boundary,8,8,0,0,8,0,0,0,0.0,1.0,,,,,0,1.0,59,59,8,86
metrics,lcs,metrics,ABCD,90,0.85,short_local,8,8,0,0,8,0,0,0,0.0,1.0,,,,,0,1.0,19,19,8,30
metrics,lcs,metrics,ABCD,90,0.85,whole_section,8,8,0,0,8,0,0,0,0.0,1.0,,,,,0,1.0,189,189,8,16
metrics,lcs,metrics,ABCD,90,0.85,anxiety,8,8,0,0,8,0,0,0,0.0,1.0,,,,,0,1.0,154,154,8,71
metrics,lcs,metrics,ABCD,90,0.85,double_shift,8,8,0,0,8,0,0,0,0.0,1.0,,,,,0,1.0,260,260,8,49
metrics,lcs,metrics,ABCD,90,0.85,self_corrected,8,8,0,0,8,0,0,0,0.0,1.0,,,,,0,1.0,71,71,8,54
metrics,lcs,metrics,ABCD,90,0.85,deferred,8,8,0,0,8,0,0,0,0.0,1.0,,,,,0,0.992806,139,138,8,24
metrics,lcs,metrics,ABCD,90,0.85,isolated,8,8,0,0,7,0,1,0,0.0,0.875,,,,,0,0.857143,7,6,8,14
metrics,lcs,metrics,ABCD,90,0.85,scanner_blank_1,8,8,0,0,7,0,1,0,0.0,0.875,,,,,0,0.992424,132,131,8,18
metrics,lcs,metrics,ABCD,90,0.85,scanner_blank_2,8,8,0,0,8,0,0,0,0.0,1.0,,,,,0,1.0,119,119,8,15
metrics,lcs,metrics,ABCD,90,0.85,scanner_row_delete_1,8,8,0,0,0,0,8,0,0.0,0.0,,,,,0,0.0,152,0,8,4
metrics,lcs,metrics,ABCD,90,0.85,scanner_row_delete_2,8,8,0,0,0,0,8,0,0.0,0.0,,,,,0,0.0,168,0,8,4
metrics,lcs,metrics,ABCD,90,0.85,scanner_misread_1,8,0,8,0,0,6,0,2,,,0.75,0.953611,,,0,,0,0,8,38
metrics,lcs,metrics,ABCD,90,0.85,scanner_misread_4,8,0,8,0,0,8,0,0,,,1.0,1.0,,,0,,0,0,8,68
metrics,lcs,metrics,ABCD,90,0.85,scanner_faint_1,8,0,8,0,0,5,0,3,,,0.625,0.888887,,,0,,0,0,8,65
metrics,lcs,metrics,ABCD,90,0.85,scanner_faint_4,8,0,8,0,0,8,0,0,,,1.0,1.0,,,0,,0,0,8,42
metrics,lcs,metrics,ABCD,90,0.85,scanner_double_4,8,0,8,0,0,7,0,1,,,0.875,0.993609,,,0,,0,0,8,108
metrics,lcs,metrics,ABCD,90,0.85,adv_long_runs,8,0,8,0,0,8,0,0,,,1.0,1.0,,,0,,0,0,8,154
metrics,lcs,metrics,ABCD,90,0.85,adv_favourite,8,0,8,0,0,0,0,8,,,0.0,0.312344,,,0,,0,0,8,0
metrics,lcs,metrics,ABCD,90,0.85,adv_easy_block,8,0,8,0,0,8,0,0,,,1.0,1.0,,,0,,0,0,8,126
metrics,lcs,metrics,ABCD,90,0.85,adv_key_leakage,8,8,0,0,8,0,0,0,0.0,1.0,,,,,0,1.0,541,541,8,0
metrics,lcs,metrics,ABCD,90,0.85,adv_cycle,8,0,8,0,0,8,0,0,,,1.0,1.0,,,0,,0,0,8,269
metrics,lcs,metrics,ABCD,90,0.95,none,8,0,8,0,0,4,0,4,,,0.5,0.807097,,,0,,0,0,8,69
metrics,lcs,metrics,ABCD,90,0.95,row_skip_1,8,8,0,0,8,0,0,0,0.0,1.0,,,,,0,1.0,215,215,8,35
metrics,lcs,metrics,ABCD,90,0.95,row_skip_2,8,8,0,0,8,0,0,0,0.0,1.0,,,,,0,1.0,253,253,8,1
metrics,lcs,metrics,ABCD,90,0.95,early_full,8,8,0,0,8,0,0,0,0.0,1.0,,,,,0,1.0,391,391,8,52
metrics,lcs,metrics,ABCD,90,0.95,boundary,8,8,0,0,8,0,0,0,0.0,1.0,,,,,0,1.0,98,98,8,39
metrics,lcs,metrics,ABCD,90,0.95,short_local,8,8,0,0,8,0,0,0,0.0,1.0,,,,,0,1.0,32,32,8,62
metrics,lcs,metrics,ABCD,90,0.95,whole_section,8,8,0,0,8,0,0,0,0.0,1.0,,,,,0,1.0,198,198,8,10
metrics,lcs,metrics,ABCD,90,0.95,anxiety,8,8,0,0,8,0,0,0,0.0,1.0,,,,,0,1.0,194,194,8,47
metrics,lcs,metrics,ABCD,90,0.95,double_shift,8,8,0,0,8,0,0,0,0.0,1.0,,,,,0,1.0,224,224,8,79
metrics,lcs,metrics,ABCD,90,0.95,self_corrected,8,8,0,0,8,0,0,0,0.0,1.0,,,,,0,1.0,71,71,8,46
metrics,lcs,metrics,ABCD,90,0.95,deferred,8,8,0,0,8,0,0,0,0.0,1.0,,,,,0,0.976,250,244,8,2
metrics,lcs,metrics,ABCD,90,0.95,isolated,8,8,0,0,8,0,0,0,0.0,1.0,,,,,0,0.75,8,6,8,35
metrics,lcs,metrics,ABCD,90,0.95,scanner_blank_1,8,8,0,0,8,0,0,0,0.0,1.0,,,,,0,0.978992,238,233,8,35
metrics,lcs,metrics,ABCD,90,0.95,scanner_blank_2,8,8,0,0,8,0,0,0,0.0,1.0,,,,,0,0.962963,270,260,8,12
metrics,lcs,metrics,ABCD,90,0.95,scanner_row_delete_1,8,8,0,0,0,0,8,0,0.0,0.0,,,,,0,0.0,142,0,8,0
metrics,lcs,metrics,ABCD,90,0.95,scanner_row_delete_2,8,8,0,0,0,0,8,0,0.0,0.0,,,,,0,0.0,109,0,8,2
metrics,lcs,metrics,ABCD,90,0.95,scanner_misread_1,8,0,8,0,0,3,0,5,,,0.375,0.710759,,,0,,0,0,8,12
metrics,lcs,metrics,ABCD,90,0.95,scanner_misread_4,8,0,8,0,0,4,0,4,,,0.5,0.807097,,,0,,0,0,8,41
metrics,lcs,metrics,ABCD,90,0.95,scanner_faint_1,8,0,8,0,0,4,0,4,,,0.5,0.807097,,,0,,0,0,8,67
metrics,lcs,metrics,ABCD,90,0.95,scanner_faint_4,8,0,8,0,0,7,0,1,,,0.875,0.993609,,,0,,0,0,8,122
metrics,lcs,metrics,ABCD,90,0.95,scanner_double_4,8,0,8,0,0,7,0,1,,,0.875,0.993609,,,0,,0,0,8,70
metrics,lcs,metrics,ABCD,90,0.95,adv_long_runs,8,0,8,0,0,8,0,0,,,1.0,1.0,,,0,,0,0,8,140
metrics,lcs,metrics,ABCD,90,0.95,adv_favourite,8,0,8,0,0,0,0,8,,,0.0,0.312344,,,0,,0,0,8,0
metrics,lcs,metrics,ABCD,90,0.95,adv_easy_block,8,0,8,0,0,8,0,0,,,1.0,1.0,,,0,,0,0,8,126
metrics,lcs,metrics,ABCD,90,0.95,adv_key_leakage,8,8,0,0,8,0,0,0,0.0,1.0,,,,,0,1.0,519,519,8,0
metrics,lcs,metrics,ABCD,90,0.95,adv_cycle,8,0,8,0,0,8,0,0,,,1.0,1.0,,,0,,0,0,8,277
metrics,lcs,metrics,ABCD,100,0.26,none,8,0,8,0,0,8,0,0,,,1.0,1.0,,,0,,0,0,8,236
metrics,lcs,metrics,ABCD,100,0.26,row_skip_1,8,8,0,0,8,0,0,0,0.0,1.0,,,,,0,1.0,32,32,8,256
metrics,lcs,metrics,ABCD,100,0.26,row_skip_2,8,8,0,0,8,0,0,0,0.0,1.0,,,,,0,1.0,26,26,8,260
metrics,lcs,metrics,ABCD,100,0.26,early_full,8,8,0,0,8,0,0,0,0.0,1.0,,,,,0,1.0,59,59,8,271
metrics,lcs,metrics,ABCD,100,0.26,boundary,8,8,0,0,8,0,0,0,0.0,1.0,,,,,0,1.0,43,43,8,246
metrics,lcs,metrics,ABCD,100,0.26,short_local,8,8,0,0,8,0,0,0,0.0,1.0,,,,,0,1.0,8,8,8,332
metrics,lcs,metrics,ABCD,100,0.26,whole_section,8,8,0,0,8,0,0,0,0.0,1.0,,,,,0,1.0,15,15,8,246
metrics,lcs,metrics,ABCD,100,0.26,anxiety,8,8,0,0,8,0,0,0,0.0,1.0,,,,,0,1.0,36,36,8,250
metrics,lcs,metrics,ABCD,100,0.26,double_shift,8,8,0,0,8,0,0,0,0.0,1.0,,,,,0,1.0,24,24,8,282
metrics,lcs,metrics,ABCD,100,0.26,self_corrected,8,8,0,0,8,0,0,0,0.0,1.0,,,,,0,1.0,13,13,8,283
metrics,lcs,metrics,ABCD,100,0.26,deferred,8,8,0,0,8,0,0,0,0.0,1.0,,,,,0,1.0,40,40,8,188
metrics,lcs,metrics,ABCD,100,0.26,isolated,8,8,0,0,8,0,0,0,0.0,1.0,,,,,0,,0,0,8,300
metrics,lcs,metrics,ABCD,100,0.26,scanner_blank_1,8,8,0,0,8,0,0,0,0.0,1.0,,,,,0,1.0,26,26,8,246
metrics,lcs,metrics,ABCD,100,0.26,scanner_blank_2,8,8,0,0,8,0,0,0,0.0,1.0,,,,,0,1.0,12,12,8,257
metrics,lcs,metrics,ABCD,100,0.26,scanner_row_delete_1,8,8,0,0,0,0,8,0,0.0,0.0,,,,,0,0.0,10,0,8,16
metrics,lcs,metrics,ABCD,100,0.26,scanner_row_delete_2,8,8,0,0,0,0,8,0,0.0,0.0,,,,,0,0.0,27,0,8,0
metrics,lcs,metrics,ABCD,100,0.26,scanner_misread_1,8,0,8,0,0,8,0,0,,,1.0,1.0,,,0,,0,0,8,238
metrics,lcs,metrics,ABCD,100,0.26,scanner_misread_4,8,0,8,0,0,8,0,0,,,1.0,1.0,,,0,,0,0,8,293
metrics,lcs,metrics,ABCD,100,0.26,scanner_faint_1,8,0,8,0,0,8,0,0,,,1.0,1.0,,,0,,0,0,8,263
metrics,lcs,metrics,ABCD,100,0.26,scanner_faint_4,8,0,8,0,0,8,0,0,,,1.0,1.0,,,0,,0,0,8,306
metrics,lcs,metrics,ABCD,100,0.26,scanner_double_4,8,0,8,0,0,8,0,0,,,1.0,1.0,,,0,,0,0,8,277
metrics,lcs,metrics,ABCD,100,0.26,adv_long_runs,8,0,8,0,0,8,0,0,,,1.0,1.0,,,0,,0,0,8,152
metrics,lcs,metrics,ABCD,100,0.26,adv_favourite,8,0,8,0,0,0,0,8,,,0.0,0.312344,,,0,,0,0,8,0
metrics,lcs,metrics,ABCD,100,0.26,adv_easy_block,8,0,8,0,0,8,0,0,,,1.0,1.0,,,0,,0,0,8,149
metrics,lcs,metrics,ABCD,100,0.26,adv_key_leakage,8,8,0,0,8,0,0,0,0.0,1.0,,,,,0,1.0,587,587,8,0
metrics,lcs,metrics,ABCD,100,0.26,adv_cycle,8,0,8,0,0,8,0,0,,,1.0,1.0,,,0,,0,0,8,280
metrics,lcs,metrics,ABCD,100,0.4,none,8,0,8,0,0,8,0,0,,,1.0,1.0,,,0,,0,0,8,147
metrics,lcs,metrics,ABCD,100,0.4,row_skip_1,8,8,0,0,8,0,0,0,0.0,1.0,,,,,0,1.0,63,63,8,225
metrics,lcs,metrics,ABCD,100,0.4,row_skip_2,8,8,0,0,8,0,0,0,0.0,1.0,,,,,0,1.0,28,28,8,232
metrics,lcs,metrics,ABCD,100,0.4,early_full,8,8,0,0,8,0,0,0,0.0,1.0,,,,,0,1.0,92,92,8,228
metrics,lcs,metrics,ABCD,100,0.4,boundary,8,8,0,0,8,0,0,0,0.0,1.0,,,,,0,1.0,59,59,8,183
metrics,lcs,metrics,ABCD,100,0.4,short_local,8,8,0,0,8,0,0,0,0.0,1.0,,,,,0,1.0,11,11,8,226
metrics,lcs,metrics,ABCD,100,0.4,whole_section,8,8,0,0,8,0,0,0,0.0,1.0,,,,,0,1.0,65,65,8,167
metrics,lcs,metrics,ABCD,100,0.4,anxiety,8,8,0,0,8,0,0,0,0.0,1.0,,,,,0,1.0,34,34,8,243
metrics,lcs,metrics,ABCD,100,0.4,double_shift,8,8,0,0,8,0,0,0,0.0,1.0,,,,,0,1.0,50,50,8,229
metrics,lcs,metrics,ABCD,100,0.4,self_corrected,8,8,0,0,8,0,0,0,0.0,1.0,,,,,0,1.0,33,33,8,191
metrics,lcs,metrics,ABCD,100,0.4,deferred,8,8,0,0,8,0,0,0,0.0,1.0,,,,,0,1.0,34,34,8,208
metrics,lcs,metrics,ABCD,100,0.4,isolated,8,8,0,0,8,0,0,0,0.0,1.0,,,,,0,1.0,5,5,8,176
metrics,lcs,metrics,ABCD,100,0.4,scanner_blank_1,8,8,0,0,8,0,0,0,0.0,1.0,,,,,0,1.0,74,74,8,201
metrics,lcs,metrics,ABCD,100,0.4,scanner_blank_2,8,8,0,0,8,0,0,0,0.0,1.0,,,,,0,1.0,83,83,8,170
metrics,lcs,metrics,ABCD,100,0.4,scanner_row_delete_1,8,8,0,0,0,0,8,0,0.0,0.0,,,,,0,0.0,44,0,8,16
metrics,lcs,metrics,ABCD,100,0.4,scanner_row_delete_2,8,8,0,0,0,0,8,0,0.0,0.0,,,,,0,0.0,43,0,8,7
metrics,lcs,metrics,ABCD,100,0.4,scanner_misread_1,8,0,8,0,0,8,0,0,,,1.0,1.0,,,0,,0,0,8,195
metrics,lcs,metrics,ABCD,100,0.4,scanner_misread_4,8,0,8,0,0,8,0,0,,,1.0,1.0,,,0,,0,0,8,217
metrics,lcs,metrics,ABCD,100,0.4,scanner_faint_1,8,0,8,0,0,8,0,0,,,1.0,1.0,,,0,,0,0,8,190
metrics,lcs,metrics,ABCD,100,0.4,scanner_faint_4,8,0,8,0,0,8,0,0,,,1.0,1.0,,,0,,0,0,8,268
metrics,lcs,metrics,ABCD,100,0.4,scanner_double_4,8,0,8,0,0,8,0,0,,,1.0,1.0,,,0,,0,0,8,190
metrics,lcs,metrics,ABCD,100,0.4,adv_long_runs,8,0,8,0,0,8,0,0,,,1.0,1.0,,,0,,0,0,8,159
metrics,lcs,metrics,ABCD,100,0.4,adv_favourite,8,0,8,0,0,0,0,8,,,0.0,0.312344,,,0,,0,0,8,0
metrics,lcs,metrics,ABCD,100,0.4,adv_easy_block,8,0,8,0,0,8,0,0,,,1.0,1.0,,,0,,0,0,8,158
metrics,lcs,metrics,ABCD,100,0.4,adv_key_leakage,8,8,0,0,8,0,0,0,0.0,1.0,,,,,0,1.0,556,556,8,0
metrics,lcs,metrics,ABCD,100,0.4,adv_cycle,8,0,8,0,0,8,0,0,,,1.0,1.0,,,0,,0,0,8,286
metrics,lcs,metrics,ABCD,100,0.55,none,8,0,8,0,0,8,0,0,,,1.0,1.0,,,0,,0,0,8,122
metrics,lcs,metrics,ABCD,100,0.55,row_skip_1,8,8,0,0,8,0,0,0,0.0,1.0,,,,,0,1.0,52,52,8,141
metrics,lcs,metrics,ABCD,100,0.55,row_skip_2,8,8,0,0,8,0,0,0,0.0,1.0,,,,,0,1.0,110,110,8,140
metrics,lcs,metrics,ABCD,100,0.55,early_full,8,8,0,0,8,0,0,0,0.0,1.0,,,,,0,1.0,151,151,8,170
metrics,lcs,metrics,ABCD,100,0.55,boundary,8,8,0,0,8,0,0,0,0.0,1.0,,,,,0,1.0,52,52,8,121
metrics,lcs,metrics,ABCD,100,0.55,short_local,8,8,0,0,8,0,0,0,0.0,1.0,,,,,0,1.0,27,27,8,156
metrics,lcs,metrics,ABCD,100,0.55,whole_section,8,8,0,0,8,0,0,0,0.0,1.0,,,,,0,1.0,58,58,8,180
metrics,lcs,metrics,ABCD,100,0.55,anxiety,8,8,0,0,8,0,0,0,0.0,1.0,,,,,0,1.0,72,72,8,160
metrics,lcs,metrics,ABCD,100,0.55,double_shift,8,8,0,0,8,0,0,0,0.0,1.0,,,,,0,1.0,175,175,8,130
metrics,lcs,metrics,ABCD,100,0.55,self_corrected,8,8,0,0,8,0,0,0,0.0,1.0,,,,,0,1.0,39,39,8,125
metrics,lcs,metrics,ABCD,100,0.55,deferred,8,8,0,0,8,0,0,0,0.0,1.0,,,,,0,1.0,76,76,8,131
metrics,lcs,metrics,ABCD,100,0.55,isolated,8,8,0,0,8,0,0,0,0.0,1.0,,,,,0,1.0,1,1,8,123
metrics,lcs,metrics,ABCD,100,0.55,scanner_blank_1,8,8,0,0,8,0,0,0,0.0,1.0,,,,,0,1.0,104,104,8,163
metrics,lcs,metrics,ABCD,100,0.55,scanner_blank_2,8,8,0,0,8,0,0,0,0.0,1.0,,,,,0,1.0,50,50,8,161
metrics,lcs,metrics,ABCD,100,0.55,scanner_row_delete_1,8,8,0,0,0,0,8,0,0.0,0.0,,,,,0,0.0,63,0,8,17
metrics,lcs,metrics,ABCD,100,0.55,scanner_row_delete_2,8,8,0,0,0,0,8,0,0.0,0.0,,,,,0,0.0,93,0,8,5
metrics,lcs,metrics,ABCD,100,0.55,scanner_misread_1,8,0,8,0,0,8,0,0,,,1.0,1.0,,,0,,0,0,8,148
metrics,lcs,metrics,ABCD,100,0.55,scanner_misread_4,8,0,8,0,0,8,0,0,,,1.0,1.0,,,0,,0,0,8,156
metrics,lcs,metrics,ABCD,100,0.55,scanner_faint_1,8,0,8,0,0,8,0,0,,,1.0,1.0,,,0,,0,0,8,173
metrics,lcs,metrics,ABCD,100,0.55,scanner_faint_4,8,0,8,0,0,8,0,0,,,1.0,1.0,,,0,,0,0,8,117
metrics,lcs,metrics,ABCD,100,0.55,scanner_double_4,8,0,8,0,0,8,0,0,,,1.0,1.0,,,0,,0,0,8,149
metrics,lcs,metrics,ABCD,100,0.55,adv_long_runs,8,0,8,0,0,8,0,0,,,1.0,1.0,,,0,,0,0,8,146
metrics,lcs,metrics,ABCD,100,0.55,adv_favourite,8,0,8,0,0,0,0,8,,,0.0,0.312344,,,0,,0,0,8,0
metrics,lcs,metrics,ABCD,100,0.55,adv_easy_block,8,0,8,0,0,8,0,0,,,1.0,1.0,,,0,,0,0,8,140
metrics,lcs,metrics,ABCD,100,0.55,adv_key_leakage,8,8,0,0,8,0,0,0,0.0,1.0,,,,,0,1.0,588,588,8,0
metrics,lcs,metrics,ABCD,100,0.55,adv_cycle,8,0,8,0,0,8,0,0,,,1.0,1.0,,,0,,0,0,8,303
metrics,lcs,metrics,ABCD,100,0.7,none,8,0,8,0,0,8,0,0,,,1.0,1.0,,,0,,0,0,8,96
metrics,lcs,metrics,ABCD,100,0.7,row_skip_1,8,8,0,0,8,0,0,0,0.0,1.0,,,,,0,1.0,99,99,8,83
metrics,lcs,metrics,ABCD,100,0.7,row_skip_2,8,8,0,0,8,0,0,0,0.0,1.0,,,,,0,1.0,94,94,8,74
metrics,lcs,metrics,ABCD,100,0.7,early_full,8,8,0,0,8,0,0,0,0.0,1.0,,,,,0,1.0,241,241,8,123
metrics,lcs,metrics,ABCD,100,0.7,boundary,8,8,0,0,8,0,0,0,0.0,1.0,,,,,0,1.0,84,84,8,171
metrics,lcs,metrics,ABCD,100,0.7,short_local,8,8,0,0,8,0,0,0,0.0,1.0,,,,,0,1.0,7,7,8,183
metrics,lcs,metrics,ABCD,100,0.7,whole_section,8,8,0,0,8,0,0,0,0.0,1.0,,,,,0,1.0,89,89,8,106
metrics,lcs,metrics,ABCD,100,0.7,anxiety,8,8,0,0,8,0,0,0,0.0,1.0,,,,,0,1.0,145,145,8,99
metrics,lcs,metrics,ABCD,100,0.7,double_shift,8,8,0,0,8,0,0,0,0.0,1.0,,,,,0,1.0,242,242,8,46
metrics,lcs,metrics,ABCD,100,0.7,self_corrected,8,8,0,0,8,0,0,0,0.0,1.0,,,,,0,1.0,50,50,8,130
metrics,lcs,metrics,ABCD,100,0.7,deferred,8,8,0,0,8,0,0,0,0.0,1.0,,,,,0,1.0,126,126,8,83
metrics,lcs,metrics,ABCD,100,0.7,isolated,8,8,0,0,8,0,0,0,0.0,1.0,,,,,0,1.0,5,5,8,147
metrics,lcs,metrics,ABCD,100,0.7,scanner_blank_1,8,8,0,0,8,0,0,0,0.0,1.0,,,,,0,1.0,154,154,8,82
metrics,lcs,metrics,ABCD,100,0.7,scanner_blank_2,8,8,0,0,8,0,0,0,0.0,1.0,,,,,0,1.0,167,167,8,55
metrics,lcs,metrics,ABCD,100,0.7,scanner_row_delete_1,8,8,0,0,0,0,8,0,0.0,0.0,,,,,0,0.0,148,0,8,4
metrics,lcs,metrics,ABCD,100,0.7,scanner_row_delete_2,8,8,0,0,0,0,8,0,0.0,0.0,,,,,0,0.0,56,0,8,0
metrics,lcs,metrics,ABCD,100,0.7,scanner_misread_1,8,0,8,0,0,8,0,0,,,1.0,1.0,,,0,,0,0,8,145
metrics,lcs,metrics,ABCD,100,0.7,scanner_misread_4,8,0,8,0,0,8,0,0,,,1.0,1.0,,,0,,0,0,8,71
metrics,lcs,metrics,ABCD,100,0.7,scanner_faint_1,8,0,8,0,0,8,0,0,,,1.0,1.0,,,0,,0,0,8,58
metrics,lcs,metrics,ABCD,100,0.7,scanner_faint_4,8,0,8,0,0,8,0,0,,,1.0,1.0,,,0,,0,0,8,152
metrics,lcs,metrics,ABCD,100,0.7,scanner_double_4,8,0,8,0,0,8,0,0,,,1.0,1.0,,,0,,0,0,8,119
metrics,lcs,metrics,ABCD,100,0.7,adv_long_runs,8,0,8,0,0,8,0,0,,,1.0,1.0,,,0,,0,0,8,174
metrics,lcs,metrics,ABCD,100,0.7,adv_favourite,8,0,8,0,0,0,0,8,,,0.0,0.312344,,,0,,0,0,8,0
metrics,lcs,metrics,ABCD,100,0.7,adv_easy_block,8,0,8,0,0,8,0,0,,,1.0,1.0,,,0,,0,0,8,148
metrics,lcs,metrics,ABCD,100,0.7,adv_key_leakage,8,8,0,0,8,0,0,0,0.0,1.0,,,,,0,1.0,591,591,8,0
metrics,lcs,metrics,ABCD,100,0.7,adv_cycle,8,0,8,0,0,8,0,0,,,1.0,1.0,,,0,,0,0,8,272
metrics,lcs,metrics,ABCD,100,0.85,none,8,0,8,0,0,6,0,2,,,0.75,0.953611,,,0,,0,0,8,17
metrics,lcs,metrics,ABCD,100,0.85,row_skip_1,8,8,0,0,7,0,1,0,0.0,0.875,,,,,0,1.0,205,205,8,54
metrics,lcs,metrics,ABCD,100,0.85,row_skip_2,8,8,0,0,8,0,0,0,0.0,1.0,,,,,0,1.0,168,168,8,53
metrics,lcs,metrics,ABCD,100,0.85,early_full,8,8,0,0,8,0,0,0,0.0,1.0,,,,,0,1.0,365,365,8,88
metrics,lcs,metrics,ABCD,100,0.85,boundary,8,8,0,0,8,0,0,0,0.0,1.0,,,,,0,1.0,102,102,8,20
metrics,lcs,metrics,ABCD,100,0.85,short_local,8,8,0,0,8,0,0,0,0.0,1.0,,,,,0,1.0,22,22,8,96
metrics,lcs,metrics,ABCD,100,0.85,whole_section,8,8,0,0,8,0,0,0,0.0,1.0,,,,,0,1.0,166,166,8,77
metrics,lcs,metrics,ABCD,100,0.85,anxiety,8,8,0,0,8,0,0,0,0.0,1.0,,,,,0,1.0,189,189,8,116
metrics,lcs,metrics,ABCD,100,0.85,double_shift,8,8,0,0,8,0,0,0,0.0,1.0,,,,,0,1.0,348,348,8,25
metrics,lcs,metrics,ABCD,100,0.85,self_corrected,8,8,0,0,8,0,0,0,0.0,1.0,,,,,0,1.0,75,75,8,54
metrics,lcs,metrics,ABCD,100,0.85,deferred,8,8,0,0,8,0,0,0,0.0,1.0,,,,,0,1.0,219,219,8,24
metrics,lcs,metrics,ABCD,100,0.85,isolated,8,8,0,0,8,0,0,0,0.0,1.0,,,,,0,0.818182,11,9,8,49
metrics,lcs,metrics,ABCD,100,0.85,scanner_blank_1,8,8,0,0,8,0,0,0,0.0,1.0,,,,,0,1.0,297,297,8,24
metrics,lcs,metrics,ABCD,100,0.85,scanner_blank_2,8,8,0,0,8,0,0,0,0.0,1.0,,,,,0,0.979899,199,195,8,52
metrics,lcs,metrics,ABCD,100,0.85,scanner_row_delete_1,8,8,0,0,0,0,8,0,0.0,0.0,,,,,0,0.0,112,0,8,6
metrics,lcs,metrics,ABCD,100,0.85,scanner_row_delete_2,8,8,0,0,0,0,8,0,0.0,0.0,,,,,0,0.0,116,0,8,1
metrics,lcs,metrics,ABCD,100,0.85,scanner_misread_1,8,0,8,0,0,6,0,2,,,0.75,0.953611,,,0,,0,0,8,36
metrics,lcs,metrics,ABCD,100,0.85,scanner_misread_4,8,0,8,0,0,8,0,0,,,1.0,1.0,,,0,,0,0,8,96
metrics,lcs,metrics,ABCD,100,0.85,scanner_faint_1,8,0,8,0,0,6,0,2,,,0.75,0.953611,,,0,,0,0,8,37
metrics,lcs,metrics,ABCD,100,0.85,scanner_faint_4,8,0,8,0,0,6,0,2,,,0.75,0.953611,,,0,,0,0,8,100
metrics,lcs,metrics,ABCD,100,0.85,scanner_double_4,8,0,8,0,0,8,0,0,,,1.0,1.0,,,0,,0,0,8,66
metrics,lcs,metrics,ABCD,100,0.85,adv_long_runs,8,0,8,0,0,8,0,0,,,1.0,1.0,,,0,,0,0,8,171
metrics,lcs,metrics,ABCD,100,0.85,adv_favourite,8,0,8,0,0,0,0,8,,,0.0,0.312344,,,0,,0,0,8,0
metrics,lcs,metrics,ABCD,100,0.85,adv_easy_block,8,0,8,0,0,8,0,0,,,1.0,1.0,,,0,,0,0,8,136
metrics,lcs,metrics,ABCD,100,0.85,adv_key_leakage,8,8,0,0,8,0,0,0,0.0,1.0,,,,,0,1.0,588,588,8,0
metrics,lcs,metrics,ABCD,100,0.85,adv_cycle,8,0,8,0,0,8,0,0,,,1.0,1.0,,,0,,0,0,8,310
metrics,lcs,metrics,ABCD,100,0.95,none,8,0,8,0,0,5,0,3,,,0.625,0.888887,,,0,,0,0,8,37
metrics,lcs,metrics,ABCD,100,0.95,row_skip_1,8,8,0,0,8,0,0,0,0.0,1.0,,,,,0,1.0,169,169,8,45
metrics,lcs,metrics,ABCD,100,0.95,row_skip_2,8,8,0,0,8,0,0,0,0.0,1.0,,,,,0,1.0,185,185,8,103
metrics,lcs,metrics,ABCD,100,0.95,early_full,8,8,0,0,8,0,0,0,0.0,1.0,,,,,0,1.0,414,414,8,60
metrics,lcs,metrics,ABCD,100,0.95,boundary,8,8,0,0,8,0,0,0,0.0,1.0,,,,,0,1.0,123,123,8,85
metrics,lcs,metrics,ABCD,100,0.95,short_local,8,8,0,0,8,0,0,0,0.0,1.0,,,,,0,1.0,38,38,8,31
metrics,lcs,metrics,ABCD,100,0.95,whole_section,8,8,0,0,8,0,0,0,0.0,1.0,,,,,0,1.0,222,222,8,25
metrics,lcs,metrics,ABCD,100,0.95,anxiety,8,8,0,0,8,0,0,0,0.0,1.0,,,,,0,1.0,281,281,8,48
metrics,lcs,metrics,ABCD,100,0.95,double_shift,8,8,0,0,8,0,0,0,0.0,1.0,,,,,0,1.0,242,242,8,53
metrics,lcs,metrics,ABCD,100,0.95,self_corrected,8,8,0,0,8,0,0,0,0.0,1.0,,,,,0,0.986842,76,75,8,59
metrics,lcs,metrics,ABCD,100,0.95,deferred,8,8,0,0,8,0,0,0,0.0,1.0,,,,,0,0.987234,235,232,8,48
metrics,lcs,metrics,ABCD,100,0.95,isolated,8,8,0,0,7,0,1,0,0.0,0.875,,,,,0,0.727273,11,8,8,60
metrics,lcs,metrics,ABCD,100,0.95,scanner_blank_1,8,8,0,0,8,0,0,0,0.0,1.0,,,,,0,0.984076,314,309,8,16
metrics,lcs,metrics,ABCD,100,0.95,scanner_blank_2,8,8,0,0,8,0,0,0,0.0,1.0,,,,,0,0.969388,196,190,8,39
metrics,lcs,metrics,ABCD,100,0.95,scanner_row_delete_1,8,8,0,0,0,0,8,0,0.0,0.0,,,,,0,0.0,334,0,8,0
metrics,lcs,metrics,ABCD,100,0.95,scanner_row_delete_2,8,8,0,0,0,0,8,0,0.0,0.0,,,,,0,0.0,246,0,8,0
metrics,lcs,metrics,ABCD,100,0.95,scanner_misread_1,8,0,8,0,0,4,0,4,,,0.5,0.807097,,,0,,0,0,8,40
metrics,lcs,metrics,ABCD,100,0.95,scanner_misread_4,8,0,8,0,0,5,0,3,,,0.625,0.888887,,,0,,0,0,8,90
metrics,lcs,metrics,ABCD,100,0.95,scanner_faint_1,8,0,8,0,0,3,0,5,,,0.375,0.710759,,,0,,0,0,8,45
metrics,lcs,metrics,ABCD,100,0.95,scanner_faint_4,8,0,8,0,0,5,0,3,,,0.625,0.888887,,,0,,0,0,8,65
metrics,lcs,metrics,ABCD,100,0.95,scanner_double_4,8,0,8,0,0,4,0,4,,,0.5,0.807097,,,0,,0,0,8,13
metrics,lcs,metrics,ABCD,100,0.95,adv_long_runs,8,0,8,0,0,8,0,0,,,1.0,1.0,,,0,,0,0,8,159
metrics,lcs,metrics,ABCD,100,0.95,adv_favourite,8,0,8,0,0,0,0,8,,,0.0,0.312344,,,0,,0,0,8,0
metrics,lcs,metrics,ABCD,100,0.95,adv_easy_block,8,0,8,0,0,8,0,0,,,1.0,1.0,,,0,,0,0,8,140
metrics,lcs,metrics,ABCD,100,0.95,adv_key_leakage,8,8,0,0,8,0,0,0,0.0,1.0,,,,,0,1.0,597,597,8,0
metrics,lcs,metrics,ABCD,100,0.95,adv_cycle,8,0,8,0,0,8,0,0,,,1.0,1.0,,,0,,0,0,8,286
metrics,lcs,metrics,ABCD,150,0.26,none,8,0,8,0,0,8,0,0,,,1.0,1.0,,,0,,0,0,8,410
metrics,lcs,metrics,ABCD,150,0.26,row_skip_1,8,8,0,0,8,0,0,0,0.0,1.0,,,,,0,1.0,16,16,8,454
metrics,lcs,metrics,ABCD,150,0.26,row_skip_2,8,8,0,0,8,0,0,0,0.0,1.0,,,,,0,1.0,27,27,8,449
metrics,lcs,metrics,ABCD,150,0.26,early_full,8,8,0,0,8,0,0,0,0.0,1.0,,,,,0,1.0,86,86,8,444
metrics,lcs,metrics,ABCD,150,0.26,boundary,8,8,0,0,8,0,0,0,0.0,1.0,,,,,0,1.0,12,12,8,444
metrics,lcs,metrics,ABCD,150,0.26,short_local,8,8,0,0,8,0,0,0,0.0,1.0,,,,,0,1.0,17,17,8,320
metrics,lcs,metrics,ABCD,150,0.26,whole_section,8,8,0,0,8,0,0,0,0.0,1.0,,,,,0,1.0,22,22,8,410
metrics,lcs,metrics,ABCD,150,0.26,anxiety,8,8,0,0,8,0,0,0,0.0,1.0,,,,,0,1.0,11,11,8,427
metrics,lcs,metrics,ABCD,150,0.26,double_shift,8,8,0,0,8,0,0,0,0.0,1.0,,,,,0,1.0,54,54,8,394
metrics,lcs,metrics,ABCD,150,0.26,self_corrected,8,8,0,0,8,0,0,0,0.0,1.0,,,,,0,1.0,22,22,8,365
metrics,lcs,metrics,ABCD,150,0.26,deferred,8,8,0,0,8,0,0,0,0.0,1.0,,,,,0,1.0,79,79,8,383
metrics,lcs,metrics,ABCD,150,0.26,isolated,8,8,0,0,8,0,0,0,0.0,1.0,,,,,0,1.0,2,2,8,463
metrics,lcs,metrics,ABCD,150,0.26,scanner_blank_1,8,8,0,0,8,0,0,0,0.0,1.0,,,,,0,1.0,34,34,8,411
metrics,lcs,metrics,ABCD,150,0.26,scanner_blank_2,8,8,0,0,8,0,0,0,0.0,1.0,,,,,0,1.0,21,21,8,445
metrics,lcs,metrics,ABCD,150,0.26,scanner_row_delete_1,8,8,0,0,0,0,8,0,0.0,0.0,,,,,0,0.0,39,0,8,16
metrics,lcs,metrics,ABCD,150,0.26,scanner_row_delete_2,8,8,0,0,0,0,8,0,0.0,0.0,,,,,0,0.0,36,0,8,12
metrics,lcs,metrics,ABCD,150,0.26,scanner_misread_1,8,0,8,0,0,8,0,0,,,1.0,1.0,,,0,,0,0,8,407
metrics,lcs,metrics,ABCD,150,0.26,scanner_misread_4,8,0,8,0,0,8,0,0,,,1.0,1.0,,,0,,0,0,8,376
metrics,lcs,metrics,ABCD,150,0.26,scanner_faint_1,8,0,8,0,0,8,0,0,,,1.0,1.0,,,0,,0,0,8,500
metrics,lcs,metrics,ABCD,150,0.26,scanner_faint_4,8,0,8,0,0,8,0,0,,,1.0,1.0,,,0,,0,0,8,418
metrics,lcs,metrics,ABCD,150,0.26,scanner_double_4,8,0,8,0,0,8,0,0,,,1.0,1.0,,,0,,0,0,8,387
metrics,lcs,metrics,ABCD,150,0.26,adv_long_runs,8,0,8,0,0,8,0,0,,,1.0,1.0,,,0,,0,0,8,256
metrics,lcs,metrics,ABCD,150,0.26,adv_favourite,8,0,8,0,0,0,0,8,,,0.0,0.312344,,,0,,0,0,8,0
metrics,lcs,metrics,ABCD,150,0.26,adv_easy_block,8,0,8,0,0,8,0,0,,,1.0,1.0,,,0,,0,0,8,225
metrics,lcs,metrics,ABCD,150,0.26,adv_key_leakage,8,8,0,0,8,0,0,0,0.0,1.0,,,,,0,1.0,888,888,8,0
metrics,lcs,metrics,ABCD,150,0.26,adv_cycle,8,0,8,0,0,8,0,0,,,1.0,1.0,,,0,,0,0,8,437
metrics,lcs,metrics,ABCD,150,0.4,none,8,0,8,0,0,8,0,0,,,1.0,1.0,,,0,,0,0,8,309
metrics,lcs,metrics,ABCD,150,0.4,row_skip_1,8,8,0,0,8,0,0,0,0.0,1.0,,,,,0,1.0,52,52,8,309
metrics,lcs,metrics,ABCD,150,0.4,row_skip_2,8,8,0,0,8,0,0,0,0.0,1.0,,,,,0,1.0,51,51,8,323
metrics,lcs,metrics,ABCD,150,0.4,early_full,8,8,0,0,8,0,0,0,0.0,1.0,,,,,0,1.0,189,189,8,290
metrics,lcs,metrics,ABCD,150,0.4,boundary,8,8,0,0,8,0,0,0,0.0,1.0,,,,,0,1.0,37,37,8,339
metrics,lcs,metrics,ABCD,150,0.4,short_local,8,8,0,0,8,0,0,0,0.0,1.0,,,,,0,1.0,8,8,8,272
metrics,lcs,metrics,ABCD,150,0.4,whole_section,8,8,0,0,8,0,0,0,0.0,1.0,,,,,0,1.0,37,37,8,383
metrics,lcs,metrics,ABCD,150,0.4,anxiety,8,8,0,0,8,0,0,0,0.0,1.0,,,,,0,1.0,98,98,8,284
metrics,lcs,metrics,ABCD,150,0.4,double_shift,8,8,0,0,8,0,0,0,0.0,1.0,,,,,0,1.0,96,96,8,306
metrics,lcs,metrics,ABCD,150,0.4,self_corrected,8,8,0,0,8,0,0,0,0.0,1.0,,,,,0,1.0,37,37,8,321
metrics,lcs,metrics,ABCD,150,0.4,deferred,8,8,0,0,8,0,0,0,0.0,1.0,,,,,0,1.0,49,49,8,339
metrics,lcs,metrics,ABCD,150,0.4,isolated,8,8,0,0,8,0,0,0,0.0,1.0,,,,,0,1.0,4,4,8,336
metrics,lcs,metrics,ABCD,150,0.4,scanner_blank_1,8,8,0,0,8,0,0,0,0.0,1.0,,,,,0,1.0,57,57,8,356
metrics,lcs,metrics,ABCD,150,0.4,scanner_blank_2,8,8,0,0,8,0,0,0,0.0,1.0,,,,,0,1.0,54,54,8,342
metrics,lcs,metrics,ABCD,150,0.4,scanner_row_delete_1,8,8,0,0,0,0,8,0,0.0,0.0,,,,,0,0.0,88,0,8,0
metrics,lcs,metrics,ABCD,150,0.4,scanner_row_delete_2,8,8,0,0,0,0,8,0,0.0,0.0,,,,,0,0.0,59,0,8,3
metrics,lcs,metrics,ABCD,150,0.4,scanner_misread_1,8,0,8,0,0,8,0,0,,,1.0,1.0,,,0,,0,0,8,407
metrics,lcs,metrics,ABCD,150,0.4,scanner_misread_4,8,0,8,0,0,8,0,0,,,1.0,1.0,,,0,,0,0,8,350
metrics,lcs,metrics,ABCD,150,0.4,scanner_faint_1,8,0,8,0,0,8,0,0,,,1.0,1.0,,,0,,0,0,8,316
metrics,lcs,metrics,ABCD,150,0.4,scanner_faint_4,8,0,8,0,0,8,0,0,,,1.0,1.0,,,0,,0,0,8,265
metrics,lcs,metrics,ABCD,150,0.4,scanner_double_4,8,0,8,0,0,8,0,0,,,1.0,1.0,,,0,,0,0,8,292
metrics,lcs,metrics,ABCD,150,0.4,adv_long_runs,8,0,8,0,0,8,0,0,,,1.0,1.0,,,0,,0,0,8,251
metrics,lcs,metrics,ABCD,150,0.4,adv_favourite,8,0,8,0,0,0,0,8,,,0.0,0.312344,,,0,,0,0,8,0
metrics,lcs,metrics,ABCD,150,0.4,adv_easy_block,8,0,8,0,0,8,0,0,,,1.0,1.0,,,0,,0,0,8,235
metrics,lcs,metrics,ABCD,150,0.4,adv_key_leakage,8,8,0,0,8,0,0,0,0.0,1.0,,,,,0,1.0,896,896,8,0
metrics,lcs,metrics,ABCD,150,0.4,adv_cycle,8,0,8,0,0,8,0,0,,,1.0,1.0,,,0,,0,0,8,461
metrics,lcs,metrics,ABCD,150,0.55,none,8,0,8,0,0,8,0,0,,,1.0,1.0,,,0,,0,0,8,211
metrics,lcs,metrics,ABCD,150,0.55,row_skip_1,8,8,0,0,8,0,0,0,0.0,1.0,,,,,0,1.0,79,79,8,176
metrics,lcs,metrics,ABCD,150,0.55,row_skip_2,8,8,0,0,8,0,0,0,0.0,1.0,,,,,0,1.0,136,136,8,202
metrics,lcs,metrics,ABCD,150,0.55,early_full,8,8,0,0,8,0,0,0,0.0,1.0,,,,,0,1.0,266,266,8,236
metrics,lcs,metrics,ABCD,150,0.55,boundary,8,8,0,0,8,0,0,0,0.0,1.0,,,,,0,1.0,85,85,8,226
metrics,lcs,metrics,ABCD,150,0.55,short_local,8,8,0,0,8,0,0,0,0.0,1.0,,,,,0,1.0,20,20,8,169
metrics,lcs,metrics,ABCD,150,0.55,whole_section,8,8,0,0,8,0,0,0,0.0,1.0,,,,,0,1.0,116,116,8,220
metrics,lcs,metrics,ABCD,150,0.55,anxiety,8,8,0,0,8,0,0,0,0.0,1.0,,,,,0,1.0,160,160,8,188
metrics,lcs,metrics,ABCD,150,0.55,double_shift,8,8,0,0,8,0,0,0,0.0,1.0,,,,,0,1.0,186,186,8,169
metrics,lcs,metrics,ABCD,150,0.55,self_corrected,8,8,0,0,8,0,0,0,0.0,1.0,,,,,0,1.0,40,40,8,165
metrics,lcs,metrics,ABCD,150,0.55,deferred,8,8,0,0,8,0,0,0,0.0,1.0,,,,,0,1.0,168,168,8,238
metrics,lcs,metrics,ABCD,150,0.55,isolated,8,8,0,0,8,0,0,0,0.0,1.0,,,,,0,1.0,6,6,8,238
metrics,lcs,metrics,ABCD,150,0.55,scanner_blank_1,8,8,0,0,8,0,0,0,0.0,1.0,,,,,0,1.0,133,133,8,216
metrics,lcs,metrics,ABCD,150,0.55,scanner_blank_2,8,8,0,0,8,0,0,0,0.0,1.0,,,,,0,1.0,125,125,8,160
metrics,lcs,metrics,ABCD,150,0.55,scanner_row_delete_1,8,8,0,0,0,0,8,0,0.0,0.0,,,,,0,0.0,57,0,8,15
metrics,lcs,metrics,ABCD,150,0.55,scanner_row_delete_2,8,8,0,0,0,0,8,0,0.0,0.0,,,,,0,0.0,139,0,8,1
metrics,lcs,metrics,ABCD,150,0.55,scanner_misread_1,8,0,8,0,0,8,0,0,,,1.0,1.0,,,0,,0,0,8,146
metrics,lcs,metrics,ABCD,150,0.55,scanner_misread_4,8,0,8,0,0,8,0,0,,,1.0,1.0,,,0,,0,0,8,334
metrics,lcs,metrics,ABCD,150,0.55,scanner_faint_1,8,0,8,0,0,8,0,0,,,1.0,1.0,,,0,,0,0,8,141
metrics,lcs,metrics,ABCD,150,0.55,scanner_faint_4,8,0,8,0,0,8,0,0,,,1.0,1.0,,,0,,0,0,8,193
metrics,lcs,metrics,ABCD,150,0.55,scanner_double_4,8,0,8,0,0,8,0,0,,,1.0,1.0,,,0,,0,0,8,148
metrics,lcs,metrics,ABCD,150,0.55,adv_long_runs,8,0,8,0,0,8,0,0,,,1.0,1.0,,,0,,0,0,8,220
metrics,lcs,metrics,ABCD,150,0.55,adv_favourite,8,0,8,0,0,0,0,8,,,0.0,0.312344,,,0,,0,0,8,0
metrics,lcs,metrics,ABCD,150,0.55,adv_easy_block,8,0,8,0,0,8,0,0,,,1.0,1.0,,,0,,0,0,8,225
metrics,lcs,metrics,ABCD,150,0.55,adv_key_leakage,8,8,0,0,8,0,0,0,0.0,1.0,,,,,0,1.0,902,902,8,0
metrics,lcs,metrics,ABCD,150,0.55,adv_cycle,8,0,8,0,0,8,0,0,,,1.0,1.0,,,0,,0,0,8,470
metrics,lcs,metrics,ABCD,150,0.7,none,8,0,8,0,0,8,0,0,,,1.0,1.0,,,0,,0,0,8,99
metrics,lcs,metrics,ABCD,150,0.7,row_skip_1,8,8,0,0,8,0,0,0,0.0,1.0,,,,,0,1.0,194,194,8,148
metrics,lcs,metrics,ABCD,150,0.7,row_skip_2,8,8,0,0,8,0,0,0,0.0,1.0,,,,,0,1.0,158,158,8,95
metrics,lcs,metrics,ABCD,150,0.7,early_full,8,8,0,0,8,0,0,0,0.0,1.0,,,,,0,1.0,422,422,8,170
metrics,lcs,metrics,ABCD,150,0.7,boundary,8,8,0,0,8,0,0,0,0.0,1.0,,,,,0,1.0,65,65,8,146
metrics,lcs,metrics,ABCD,150,0.7,short_local,8,8,0,0,8,0,0,0,0.0,1.0,,,,,0,1.0,31,31,8,118
metrics,lcs,metrics,ABCD,150,0.7,whole_section,8,8,0,0,8,0,0,0,0.0,1.0,,,,,0,1.0,139,139,8,131
metrics,lcs,metrics,ABCD,150,0.7,anxiety,8,8,0,0,8,0,0,0,0.0,1.0,,,,,0,1.0,205,205,8,155
metrics,lcs,metrics,ABCD,150,0.7,double_shift,8,8,0,0,8,0,0,0,0.0,1.0,,,,,0,1.0,218,218,8,226
metrics,lcs,metrics,ABCD,150,0.7,self_corrected,8,8,0,0,8,0,0,0,0.0,1.0,,,,,0,1.0,57,57,8,179
metrics,lcs,metrics,ABCD,150,0.7,deferred,8,8,0,0,8,0,0,0,0.0,1.0,,,,,0,1.0,192,192,8,182
metrics,lcs,metrics,ABCD,150,0.7,isolated,8,8,0,0,8,0,0,0,0.0,1.0,,,,,0,0.923077,13,12,8,49
metrics,lcs,metrics,ABCD,150,0.7,scanner_blank_1,8,8,0,0,8,0,0,0,0.0,1.0,,,,,0,1.0,185,185,8,218
metrics,lcs,metrics,ABCD,150,0.7,scanner_blank_2,8,8,0,0,8,0,0,0,0.0,1.0,,,,,0,1.0,207,207,8,131
metrics,lcs,metrics,ABCD,150,0.7,scanner_row_delete_1,8,8,0,0,0,0,8,0,0.0,0.0,,,,,0,0.0,157,0,8,0
metrics,lcs,metrics,ABCD,150,0.7,scanner_row_delete_2,8,8,0,0,0,0,8,0,0.0,0.0,,,,,0,0.0,182,0,8,0
metrics,lcs,metrics,ABCD,150,0.7,scanner_misread_1,8,0,8,0,0,8,0,0,,,1.0,1.0,,,0,,0,0,8,121
metrics,lcs,metrics,ABCD,150,0.7,scanner_misread_4,8,0,8,0,0,8,0,0,,,1.0,1.0,,,0,,0,0,8,159
metrics,lcs,metrics,ABCD,150,0.7,scanner_faint_1,8,0,8,0,0,8,0,0,,,1.0,1.0,,,0,,0,0,8,107
metrics,lcs,metrics,ABCD,150,0.7,scanner_faint_4,8,0,8,0,0,8,0,0,,,1.0,1.0,,,0,,0,0,8,147
metrics,lcs,metrics,ABCD,150,0.7,scanner_double_4,8,0,8,0,0,8,0,0,,,1.0,1.0,,,0,,0,0,8,281
metrics,lcs,metrics,ABCD,150,0.7,adv_long_runs,8,0,8,0,0,8,0,0,,,1.0,1.0,,,0,,0,0,8,256
metrics,lcs,metrics,ABCD,150,0.7,adv_favourite,8,0,8,0,0,0,0,8,,,0.0,0.312344,,,0,,0,0,8,0
metrics,lcs,metrics,ABCD,150,0.7,adv_easy_block,8,0,8,0,0,8,0,0,,,1.0,1.0,,,0,,0,0,8,218
metrics,lcs,metrics,ABCD,150,0.7,adv_key_leakage,8,8,0,0,8,0,0,0,0.0,1.0,,,,,0,1.0,880,880,8,0
metrics,lcs,metrics,ABCD,150,0.7,adv_cycle,8,0,8,0,0,8,0,0,,,1.0,1.0,,,0,,0,0,8,454
metrics,lcs,metrics,ABCD,150,0.85,none,8,0,8,0,0,6,0,2,,,0.75,0.953611,,,0,,0,0,8,138
metrics,lcs,metrics,ABCD,150,0.85,row_skip_1,8,8,0,0,8,0,0,0,0.0,1.0,,,,,0,1.0,304,304,8,71
metrics,lcs,metrics,ABCD,150,0.85,row_skip_2,8,8,0,0,8,0,0,0,0.0,1.0,,,,,0,1.0,139,139,8,275
metrics,lcs,metrics,ABCD,150,0.85,early_full,8,8,0,0,8,0,0,0,0.0,1.0,,,,,0,1.0,680,680,8,22
metrics,lcs,metrics,ABCD,150,0.85,boundary,8,8,0,0,8,0,0,0,0.0,1.0,,,,,0,1.0,223,223,8,112
metrics,lcs,metrics,ABCD,150,0.85,short_local,8,8,0,0,8,0,0,0,0.0,1.0,,,,,0,1.0,29,29,8,104
metrics,lcs,metrics,ABCD,150,0.85,whole_section,8,8,0,0,8,0,0,0,0.0,1.0,,,,,0,1.0,313,313,8,47
metrics,lcs,metrics,ABCD,150,0.85,anxiety,8,8,0,0,8,0,0,0,0.0,1.0,,,,,0,1.0,230,230,8,99
metrics,lcs,metrics,ABCD,150,0.85,double_shift,8,8,0,0,8,0,0,0,0.0,1.0,,,,,0,1.0,430,430,8,97
metrics,lcs,metrics,ABCD,150,0.85,self_corrected,8,8,0,0,8,0,0,0,0.0,1.0,,,,,0,1.0,71,71,8,30
metrics,lcs,metrics,ABCD,150,0.85,deferred,8,8,0,0,7,0,1,0,0.0,0.875,,,,,0,0.995215,209,208,8,76
metrics,lcs,metrics,ABCD,150,0.85,isolated,8,8,0,0,8,0,0,0,0.0,1.0,,,,,0,1.0,9,9,8,130
metrics,lcs,metrics,ABCD,150,0.85,scanner_blank_1,8,8,0,0,8,0,0,0,0.0,1.0,,,,,0,0.997151,351,350,8,40
metrics,lcs,metrics,ABCD,150,0.85,scanner_blank_2,8,8,0,0,8,0,0,0,0.0,1.0,,,,,0,1.0,271,271,8,92
metrics,lcs,metrics,ABCD,150,0.85,scanner_row_delete_1,8,8,0,0,0,0,8,0,0.0,0.0,,,,,0,0.0,307,0,8,10
metrics,lcs,metrics,ABCD,150,0.85,scanner_row_delete_2,8,8,0,0,0,0,8,0,0.0,0.0,,,,,0,0.0,325,0,8,0
metrics,lcs,metrics,ABCD,150,0.85,scanner_misread_1,8,0,8,0,0,7,0,1,,,0.875,0.993609,,,0,,0,0,8,134
metrics,lcs,metrics,ABCD,150,0.85,scanner_misread_4,8,0,8,0,0,8,0,0,,,1.0,1.0,,,0,,0,0,8,184
metrics,lcs,metrics,ABCD,150,0.85,scanner_faint_1,8,0,8,0,0,8,0,0,,,1.0,1.0,,,0,,0,0,8,22
metrics,lcs,metrics,ABCD,150,0.85,scanner_faint_4,8,0,8,0,0,7,0,1,,,0.875,0.993609,,,0,,0,0,8,97
metrics,lcs,metrics,ABCD,150,0.85,scanner_double_4,8,0,8,0,0,8,0,0,,,1.0,1.0,,,0,,0,0,8,91
metrics,lcs,metrics,ABCD,150,0.85,adv_long_runs,8,0,8,0,0,8,0,0,,,1.0,1.0,,,0,,0,0,8,257
metrics,lcs,metrics,ABCD,150,0.85,adv_favourite,8,0,8,0,0,0,0,8,,,0.0,0.312344,,,0,,0,0,8,0
metrics,lcs,metrics,ABCD,150,0.85,adv_easy_block,8,0,8,0,0,8,0,0,,,1.0,1.0,,,0,,0,0,8,215
metrics,lcs,metrics,ABCD,150,0.85,adv_key_leakage,8,8,0,0,8,0,0,0,0.0,1.0,,,,,0,1.0,890,890,8,0
metrics,lcs,metrics,ABCD,150,0.85,adv_cycle,8,0,8,0,0,8,0,0,,,1.0,1.0,,,0,,0,0,8,453
metrics,lcs,metrics,ABCD,150,0.95,none,8,0,8,0,0,4,0,4,,,0.5,0.807097,,,0,,0,0,8,88
metrics,lcs,metrics,ABCD,150,0.95,row_skip_1,8,8,0,0,8,0,0,0,0.0,1.0,,,,,0,1.0,270,270,8,156
metrics,lcs,metrics,ABCD,150,0.95,row_skip_2,8,8,0,0,8,0,0,0,0.0,1.0,,,,,0,1.0,290,290,8,129
metrics,lcs,metrics,ABCD,150,0.95,early_full,8,8,0,0,8,0,0,0,0.0,1.0,,,,,0,1.0,665,665,8,90
metrics,lcs,metrics,ABCD,150,0.95,boundary,8,8,0,0,8,0,0,0,0.0,1.0,,,,,0,1.0,186,186,8,82
metrics,lcs,metrics,ABCD,150,0.95,short_local,8,8,0,0,7,0,1,0,0.0,0.875,,,,,0,1.0,28,28,8,149
metrics,lcs,metrics,ABCD,150,0.95,whole_section,8,8,0,0,8,0,0,0,0.0,1.0,,,,,0,1.0,333,333,8,34
metrics,lcs,metrics,ABCD,150,0.95,anxiety,8,8,0,0,8,0,0,0,0.0,1.0,,,,,0,1.0,435,435,8,76
metrics,lcs,metrics,ABCD,150,0.95,double_shift,8,8,0,0,8,0,0,0,0.0,1.0,,,,,0,1.0,266,266,8,93
metrics,lcs,metrics,ABCD,150,0.95,self_corrected,8,8,0,0,8,0,0,0,0.0,1.0,,,,,0,1.0,76,76,8,89
metrics,lcs,metrics,ABCD,150,0.95,deferred,8,8,0,0,8,0,0,0,0.0,1.0,,,,,0,0.997067,341,340,8,77
metrics,lcs,metrics,ABCD,150,0.95,isolated,8,8,0,0,6,0,2,0,0.0,0.75,,,,,0,0.714286,7,5,8,112
metrics,lcs,metrics,ABCD,150,0.95,scanner_blank_1,8,8,0,0,8,0,0,0,0.0,1.0,,,,,0,0.982143,280,275,8,65
metrics,lcs,metrics,ABCD,150,0.95,scanner_blank_2,8,8,0,0,8,0,0,0,0.0,1.0,,,,,0,0.985437,206,203,8,150
metrics,lcs,metrics,ABCD,150,0.95,scanner_row_delete_1,8,8,0,0,0,0,8,0,0.0,0.0,,,,,0,0.0,209,0,8,2
metrics,lcs,metrics,ABCD,150,0.95,scanner_row_delete_2,8,8,0,0,0,0,8,0,0.0,0.0,,,,,0,0.0,205,0,8,1
metrics,lcs,metrics,ABCD,150,0.95,scanner_misread_1,8,0,8,0,0,6,0,2,,,0.75,0.953611,,,0,,0,0,8,104
metrics,lcs,metrics,ABCD,150,0.95,scanner_misread_4,8,0,8,0,0,7,0,1,,,0.875,0.993609,,,0,,0,0,8,89
metrics,lcs,metrics,ABCD,150,0.95,scanner_faint_1,8,0,8,0,0,3,0,5,,,0.375,0.710759,,,0,,0,0,8,83
metrics,lcs,metrics,ABCD,150,0.95,scanner_faint_4,8,0,8,0,0,5,0,3,,,0.625,0.888887,,,0,,0,0,8,91
metrics,lcs,metrics,ABCD,150,0.95,scanner_double_4,8,0,8,0,0,4,0,4,,,0.5,0.807097,,,0,,0,0,8,115
metrics,lcs,metrics,ABCD,150,0.95,adv_long_runs,8,0,8,0,0,8,0,0,,,1.0,1.0,,,0,,0,0,8,238
metrics,lcs,metrics,ABCD,150,0.95,adv_favourite,8,0,8,0,0,0,0,8,,,0.0,0.312344,,,0,,0,0,8,0
metrics,lcs,metrics,ABCD,150,0.95,adv_easy_block,8,0,8,0,0,8,0,0,,,1.0,1.0,,,0,,0,0,8,234
metrics,lcs,metrics,ABCD,150,0.95,adv_key_leakage,8,8,0,0,8,0,0,0,0.0,1.0,,,,,0,1.0,873,873,8,0
metrics,lcs,metrics,ABCD,150,0.95,adv_cycle,8,0,8,0,0,8,0,0,,,1.0,1.0,,,0,,0,0,8,444
metrics,lcs,metrics,ABCDE,46,0.26,none,8,0,8,0,0,8,0,0,,,1.0,1.0,,,0,,0,0,8,85
metrics,lcs,metrics,ABCDE,46,0.26,row_skip_1,8,8,0,0,8,0,0,0,0.0,1.0,,,,,0,1.0,15,15,8,66
metrics,lcs,metrics,ABCDE,46,0.26,row_skip_2,8,8,0,0,8,0,0,0,0.0,1.0,,,,,0,1.0,30,30,8,114
metrics,lcs,metrics,ABCDE,46,0.26,early_full,8,8,0,0,8,0,0,0,0.0,1.0,,,,,0,1.0,32,32,8,111
metrics,lcs,metrics,ABCDE,46,0.26,boundary,8,8,0,0,8,0,0,0,0.0,1.0,,,,,0,1.0,11,11,8,110
metrics,lcs,metrics,ABCDE,46,0.26,short_local,8,8,0,0,8,0,0,0,0.0,1.0,,,,,0,1.0,16,16,8,90
metrics,lcs,metrics,ABCDE,46,0.26,whole_section,8,8,0,0,8,0,0,0,0.0,1.0,,,,,0,1.0,16,16,8,91
metrics,lcs,metrics,ABCDE,46,0.26,anxiety,8,8,0,0,8,0,0,0,0.0,1.0,,,,,0,1.0,8,8,8,120
metrics,lcs,metrics,ABCDE,46,0.26,double_shift,8,8,0,0,8,0,0,0,0.0,1.0,,,,,0,1.0,11,11,8,116
metrics,lcs,metrics,ABCDE,46,0.26,self_corrected,8,8,0,0,8,0,0,0,0.0,1.0,,,,,0,1.0,8,8,8,113
metrics,lcs,metrics,ABCDE,46,0.26,deferred,8,8,0,0,8,0,0,0,0.0,1.0,,,,,0,1.0,35,35,8,80
metrics,lcs,metrics,ABCDE,46,0.26,isolated,8,8,0,0,8,0,0,0,0.0,1.0,,,,,0,1.0,1,1,8,111
metrics,lcs,metrics,ABCDE,46,0.26,scanner_blank_1,8,8,0,0,8,0,0,0,0.0,1.0,,,,,0,1.0,19,19,8,90
metrics,lcs,metrics,ABCDE,46,0.26,scanner_blank_2,8,8,0,0,8,0,0,0,0.0,1.0,,,,,0,1.0,27,27,8,101
metrics,lcs,metrics,ABCDE,46,0.26,scanner_row_delete_1,8,8,0,0,0,0,8,0,0.0,0.0,,,,,0,0.0,10,0,8,8
metrics,lcs,metrics,ABCDE,46,0.26,scanner_row_delete_2,8,8,0,0,0,0,8,0,0.0,0.0,,,,,0,0.0,21,0,8,0
metrics,lcs,metrics,ABCDE,46,0.26,scanner_misread_1,8,0,8,0,0,8,0,0,,,1.0,1.0,,,0,,0,0,8,116
metrics,lcs,metrics,ABCDE,46,0.26,scanner_misread_4,8,0,8,0,0,8,0,0,,,1.0,1.0,,,0,,0,0,8,100
metrics,lcs,metrics,ABCDE,46,0.26,scanner_faint_1,8,0,8,0,0,8,0,0,,,1.0,1.0,,,0,,0,0,8,119
metrics,lcs,metrics,ABCDE,46,0.26,scanner_faint_4,8,0,8,0,0,8,0,0,,,1.0,1.0,,,0,,0,0,8,101
metrics,lcs,metrics,ABCDE,46,0.26,scanner_double_4,8,0,8,0,0,8,0,0,,,1.0,1.0,,,0,,0,0,8,98
metrics,lcs,metrics,ABCDE,46,0.26,adv_long_runs,8,0,8,0,0,8,0,0,,,1.0,1.0,,,0,,0,0,8,53
metrics,lcs,metrics,ABCDE,46,0.26,adv_favourite,8,0,8,0,0,0,0,8,,,0.0,0.312344,,,0,,0,0,8,0
metrics,lcs,metrics,ABCDE,46,0.26,adv_easy_block,8,0,8,0,0,8,0,0,,,1.0,1.0,,,0,,0,0,8,64
metrics,lcs,metrics,ABCDE,46,0.26,adv_key_leakage,8,8,0,0,8,0,0,0,0.0,1.0,,,,,0,1.0,286,286,8,0
metrics,lcs,metrics,ABCDE,46,0.26,adv_cycle,8,0,8,0,0,8,0,0,,,1.0,1.0,,,0,,0,0,8,147
metrics,lcs,metrics,ABCDE,46,0.4,none,8,0,8,0,0,8,0,0,,,1.0,1.0,,,0,,0,0,8,105
metrics,lcs,metrics,ABCDE,46,0.4,row_skip_1,8,8,0,0,8,0,0,0,0.0,1.0,,,,,0,1.0,60,60,8,63
metrics,lcs,metrics,ABCDE,46,0.4,row_skip_2,8,8,0,0,8,0,0,0,0.0,1.0,,,,,0,1.0,21,21,8,91
metrics,lcs,metrics,ABCDE,46,0.4,early_full,8,8,0,0,8,0,0,0,0.0,1.0,,,,,0,1.0,34,34,8,85
metrics,lcs,metrics,ABCDE,46,0.4,boundary,8,8,0,0,8,0,0,0,0.0,1.0,,,,,0,1.0,27,27,8,64
metrics,lcs,metrics,ABCDE,46,0.4,short_local,8,8,0,0,8,0,0,0,0.0,1.0,,,,,0,1.0,21,21,8,62
metrics,lcs,metrics,ABCDE,46,0.4,whole_section,8,8,0,0,8,0,0,0,0.0,1.0,,,,,0,1.0,31,31,8,79
metrics,lcs,metrics,ABCDE,46,0.4,anxiety,8,8,0,0,8,0,0,0,0.0,1.0,,,,,0,1.0,20,20,8,109
metrics,lcs,metrics,ABCDE,46,0.4,double_shift,8,8,0,0,8,0,0,0,0.0,1.0,,,,,0,1.0,30,30,8,90
metrics,lcs,metrics,ABCDE,46,0.4,self_corrected,8,8,0,0,8,0,0,0,0.0,1.0,,,,,0,1.0,33,33,8,88
metrics,lcs,metrics,ABCDE,46,0.4,deferred,8,8,0,0,8,0,0,0,0.0,1.0,,,,,0,1.0,31,31,8,70
metrics,lcs,metrics,ABCDE,46,0.4,isolated,8,8,0,0,8,0,0,0,0.0,1.0,,,,,0,1.0,5,5,8,80
metrics,lcs,metrics,ABCDE,46,0.4,scanner_blank_1,8,8,0,0,8,0,0,0,0.0,1.0,,,,,0,1.0,15,15,8,86
metrics,lcs,metrics,ABCDE,46,0.4,scanner_blank_2,8,8,0,0,8,0,0,0,0.0,1.0,,,,,0,1.0,25,25,8,95
metrics,lcs,metrics,ABCDE,46,0.4,scanner_row_delete_1,8,8,0,0,0,0,8,0,0.0,0.0,,,,,0,0.0,22,0,8,0
metrics,lcs,metrics,ABCDE,46,0.4,scanner_row_delete_2,8,8,0,0,0,0,8,0,0.0,0.0,,,,,0,0.0,22,0,8,1
metrics,lcs,metrics,ABCDE,46,0.4,scanner_misread_1,8,0,8,0,0,8,0,0,,,1.0,1.0,,,0,,0,0,8,62
metrics,lcs,metrics,ABCDE,46,0.4,scanner_misread_4,8,0,8,0,0,8,0,0,,,1.0,1.0,,,0,,0,0,8,57
metrics,lcs,metrics,ABCDE,46,0.4,scanner_faint_1,8,0,8,0,0,7,0,1,,,0.875,0.993609,,,0,,0,0,8,56
metrics,lcs,metrics,ABCDE,46,0.4,scanner_faint_4,8,0,8,0,0,8,0,0,,,1.0,1.0,,,0,,0,0,8,77
metrics,lcs,metrics,ABCDE,46,0.4,scanner_double_4,8,0,8,0,0,8,0,0,,,1.0,1.0,,,0,,0,0,8,70
metrics,lcs,metrics,ABCDE,46,0.4,adv_long_runs,8,0,8,0,0,8,0,0,,,1.0,1.0,,,0,,0,0,8,58
metrics,lcs,metrics,ABCDE,46,0.4,adv_favourite,8,0,8,0,0,0,0,8,,,0.0,0.312344,,,0,,0,0,8,0
metrics,lcs,metrics,ABCDE,46,0.4,adv_easy_block,8,0,8,0,0,8,0,0,,,1.0,1.0,,,0,,0,0,8,67
metrics,lcs,metrics,ABCDE,46,0.4,adv_key_leakage,8,8,0,0,8,0,0,0,0.0,1.0,,,,,0,1.0,288,288,8,0
metrics,lcs,metrics,ABCDE,46,0.4,adv_cycle,8,0,8,0,0,8,0,0,,,1.0,1.0,,,0,,0,0,8,143
metrics,lcs,metrics,ABCDE,46,0.55,none,8,0,8,0,0,8,0,0,,,1.0,1.0,,,0,,0,0,8,58
metrics,lcs,metrics,ABCDE,46,0.55,row_skip_1,8,8,0,0,8,0,0,0,0.0,1.0,,,,,0,1.0,49,49,8,61
metrics,lcs,metrics,ABCDE,46,0.55,row_skip_2,8,8,0,0,8,0,0,0,0.0,1.0,,,,,0,1.0,28,28,8,46
metrics,lcs,metrics,ABCDE,46,0.55,early_full,8,8,0,0,8,0,0,0,0.0,1.0,,,,,0,1.0,142,142,8,30
metrics,lcs,metrics,ABCDE,46,0.55,boundary,8,8,0,0,8,0,0,0,0.0,1.0,,,,,0,1.0,23,23,8,44
metrics,lcs,metrics,ABCDE,46,0.55,short_local,8,8,0,0,8,0,0,0,0.0,1.0,,,,,0,1.0,8,8,8,70
metrics,lcs,metrics,ABCDE,46,0.55,whole_section,8,8,0,0,8,0,0,0,0.0,1.0,,,,,0,1.0,34,34,8,65
metrics,lcs,metrics,ABCDE,46,0.55,anxiety,8,8,0,0,8,0,0,0,0.0,1.0,,,,,0,1.0,43,43,8,56
metrics,lcs,metrics,ABCDE,46,0.55,double_shift,8,8,0,0,8,0,0,0,0.0,1.0,,,,,0,1.0,38,38,8,98
metrics,lcs,metrics,ABCDE,46,0.55,self_corrected,8,8,0,0,8,0,0,0,0.0,1.0,,,,,0,1.0,45,45,8,66
metrics,lcs,metrics,ABCDE,46,0.55,deferred,8,8,0,0,8,0,0,0,0.0,1.0,,,,,0,1.0,68,68,8,46
metrics,lcs,metrics,ABCDE,46,0.55,isolated,8,8,0,0,8,0,0,0,0.0,1.0,,,,,0,1.0,4,4,8,79
metrics,lcs,metrics,ABCDE,46,0.55,scanner_blank_1,8,8,0,0,8,0,0,0,0.0,1.0,,,,,0,1.0,67,67,8,38
metrics,lcs,metrics,ABCDE,46,0.55,scanner_blank_2,8,8,0,0,8,0,0,0,0.0,1.0,,,,,0,1.0,58,58,8,37
metrics,lcs,metrics,ABCDE,46,0.55,scanner_row_delete_1,8,8,0,0,0,0,8,0,0.0,0.0,,,,,0,0.0,54,0,8,0
metrics,lcs,metrics,ABCDE,46,0.55,scanner_row_delete_2,8,8,0,0,0,0,8,0,0.0,0.0,,,,,0,0.0,54,0,8,0
metrics,lcs,metrics,ABCDE,46,0.55,scanner_misread_1,8,0,8,0,0,8,0,0,,,1.0,1.0,,,0,,0,0,8,48
metrics,lcs,metrics,ABCDE,46,0.55,scanner_misread_4,8,0,8,0,0,8,0,0,,,1.0,1.0,,,0,,0,0,8,72
metrics,lcs,metrics,ABCDE,46,0.55,scanner_faint_1,8,0,8,0,0,8,0,0,,,1.0,1.0,,,0,,0,0,8,46
metrics,lcs,metrics,ABCDE,46,0.55,scanner_faint_4,8,0,8,0,0,8,0,0,,,1.0,1.0,,,0,,0,0,8,71
metrics,lcs,metrics,ABCDE,46,0.55,scanner_double_4,8,0,8,0,0,8,0,0,,,1.0,1.0,,,0,,0,0,8,44
metrics,lcs,metrics,ABCDE,46,0.55,adv_long_runs,8,0,8,0,0,8,0,0,,,1.0,1.0,,,0,,0,0,8,65
metrics,lcs,metrics,ABCDE,46,0.55,adv_favourite,8,0,8,0,0,0,0,8,,,0.0,0.312344,,,0,,0,0,8,0
metrics,lcs,metrics,ABCDE,46,0.55,adv_easy_block,8,0,8,0,0,8,0,0,,,1.0,1.0,,,0,,0,0,8,71
metrics,lcs,metrics,ABCDE,46,0.55,adv_key_leakage,8,8,0,0,8,0,0,0,0.0,1.0,,,,,0,1.0,286,286,8,0
metrics,lcs,metrics,ABCDE,46,0.55,adv_cycle,8,0,8,0,0,8,0,0,,,1.0,1.0,,,0,,0,0,8,149
metrics,lcs,metrics,ABCDE,46,0.7,none,8,0,8,0,0,8,0,0,,,1.0,1.0,,,0,,0,0,8,55
metrics,lcs,metrics,ABCDE,46,0.7,row_skip_1,8,8,0,0,8,0,0,0,0.0,1.0,,,,,0,1.0,66,66,8,27
metrics,lcs,metrics,ABCDE,46,0.7,row_skip_2,8,8,0,0,8,0,0,0,0.0,1.0,,,,,0,1.0,91,91,8,31
metrics,lcs,metrics,ABCDE,46,0.7,early_full,8,8,0,0,8,0,0,0,0.0,1.0,,,,,0,1.0,168,168,8,27
metrics,lcs,metrics,ABCDE,46,0.7,boundary,8,8,0,0,8,0,0,0,0.0,1.0,,,,,0,1.0,30,30,8,14
metrics,lcs,metrics,ABCDE,46,0.7,short_local,8,8,0,0,8,0,0,0,0.0,1.0,,,,,0,1.0,21,21,8,47
metrics,lcs,metrics,ABCDE,46,0.7,whole_section,8,8,0,0,8,0,0,0,0.0,1.0,,,,,0,1.0,74,74,8,27
metrics,lcs,metrics,ABCDE,46,0.7,anxiety,8,8,0,0,8,0,0,0,0.0,1.0,,,,,0,1.0,69,69,8,36
metrics,lcs,metrics,ABCDE,46,0.7,double_shift,8,8,0,0,8,0,0,0,0.0,1.0,,,,,0,1.0,97,97,8,42
metrics,lcs,metrics,ABCDE,46,0.7,self_corrected,8,8,0,0,8,0,0,0,0.0,1.0,,,,,0,1.0,56,56,8,46
metrics,lcs,metrics,ABCDE,46,0.7,deferred,8,8,0,0,8,0,0,0,0.0,1.0,,,,,0,1.0,64,64,8,41
metrics,lcs,metrics,ABCDE,46,0.7,isolated,8,8,0,0,8,0,0,0,0.0,1.0,,,,,0,0.857143,7,6,8,42
metrics,lcs,metrics,ABCDE,46,0.7,scanner_blank_1,8,8,0,0,8,0,0,0,0.0,1.0,,,,,0,0.986301,73,72,8,26
metrics,lcs,metrics,ABCDE,46,0.7,scanner_blank_2,8,8,0,0,8,0,0,0,0.0,1.0,,,,,0,0.947368,38,36,8,46
metrics,lcs,metrics,ABCDE,46,0.7,scanner_row_delete_1,8,8,0,0,0,0,8,0,0.0,0.0,,,,,0,0.0,34,0,8,2
metrics,lcs,metrics,ABCDE,46,0.7,scanner_row_delete_2,8,8,0,0,0,0,8,0,0.0,0.0,,,,,0,0.0,53,0,8,2
metrics,lcs,metrics,ABCDE,46,0.7,scanner_misread_1,8,0,8,0,0,8,0,0,,,1.0,1.0,,,0,,0,0,8,40
metrics,lcs,metrics,ABCDE,46,0.7,scanner_misread_4,8,0,8,0,0,8,0,0,,,1.0,1.0,,,0,,0,0,8,52
metrics,lcs,metrics,ABCDE,46,0.7,scanner_faint_1,8,0,8,0,0,8,0,0,,,1.0,1.0,,,0,,0,0,8,32
metrics,lcs,metrics,ABCDE,46,0.7,scanner_faint_4,8,0,8,0,0,8,0,0,,,1.0,1.0,,,0,,0,0,8,51
metrics,lcs,metrics,ABCDE,46,0.7,scanner_double_4,8,0,8,0,0,7,0,1,,,0.875,0.993609,,,0,,0,0,8,30
metrics,lcs,metrics,ABCDE,46,0.7,adv_long_runs,8,0,8,0,0,8,0,0,,,1.0,1.0,,,0,,0,0,8,66
metrics,lcs,metrics,ABCDE,46,0.7,adv_favourite,8,0,8,0,0,0,0,8,,,0.0,0.312344,,,0,,0,0,8,0
metrics,lcs,metrics,ABCDE,46,0.7,adv_easy_block,8,0,8,0,0,8,0,0,,,1.0,1.0,,,0,,0,0,8,62
metrics,lcs,metrics,ABCDE,46,0.7,adv_key_leakage,8,8,0,0,8,0,0,0,0.0,1.0,,,,,0,1.0,297,297,8,0
metrics,lcs,metrics,ABCDE,46,0.7,adv_cycle,8,0,8,0,0,8,0,0,,,1.0,1.0,,,0,,0,0,8,126
metrics,lcs,metrics,ABCDE,46,0.85,none,8,0,8,0,0,7,0,1,,,0.875,0.993609,,,0,,0,0,8,26
metrics,lcs,metrics,ABCDE,46,0.85,row_skip_1,8,8,0,0,8,0,0,0,0.0,1.0,,,,,0,1.0,54,54,8,13
metrics,lcs,metrics,ABCDE,46,0.85,row_skip_2,8,8,0,0,8,0,0,0,0.0,1.0,,,,,0,1.0,71,71,8,14
metrics,lcs,metrics,ABCDE,46,0.85,early_full,8,8,0,0,8,0,0,0,0.0,1.0,,,,,0,1.0,128,128,8,41
metrics,lcs,metrics,ABCDE,46,0.85,boundary,8,8,0,0,6,0,2,0,0.0,0.75,,,,,0,1.0,47,47,8,30
metrics,lcs,metrics,ABCDE,46,0.85,short_local,8,8,0,0,7,0,1,0,0.0,0.875,,,,,0,1.0,32,32,8,16
metrics,lcs,metrics,ABCDE,46,0.85,whole_section,8,8,0,0,8,0,0,0,0.0,1.0,,,,,0,1.0,71,71,8,25
metrics,lcs,metrics,ABCDE,46,0.85,anxiety,8,8,0,0,8,0,0,0,0.0,1.0,,,,,0,1.0,76,76,8,51
metrics,lcs,metrics,ABCDE,46,0.85,double_shift,8,8,0,0,8,0,0,0,0.0,1.0,,,,,0,1.0,158,158,8,19
metrics,lcs,metrics,ABCDE,46,0.85,self_corrected,8,8,0,0,8,0,0,0,0.0,1.0,,,,,0,1.0,79,79,8,13
metrics,lcs,metrics,ABCDE,46,0.85,deferred,8,8,0,0,8,0,0,0,0.0,1.0,,,,,0,0.947368,76,72,8,6
metrics,lcs,metrics,ABCDE,46,0.85,isolated,8,8,0,0,6,0,2,0,0.0,0.75,,,,,0,0.666667,3,2,8,24
metrics,lcs,metrics,ABCDE,46,0.85,scanner_blank_1,8,8,0,0,8,0,0,0,0.0,1.0,,,,,0,0.963636,55,53,8,16
metrics,lcs,metrics,ABCDE,46,0.85,scanner_blank_2,8,8,0,0,8,0,0,0,0.0,1.0,,,,,0,0.950495,101,96,8,31
metrics,lcs,metrics,ABCDE,46,0.85,scanner_row_delete_1,8,8,0,0,0,0,8,0,0.0,0.0,,,,,0,0.0,52,0,8,7
metrics,lcs,metrics,ABCDE,46,0.85,scanner_row_delete_2,8,8,0,0,0,0,8,0,0.0,0.0,,,,,0,0.0,98,0,8,0
metrics,lcs,metrics,ABCDE,46,0.85,scanner_misread_1,8,0,8,0,0,6,0,2,,,0.75,0.953611,,,0,,0,0,8,37
metrics,lcs,metrics,ABCDE,46,0.85,scanner_misread_4,8,0,8,0,0,7,0,1,,,0.875,0.993609,,,0,,0,0,8,13
metrics,lcs,metrics,ABCDE,46,0.85,scanner_faint_1,8,0,8,0,0,4,0,4,,,0.5,0.807097,,,0,,0,0,8,38
metrics,lcs,metrics,ABCDE,46,0.85,scanner_faint_4,8,0,8,0,0,6,0,2,,,0.75,0.953611,,,0,,0,0,8,41
metrics,lcs,metrics,ABCDE,46,0.85,scanner_double_4,8,0,8,0,0,6,0,2,,,0.75,0.953611,,,0,,0,0,8,54
metrics,lcs,metrics,ABCDE,46,0.85,adv_long_runs,8,0,8,0,0,8,0,0,,,1.0,1.0,,,0,,0,0,8,74
metrics,lcs,metrics,ABCDE,46,0.85,adv_favourite,8,0,8,0,0,0,0,8,,,0.0,0.312344,,,0,,0,0,8,0
metrics,lcs,metrics,ABCDE,46,0.85,adv_easy_block,8,0,8,0,0,8,0,0,,,1.0,1.0,,,0,,0,0,8,58
metrics,lcs,metrics,ABCDE,46,0.85,adv_key_leakage,8,8,0,0,8,0,0,0,0.0,1.0,,,,,0,1.0,289,289,8,0
metrics,lcs,metrics,ABCDE,46,0.85,adv_cycle,8,0,8,0,0,8,0,0,,,1.0,1.0,,,0,,0,0,8,133
metrics,lcs,metrics,ABCDE,46,0.95,none,8,0,8,0,0,3,0,5,,,0.375,0.710759,,,0,,0,0,8,10
metrics,lcs,metrics,ABCDE,46,0.95,row_skip_1,8,8,0,0,8,0,0,0,0.0,1.0,,,,,0,1.0,132,132,8,4
metrics,lcs,metrics,ABCDE,46,0.95,row_skip_2,8,8,0,0,8,0,0,0,0.0,1.0,,,,,0,1.0,159,159,8,1
metrics,lcs,metrics,ABCDE,46,0.95,early_full,8,8,0,0,8,0,0,0,0.0,1.0,,,,,0,1.0,195,195,8,22
metrics,lcs,metrics,ABCDE,46,0.95,boundary,8,8,0,0,6,0,2,0,0.0,0.75,,,,,0,1.0,59,59,8,0
metrics,lcs,metrics,ABCDE,46,0.95,short_local,8,8,0,0,8,0,0,0,0.0,1.0,,,,,0,1.0,21,21,8,43
metrics,lcs,metrics,ABCDE,46,0.95,whole_section,8,8,0,0,8,0,0,0,0.0,1.0,,,,,0,1.0,120,120,8,8
metrics,lcs,metrics,ABCDE,46,0.95,anxiety,8,8,0,0,8,0,0,0,0.0,1.0,,,,,0,1.0,106,106,8,37
metrics,lcs,metrics,ABCDE,46,0.95,double_shift,8,8,0,0,8,0,0,0,0.0,1.0,,,,,0,1.0,179,179,8,8
metrics,lcs,metrics,ABCDE,46,0.95,self_corrected,8,8,0,0,8,0,0,0,0.0,1.0,,,,,0,0.972477,109,106,8,18
metrics,lcs,metrics,ABCDE,46,0.95,deferred,8,8,0,0,8,0,0,0,0.0,1.0,,,,,0,0.964286,112,108,8,24
metrics,lcs,metrics,ABCDE,46,0.95,isolated,8,8,0,0,6,0,2,0,0.0,0.75,,,,,0,0.5,10,5,8,6
metrics,lcs,metrics,ABCDE,46,0.95,scanner_blank_1,8,8,0,0,7,0,1,0,0.0,0.875,,,,,0,0.967742,62,60,8,44
metrics,lcs,metrics,ABCDE,46,0.95,scanner_blank_2,8,8,0,0,8,0,0,0,0.0,1.0,,,,,0,0.909091,110,100,8,14
metrics,lcs,metrics,ABCDE,46,0.95,scanner_row_delete_1,8,8,0,0,0,0,8,0,0.0,0.0,,,,,0,0.0,86,0,8,0
metrics,lcs,metrics,ABCDE,46,0.95,scanner_row_delete_2,8,8,0,0,0,0,8,0,0.0,0.0,,,,,0,0.0,92,0,8,3
metrics,lcs,metrics,ABCDE,46,0.95,scanner_misread_1,8,0,8,0,0,2,0,6,,,0.25,0.599689,,,0,,0,0,8,7
metrics,lcs,metrics,ABCDE,46,0.95,scanner_misread_4,8,0,8,0,0,3,0,5,,,0.375,0.710759,,,0,,0,0,8,7
metrics,lcs,metrics,ABCDE,46,0.95,scanner_faint_1,8,0,8,0,0,1,0,7,,,0.125,0.470679,,,0,,0,0,8,4
metrics,lcs,metrics,ABCDE,46,0.95,scanner_faint_4,8,0,8,0,0,3,0,5,,,0.375,0.710759,,,0,,0,0,8,30
metrics,lcs,metrics,ABCDE,46,0.95,scanner_double_4,8,0,8,0,0,5,0,3,,,0.625,0.888887,,,0,,0,0,8,35
metrics,lcs,metrics,ABCDE,46,0.95,adv_long_runs,8,0,8,0,0,8,0,0,,,1.0,1.0,,,0,,0,0,8,56
metrics,lcs,metrics,ABCDE,46,0.95,adv_favourite,8,0,8,0,0,0,0,8,,,0.0,0.312344,,,0,,0,0,8,0
metrics,lcs,metrics,ABCDE,46,0.95,adv_easy_block,8,0,8,0,0,8,0,0,,,1.0,1.0,,,0,,0,0,8,66
metrics,lcs,metrics,ABCDE,46,0.95,adv_key_leakage,8,8,0,0,8,0,0,0,0.0,1.0,,,,,0,1.0,280,280,8,0
metrics,lcs,metrics,ABCDE,46,0.95,adv_cycle,8,0,8,0,0,8,0,0,,,1.0,1.0,,,0,,0,0,8,145
metrics,lcs,metrics,ABCDE,90,0.26,none,8,0,8,0,0,8,0,0,,,1.0,1.0,,,0,,0,0,8,176
metrics,lcs,metrics,ABCDE,90,0.26,row_skip_1,8,8,0,0,8,0,0,0,0.0,1.0,,,,,0,1.0,14,14,8,196
metrics,lcs,metrics,ABCDE,90,0.26,row_skip_2,8,8,0,0,8,0,0,0,0.0,1.0,,,,,0,1.0,1,1,8,245
metrics,lcs,metrics,ABCDE,90,0.26,early_full,8,8,0,0,8,0,0,0,0.0,1.0,,,,,0,1.0,63,63,8,183
metrics,lcs,metrics,ABCDE,90,0.26,boundary,8,8,0,0,8,0,0,0,0.0,1.0,,,,,0,1.0,18,18,8,217
metrics,lcs,metrics,ABCDE,90,0.26,short_local,8,8,0,0,8,0,0,0,0.0,1.0,,,,,0,1.0,10,10,8,185
metrics,lcs,metrics,ABCDE,90,0.26,whole_section,8,8,0,0,8,0,0,0,0.0,1.0,,,,,0,1.0,29,29,8,226
metrics,lcs,metrics,ABCDE,90,0.26,anxiety,8,8,0,0,8,0,0,0,0.0,1.0,,,,,0,1.0,30,30,8,213
metrics,lcs,metrics,ABCDE,90,0.26,double_shift,8,8,0,0,8,0,0,0,0.0,1.0,,,,,0,1.0,22,22,8,220
metrics,lcs,metrics,ABCDE,90,0.26,self_corrected,8,8,0,0,8,0,0,0,0.0,1.0,,,,,0,1.0,18,18,8,178
metrics,lcs,metrics,ABCDE,90,0.26,deferred,8,8,0,0,8,0,0,0,0.0,1.0,,,,,0,1.0,32,32,8,221
metrics,lcs,metrics,ABCDE,90,0.26,isolated,8,8,0,0,8,0,0,0,0.0,1.0,,,,,0,1.0,3,3,8,241
metrics,lcs,metrics,ABCDE,90,0.26,scanner_blank_1,8,8,0,0,8,0,0,0,0.0,1.0,,,,,0,1.0,40,40,8,218
metrics,lcs,metrics,ABCDE,90,0.26,scanner_blank_2,8,8,0,0,8,0,0,0,0.0,1.0,,,,,0,1.0,30,30,8,213
metrics,lcs,metrics,ABCDE,90,0.26,scanner_row_delete_1,8,8,0,0,0,0,8,0,0.0,0.0,,,,,0,0.0,18,0,8,5
metrics,lcs,metrics,ABCDE,90,0.26,scanner_row_delete_2,8,8,0,0,0,0,8,0,0.0,0.0,,,,,0,0.0,18,0,8,18
metrics,lcs,metrics,ABCDE,90,0.26,scanner_misread_1,8,0,8,0,0,8,0,0,,,1.0,1.0,,,0,,0,0,8,151
metrics,lcs,metrics,ABCDE,90,0.26,scanner_misread_4,8,0,8,0,0,8,0,0,,,1.0,1.0,,,0,,0,0,8,190
metrics,lcs,metrics,ABCDE,90,0.26,scanner_faint_1,8,0,8,0,0,8,0,0,,,1.0,1.0,,,0,,0,0,8,227
metrics,lcs,metrics,ABCDE,90,0.26,scanner_faint_4,8,0,8,0,0,8,0,0,,,1.0,1.0,,,0,,0,0,8,195
metrics,lcs,metrics,ABCDE,90,0.26,scanner_double_4,8,0,8,0,0,8,0,0,,,1.0,1.0,,,0,,0,0,8,231
metrics,lcs,metrics,ABCDE,90,0.26,adv_long_runs,8,0,8,0,0,8,0,0,,,1.0,1.0,,,0,,0,0,8,162
metrics,lcs,metrics,ABCDE,90,0.26,adv_favourite,8,0,8,0,0,0,0,8,,,0.0,0.312344,,,0,,0,0,8,0
metrics,lcs,metrics,ABCDE,90,0.26,adv_easy_block,8,0,8,0,0,8,0,0,,,1.0,1.0,,,0,,0,0,8,126
metrics,lcs,metrics,ABCDE,90,0.26,adv_key_leakage,8,8,0,0,8,0,0,0,0.0,1.0,,,,,0,1.0,570,570,8,0
metrics,lcs,metrics,ABCDE,90,0.26,adv_cycle,8,0,8,0,0,8,0,0,,,1.0,1.0,,,0,,0,0,8,283
metrics,lcs,metrics,ABCDE,90,0.4,none,8,0,8,0,0,8,0,0,,,1.0,1.0,,,0,,0,0,8,201
metrics,lcs,metrics,ABCDE,90,0.4,row_skip_1,8,8,0,0,8,0,0,0,0.0,1.0,,,,,0,1.0,69,69,8,122
metrics,lcs,metrics,ABCDE,90,0.4,row_skip_2,8,8,0,0,8,0,0,0,0.0,1.0,,,,,0,1.0,80,80,8,157
metrics,lcs,metrics,ABCDE,90,0.4,early_full,8,8,0,0,8,0,0,0,0.0,1.0,,,,,0,1.0,164,164,8,126
metrics,lcs,metrics,ABCDE,90,0.4,boundary,8,8,0,0,8,0,0,0,0.0,1.0,,,,,0,1.0,30,30,8,166
metrics,lcs,metrics,ABCDE,90,0.4,short_local,8,8,0,0,8,0,0,0,0.0,1.0,,,,,0,1.0,20,20,8,189
metrics,lcs,metrics,ABCDE,90,0.4,whole_section,8,8,0,0,8,0,0,0,0.0,1.0,,,,,0,1.0,64,64,8,148
metrics,lcs,metrics,ABCDE,90,0.4,anxiety,8,8,0,0,8,0,0,0,0.0,1.0,,,,,0,1.0,69,69,8,140
metrics,lcs,metrics,ABCDE,90,0.4,double_shift,8,8,0,0,8,0,0,0,0.0,1.0,,,,,0,1.0,87,87,8,148
metrics,lcs,metrics,ABCDE,90,0.4,self_corrected,8,8,0,0,8,0,0,0,0.0,1.0,,,,,0,1.0,22,22,8,175
metrics,lcs,metrics,ABCDE,90,0.4,deferred,8,8,0,0,8,0,0,0,0.0,1.0,,,,,0,1.0,62,62,8,170
metrics,lcs,metrics,ABCDE,90,0.4,isolated,8,8,0,0,8,0,0,0,0.0,1.0,,,,,0,1.0,4,4,8,219
metrics,lcs,metrics,ABCDE,90,0.4,scanner_blank_1,8,8,0,0,8,0,0,0,0.0,1.0,,,,,0,1.0,124,124,8,138
metrics,lcs,metrics,ABCDE,90,0.4,scanner_blank_2,8,8,0,0,8,0,0,0,0.0,1.0,,,,,0,1.0,70,70,8,153
metrics,lcs,metrics,ABCDE,90,0.4,scanner_row_delete_1,8,8,0,0,0,0,8,0,0.0,0.0,,,,,0,0.0,66,0,8,9
metrics,lcs,metrics,ABCDE,90,0.4,scanner_row_delete_2,8,8,0,0,0,0,8,0,0.0,0.0,,,,,0,0.0,53,0,8,9
metrics,lcs,metrics,ABCDE,90,0.4,scanner_misread_1,8,0,8,0,0,8,0,0,,,1.0,1.0,,,0,,0,0,8,131
metrics,lcs,metrics,ABCDE,90,0.4,scanner_misread_4,8,0,8,0,0,8,0,0,,,1.0,1.0,,,0,,0,0,8,191
metrics,lcs,metrics,ABCDE,90,0.4,scanner_faint_1,8,0,8,0,0,8,0,0,,,1.0,1.0,,,0,,0,0,8,155
metrics,lcs,metrics,ABCDE,90,0.4,scanner_faint_4,8,0,8,0,0,8,0,0,,,1.0,1.0,,,0,,0,0,8,197
metrics,lcs,metrics,ABCDE,90,0.4,scanner_double_4,8,0,8,0,0,8,0,0,,,1.0,1.0,,,0,,0,0,8,186
metrics,lcs,metrics,ABCDE,90,0.4,adv_long_runs,8,0,8,0,0,8,0,0,,,1.0,1.0,,,0,,0,0,8,153
metrics,lcs,metrics,ABCDE,90,0.4,adv_favourite,8,0,8,0,0,0,0,8,,,0.0,0.312344,,,0,,0,0,8,0
metrics,lcs,metrics,ABCDE,90,0.4,adv_easy_block,8,0,8,0,0,8,0,0,,,1.0,1.0,,,0,,0,0,8,136
metrics,lcs,metrics,ABCDE,90,0.4,adv_key_leakage,8,8,0,0,8,0,0,0,0.0,1.0,,,,,0,1.0,571,571,8,0
metrics,lcs,metrics,ABCDE,90,0.4,adv_cycle,8,0,8,0,0,8,0,0,,,1.0,1.0,,,0,,0,0,8,286
metrics,lcs,metrics,ABCDE,90,0.55,none,8,0,8,0,0,8,0,0,,,1.0,1.0,,,0,,0,0,8,88
metrics,lcs,metrics,ABCDE,90,0.55,row_skip_1,8,8,0,0,8,0,0,0,0.0,1.0,,,,,0,1.0,117,117,8,119
metrics,lcs,metrics,ABCDE,90,0.55,row_skip_2,8,8,0,0,8,0,0,0,0.0,1.0,,,,,0,1.0,63,63,8,145
metrics,lcs,metrics,ABCDE,90,0.55,early_full,8,8,0,0,8,0,0,0,0.0,1.0,,,,,0,1.0,185,185,8,107
metrics,lcs,metrics,ABCDE,90,0.55,boundary,8,8,0,0,8,0,0,0,0.0,1.0,,,,,0,1.0,42,42,8,90
metrics,lcs,metrics,ABCDE,90,0.55,short_local,8,8,0,0,8,0,0,0,0.0,1.0,,,,,0,1.0,10,10,8,102
metrics,lcs,metrics,ABCDE,90,0.55,whole_section,8,8,0,0,8,0,0,0,0.0,1.0,,,,,0,1.0,90,90,8,139
metrics,lcs,metrics,ABCDE,90,0.55,anxiety,8,8,0,0,8,0,0,0,0.0,1.0,,,,,0,1.0,147,147,8,89
metrics,lcs,metrics,ABCDE,90,0.55,double_shift,8,8,0,0,8,0,0,0,0.0,1.0,,,,,0,1.0,180,180,8,102
metrics,lcs,metrics,ABCDE,90,0.55,self_corrected,8,8,0,0,8,0,0,0,0.0,1.0,,,,,0,1.0,66,66,8,91
metrics,lcs,metrics,ABCDE,90,0.55,deferred,8,8,0,0,8,0,0,0,0.0,1.0,,,,,0,1.0,78,78,8,142
metrics,lcs,metrics,ABCDE,90,0.55,isolated,8,8,0,0,8,0,0,0,0.0,1.0,,,,,0,1.0,5,5,8,90
metrics,lcs,metrics,ABCDE,90,0.55,scanner_blank_1,8,8,0,0,8,0,0,0,0.0,1.0,,,,,0,1.0,102,102,8,86
metrics,lcs,metrics,ABCDE,90,0.55,scanner_blank_2,8,8,0,0,8,0,0,0,0.0,1.0,,,,,0,1.0,101,101,8,124
metrics,lcs,metrics,ABCDE,90,0.55,scanner_row_delete_1,8,8,0,0,0,0,8,0,0.0,0.0,,,,,0,0.0,149,0,8,1
metrics,lcs,metrics,ABCDE,90,0.55,scanner_row_delete_2,8,8,0,0,0,0,8,0,0.0,0.0,,,,,0,0.0,26,0,8,4
metrics,lcs,metrics,ABCDE,90,0.55,scanner_misread_1,8,0,8,0,0,8,0,0,,,1.0,1.0,,,0,,0,0,8,85
metrics,lcs,metrics,ABCDE,90,0.55,scanner_misread_4,8,0,8,0,0,8,0,0,,,1.0,1.0,,,0,,0,0,8,98
metrics,lcs,metrics,ABCDE,90,0.55,scanner_faint_1,8,0,8,0,0,8,0,0,,,1.0,1.0,,,0,,0,0,8,78
metrics,lcs,metrics,ABCDE,90,0.55,scanner_faint_4,8,0,8,0,0,8,0,0,,,1.0,1.0,,,0,,0,0,8,142
metrics,lcs,metrics,ABCDE,90,0.55,scanner_double_4,8,0,8,0,0,8,0,0,,,1.0,1.0,,,0,,0,0,8,93
metrics,lcs,metrics,ABCDE,90,0.55,adv_long_runs,8,0,8,0,0,8,0,0,,,1.0,1.0,,,0,,0,0,8,147
metrics,lcs,metrics,ABCDE,90,0.55,adv_favourite,8,0,8,0,0,0,0,8,,,0.0,0.312344,,,0,,0,0,8,0
metrics,lcs,metrics,ABCDE,90,0.55,adv_easy_block,8,0,8,0,0,8,0,0,,,1.0,1.0,,,0,,0,0,8,136
metrics,lcs,metrics,ABCDE,90,0.55,adv_key_leakage,8,8,0,0,8,0,0,0,0.0,1.0,,,,,0,1.0,565,565,8,0
metrics,lcs,metrics,ABCDE,90,0.55,adv_cycle,8,0,8,0,0,8,0,0,,,1.0,1.0,,,0,,0,0,8,281
metrics,lcs,metrics,ABCDE,90,0.7,none,8,0,8,0,0,8,0,0,,,1.0,1.0,,,0,,0,0,8,75
metrics,lcs,metrics,ABCDE,90,0.7,row_skip_1,8,8,0,0,8,0,0,0,0.0,1.0,,,,,0,1.0,113,113,8,61
metrics,lcs,metrics,ABCDE,90,0.7,row_skip_2,8,8,0,0,8,0,0,0,0.0,1.0,,,,,0,1.0,132,132,8,87
metrics,lcs,metrics,ABCDE,90,0.7,early_full,8,8,0,0,8,0,0,0,0.0,1.0,,,,,0,1.0,237,237,8,129
metrics,lcs,metrics,ABCDE,90,0.7,boundary,8,8,0,0,8,0,0,0,0.0,1.0,,,,,0,1.0,113,113,8,43
metrics,lcs,metrics,ABCDE,90,0.7,short_local,8,8,0,0,8,0,0,0,0.0,1.0,,,,,0,1.0,29,29,8,45
metrics,lcs,metrics,ABCDE,90,0.7,whole_section,8,8,0,0,8,0,0,0,0.0,1.0,,,,,0,1.0,136,136,8,60
metrics,lcs,metrics,ABCDE,90,0.7,anxiety,8,8,0,0,8,0,0,0,0.0,1.0,,,,,0,1.0,104,104,8,84
metrics,lcs,metrics,ABCDE,90,0.7,double_shift,8,8,0,0,8,0,0,0,0.0,1.0,,,,,0,1.0,207,207,8,53
metrics,lcs,metrics,ABCDE,90,0.7,self_corrected,8,8,0,0,8,0,0,0,0.0,1.0,,,,,0,1.0,65,65,8,78
metrics,lcs,metrics,ABCDE,90,0.7,deferred,8,8,0,0,8,0,0,0,0.0,1.0,,,,,0,1.0,156,156,8,32
metrics,lcs,metrics,ABCDE,90,0.7,isolated,8,8,0,0,8,0,0,0,0.0,1.0,,,,,0,1.0,5,5,8,75
metrics,lcs,metrics,ABCDE,90,0.7,scanner_blank_1,8,8,0,0,8,0,0,0,0.0,1.0,,,,,0,1.0,145,145,8,42
metrics,lcs,metrics,ABCDE,90,0.7,scanner_blank_2,8,8,0,0,8,0,0,0,0.0,1.0,,,,,0,0.987421,159,157,8,71
metrics,lcs,metrics,ABCDE,90,0.7,scanner_row_delete_1,8,8,0,0,0,0,8,0,0.0,0.0,,,,,0,0.0,67,0,8,0
metrics,lcs,metrics,ABCDE,90,0.7,scanner_row_delete_2,8,8,0,0,0,0,8,0,0.0,0.0,,,,,0,0.0,132,0,8,0
metrics,lcs,metrics,ABCDE,90,0.7,scanner_misread_1,8,0,8,0,0,8,0,0,,,1.0,1.0,,,0,,0,0,8,52
metrics,lcs,metrics,ABCDE,90,0.7,scanner_misread_4,8,0,8,0,0,8,0,0,,,1.0,1.0,,,0,,0,0,8,106
metrics,lcs,metrics,ABCDE,90,0.7,scanner_faint_1,8,0,8,0,0,8,0,0,,,1.0,1.0,,,0,,0,0,8,82
metrics,lcs,metrics,ABCDE,90,0.7,scanner_faint_4,8,0,8,0,0,8,0,0,,,1.0,1.0,,,0,,0,0,8,115
metrics,lcs,metrics,ABCDE,90,0.7,scanner_double_4,8,0,8,0,0,8,0,0,,,1.0,1.0,,,0,,0,0,8,121
metrics,lcs,metrics,ABCDE,90,0.7,adv_long_runs,8,0,8,0,0,8,0,0,,,1.0,1.0,,,0,,0,0,8,144
metrics,lcs,metrics,ABCDE,90,0.7,adv_favourite,8,0,8,0,0,0,0,8,,,0.0,0.312344,,,0,,0,0,8,0
metrics,lcs,metrics,ABCDE,90,0.7,adv_easy_block,8,0,8,0,0,8,0,0,,,1.0,1.0,,,0,,0,0,8,142
metrics,lcs,metrics,ABCDE,90,0.7,adv_key_leakage,8,8,0,0,8,0,0,0,0.0,1.0,,,,,0,1.0,554,554,8,0
metrics,lcs,metrics,ABCDE,90,0.7,adv_cycle,8,0,8,0,0,8,0,0,,,1.0,1.0,,,0,,0,0,8,278
metrics,lcs,metrics,ABCDE,90,0.85,none,8,0,8,0,0,3,0,5,,,0.375,0.710759,,,0,,0,0,8,77
metrics,lcs,metrics,ABCDE,90,0.85,row_skip_1,8,8,0,0,8,0,0,0,0.0,1.0,,,,,0,1.0,166,166,8,52
metrics,lcs,metrics,ABCDE,90,0.85,row_skip_2,8,8,0,0,8,0,0,0,0.0,1.0,,,,,0,1.0,218,218,8,40
metrics,lcs,metrics,ABCDE,90,0.85,early_full,8,8,0,0,8,0,0,0,0.0,1.0,,,,,0,1.0,412,412,8,17
metrics,lcs,metrics,ABCDE,90,0.85,boundary,8,8,0,0,8,0,0,0,0.0,1.0,,,,,0,1.0,171,171,8,10
metrics,lcs,metrics,ABCDE,90,0.85,short_local,8,8,0,0,8,0,0,0,0.0,1.0,,,,,0,1.0,35,35,8,27
metrics,lcs,metrics,ABCDE,90,0.85,whole_section,8,8,0,0,8,0,0,0,0.0,1.0,,,,,0,1.0,136,136,8,75
metrics,lcs,metrics,ABCDE,90,0.85,anxiety,8,8,0,0,8,0,0,0,0.0,1.0,,,,,0,1.0,125,125,8,112
metrics,lcs,metrics,ABCDE,90,0.85,double_shift,8,8,0,0,8,0,0,0,0.0,1.0,,,,,0,1.0,264,264,8,50
metrics,lcs,metrics,ABCDE,90,0.85,self_corrected,8,8,0,0,7,0,1,0,0.0,0.875,,,,,0,0.986111,72,71,8,94
metrics,lcs,metrics,ABCDE,90,0.85,deferred,8,8,0,0,8,0,0,0,0.0,1.0,,,,,0,0.995536,224,223,8,24
metrics,lcs,metrics,ABCDE,90,0.85,isolated,8,8,0,0,6,0,2,0,0.0,0.75,,,,,0,1.0,8,8,8,23
metrics,lcs,metrics,ABCDE,90,0.85,scanner_blank_1,8,8,0,0,7,0,1,0,0.0,0.875,,,,,0,0.994872,195,194,8,38
metrics,lcs,metrics,ABCDE,90,0.85,scanner_blank_2,8,8,0,0,8,0,0,0,0.0,1.0,,,,,0,0.987261,157,155,8,68
metrics,lcs,metrics,ABCDE,90,0.85,scanner_row_delete_1,8,8,0,0,0,0,8,0,0.0,0.0,,,,,0,0.0,149,0,8,0
metrics,lcs,metrics,ABCDE,90,0.85,scanner_row_delete_2,8,8,0,0,0,0,8,0,0.0,0.0,,,,,0,0.0,58,0,8,2
metrics,lcs,metrics,ABCDE,90,0.85,scanner_misread_1,8,0,8,0,0,6,0,2,,,0.75,0.953611,,,0,,0,0,8,23
metrics,lcs,metrics,ABCDE,90,0.85,scanner_misread_4,8,0,8,0,0,6,0,2,,,0.75,0.953611,,,0,,0,0,8,56
metrics,lcs,metrics,ABCDE,90,0.85,scanner_faint_1,8,0,8,0,0,7,0,1,,,0.875,0.993609,,,0,,0,0,8,30
metrics,lcs,metrics,ABCDE,90,0.85,scanner_faint_4,8,0,8,0,0,5,0,3,,,0.625,0.888887,,,0,,0,0,8,55
metrics,lcs,metrics,ABCDE,90,0.85,scanner_double_4,8,0,8,0,0,8,0,0,,,1.0,1.0,,,0,,0,0,8,87
metrics,lcs,metrics,ABCDE,90,0.85,adv_long_runs,8,0,8,0,0,8,0,0,,,1.0,1.0,,,0,,0,0,8,145
metrics,lcs,metrics,ABCDE,90,0.85,adv_favourite,8,0,8,0,0,0,0,8,,,0.0,0.312344,,,0,,0,0,8,0
metrics,lcs,metrics,ABCDE,90,0.85,adv_easy_block,8,0,8,0,0,8,0,0,,,1.0,1.0,,,0,,0,0,8,117
metrics,lcs,metrics,ABCDE,90,0.85,adv_key_leakage,8,8,0,0,8,0,0,0,0.0,1.0,,,,,0,1.0,565,565,8,0
metrics,lcs,metrics,ABCDE,90,0.85,adv_cycle,8,0,8,0,0,8,0,0,,,1.0,1.0,,,0,,0,0,8,289
metrics,lcs,metrics,ABCDE,90,0.95,none,8,0,8,0,0,3,0,5,,,0.375,0.710759,,,0,,0,0,8,21
metrics,lcs,metrics,ABCDE,90,0.95,row_skip_1,8,8,0,0,8,0,0,0,0.0,1.0,,,,,0,1.0,149,149,8,12
metrics,lcs,metrics,ABCDE,90,0.95,row_skip_2,8,8,0,0,8,0,0,0,0.0,1.0,,,,,0,1.0,296,296,8,27
metrics,lcs,metrics,ABCDE,90,0.95,early_full,8,8,0,0,8,0,0,0,0.0,1.0,,,,,0,1.0,394,394,8,46
metrics,lcs,metrics,ABCDE,90,0.95,boundary,8,8,0,0,7,0,1,0,0.0,0.875,,,,,0,1.0,107,107,8,16
metrics,lcs,metrics,ABCDE,90,0.95,short_local,8,8,0,0,8,0,0,0,0.0,1.0,,,,,0,1.0,39,39,8,53
metrics,lcs,metrics,ABCDE,90,0.95,whole_section,8,8,0,0,8,0,0,0,0.0,1.0,,,,,0,1.0,191,191,8,54
metrics,lcs,metrics,ABCDE,90,0.95,anxiety,8,8,0,0,8,0,0,0,0.0,1.0,,,,,0,1.0,256,256,8,33
metrics,lcs,metrics,ABCDE,90,0.95,double_shift,8,8,0,0,8,0,0,0,0.0,1.0,,,,,0,1.0,321,321,8,38
metrics,lcs,metrics,ABCDE,90,0.95,self_corrected,8,8,0,0,8,0,0,0,0.0,1.0,,,,,0,0.980198,101,99,8,12
metrics,lcs,metrics,ABCDE,90,0.95,deferred,8,8,0,0,7,0,1,0,0.0,0.875,,,,,0,0.982456,285,280,8,10
metrics,lcs,metrics,ABCDE,90,0.95,isolated,8,8,0,0,7,0,1,0,0.0,0.875,,,,,0,0.666667,9,6,8,73
metrics,lcs,metrics,ABCDE,90,0.95,scanner_blank_1,8,8,0,0,8,0,0,0,0.0,1.0,,,,,0,0.983516,182,179,8,35
metrics,lcs,metrics,ABCDE,90,0.95,scanner_blank_2,8,8,0,0,8,0,0,0,0.0,1.0,,,,,0,0.938202,178,167,8,35
metrics,lcs,metrics,ABCDE,90,0.95,scanner_row_delete_1,8,8,0,0,0,0,8,0,0.0,0.0,,,,,0,0.0,175,0,8,0
metrics,lcs,metrics,ABCDE,90,0.95,scanner_row_delete_2,8,8,0,0,0,0,8,0,0.0,0.0,,,,,0,0.0,204,0,8,0
metrics,lcs,metrics,ABCDE,90,0.95,scanner_misread_1,8,0,8,0,0,2,0,6,,,0.25,0.599689,,,0,,0,0,8,12
metrics,lcs,metrics,ABCDE,90,0.95,scanner_misread_4,8,0,8,0,0,3,0,5,,,0.375,0.710759,,,0,,0,0,8,69
metrics,lcs,metrics,ABCDE,90,0.95,scanner_faint_1,8,0,8,0,0,2,0,6,,,0.25,0.599689,,,0,,0,0,8,28
metrics,lcs,metrics,ABCDE,90,0.95,scanner_faint_4,8,0,8,0,0,3,0,5,,,0.375,0.710759,,,0,,0,0,8,9
metrics,lcs,metrics,ABCDE,90,0.95,scanner_double_4,8,0,8,0,0,7,0,1,,,0.875,0.993609,,,0,,0,0,8,72
metrics,lcs,metrics,ABCDE,90,0.95,adv_long_runs,8,0,8,0,0,8,0,0,,,1.0,1.0,,,0,,0,0,8,145
metrics,lcs,metrics,ABCDE,90,0.95,adv_favourite,8,0,8,0,0,0,0,8,,,0.0,0.312344,,,0,,0,0,8,0
metrics,lcs,metrics,ABCDE,90,0.95,adv_easy_block,8,0,8,0,0,8,0,0,,,1.0,1.0,,,0,,0,0,8,129
metrics,lcs,metrics,ABCDE,90,0.95,adv_key_leakage,8,8,0,0,8,0,0,0,0.0,1.0,,,,,0,1.0,577,577,8,0
metrics,lcs,metrics,ABCDE,90,0.95,adv_cycle,8,0,8,0,0,8,0,0,,,1.0,1.0,,,0,,0,0,8,280
metrics,lcs,metrics,ABCDE,100,0.26,none,8,0,8,0,0,8,0,0,,,1.0,1.0,,,0,,0,0,8,205
metrics,lcs,metrics,ABCDE,100,0.26,row_skip_1,8,8,0,0,8,0,0,0,0.0,1.0,,,,,0,1.0,47,47,8,181
metrics,lcs,metrics,ABCDE,100,0.26,row_skip_2,8,8,0,0,8,0,0,0,0.0,1.0,,,,,0,1.0,45,45,8,191
metrics,lcs,metrics,ABCDE,100,0.26,early_full,8,8,0,0,8,0,0,0,0.0,1.0,,,,,0,1.0,43,43,8,249
metrics,lcs,metrics,ABCDE,100,0.26,boundary,8,8,0,0,8,0,0,0,0.0,1.0,,,,,0,1.0,25,25,8,223
metrics,lcs,metrics,ABCDE,100,0.26,short_local,8,8,0,0,8,0,0,0,0.0,1.0,,,,,0,1.0,9,9,8,169
metrics,lcs,metrics,ABCDE,100,0.26,whole_section,8,8,0,0,8,0,0,0,0.0,1.0,,,,,0,1.0,33,33,8,234
metrics,lcs,metrics,ABCDE,100,0.26,anxiety,8,8,0,0,8,0,0,0,0.0,1.0,,,,,0,1.0,38,38,8,234
metrics,lcs,metrics,ABCDE,100,0.26,double_shift,8,8,0,0,8,0,0,0,0.0,1.0,,,,,0,1.0,17,17,8,283
metrics,lcs,metrics,ABCDE,100,0.26,self_corrected,8,8,0,0,8,0,0,0,0.0,1.0,,,,,0,1.0,32,32,8,164
metrics,lcs,metrics,ABCDE,100,0.26,deferred,8,8,0,0,8,0,0,0,0.0,1.0,,,,,0,1.0,15,15,8,246
metrics,lcs,metrics,ABCDE,100,0.26,isolated,8,8,0,0,8,0,0,0,0.0,1.0,,,,,0,1.0,2,2,8,245
metrics,lcs,metrics,ABCDE,100,0.26,scanner_blank_1,8,8,0,0,8,0,0,0,0.0,1.0,,,,,0,1.0,53,53,8,177
metrics,lcs,metrics,ABCDE,100,0.26,scanner_blank_2,8,8,0,0,8,0,0,0,0.0,1.0,,,,,0,1.0,33,33,8,240
metrics,lcs,metrics,ABCDE,100,0.26,scanner_row_delete_1,8,8,0,0,0,0,8,0,0.0,0.0,,,,,0,0.0,16,0,8,4
metrics,lcs,metrics,ABCDE,100,0.26,scanner_row_delete_2,8,8,0,0,0,0,8,0,0.0,0.0,,,,,0,0.0,14,0,8,39
metrics,lcs,metrics,ABCDE,100,0.26,scanner_misread_1,8,0,8,0,0,8,0,0,,,1.0,1.0,,,0,,0,0,8,190
metrics,lcs,metrics,ABCDE,100,0.26,scanner_misread_4,8,0,8,0,0,8,0,0,,,1.0,1.0,,,0,,0,0,8,296
metrics,lcs,metrics,ABCDE,100,0.26,scanner_faint_1,8,0,8,0,0,8,0,0,,,1.0,1.0,,,0,,0,0,8,206
metrics,lcs,metrics,ABCDE,100,0.26,scanner_faint_4,8,0,8,0,0,8,0,0,,,1.0,1.0,,,0,,0,0,8,239
metrics,lcs,metrics,ABCDE,100,0.26,scanner_double_4,8,0,8,0,0,8,0,0,,,1.0,1.0,,,0,,0,0,8,242
metrics,lcs,metrics,ABCDE,100,0.26,adv_long_runs,8,0,8,0,0,8,0,0,,,1.0,1.0,,,0,,0,0,8,167
metrics,lcs,metrics,ABCDE,100,0.26,adv_favourite,8,0,8,0,0,0,0,8,,,0.0,0.312344,,,0,,0,0,8,0
metrics,lcs,metrics,ABCDE,100,0.26,adv_easy_block,8,0,8,0,0,8,0,0,,,1.0,1.0,,,0,,0,0,8,137
metrics,lcs,metrics,ABCDE,100,0.26,adv_key_leakage,8,8,0,0,8,0,0,0,0.0,1.0,,,,,0,1.0,627,627,8,0
metrics,lcs,metrics,ABCDE,100,0.26,adv_cycle,8,0,8,0,0,8,0,0,,,1.0,1.0,,,0,,0,0,8,335
metrics,lcs,metrics,ABCDE,100,0.4,none,8,0,8,0,0,8,0,0,,,1.0,1.0,,,0,,0,0,8,163
metrics,lcs,metrics,ABCDE,100,0.4,row_skip_1,8,8,0,0,8,0,0,0,0.0,1.0,,,,,0,1.0,64,64,8,199
metrics,lcs,metrics,ABCDE,100,0.4,row_skip_2,8,8,0,0,8,0,0,0,0.0,1.0,,,,,0,1.0,34,34,8,204
metrics,lcs,metrics,ABCDE,100,0.4,early_full,8,8,0,0,8,0,0,0,0.0,1.0,,,,,0,1.0,86,86,8,210
metrics,lcs,metrics,ABCDE,100,0.4,boundary,8,8,0,0,8,0,0,0,0.0,1.0,,,,,0,1.0,55,55,8,185
metrics,lcs,metrics,ABCDE,100,0.4,short_local,8,8,0,0,8,0,0,0,0.0,1.0,,,,,0,1.0,14,14,8,166
metrics,lcs,metrics,ABCDE,100,0.4,whole_section,8,8,0,0,8,0,0,0,0.0,1.0,,,,,0,1.0,64,64,8,140
metrics,lcs,metrics,ABCDE,100,0.4,anxiety,8,8,0,0,8,0,0,0,0.0,1.0,,,,,0,1.0,60,60,8,190
metrics,lcs,metrics,ABCDE,100,0.4,double_shift,8,8,0,0,8,0,0,0,0.0,1.0,,,,,0,1.0,94,94,8,189
metrics,lcs,metrics,ABCDE,100,0.4,self_corrected,8,8,0,0,8,0,0,0,0.0,1.0,,,,,0,1.0,43,43,8,145
metrics,lcs,metrics,ABCDE,100,0.4,deferred,8,8,0,0,8,0,0,0,0.0,1.0,,,,,0,1.0,82,82,8,169
metrics,lcs,metrics,ABCDE,100,0.4,isolated,8,8,0,0,8,0,0,0,0.0,1.0,,,,,0,1.0,5,5,8,200
metrics,lcs,metrics,ABCDE,100,0.4,scanner_blank_1,8,8,0,0,8,0,0,0,0.0,1.0,,,,,0,1.0,107,107,8,122
metrics,lcs,metrics,ABCDE,100,0.4,scanner_blank_2,8,8,0,0,8,0,0,0,0.0,1.0,,,,,0,1.0,85,85,8,170
metrics,lcs,metrics,ABCDE,100,0.4,scanner_row_delete_1,8,8,0,0,0,0,8,0,0.0,0.0,,,,,0,0.0,19,0,8,4
metrics,lcs,metrics,ABCDE,100,0.4,scanner_row_delete_2,8,8,0,0,0,0,8,0,0.0,0.0,,,,,0,0.0,59,0,8,5
metrics,lcs,metrics,ABCDE,100,0.4,scanner_misread_1,8,0,8,0,0,8,0,0,,,1.0,1.0,,,0,,0,0,8,161
metrics,lcs,metrics,ABCDE,100,0.4,scanner_misread_4,8,0,8,0,0,8,0,0,,,1.0,1.0,,,0,,0,0,8,196
metrics,lcs,metrics,ABCDE,100,0.4,scanner_faint_1,8,0,8,0,0,8,0,0,,,1.0,1.0,,,0,,0,0,8,141
metrics,lcs,metrics,ABCDE,100,0.4,scanner_faint_4,8,0,8,0,0,8,0,0,,,1.0,1.0,,,0,,0,0,8,204
metrics,lcs,metrics,ABCDE,100,0.4,scanner_double_4,8,0,8,0,0,8,0,0,,,1.0,1.0,,,0,,0,0,8,177
metrics,lcs,metrics,ABCDE,100,0.4,adv_long_runs,8,0,8,0,0,8,0,0,,,1.0,1.0,,,0,,0,0,8,185
metrics,lcs,metrics,ABCDE,100,0.4,adv_favourite,8,0,8,0,0,0,0,8,,,0.0,0.312344,,,0,,0,0,8,0
metrics,lcs,metrics,ABCDE,100,0.4,adv_easy_block,8,0,8,0,0,8,0,0,,,1.0,1.0,,,0,,0,0,8,137
metrics,lcs,metrics,ABCDE,100,0.4,adv_key_leakage,8,8,0,0,8,0,0,0,0.0,1.0,,,,,0,1.0,644,644,8,0
metrics,lcs,metrics,ABCDE,100,0.4,adv_cycle,8,0,8,0,0,8,0,0,,,1.0,1.0,,,0,,0,0,8,285
metrics,lcs,metrics,ABCDE,100,0.55,none,8,0,8,0,0,8,0,0,,,1.0,1.0,,,0,,0,0,8,136
metrics,lcs,metrics,ABCDE,100,0.55,row_skip_1,8,8,0,0,8,0,0,0,0.0,1.0,,,,,0,1.0,120,120,8,104
metrics,lcs,metrics,ABCDE,100,0.55,row_skip_2,8,8,0,0,8,0,0,0,0.0,1.0,,,,,0,1.0,101,101,8,116
metrics,lcs,metrics,ABCDE,100,0.55,early_full,8,8,0,0,8,0,0,0,0.0,1.0,,,,,0,1.0,173,173,8,141
metrics,lcs,metrics,ABCDE,100,0.55,boundary,8,8,0,0,8,0,0,0,0.0,1.0,,,,,0,1.0,58,58,8,120
metrics,lcs,metrics,ABCDE,100,0.55,short_local,8,8,0,0,8,0,0,0,0.0,1.0,,,,,0,1.0,16,16,8,132
metrics,lcs,metrics,ABCDE,100,0.55,whole_section,8,8,0,0,8,0,0,0,0.0,1.0,,,,,0,1.0,132,132,8,64
metrics,lcs,metrics,ABCDE,100,0.55,anxiety,8,8,0,0,8,0,0,0,0.0,1.0,,,,,0,1.0,131,131,8,111
metrics,lcs,metrics,ABCDE,100,0.55,double_shift,8,8,0,0,8,0,0,0,0.0,1.0,,,,,0,1.0,103,103,8,152
metrics,lcs,metrics,ABCDE,100,0.55,self_corrected,8,8,0,0,8,0,0,0,0.0,1.0,,,,,0,1.0,45,45,8,126
metrics,lcs,metrics,ABCDE,100,0.55,deferred,8,8,0,0,8,0,0,0,0.0,1.0,,,,,0,1.0,122,122,8,94
metrics,lcs,metrics,ABCDE,100,0.55,isolated,8,8,0,0,8,0,0,0,0.0,1.0,,,,,0,1.0,5,5,8,81
metrics,lcs,metrics,ABCDE,100,0.55,scanner_blank_1,8,8,0,0,8,0,0,0,0.0,1.0,,,,,0,1.0,55,55,8,104
metrics,lcs,metrics,ABCDE,100,0.55,scanner_blank_2,8,8,0,0,8,0,0,0,0.0,1.0,,,,,0,1.0,77,77,8,115
metrics,lcs,metrics,ABCDE,100,0.55,scanner_row_delete_1,8,8,0,0,0,0,8,0,0.0,0.0,,,,,0,0.0,144,0,8,0
metrics,lcs,metrics,ABCDE,100,0.55,scanner_row_delete_2,8,8,0,0,0,0,8,0,0.0,0.0,,,,,0,0.0,36,0,8,0
metrics,lcs,metrics,ABCDE,100,0.55,scanner_misread_1,8,0,8,0,0,8,0,0,,,1.0,1.0,,,0,,0,0,8,95
metrics,lcs,metrics,ABCDE,100,0.55,scanner_misread_4,8,0,8,0,0,8,0,0,,,1.0,1.0,,,0,,0,0,8,150
metrics,lcs,metrics,ABCDE,100,0.55,scanner_faint_1,8,0,8,0,0,8,0,0,,,1.0,1.0,,,0,,0,0,8,162
metrics,lcs,metrics,ABCDE,100,0.55,scanner_faint_4,8,0,8,0,0,8,0,0,,,1.0,1.0,,,0,,0,0,8,146
metrics,lcs,metrics,ABCDE,100,0.55,scanner_double_4,8,0,8,0,0,8,0,0,,,1.0,1.0,,,0,,0,0,8,149
metrics,lcs,metrics,ABCDE,100,0.55,adv_long_runs,8,0,8,0,0,8,0,0,,,1.0,1.0,,,0,,0,0,8,176
metrics,lcs,metrics,ABCDE,100,0.55,adv_favourite,8,0,8,0,0,0,0,8,,,0.0,0.312344,,,0,,0,0,8,0
metrics,lcs,metrics,ABCDE,100,0.55,adv_easy_block,8,0,8,0,0,8,0,0,,,1.0,1.0,,,0,,0,0,8,147
metrics,lcs,metrics,ABCDE,100,0.55,adv_key_leakage,8,8,0,0,8,0,0,0,0.0,1.0,,,,,0,1.0,620,620,8,0
metrics,lcs,metrics,ABCDE,100,0.55,adv_cycle,8,0,8,0,0,8,0,0,,,1.0,1.0,,,0,,0,0,8,324
metrics,lcs,metrics,ABCDE,100,0.7,none,8,0,8,0,0,8,0,0,,,1.0,1.0,,,0,,0,0,8,43
metrics,lcs,metrics,ABCDE,100,0.7,row_skip_1,8,8,0,0,8,0,0,0,0.0,1.0,,,,,0,1.0,97,97,8,77
metrics,lcs,metrics,ABCDE,100,0.7,row_skip_2,8,8,0,0,8,0,0,0,0.0,1.0,,,,,0,1.0,205,205,8,58
metrics,lcs,metrics,ABCDE,100,0.7,early_full,8,8,0,0,8,0,0,0,0.0,1.0,,,,,0,1.0,358,358,8,43
metrics,lcs,metrics,ABCDE,100,0.7,boundary,8,8,0,0,8,0,0,0,0.0,1.0,,,,,0,1.0,47,47,8,79
metrics,lcs,metrics,ABCDE,100,0.7,short_local,8,8,0,0,8,0,0,0,0.0,1.0,,,,,0,1.0,27,27,8,73
metrics,lcs,metrics,ABCDE,100,0.7,whole_section,8,8,0,0,8,0,0,0,0.0,1.0,,,,,0,1.0,157,157,8,67
metrics,lcs,metrics,ABCDE,100,0.7,anxiety,8,8,0,0,8,0,0,0,0.0,1.0,,,,,0,1.0,199,199,8,90
metrics,lcs,metrics,ABCDE,100,0.7,double_shift,8,8,0,0,8,0,0,0,0.0,1.0,,,,,0,1.0,231,231,8,61
metrics,lcs,metrics,ABCDE,100,0.7,self_corrected,8,8,0,0,8,0,0,0,0.0,1.0,,,,,0,1.0,67,67,8,90
metrics,lcs,metrics,ABCDE,100,0.7,deferred,8,8,0,0,8,0,0,0,0.0,1.0,,,,,0,1.0,148,148,8,42
metrics,lcs,metrics,ABCDE,100,0.7,isolated,8,8,0,0,8,0,0,0,0.0,1.0,,,,,0,1.0,6,6,8,76
metrics,lcs,metrics,ABCDE,100,0.7,scanner_blank_1,8,8,0,0,8,0,0,0,0.0,1.0,,,,,0,1.0,178,178,8,43
metrics,lcs,metrics,ABCDE,100,0.7,scanner_blank_2,8,8,0,0,8,0,0,0,0.0,1.0,,,,,0,1.0,227,227,8,32
metrics,lcs,metrics,ABCDE,100,0.7,scanner_row_delete_1,8,8,0,0,0,0,8,0,0.0,0.0,,,,,0,0.0,180,0,8,2
metrics,lcs,metrics,ABCDE,100,0.7,scanner_row_delete_2,8,8,0,0,0,0,8,0,0.0,0.0,,,,,0,0.0,152,0,8,0
metrics,lcs,metrics,ABCDE,100,0.7,scanner_misread_1,8,0,8,0,0,8,0,0,,,1.0,1.0,,,0,,0,0,8,82
metrics,lcs,metrics,ABCDE,100,0.7,scanner_misread_4,8,0,8,0,0,8,0,0,,,1.0,1.0,,,0,,0,0,8,57
metrics,lcs,metrics,ABCDE,100,0.7,scanner_faint_1,8,0,8,0,0,8,0,0,,,1.0,1.0,,,0,,0,0,8,92
metrics,lcs,metrics,ABCDE,100,0.7,scanner_faint_4,8,0,8,0,0,8,0,0,,,1.0,1.0,,,0,,0,0,8,64
metrics,lcs,metrics,ABCDE,100,0.7,scanner_double_4,8,0,8,0,0,8,0,0,,,1.0,1.0,,,0,,0,0,8,79
metrics,lcs,metrics,ABCDE,100,0.7,adv_long_runs,8,0,8,0,0,8,0,0,,,1.0,1.0,,,0,,0,0,8,151
metrics,lcs,metrics,ABCDE,100,0.7,adv_favourite,8,0,8,0,0,0,0,8,,,0.0,0.312344,,,0,,0,0,8,0
metrics,lcs,metrics,ABCDE,100,0.7,adv_easy_block,8,0,8,0,0,8,0,0,,,1.0,1.0,,,0,,0,0,8,144
metrics,lcs,metrics,ABCDE,100,0.7,adv_key_leakage,8,8,0,0,8,0,0,0,0.0,1.0,,,,,0,1.0,645,645,8,0
metrics,lcs,metrics,ABCDE,100,0.7,adv_cycle,8,0,8,0,0,8,0,0,,,1.0,1.0,,,0,,0,0,8,303
metrics,lcs,metrics,ABCDE,100,0.85,none,8,0,8,0,0,8,0,0,,,1.0,1.0,,,0,,0,0,8,76
metrics,lcs,metrics,ABCDE,100,0.85,row_skip_1,8,8,0,0,8,0,0,0,0.0,1.0,,,,,0,1.0,239,239,8,12
metrics,lcs,metrics,ABCDE,100,0.85,row_skip_2,8,8,0,0,7,0,1,0,0.0,0.875,,,,,0,1.0,121,121,8,38
metrics,lcs,metrics,ABCDE,100,0.85,early_full,8,8,0,0,8,0,0,0,0.0,1.0,,,,,0,1.0,257,257,8,142
metrics,lcs,metrics,ABCDE,100,0.85,boundary,8,8,0,0,8,0,0,0,0.0,1.0,,,,,0,1.0,121,121,8,53
metrics,lcs,metrics,ABCDE,100,0.85,short_local,8,8,0,0,8,0,0,0,0.0,1.0,,,,,0,1.0,24,24,8,100
metrics,lcs,metrics,ABCDE,100,0.85,whole_section,8,8,0,0,8,0,0,0,0.0,1.0,,,,,0,1.0,136,136,8,67
metrics,lcs,metrics,ABCDE,100,0.85,anxiety,8,8,0,0,8,0,0,0,0.0,1.0,,,,,0,1.0,190,190,8,75
metrics,lcs,metrics,ABCDE,100,0.85,double_shift,8,8,0,0,8,0,0,0,0.0,1.0,,,,,0,1.0,322,322,8,37
metrics,lcs,metrics,ABCDE,100,0.85,self_corrected,8,8,0,0,8,0,0,0,0.0,1.0,,,,,0,0.989362,94,93,8,46
metrics,lcs,metrics,ABCDE,100,0.85,deferred,8,8,0,0,8,0,0,0,0.0,1.0,,,,,0,0.992754,138,137,8,49
metrics,lcs,metrics,ABCDE,100,0.85,isolated,8,8,0,0,8,0,0,0,0.0,1.0,,,,,0,0.857143,7,6,8,25
metrics,lcs,metrics,ABCDE,100,0.85,scanner_blank_1,8,8,0,0,8,0,0,0,0.0,1.0,,,,,0,0.991071,112,111,8,32
metrics,lcs,metrics,ABCDE,100,0.85,scanner_blank_2,8,8,0,0,8,0,0,0,0.0,1.0,,,,,0,0.968153,157,152,8,20
metrics,lcs,metrics,ABCDE,100,0.85,scanner_row_delete_1,8,8,0,0,0,0,8,0,0.0,0.0,,,,,0,0.0,321,0,8,0
metrics,lcs,metrics,ABCDE,100,0.85,scanner_row_delete_2,8,8,0,0,0,0,8,0,0.0,0.0,,,,,0,0.0,195,0,8,0
metrics,lcs,metrics,ABCDE,100,0.85,scanner_misread_1,8,0,8,0,0,6,0,2,,,0.75,0.953611,,,0,,0,0,8,17
metrics,lcs,metrics,ABCDE,100,0.85,scanner_misread_4,8,0,8,0,0,8,0,0,,,1.0,1.0,,,0,,0,0,8,67
metrics,lcs,metrics,ABCDE,100,0.85,scanner_faint_1,8,0,8,0,0,4,0,4,,,0.5,0.807097,,,0,,0,0,8,13
metrics,lcs,metrics,ABCDE,100,0.85,scanner_faint_4,8,0,8,0,0,5,0,3,,,0.625,0.888887,,,0,,0,0,8,11
metrics,lcs,metrics,ABCDE,100,0.85,scanner_double_4,8,0,8,0,0,8,0,0,,,1.0,1.0,,,0,,0,0,8,26
metrics,lcs,metrics,ABCDE,100,0.85,adv_long_runs,8,0,8,0,0,8,0,0,,,1.0,1.0,,,0,,0,0,8,167
metrics,lcs,metrics,ABCDE,100,0.85,adv_favourite,8,0,8,0,0,0,0,8,,,0.0,0.312344,,,0,,0,0,8,0
metrics,lcs,metrics,ABCDE,100,0.85,adv_easy_block,8,0,8,0,0,8,0,0,,,1.0,1.0,,,0,,0,0,8,132
metrics,lcs,metrics,ABCDE,100,0.85,adv_key_leakage,8,8,0,0,8,0,0,0,0.0,1.0,,,,,0,1.0,628,628,8,0
metrics,lcs,metrics,ABCDE,100,0.85,adv_cycle,8,0,8,0,0,8,0,0,,,1.0,1.0,,,0,,0,0,8,282
metrics,lcs,metrics,ABCDE,100,0.95,none,8,0,8,0,0,3,0,5,,,0.375,0.710759,,,0,,0,0,8,18
metrics,lcs,metrics,ABCDE,100,0.95,row_skip_1,8,8,0,0,8,0,0,0,0.0,1.0,,,,,0,1.0,334,334,8,60
metrics,lcs,metrics,ABCDE,100,0.95,row_skip_2,8,8,0,0,7,0,1,0,0.0,0.875,,,,,0,1.0,202,202,8,25
metrics,lcs,metrics,ABCDE,100,0.95,early_full,8,8,0,0,8,0,0,0,0.0,1.0,,,,,0,1.0,385,385,8,85
metrics,lcs,metrics,ABCDE,100,0.95,boundary,8,8,0,0,8,0,0,0,0.0,1.0,,,,,0,1.0,166,166,8,11
metrics,lcs,metrics,ABCDE,100,0.95,short_local,8,8,0,0,8,0,0,0,0.0,1.0,,,,,0,1.0,32,32,8,75
metrics,lcs,metrics,ABCDE,100,0.95,whole_section,8,8,0,0,8,0,0,0,0.0,1.0,,,,,0,1.0,243,243,8,26
metrics,lcs,metrics,ABCDE,100,0.95,anxiety,8,8,0,0,8,0,0,0,0.0,1.0,,,,,0,1.0,200,200,8,26
metrics,lcs,metrics,ABCDE,100,0.95,double_shift,8,8,0,0,8,0,0,0,0.0,1.0,,,,,0,1.0,331,331,8,48
metrics,lcs,metrics,ABCDE,100,0.95,self_corrected,8,8,0,0,7,0,1,0,0.0,0.875,,,,,0,1.0,66,66,8,22
metrics,lcs,metrics,ABCDE,100,0.95,deferred,8,8,0,0,8,0,0,0,0.0,1.0,,,,,0,0.987654,243,240,8,51
metrics,lcs,metrics,ABCDE,100,0.95,isolated,8,8,0,0,8,0,0,0,0.0,1.0,,,,,0,0.583333,12,7,8,40
metrics,lcs,metrics,ABCDE,100,0.95,scanner_blank_1,8,8,0,0,8,0,0,0,0.0,1.0,,,,,0,0.989051,274,271,8,28
metrics,lcs,metrics,ABCDE,100,0.95,scanner_blank_2,8,8,0,0,8,0,0,0,0.0,1.0,,,,,0,0.965714,175,169,8,72
metrics,lcs,metrics,ABCDE,100,0.95,scanner_row_delete_1,8,8,0,0,0,0,8,0,0.0,0.0,,,,,0,0.0,270,0,8,1
metrics,lcs,metrics,ABCDE,100,0.95,scanner_row_delete_2,8,8,0,0,0,0,8,0,0.0,0.0,,,,,0,0.0,181,0,8,0
metrics,lcs,metrics,ABCDE,100,0.95,scanner_misread_1,8,0,8,0,0,4,0,4,,,0.5,0.807097,,,0,,0,0,8,81
metrics,lcs,metrics,ABCDE,100,0.95,scanner_misread_4,8,0,8,0,0,7,0,1,,,0.875,0.993609,,,0,,0,0,8,30
metrics,lcs,metrics,ABCDE,100,0.95,scanner_faint_1,8,0,8,0,0,3,0,5,,,0.375,0.710759,,,0,,0,0,8,29
metrics,lcs,metrics,ABCDE,100,0.95,scanner_faint_4,8,0,8,0,0,7,0,1,,,0.875,0.993609,,,0,,0,0,8,50
metrics,lcs,metrics,ABCDE,100,0.95,scanner_double_4,8,0,8,0,0,4,0,4,,,0.5,0.807097,,,0,,0,0,8,77
metrics,lcs,metrics,ABCDE,100,0.95,adv_long_runs,8,0,8,0,0,8,0,0,,,1.0,1.0,,,0,,0,0,8,179
metrics,lcs,metrics,ABCDE,100,0.95,adv_favourite,8,0,8,0,0,0,0,8,,,0.0,0.312344,,,0,,0,0,8,0
metrics,lcs,metrics,ABCDE,100,0.95,adv_easy_block,8,0,8,0,0,8,0,0,,,1.0,1.0,,,0,,0,0,8,139
metrics,lcs,metrics,ABCDE,100,0.95,adv_key_leakage,8,8,0,0,8,0,0,0,0.0,1.0,,,,,0,1.0,633,633,8,0
metrics,lcs,metrics,ABCDE,100,0.95,adv_cycle,8,0,8,0,0,8,0,0,,,1.0,1.0,,,0,,0,0,8,303
metrics,lcs,metrics,ABCDE,150,0.26,none,8,0,8,0,0,8,0,0,,,1.0,1.0,,,0,,0,0,8,365
metrics,lcs,metrics,ABCDE,150,0.26,row_skip_1,8,8,0,0,8,0,0,0,0.0,1.0,,,,,0,1.0,36,36,8,318
metrics,lcs,metrics,ABCDE,150,0.26,row_skip_2,8,8,0,0,8,0,0,0,0.0,1.0,,,,,0,1.0,32,32,8,366
metrics,lcs,metrics,ABCDE,150,0.26,early_full,8,8,0,0,8,0,0,0,0.0,1.0,,,,,0,1.0,155,155,8,360
metrics,lcs,metrics,ABCDE,150,0.26,boundary,8,8,0,0,8,0,0,0,0.0,1.0,,,,,0,1.0,41,41,8,367
metrics,lcs,metrics,ABCDE,150,0.26,short_local,8,8,0,0,8,0,0,0,0.0,1.0,,,,,0,1.0,4,4,8,346
metrics,lcs,metrics,ABCDE,150,0.26,whole_section,8,8,0,0,8,0,0,0,0.0,1.0,,,,,0,1.0,42,42,8,331
metrics,lcs,metrics,ABCDE,150,0.26,anxiety,8,8,0,0,8,0,0,0,0.0,1.0,,,,,0,1.0,48,48,8,383
metrics,lcs,metrics,ABCDE,150,0.26,double_shift,8,8,0,0,8,0,0,0,0.0,1.0,,,,,0,1.0,66,66,8,425
metrics,lcs,metrics,ABCDE,150,0.26,self_corrected,8,8,0,0,8,0,0,0,0.0,1.0,,,,,0,1.0,14,14,8,372
metrics,lcs,metrics,ABCDE,150,0.26,deferred,8,8,0,0,8,0,0,0,0.0,1.0,,,,,0,1.0,83,83,8,323
metrics,lcs,metrics,ABCDE,150,0.26,isolated,8,8,0,0,8,0,0,0,0.0,1.0,,,,,0,,0,0,8,361
metrics,lcs,metrics,ABCDE,150,0.26,scanner_blank_1,8,8,0,0,8,0,0,0,0.0,1.0,,,,,0,1.0,24,24,8,420
metrics,lcs,metrics,ABCDE,150,0.26,scanner_blank_2,8,8,0,0,8,0,0,0,0.0,1.0,,,,,0,1.0,60,60,8,316
metrics,lcs,metrics,ABCDE,150,0.26,scanner_row_delete_1,8,8,0,0,0,0,8,0,0.0,0.0,,,,,0,0.0,71,0,8,2
metrics,lcs,metrics,ABCDE,150,0.26,scanner_row_delete_2,8,8,0,0,0,0,8,0,0.0,0.0,,,,,0,0.0,57,0,8,7
metrics,lcs,metrics,ABCDE,150,0.26,scanner_misread_1,8,0,8,0,0,8,0,0,,,1.0,1.0,,,0,,0,0,8,354
metrics,lcs,metrics,ABCDE,150,0.26,scanner_misread_4,8,0,8,0,0,8,0,0,,,1.0,1.0,,,0,,0,0,8,330
metrics,lcs,metrics,ABCDE,150,0.26,scanner_faint_1,8,0,8,0,0,8,0,0,,,1.0,1.0,,,0,,0,0,8,369
metrics,lcs,metrics,ABCDE,150,0.26,scanner_faint_4,8,0,8,0,0,8,0,0,,,1.0,1.0,,,0,,0,0,8,327
metrics,lcs,metrics,ABCDE,150,0.26,scanner_double_4,8,0,8,0,0,8,0,0,,,1.0,1.0,,,0,,0,0,8,428
metrics,lcs,metrics,ABCDE,150,0.26,adv_long_runs,8,0,8,0,0,8,0,0,,,1.0,1.0,,,0,,0,0,8,269
metrics,lcs,metrics,ABCDE,150,0.26,adv_favourite,8,0,8,0,0,0,0,8,,,0.0,0.312344,,,0,,0,0,8,0
metrics,lcs,metrics,ABCDE,150,0.26,adv_easy_block,8,0,8,0,0,8,0,0,,,1.0,1.0,,,0,,0,0,8,236
metrics,lcs,metrics,ABCDE,150,0.26,adv_key_leakage,8,8,0,0,8,0,0,0,0.0,1.0,,,,,0,1.0,930,930,8,0
metrics,lcs,metrics,ABCDE,150,0.26,adv_cycle,8,0,8,0,0,8,0,0,,,1.0,1.0,,,0,,0,0,8,463
metrics,lcs,metrics,ABCDE,150,0.4,none,8,0,8,0,0,8,0,0,,,1.0,1.0,,,0,,0,0,8,181
metrics,lcs,metrics,ABCDE,150,0.4,row_skip_1,8,8,0,0,8,0,0,0,0.0,1.0,,,,,0,1.0,145,145,8,244
metrics,lcs,metrics,ABCDE,150,0.4,row_skip_2,8,8,0,0,8,0,0,0,0.0,1.0,,,,,0,1.0,88,88,8,331
metrics,lcs,metrics,ABCDE,150,0.4,early_full,8,8,0,0,8,0,0,0,0.0,1.0,,,,,0,1.0,224,224,8,277
metrics,lcs,metrics,ABCDE,150,0.4,boundary,8,8,0,0,8,0,0,0,0.0,1.0,,,,,0,1.0,70,70,8,215
metrics,lcs,metrics,ABCDE,150,0.4,short_local,8,8,0,0,8,0,0,0,0.0,1.0,,,,,0,1.0,2,2,8,321
metrics,lcs,metrics,ABCDE,150,0.4,whole_section,8,8,0,0,8,0,0,0,0.0,1.0,,,,,0,1.0,64,64,8,288
metrics,lcs,metrics,ABCDE,150,0.4,anxiety,8,8,0,0,8,0,0,0,0.0,1.0,,,,,0,1.0,83,83,8,286
metrics,lcs,metrics,ABCDE,150,0.4,double_shift,8,8,0,0,8,0,0,0,0.0,1.0,,,,,0,1.0,130,130,8,270
metrics,lcs,metrics,ABCDE,150,0.4,self_corrected,8,8,0,0,8,0,0,0,0.0,1.0,,,,,0,1.0,41,41,8,244
metrics,lcs,metrics,ABCDE,150,0.4,deferred,8,8,0,0,8,0,0,0,0.0,1.0,,,,,0,1.0,107,107,8,299
metrics,lcs,metrics,ABCDE,150,0.4,isolated,8,8,0,0,8,0,0,0,0.0,1.0,,,,,0,1.0,7,7,8,252
metrics,lcs,metrics,ABCDE,150,0.4,scanner_blank_1,8,8,0,0,8,0,0,0,0.0,1.0,,,,,0,1.0,56,56,8,292
metrics,lcs,metrics,ABCDE,150,0.4,scanner_blank_2,8,8,0,0,8,0,0,0,0.0,1.0,,,,,0,1.0,42,42,8,283
metrics,lcs,metrics,ABCDE,150,0.4,scanner_row_delete_1,8,8,0,0,0,0,8,0,0.0,0.0,,,,,0,0.0,53,0,8,2
metrics,lcs,metrics,ABCDE,150,0.4,scanner_row_delete_2,8,8,0,0,0,0,8,0,0.0,0.0,,,,,0,0.0,97,0,8,12
metrics,lcs,metrics,ABCDE,150,0.4,scanner_misread_1,8,0,8,0,0,8,0,0,,,1.0,1.0,,,0,,0,0,8,243
metrics,lcs,metrics,ABCDE,150,0.4,scanner_misread_4,8,0,8,0,0,8,0,0,,,1.0,1.0,,,0,,0,0,8,280
metrics,lcs,metrics,ABCDE,150,0.4,scanner_faint_1,8,0,8,0,0,8,0,0,,,1.0,1.0,,,0,,0,0,8,272
metrics,lcs,metrics,ABCDE,150,0.4,scanner_faint_4,8,0,8,0,0,8,0,0,,,1.0,1.0,,,0,,0,0,8,230
metrics,lcs,metrics,ABCDE,150,0.4,scanner_double_4,8,0,8,0,0,8,0,0,,,1.0,1.0,,,0,,0,0,8,267
metrics,lcs,metrics,ABCDE,150,0.4,adv_long_runs,8,0,8,0,0,8,0,0,,,1.0,1.0,,,0,,0,0,8,237
metrics,lcs,metrics,ABCDE,150,0.4,adv_favourite,8,0,8,0,0,0,0,8,,,0.0,0.312344,,,0,,0,0,8,0
metrics,lcs,metrics,ABCDE,150,0.4,adv_easy_block,8,0,8,0,0,8,0,0,,,1.0,1.0,,,0,,0,0,8,233
metrics,lcs,metrics,ABCDE,150,0.4,adv_key_leakage,8,8,0,0,8,0,0,0,0.0,1.0,,,,,0,1.0,927,927,8,0
metrics,lcs,metrics,ABCDE,150,0.4,adv_cycle,8,0,8,0,0,8,0,0,,,1.0,1.0,,,0,,0,0,8,501
metrics,lcs,metrics,ABCDE,150,0.55,none,8,0,8,0,0,8,0,0,,,1.0,1.0,,,0,,0,0,8,177
metrics,lcs,metrics,ABCDE,150,0.55,row_skip_1,8,8,0,0,8,0,0,0,0.0,1.0,,,,,0,1.0,96,96,8,163
metrics,lcs,metrics,ABCDE,150,0.55,row_skip_2,8,8,0,0,8,0,0,0,0.0,1.0,,,,,0,1.0,126,126,8,122
metrics,lcs,metrics,ABCDE,150,0.55,early_full,8,8,0,0,8,0,0,0,0.0,1.0,,,,,0,1.0,329,329,8,206
metrics,lcs,metrics,ABCDE,150,0.55,boundary,8,8,0,0,8,0,0,0,0.0,1.0,,,,,0,1.0,55,55,8,188
metrics,lcs,metrics,ABCDE,150,0.55,short_local,8,8,0,0,8,0,0,0,0.0,1.0,,,,,0,1.0,24,24,8,142
metrics,lcs,metrics,ABCDE,150,0.55,whole_section,8,8,0,0,8,0,0,0,0.0,1.0,,,,,0,1.0,172,172,8,151
metrics,lcs,metrics,ABCDE,150,0.55,anxiety,8,8,0,0,8,0,0,0,0.0,1.0,,,,,0,1.0,146,146,8,201
metrics,lcs,metrics,ABCDE,150,0.55,double_shift,8,8,0,0,8,0,0,0,0.0,1.0,,,,,0,1.0,194,194,8,219
metrics,lcs,metrics,ABCDE,150,0.55,self_corrected,8,8,0,0,8,0,0,0,0.0,1.0,,,,,0,1.0,33,33,8,198
metrics,lcs,metrics,ABCDE,150,0.55,deferred,8,8,0,0,8,0,0,0,0.0,1.0,,,,,0,1.0,91,91,8,244
metrics,lcs,metrics,ABCDE,150,0.55,isolated,8,8,0,0,8,0,0,0,0.0,1.0,,,,,0,1.0,5,5,8,204
metrics,lcs,metrics,ABCDE,150,0.55,scanner_blank_1,8,8,0,0,8,0,0,0,0.0,1.0,,,,,0,1.0,137,137,8,179
metrics,lcs,metrics,ABCDE,150,0.55,scanner_blank_2,8,8,0,0,8,0,0,0,0.0,1.0,,,,,0,1.0,136,136,8,138
metrics,lcs,metrics,ABCDE,150,0.55,scanner_row_delete_1,8,8,0,0,0,0,8,0,0.0,0.0,,,,,0,0.0,135,0,8,7
metrics,lcs,metrics,ABCDE,150,0.55,scanner_row_delete_2,8,8,0,0,0,0,8,0,0.0,0.0,,,,,0,0.0,155,0,8,0
metrics,lcs,metrics,ABCDE,150,0.55,scanner_misread_1,8,0,8,0,0,8,0,0,,,1.0,1.0,,,0,,0,0,8,142
metrics,lcs,metrics,ABCDE,150,0.55,scanner_misread_4,8,0,8,0,0,8,0,0,,,1.0,1.0,,,0,,0,0,8,205
metrics,lcs,metrics,ABCDE,150,0.55,scanner_faint_1,8,0,8,0,0,8,0,0,,,1.0,1.0,,,0,,0,0,8,192
metrics,lcs,metrics,ABCDE,150,0.55,scanner_faint_4,8,0,8,0,0,8,0,0,,,1.0,1.0,,,0,,0,0,8,186
metrics,lcs,metrics,ABCDE,150,0.55,scanner_double_4,8,0,8,0,0,8,0,0,,,1.0,1.0,,,0,,0,0,8,185
metrics,lcs,metrics,ABCDE,150,0.55,adv_long_runs,8,0,8,0,0,8,0,0,,,1.0,1.0,,,0,,0,0,8,261
metrics,lcs,metrics,ABCDE,150,0.55,adv_favourite,8,0,8,0,0,0,0,8,,,0.0,0.312344,,,0,,0,0,8,0
metrics,lcs,metrics,ABCDE,150,0.55,adv_easy_block,8,0,8,0,0,8,0,0,,,1.0,1.0,,,0,,0,0,8,217
metrics,lcs,metrics,ABCDE,150,0.55,adv_key_leakage,8,8,0,0,8,0,0,0,0.0,1.0,,,,,0,1.0,952,952,8,0
metrics,lcs,metrics,ABCDE,150,0.55,adv_cycle,8,0,8,0,0,8,0,0,,,1.0,1.0,,,0,,0,0,8,446
metrics,lcs,metrics,ABCDE,150,0.7,none,8,0,8,0,0,8,0,0,,,1.0,1.0,,,0,,0,0,8,47
metrics,lcs,metrics,ABCDE,150,0.7,row_skip_1,8,8,0,0,8,0,0,0,0.0,1.0,,,,,0,1.0,136,136,8,85
metrics,lcs,metrics,ABCDE,150,0.7,row_skip_2,8,8,0,0,8,0,0,0,0.0,1.0,,,,,0,1.0,260,260,8,140
metrics,lcs,metrics,ABCDE,150,0.7,early_full,8,8,0,0,8,0,0,0,0.0,1.0,,,,,0,1.0,384,384,8,197
metrics,lcs,metrics,ABCDE,150,0.7,boundary,8,8,0,0,8,0,0,0,0.0,1.0,,,,,0,1.0,164,164,8,133
metrics,lcs,metrics,ABCDE,150,0.7,short_local,8,8,0,0,8,0,0,0,0.0,1.0,,,,,0,1.0,19,19,8,60
metrics,lcs,metrics,ABCDE,150,0.7,whole_section,8,8,0,0,8,0,0,0,0.0,1.0,,,,,0,1.0,195,195,8,94
metrics,lcs,metrics,ABCDE,150,0.7,anxiety,8,8,0,0,8,0,0,0,0.0,1.0,,,,,0,1.0,264,264,8,154
metrics,lcs,metrics,ABCDE,150,0.7,double_shift,8,8,0,0,8,0,0,0,0.0,1.0,,,,,0,1.0,248,248,8,187
metrics,lcs,metrics,ABCDE,150,0.7,self_corrected,8,8,0,0,8,0,0,0,0.0,1.0,,,,,0,1.0,69,69,8,69
metrics,lcs,metrics,ABCDE,150,0.7,deferred,8,8,0,0,8,0,0,0,0.0,1.0,,,,,0,1.0,134,134,8,156
metrics,lcs,metrics,ABCDE,150,0.7,isolated,8,8,0,0,8,0,0,0,0.0,1.0,,,,,0,1.0,6,6,8,86
metrics,lcs,metrics,ABCDE,150,0.7,scanner_blank_1,8,8,0,0,8,0,0,0,0.0,1.0,,,,,0,1.0,204,204,8,93
metrics,lcs,metrics,ABCDE,150,0.7,scanner_blank_2,8,8,0,0,8,0,0,0,0.0,1.0,,,,,0,1.0,176,176,8,193
metrics,lcs,metrics,ABCDE,150,0.7,scanner_row_delete_1,8,8,0,0,0,0,8,0,0.0,0.0,,,,,0,0.0,189,0,8,0
metrics,lcs,metrics,ABCDE,150,0.7,scanner_row_delete_2,8,8,0,0,0,0,8,0,0.0,0.0,,,,,0,0.0,269,0,8,0
metrics,lcs,metrics,ABCDE,150,0.7,scanner_misread_1,8,0,8,0,0,8,0,0,,,1.0,1.0,,,0,,0,0,8,242
metrics,lcs,metrics,ABCDE,150,0.7,scanner_misread_4,8,0,8,0,0,8,0,0,,,1.0,1.0,,,0,,0,0,8,168
metrics,lcs,metrics,ABCDE,150,0.7,scanner_faint_1,8,0,8,0,0,7,0,1,,,0.875,0.993609,,,0,,0,0,8,150
metrics,lcs,metrics,ABCDE,150,0.7,scanner_faint_4,8,0,8,0,0,8,0,0,,,1.0,1.0,,,0,,0,0,8,160
metrics,lcs,metrics,ABCDE,150,0.7,scanner_double_4,8,0,8,0,0,8,0,0,,,1.0,1.0,,,0,,0,0,8,100
metrics,lcs,metrics,ABCDE,150,0.7,adv_long_runs,8,0,8,0,0,8,0,0,,,1.0,1.0,,,0,,0,0,8,235
metrics,lcs,metrics,ABCDE,150,0.7,adv_favourite,8,0,8,0,0,0,0,8,,,0.0,0.312344,,,0,,0,0,8,0
metrics,lcs,metrics,ABCDE,150,0.7,adv_easy_block,8,0,8,0,0,8,0,0,,,1.0,1.0,,,0,,0,0,8,223
metrics,lcs,metrics,ABCDE,150,0.7,adv_key_leakage,8,8,0,0,8,0,0,0,0.0,1.0,,,,,0,1.0,972,972,8,0
metrics,lcs,metrics,ABCDE,150,0.7,adv_cycle,8,0,8,0,0,8,0,0,,,1.0,1.0,,,0,,0,0,8,490
metrics,lcs,metrics,ABCDE,150,0.85,none,8,0,8,0,0,7,0,1,,,0.875,0.993609,,,0,,0,0,8,110
metrics,lcs,metrics,ABCDE,150,0.85,row_skip_1,8,8,0,0,8,0,0,0,0.0,1.0,,,,,0,1.0,223,223,8,135
metrics,lcs,metrics,ABCDE,150,0.85,row_skip_2,8,8,0,0,8,0,0,0,0.0,1.0,,,,,0,1.0,253,253,8,80
metrics,lcs,metrics,ABCDE,150,0.85,early_full,8,8,0,0,8,0,0,0,0.0,1.0,,,,,0,1.0,595,595,8,108
metrics,lcs,metrics,ABCDE,150,0.85,boundary,8,8,0,0,8,0,0,0,0.0,1.0,,,,,0,1.0,147,147,8,66
metrics,lcs,metrics,ABCDE,150,0.85,short_local,8,8,0,0,8,0,0,0,0.0,1.0,,,,,0,1.0,20,20,8,88
metrics,lcs,metrics,ABCDE,150,0.85,whole_section,8,8,0,0,8,0,0,0,0.0,1.0,,,,,0,1.0,230,230,8,55
metrics,lcs,metrics,ABCDE,150,0.85,anxiety,8,8,0,0,8,0,0,0,0.0,1.0,,,,,0,1.0,492,492,8,50
metrics,lcs,metrics,ABCDE,150,0.85,double_shift,8,8,0,0,8,0,0,0,0.0,1.0,,,,,0,1.0,341,341,8,127
metrics,lcs,metrics,ABCDE,150,0.85,self_corrected,8,8,0,0,8,0,0,0,0.0,1.0,,,,,0,1.0,82,82,8,32
metrics,lcs,metrics,ABCDE,150,0.85,deferred,8,8,0,0,8,0,0,0,0.0,1.0,,,,,0,1.0,297,297,8,88
metrics,lcs,metrics,ABCDE,150,0.85,isolated,8,8,0,0,7,0,1,0,0.0,0.875,,,,,0,0.7,10,7,8,37
metrics,lcs,metrics,ABCDE,150,0.85,scanner_blank_1,8,8,0,0,8,0,0,0,0.0,1.0,,,,,0,0.996078,255,254,8,157
metrics,lcs,metrics,ABCDE,150,0.85,scanner_blank_2,8,8,0,0,8,0,0,0,0.0,1.0,,,,,0,0.988142,253,250,8,5
metrics,lcs,metrics,ABCDE,150,0.85,scanner_row_delete_1,8,8,0,0,0,0,8,0,0.0,0.0,,,,,0,0.0,131,0,8,6
metrics,lcs,metrics,ABCDE,150,0.85,scanner_row_delete_2,8,8,0,0,0,0,8,0,0.0,0.0,,,,,0,0.0,246,0,8,0
metrics,lcs,metrics,ABCDE,150,0.85,scanner_misread_1,8,0,8,0,0,7,0,1,,,0.875,0.993609,,,0,,0,0,8,83
metrics,lcs,metrics,ABCDE,150,0.85,scanner_misread_4,8,0,8,0,0,7,0,1,,,0.875,0.993609,,,0,,0,0,8,48
metrics,lcs,metrics,ABCDE,150,0.85,scanner_faint_1,8,0,8,0,0,6,0,2,,,0.75,0.953611,,,0,,0,0,8,16
metrics,lcs,metrics,ABCDE,150,0.85,scanner_faint_4,8,0,8,0,0,8,0,0,,,1.0,1.0,,,0,,0,0,8,108
metrics,lcs,metrics,ABCDE,150,0.85,scanner_double_4,8,0,8,0,0,8,0,0,,,1.0,1.0,,,0,,0,0,8,70
metrics,lcs,metrics,ABCDE,150,0.85,adv_long_runs,8,0,8,0,0,8,0,0,,,1.0,1.0,,,0,,0,0,8,236
metrics,lcs,metrics,ABCDE,150,0.85,adv_favourite,8,0,8,0,0,0,0,8,,,0.0,0.312344,,,0,,0,0,8,0
metrics,lcs,metrics,ABCDE,150,0.85,adv_easy_block,8,0,8,0,0,8,0,0,,,1.0,1.0,,,0,,0,0,8,214
metrics,lcs,metrics,ABCDE,150,0.85,adv_key_leakage,8,8,0,0,8,0,0,0,0.0,1.0,,,,,0,1.0,943,943,8,0
metrics,lcs,metrics,ABCDE,150,0.85,adv_cycle,8,0,8,0,0,8,0,0,,,1.0,1.0,,,0,,0,0,8,467
metrics,lcs,metrics,ABCDE,150,0.95,none,8,0,8,0,0,5,0,3,,,0.625,0.888887,,,0,,0,0,8,64
metrics,lcs,metrics,ABCDE,150,0.95,row_skip_1,8,8,0,0,8,0,0,0,0.0,1.0,,,,,0,1.0,298,298,8,92
metrics,lcs,metrics,ABCDE,150,0.95,row_skip_2,8,8,0,0,8,0,0,0,0.0,1.0,,,,,0,1.0,255,255,8,86
metrics,lcs,metrics,ABCDE,150,0.95,early_full,8,8,0,0,8,0,0,0,0.0,1.0,,,,,0,1.0,760,760,8,60
metrics,lcs,metrics,ABCDE,150,0.95,boundary,8,8,0,0,8,0,0,0,0.0,1.0,,,,,0,1.0,90,90,8,234
metrics,lcs,metrics,ABCDE,150,0.95,short_local,8,8,0,0,8,0,0,0,0.0,1.0,,,,,0,1.0,36,36,8,55
metrics,lcs,metrics,ABCDE,150,0.95,whole_section,8,8,0,0,8,0,0,0,0.0,1.0,,,,,0,1.0,376,376,8,51
metrics,lcs,metrics,ABCDE,150,0.95,anxiety,8,8,0,0,8,0,0,0,0.0,1.0,,,,,0,1.0,241,241,8,85
metrics,lcs,metrics,ABCDE,150,0.95,double_shift,8,8,0,0,8,0,0,0,0.0,1.0,,,,,0,1.0,478,478,8,93
metrics,lcs,metrics,ABCDE,150,0.95,self_corrected,8,8,0,0,8,0,0,0,0.0,1.0,,,,,0,1.0,115,115,8,33
metrics,lcs,metrics,ABCDE,150,0.95,deferred,8,8,0,0,8,0,0,0,0.0,1.0,,,,,0,0.996241,266,265,8,36
metrics,lcs,metrics,ABCDE,150,0.95,isolated,8,8,0,0,8,0,0,0,0.0,1.0,,,,,0,0.714286,14,10,8,28
metrics,lcs,metrics,ABCDE,150,0.95,scanner_blank_1,8,8,0,0,8,0,0,0,0.0,1.0,,,,,0,0.986767,529,522,8,2
metrics,lcs,metrics,ABCDE,150,0.95,scanner_blank_2,8,8,0,0,8,0,0,0,0.0,1.0,,,,,0,0.976271,295,288,8,117
metrics,lcs,metrics,ABCDE,150,0.95,scanner_row_delete_1,8,8,0,0,0,0,8,0,0.0,0.0,,,,,0,0.0,458,0,8,0
metrics,lcs,metrics,ABCDE,150,0.95,scanner_row_delete_2,8,8,0,0,0,0,8,0,0.0,0.0,,,,,0,0.0,249,0,8,7
metrics,lcs,metrics,ABCDE,150,0.95,scanner_misread_1,8,0,8,0,0,5,0,3,,,0.625,0.888887,,,0,,0,0,8,89
metrics,lcs,metrics,ABCDE,150,0.95,scanner_misread_4,8,0,8,0,0,4,0,4,,,0.5,0.807097,,,0,,0,0,8,10
metrics,lcs,metrics,ABCDE,150,0.95,scanner_faint_1,8,0,8,0,0,5,0,3,,,0.625,0.888887,,,0,,0,0,8,141
metrics,lcs,metrics,ABCDE,150,0.95,scanner_faint_4,8,0,8,0,0,5,0,3,,,0.625,0.888887,,,0,,0,0,8,93
metrics,lcs,metrics,ABCDE,150,0.95,scanner_double_4,8,0,8,0,0,5,0,3,,,0.625,0.888887,,,0,,0,0,8,19
metrics,lcs,metrics,ABCDE,150,0.95,adv_long_runs,8,0,8,0,0,8,0,0,,,1.0,1.0,,,0,,0,0,8,257
metrics,lcs,metrics,ABCDE,150,0.95,adv_favourite,8,0,8,0,0,0,0,8,,,0.0,0.312344,,,0,,0,0,8,0
metrics,lcs,metrics,ABCDE,150,0.95,adv_easy_block,8,0,8,0,0,8,0,0,,,1.0,1.0,,,0,,0,0,8,222
metrics,lcs,metrics,ABCDE,150,0.95,adv_key_leakage,8,8,0,0,8,0,0,0,0.0,1.0,,,,,0,1.0,944,944,8,0
metrics,lcs,metrics,ABCDE,150,0.95,adv_cycle,8,0,8,0,0,8,0,0,,,1.0,1.0,,,0,,0,0,8,459
metrics,fixedcost,metrics,ABCD,46,0.26,none,8,0,8,0,0,5,0,3,,,0.625,0.888887,,,0,,0,0,8,32
metrics,fixedcost,metrics,ABCD,46,0.26,row_skip_1,8,8,0,0,8,0,0,0,0.0,1.0,,,,,0,1.0,9,9,8,53
metrics,fixedcost,metrics,ABCD,46,0.26,row_skip_2,8,8,0,1,6,0,1,0,0.125,0.875,,,,,0,1.0,11,11,8,41
metrics,fixedcost,metrics,ABCD,46,0.26,early_full,8,8,0,3,5,0,0,0,0.375,1.0,,,,,0,1.0,57,57,8,30
metrics,fixedcost,metrics,ABCD,46,0.26,boundary,8,8,0,0,8,0,0,0,0.0,1.0,,,,,0,1.0,3,3,8,63
metrics,fixedcost,metrics,ABCD,46,0.26,short_local,8,8,0,1,7,0,0,0,0.125,1.0,,,,,0,1.0,10,10,8,65
metrics,fixedcost,metrics,ABCD,46,0.26,whole_section,8,8,0,0,8,0,0,0,0.0,1.0,,,,,0,1.0,11,11,8,45
metrics,fixedcost,metrics,ABCD,46,0.26,anxiety,8,8,0,0,7,0,1,0,0.0,0.875,,,,,0,0.666667,9,6,8,53
metrics,fixedcost,metrics,ABCD,46,0.26,double_shift,8,8,0,1,6,0,1,0,0.125,0.875,,,,,0,1.0,25,25,8,53
metrics,fixedcost,metrics,ABCD,46,0.26,self_corrected,8,8,0,4,3,0,1,0,0.5,0.875,,,,,0,1.0,17,17,8,55
metrics,fixedcost,metrics,ABCD,46,0.26,deferred,8,8,0,0,7,0,1,0,0.0,0.875,,,,,0,1.0,18,18,8,42
metrics,fixedcost,metrics,ABCD,46,0.26,isolated,8,8,0,1,7,0,0,0,0.125,1.0,,,,,0,1.0,3,3,8,64
metrics,fixedcost,metrics,ABCD,46,0.26,scanner_blank_1,8,8,0,1,6,0,1,0,0.125,0.875,,,,,0,1.0,15,15,8,51
metrics,fixedcost,metrics,ABCD,46,0.26,scanner_blank_2,8,8,0,2,5,0,1,0,0.25,0.875,,,,,0,1.0,32,32,8,38
metrics,fixedcost,metrics,ABCD,46,0.26,scanner_row_delete_1,8,8,0,0,0,0,8,0,0.0,0.0,,,,,0,0.0,28,0,8,10
metrics,fixedcost,metrics,ABCD,46,0.26,scanner_row_delete_2,8,8,0,0,0,0,8,0,0.0,0.0,,,,,0,0.0,13,0,8,13
metrics,fixedcost,metrics,ABCD,46,0.26,scanner_misread_1,8,0,8,0,0,8,0,0,,,1.0,1.0,,,0,,0,0,8,64
metrics,fixedcost,metrics,ABCD,46,0.26,scanner_misread_4,8,0,8,0,0,6,0,2,,,0.75,0.953611,,,0,,0,0,8,55
metrics,fixedcost,metrics,ABCD,46,0.26,scanner_faint_1,8,0,8,0,0,7,0,1,,,0.875,0.993609,,,0,,0,0,8,48
metrics,fixedcost,metrics,ABCD,46,0.26,scanner_faint_4,8,0,8,0,0,7,0,1,,,0.875,0.993609,,,0,,0,0,8,64
metrics,fixedcost,metrics,ABCD,46,0.26,scanner_double_4,8,0,8,0,0,8,0,0,,,1.0,1.0,,,0,,0,0,8,78
metrics,fixedcost,metrics,ABCD,46,0.26,adv_long_runs,8,0,8,0,0,0,0,8,,,0.0,0.312344,,,0,,0,0,8,0
metrics,fixedcost,metrics,ABCD,46,0.26,adv_favourite,8,0,8,0,0,0,0,8,,,0.0,0.312344,,,0,,0,0,8,0
metrics,fixedcost,metrics,ABCD,46,0.26,adv_easy_block,8,0,8,0,0,5,0,3,,,0.625,0.888887,,,0,,0,0,8,21
metrics,fixedcost,metrics,ABCD,46,0.26,adv_key_leakage,8,8,0,6,2,0,0,0,0.75,1.0,,,,,0,0.970037,267,259,8,0
metrics,fixedcost,metrics,ABCD,46,0.26,adv_cycle,8,0,8,0,0,8,0,0,,,1.0,1.0,,,0,,0,0,8,84
metrics,fixedcost,metrics,ABCD,46,0.4,none,8,0,8,0,0,3,0,5,,,0.375,0.710759,,,0,,0,0,8,19
metrics,fixedcost,metrics,ABCD,46,0.4,row_skip_1,8,8,0,1,6,0,1,0,0.125,0.875,,,,,0,0.875,16,14,8,41
metrics,fixedcost,metrics,ABCD,46,0.4,row_skip_2,8,8,0,0,7,0,1,0,0.0,0.875,,,,,0,0.916667,24,22,8,30
metrics,fixedcost,metrics,ABCD,46,0.4,early_full,8,8,0,3,5,0,0,0,0.375,1.0,,,,,0,1.0,52,52,8,37
metrics,fixedcost,metrics,ABCD,46,0.4,boundary,8,8,0,0,6,0,2,0,0.0,0.75,,,,,0,1.0,9,9,8,26
metrics,fixedcost,metrics,ABCD,46,0.4,short_local,8,8,0,3,3,0,2,0,0.375,0.75,,,,,0,0.909091,11,10,8,39
metrics,fixedcost,metrics,ABCD,46,0.4,whole_section,8,8,0,1,6,0,1,0,0.125,0.875,,,,,0,0.966667,30,29,8,15
metrics,fixedcost,metrics,ABCD,46,0.4,anxiety,8,8,0,0,7,0,1,0,0.0,0.875,,,,,0,1.0,18,18,8,34
metrics,fixedcost,metrics,ABCD,46,0.4,double_shift,8,8,0,1,4,0,3,0,0.125,0.625,,,,,0,0.869565,23,20,8,33
metrics,fixedcost,metrics,ABCD,46,0.4,self_corrected,8,8,0,1,7,0,0,0,0.125,1.0,,,,,0,1.0,24,24,8,48
metrics,fixedcost,metrics,ABCD,46,0.4,deferred,8,8,0,1,7,0,0,0,0.125,1.0,,,,,0,1.0,23,23,8,54
metrics,fixedcost,metrics,ABCD,46,0.4,isolated,8,8,0,1,2,0,5,0,0.125,0.375,,,,,0,0.0,3,0,8,23
metrics,fixedcost,metrics,ABCD,46,0.4,scanner_blank_1,8,8,0,4,4,0,0,0,0.5,1.0,,,,,0,1.0,38,38,8,22
metrics,fixedcost,metrics,ABCD,46,0.4,scanner_blank_2,8,8,0,1,7,0,0,0,0.125,1.0,,,,,0,1.0,27,27,8,48
metrics,fixedcost,metrics,ABCD,46,0.4,scanner_row_delete_1,8,8,0,0,0,0,8,0,0.0,0.0,,,,,0,0.0,23,0,8,5
metrics,fixedcost,metrics,ABCD,46,0.4,scanner_row_delete_2,8,8,0,0,0,0,8,0,0.0,0.0,,,,,0,0.0,39,0,8,1
metrics,fixedcost,metrics,ABCD,46,0.4,scanner_misread_1,8,0,8,0,0,4,0,4,,,0.5,0.807097,,,0,,0,0,8,34
metrics,fixedcost,metrics,ABCD,46,0.4,scanner_misread_4,8,0,8,0,0,5,0,3,,,0.625,0.888887,,,0,,0,0,8,28
metrics,fixedcost,metrics,ABCD,46,0.4,scanner_faint_1,8,0,8,0,0,5,0,3,,,0.625,0.888887,,,0,,0,0,8,27
metrics,fixedcost,metrics,ABCD,46,0.4,scanner_faint_4,8,0,8,0,0,2,0,6,,,0.25,0.599689,,,0,,0,0,8,12
metrics,fixedcost,metrics,ABCD,46,0.4,scanner_double_4,8,0,8,0,0,3,0,5,,,0.375,0.710759,,,0,,0,0,8,17
metrics,fixedcost,metrics,ABCD,46,0.4,adv_long_runs,8,0,8,0,0,5,0,3,,,0.625,0.888887,,,0,,0,0,8,22
metrics,fixedcost,metrics,ABCD,46,0.4,adv_favourite,8,0,8,0,0,0,0,8,,,0.0,0.312344,,,0,,0,0,8,0
metrics,fixedcost,metrics,ABCD,46,0.4,adv_easy_block,8,0,8,0,0,7,0,1,,,0.875,0.993609,,,0,,0,0,8,32
metrics,fixedcost,metrics,ABCD,46,0.4,adv_key_leakage,8,8,0,7,1,0,0,0,0.875,1.0,,,,,0,0.97048,271,263,8,0
metrics,fixedcost,metrics,ABCD,46,0.4,adv_cycle,8,0,8,0,0,6,0,2,,,0.75,0.953611,,,0,,0,0,8,66
metrics,fixedcost,metrics,ABCD,46,0.55,none,8,0,8,0,0,1,0,7,,,0.125,0.470679,,,0,,0,0,8,10
metrics,fixedcost,metrics,ABCD,46,0.55,row_skip_1,8,8,0,2,3,0,3,0,0.25,0.625,,,,,0,0.883721,43,38,8,6
metrics,fixedcost,metrics,ABCD,46,0.55,row_skip_2,8,8,0,4,4,0,0,0,0.5,1.0,,,,,0,1.0,45,45,8,28
metrics,fixedcost,metrics,ABCD,46,0.55,early_full,8,8,0,4,4,0,0,0,0.5,1.0,,,,,0,1.0,80,80,8,18
metrics,fixedcost,metrics,ABCD,46,0.55,boundary,8,8,0,0,4,0,4,0,0.0,0.5,,,,,0,0.714286,21,15,8,13
metrics,fixedcost,metrics,ABCD,46,0.55,short_local,8,8,0,1,5,0,2,0,0.125,0.75,,,,,0,0.923077,13,12,8,40
metrics,fixedcost,metrics,ABCD,46,0.55,whole_section,8,8,0,2,4,0,2,0,0.25,0.75,,,,,0,0.981818,55,54,8,11
metrics,fixedcost,metrics,ABCD,46,0.55,anxiety,8,8,0,1,7,0,0,0,0.125,1.0,,,,,0,1.0,51,51,8,18
metrics,fixedcost,metrics,ABCD,46,0.55,double_shift,8,8,0,3,4,0,1,0,0.375,0.875,,,,,0,0.909091,44,40,8,31
metrics,fixedcost,metrics,ABCD,46,0.55,self_corrected,8,8,0,6,1,0,1,0,0.75,0.875,,,,,0,1.0,50,50,8,7
metrics,fixedcost,metrics,ABCD,46,0.55,deferred,8,8,0,1,7,0,0,0,0.125,1.0,,,,,0,0.977273,44,43,8,28
metrics,fixedcost,metrics,ABCD,46,0.55,isolated,8,8,0,0,4,0,4,0,0.0,0.5,,,,,0,0.0,5,0,8,31
metrics,fixedcost,metrics,ABCD,46,0.55,scanner_blank_1,8,8,0,3,4,0,1,0,0.375,0.875,,,,,0,1.0,57,57,8,5
metrics,fixedcost,metrics,ABCD,46,0.55,scanner_blank_2,8,8,0,3,3,0,2,0,0.375,0.75,,,,,0,1.0,51,51,8,13
metrics,fixedcost,metrics,ABCD,46,0.55,scanner_row_delete_1,8,8,0,0,0,0,8,0,0.0,0.0,,,,,0,0.0,50,0,8,4
metrics,fixedcost,metrics,ABCD,46,0.55,scanner_row_delete_2,8,8,0,0,0,0,8,0,0.0,0.0,,,,,0,0.0,51,0,8,0
metrics,fixedcost,metrics,ABCD,46,0.55,scanner_misread_1,8,0,8,0,0,2,0,6,,,0.25,0.599689,,,0,,0,0,8,14
metrics,fixedcost,metrics,ABCD,46,0.55,scanner_misread_4,8,0,8,0,0,4,0,4,,,0.5,0.807097,,,0,,0,0,8,20
metrics,fixedcost,metrics,ABCD,46,0.55,scanner_faint_1,8,0,8,0,0,2,0,6,,,0.25,0.599689,,,0,,0,0,8,13
metrics,fixedcost,metrics,ABCD,46,0.55,scanner_faint_4,8,0,8,0,0,5,0,3,,,0.625,0.888887,,,0,,0,0,8,35
metrics,fixedcost,metrics,ABCD,46,0.55,scanner_double_4,8,0,8,0,0,4,0,4,,,0.5,0.807097,,,0,,0,0,8,29
metrics,fixedcost,metrics,ABCD,46,0.55,adv_long_runs,8,0,8,0,0,4,0,4,,,0.5,0.807097,,,0,,0,0,8,18
metrics,fixedcost,metrics,ABCD,46,0.55,adv_favourite,8,0,8,0,0,0,0,8,,,0.0,0.312344,,,0,,0,0,8,0
metrics,fixedcost,metrics,ABCD,46,0.55,adv_easy_block,8,0,8,0,0,3,0,5,,,0.375,0.710759,,,0,,0,0,8,12
metrics,fixedcost,metrics,ABCD,46,0.55,adv_key_leakage,8,8,0,6,2,0,0,0,0.75,1.0,,,,,0,0.97037,270,262,8,0
metrics,fixedcost,metrics,ABCD,46,0.55,adv_cycle,8,0,8,0,0,8,0,0,,,1.0,1.0,,,0,,0,0,8,70
metrics,fixedcost,metrics,ABCD,46,0.7,none,8,0,8,0,0,2,0,6,,,0.25,0.599689,,,0,,0,0,8,13
metrics,fixedcost,metrics,ABCD,46,0.7,row_skip_1,8,8,0,6,1,0,1,0,0.75,0.875,,,,,0,0.984615,65,64,8,17
metrics,fixedcost,metrics,ABCD,46,0.7,row_skip_2,8,8,0,6,1,0,1,0,0.75,0.875,,,,,0,1.0,52,52,8,11
metrics,fixedcost,metrics,ABCD,46,0.7,early_full,8,8,0,7,1,0,0,0,0.875,1.0,,,,,0,1.0,104,104,8,23
metrics,fixedcost,metrics,ABCD,46,0.7,boundary,8,8,0,1,3,0,4,0,0.125,0.5,,,,,0,0.666667,30,20,8,18
metrics,fixedcost,metrics,ABCD,46,0.7,short_local,8,8,0,2,2,0,4,0,0.25,0.5,,,,,0,0.647059,17,11,8,10
metrics,fixedcost,metrics,ABCD,46,0.7,whole_section,8,8,0,2,2,0,4,0,0.25,0.5,,,,,0,0.941176,34,32,8,20
metrics,fixedcost,metrics,ABCD,46,0.7,anxiety,8,8,0,1,6,0,1,0,0.125,0.875,,,,,0,1.0,42,42,8,33
metrics,fixedcost,metrics,ABCD,46,0.7,double_shift,8,8,0,4,4,0,0,0,0.5,1.0,,,,,0,0.983051,59,58,8,18
metrics,fixedcost,metrics,ABCD,46,0.7,self_corrected,8,8,0,5,3,0,0,0,0.625,1.0,,,,,0,1.0,55,55,8,28
metrics,fixedcost,metrics,ABCD,46,0.7,deferred,8,8,0,2,4,0,2,0,0.25,0.75,,,,,0,0.95,60,57,8,11
metrics,fixedcost,metrics,ABCD,46,0.7,isolated,8,8,0,0,2,0,6,0,0.0,0.25,,,,,0,0.0,6,0,8,14
metrics,fixedcost,metrics,ABCD,46,0.7,scanner_blank_1,8,8,0,6,1,0,1,0,0.75,0.875,,,,,0,0.987013,77,76,8,0
metrics,fixedcost,metrics,ABCD,46,0.7,scanner_blank_2,8,8,0,6,1,0,1,0,0.75,0.875,,,,,0,1.0,79,79,8,5
metrics,fixedcost,metrics,ABCD,46,0.7,scanner_row_delete_1,8,8,0,0,0,0,8,0,0.0,0.0,,,,,0,0.0,42,0,8,10
metrics,fixedcost,metrics,ABCD,46,0.7,scanner_row_delete_2,8,8,0,0,0,0,8,0,0.0,0.0,,,,,0,0.0,51,0,8,5
metrics,fixedcost,metrics,ABCD,46,0.7,scanner_misread_1,8,0,8,0,0,2,0,6,,,0.25,0.599689,,,0,,0,0,8,15
metrics,fixedcost,metrics,ABCD,46,0.7,scanner_misread_4,8,0,8,0,0,1,0,7,,,0.125,0.470679,,,0,,0,0,8,4
metrics,fixedcost,metrics,ABCD,46,0.7,scanner_faint_1,8,0,8,0,0,1,0,7,,,0.125,0.470679,,,0,,0,0,8,3
metrics,fixedcost,metrics,ABCD,46,0.7,scanner_faint_4,8,0,8,0,0,2,0,6,,,0.25,0.599689,,,0,,0,0,8,14
metrics,fixedcost,metrics,ABCD,46,0.7,scanner_double_4,8,0,8,0,0,1,0,7,,,0.125,0.470679,,,0,,0,0,8,4
metrics,fixedcost,metrics,ABCD,46,0.7,adv_long_runs,8,0,8,0,0,8,0,0,,,1.0,1.0,,,0,,0,0,8,30
metrics,fixedcost,metrics,ABCD,46,0.7,adv_favourite,8,0,8,0,0,0,0,8,,,0.0,0.312344,,,0,,0,0,8,0
metrics,fixedcost,metrics,ABCD,46,0.7,adv_easy_block,8,0,8,0,0,6,0,2,,,0.75,0.953611,,,0,,0,0,8,33
metrics,fixedcost,metrics,ABCD,46,0.7,adv_key_leakage,8,8,0,8,0,0,0,0,1.0,1.0,,,,,0,0.969466,262,254,8,0
metrics,fixedcost,metrics,ABCD,46,0.7,adv_cycle,8,0,8,0,0,8,0,0,,,1.0,1.0,,,0,,0,0,8,86
metrics,fixedcost,metrics,ABCD,46,0.85,none,8,0,8,0,0,1,0,7,,,0.125,0.470679,,,0,,0,0,8,6
metrics,fixedcost,metrics,ABCD,46,0.85,row_skip_1,8,8,0,6,0,0,2,0,0.75,0.75,,,,,0,0.956522,69,66,8,5
metrics,fixedcost,metrics,ABCD,46,0.85,row_skip_2,8,8,0,5,3,0,0,0,0.625,1.0,,,,,0,1.0,70,70,8,23
metrics,fixedcost,metrics,ABCD,46,0.85,early_full,8,8,0,7,1,0,0,0,0.875,1.0,,,,,0,1.0,161,161,8,11
metrics,fixedcost,metrics,ABCD,46,0.85,boundary,8,8,0,1,2,0,5,0,0.125,0.375,,,,,0,0.87234,47,41,8,3
metrics,fixedcost,metrics,ABCD,46,0.85,short_local,8,8,0,7,1,0,0,0,0.875,1.0,,,,,0,1.0,42,42,8,19
metrics,fixedcost,metrics,ABCD,46,0.85,whole_section,8,8,0,5,2,0,1,0,0.625,0.875,,,,,0,0.965517,87,84,8,3
metrics,fixedcost,metrics,ABCD,46,0.85,anxiety,8,8,0,4,3,0,1,0,0.5,0.875,,,,,0,0.970149,67,65,8,25
metrics,fixedcost,metrics,ABCD,46,0.85,double_shift,8,8,0,7,1,0,0,0,0.875,1.0,,,,,0,1.0,127,127,8,8
metrics,fixedcost,metrics,ABCD,46,0.85,self_corrected,8,8,0,5,3,0,0,0,0.625,1.0,,,,,0,0.978022,91,89,8,4
metrics,fixedcost,metrics,ABCD,46,0.85,deferred,8,8,0,2,5,0,1,0,0.25,0.875,,,,,0,0.933333,90,84,8,8
metrics,fixedcost,metrics,ABCD,46,0.85,isolated,8,8,0,0,1,0,7,0,0.0,0.125,,,,,0,0.2,10,2,8,1
metrics,fixedcost,metrics,ABCD,46,0.85,scanner_blank_1,8,8,0,6,2,0,0,0,0.75,1.0,,,,,0,1.0,77,77,8,16
metrics,fixedcost,metrics,ABCD,46,0.85,scanner_blank_2,8,8,0,5,1,0,2,0,0.625,0.75,,,,,0,1.0,57,57,8,15
metrics,fixedcost,metrics,ABCD,46,0.85,scanner_row_delete_1,8,8,0,0,0,0,8,0,0.0,0.0,,,,,0,0.0,96,0,8,0
metrics,fixedcost,metrics,ABCD,46,0.85,scanner_row_delete_2,8,8,0,0,0,0,8,0,0.0,0.0,,,,,0,0.0,96,0,8,2
metrics,fixedcost,metrics,ABCD,46,0.85,scanner_misread_1,8,0,8,0,0,1,0,7,,,0.125,0.470679,,,0,,0,0,8,15
metrics,fixedcost,metrics,ABCD,46,0.85,scanner_misread_4,8,0,8,0,0,1,0,7,,,0.125,0.470679,,,0,,0,0,8,4
metrics,fixedcost,metrics,ABCD,46,0.85,scanner_faint_1,8,0,8,0,0,0,0,8,,,0.0,0.312344,,,0,,0,0,8,0
metrics,fixedcost,metrics,ABCD,46,0.85,scanner_faint_4,8,0,8,0,0,1,0,7,,,0.125,0.470679,,,0,,0,0,8,5
metrics,fixedcost,metrics,ABCD,46,0.85,scanner_double_4,8,0,8,0,0,1,0,7,,,0.125,0.470679,,,0,,0,0,8,4
metrics,fixedcost,metrics,ABCD,46,0.85,adv_long_runs,8,0,8,0,0,5,0,3,,,0.625,0.888887,,,0,,0,0,8,26
metrics,fixedcost,metrics,ABCD,46,0.85,adv_favourite,8,0,8,0,0,0,0,8,,,0.0,0.312344,,,0,,0,0,8,0
metrics,fixedcost,metrics,ABCD,46,0.85,adv_easy_block,8,0,8,0,0,3,0,5,,,0.375,0.710759,,,0,,0,0,8,20
metrics,fixedcost,metrics,ABCD,46,0.85,adv_key_leakage,8,8,0,7,1,0,0,0,0.875,1.0,,,,,0,0.969925,266,258,8,0
metrics,fixedcost,metrics,ABCD,46,0.85,adv_cycle,8,0,8,0,0,8,0,0,,,1.0,1.0,,,0,,0,0,8,76
metrics,fixedcost,metrics,ABCD,46,0.95,none,8,0,8,0,0,1,0,7,,,0.125,0.470679,,,0,,0,0,8,7
metrics,fixedcost,metrics,ABCD,46,0.95,row_skip_1,8,8,0,4,3,0,1,0,0.5,0.875,,,,,0,0.985294,68,67,8,11
metrics,fixedcost,metrics,ABCD,46,0.95,row_skip_2,8,8,0,5,2,0,1,0,0.625,0.875,,,,,0,0.965909,88,85,8,15
metrics,fixedcost,metrics,ABCD,46,0.95,early_full,8,8,0,7,1,0,0,0,0.875,1.0,,,,,0,1.0,198,198,8,9
metrics,fixedcost,metrics,ABCD,46,0.95,boundary,8,8,0,2,3,0,3,0,0.25,0.625,,,,,0,0.923077,39,36,8,9
metrics,fixedcost,metrics,ABCD,46,0.95,short_local,8,8,0,4,0,0,4,0,0.5,0.5,,,,,0,0.785714,28,22,8,1
metrics,fixedcost,metrics,ABCD,46,0.95,whole_section,8,8,0,6,2,0,0,0,0.75,1.0,,,,,0,1.0,99,99,8,6
metrics,fixedcost,metrics,ABCD,46,0.95,anxiety,8,8,0,1,7,0,0,0,0.125,1.0,,,,,0,1.0,115,115,8,7
metrics,fixedcost,metrics,ABCD,46,0.95,double_shift,8,8,0,8,0,0,0,0,1.0,1.0,,,,,0,0.988095,168,166,8,11
metrics,fixedcost,metrics,ABCD,46,0.95,self_corrected,8,8,0,6,2,0,0,0,0.75,1.0,,,,,0,0.952381,84,80,8,16
metrics,fixedcost,metrics,ABCD,46,0.95,deferred,8,8,0,4,3,0,1,0,0.5,0.875,,,,,0,0.949275,138,131,8,6
metrics,fixedcost,metrics,ABCD,46,0.95,isolated,8,8,0,0,2,0,6,0,0.0,0.25,,,,,0,0.111111,9,1,8,12
metrics,fixedcost,metrics,ABCD,46,0.95,scanner_blank_1,8,8,0,7,1,0,0,0,0.875,1.0,,,,,0,1.0,116,116,8,10
metrics,fixedcost,metrics,ABCD,46,0.95,scanner_blank_2,8,8,0,7,0,0,1,0,0.875,0.875,,,,,0,1.0,107,107,8,1
metrics,fixedcost,metrics,ABCD,46,0.95,scanner_row_delete_1,8,8,0,0,0,0,8,0,0.0,0.0,,,,,0,0.0,69,0,8,0
metrics,fixedcost,metrics,ABCD,46,0.95,scanner_row_delete_2,8,8,0,0,0,0,8,0,0.0,0.0,,,,,0,0.0,89,0,8,0
metrics,fixedcost,metrics,ABCD,46,0.95,scanner_misread_1,8,0,8,0,0,1,0,7,,,0.125,0.470679,,,0,,0,0,8,11
metrics,fixedcost,metrics,ABCD,46,0.95,scanner_misread_4,8,0,8,0,0,1,0,7,,,0.125,0.470679,,,0,,0,0,8,4
metrics,fixedcost,metrics,ABCD,46,0.95,scanner_faint_1,8,0,8,0,0,0,0,8,,,0.0,0.312344,,,0,,0,0,8,0
metrics,fixedcost,metrics,ABCD,46,0.95,scanner_faint_4,8,0,8,0,0,2,0,6,,,0.25,0.599689,,,0,,0,0,8,15
metrics,fixedcost,metrics,ABCD,46,0.95,scanner_double_4,8,0,8,0,0,3,0,5,,,0.375,0.710759,,,0,,0,0,8,18
metrics,fixedcost,metrics,ABCD,46,0.95,adv_long_runs,8,0,8,0,0,2,0,6,,,0.25,0.599689,,,0,,0,0,8,8
metrics,fixedcost,metrics,ABCD,46,0.95,adv_favourite,8,0,8,0,0,0,0,8,,,0.0,0.312344,,,0,,0,0,8,0
metrics,fixedcost,metrics,ABCD,46,0.95,adv_easy_block,8,0,8,0,0,4,0,4,,,0.5,0.807097,,,0,,0,0,8,28
metrics,fixedcost,metrics,ABCD,46,0.95,adv_key_leakage,8,8,0,8,0,0,0,0,1.0,1.0,,,,,0,0.969231,260,252,8,0
metrics,fixedcost,metrics,ABCD,46,0.95,adv_cycle,8,0,8,0,0,8,0,0,,,1.0,1.0,,,0,,0,0,8,73
metrics,fixedcost,metrics,ABCD,90,0.26,none,8,0,8,0,0,7,0,1,,,0.875,0.993609,,,0,,0,0,8,78
metrics,fixedcost,metrics,ABCD,90,0.26,row_skip_1,8,8,0,0,7,0,1,0,0.0,0.875,,,,,0,0.928571,14,13,8,77
metrics,fixedcost,metrics,ABCD,90,0.26,row_skip_2,8,8,0,0,8,0,0,0,0.0,1.0,,,,,0,1.0,16,16,8,94
metrics,fixedcost,metrics,ABCD,90,0.26,early_full,8,8,0,3,5,0,0,0,0.375,1.0,,,,,0,1.0,26,26,8,118
metrics,fixedcost,metrics,ABCD,90,0.26,boundary,8,8,0,1,6,0,1,0,0.125,0.875,,,,,0,1.0,11,11,8,73
metrics,fixedcost,metrics,ABCD,90,0.26,short_local,8,8,0,1,7,0,0,0,0.125,1.0,,,,,0,1.0,1,1,8,134
metrics,fixedcost,metrics,ABCD,90,0.26,whole_section,8,8,0,1,7,0,0,0,0.125,1.0,,,,,0,1.0,12,12,8,143
metrics,fixedcost,metrics,ABCD,90,0.26,anxiety,8,8,0,0,8,0,0,0,0.0,1.0,,,,,0,1.0,7,7,8,82
metrics,fixedcost,metrics,ABCD,90,0.26,double_shift,8,8,0,2,6,0,0,0,0.25,1.0,,,,,0,1.0,35,35,8,127
metrics,fixedcost,metrics,ABCD,90,0.26,self_corrected,8,8,0,1,7,0,0,0,0.125,1.0,,,,,0,1.0,19,19,8,120
metrics,fixedcost,metrics,ABCD,90,0.26,deferred,8,8,0,1,7,0,0,0,0.125,1.0,,,,,0,1.0,9,9,8,146
metrics,fixedcost,metrics,ABCD,90,0.26,isolated,8,8,0,1,7,0,0,0,0.125,1.0,,,,,0,1.0,2,2,8,121
metrics,fixedcost,metrics,ABCD,90,0.26,scanner_blank_1,8,8,0,1,7,0,0,0,0.125,1.0,,,,,0,1.0,20,20,8,94
metrics,fixedcost,metrics,ABCD,90,0.26,scanner_blank_2,8,8,0,2,6,0,0,0,0.25,1.0,,,,,0,1.0,34,34,8,103
metrics,fixedcost,metrics,ABCD,90,0.26,scanner_row_delete_1,8,8,0,0,0,0,8,0,0.0,0.0,,,,,0,0.0,39,0,8,10
metrics,fixedcost,metrics,ABCD,90,0.26,scanner_row_delete_2,8,8,0,0,0,0,8,0,0.0,0.0,,,,,0,0.0,27,0,8,24
metrics,fixedcost,metrics,ABCD,90,0.26,scanner_misread_1,8,0,8,0,0,8,0,0,,,1.0,1.0,,,0,,0,0,8,124
metrics,fixedcost,metrics,ABCD,90,0.26,scanner_misread_4,8,0,8,0,0,8,0,0,,,1.0,1.0,,,0,,0,0,8,139
metrics,fixedcost,metrics,ABCD,90,0.26,scanner_faint_1,8,0,8,0,0,7,0,1,,,0.875,0.993609,,,0,,0,0,8,117
metrics,fixedcost,metrics,ABCD,90,0.26,scanner_faint_4,8,0,8,0,0,7,0,1,,,0.875,0.993609,,,0,,0,0,8,114
metrics,fixedcost,metrics,ABCD,90,0.26,scanner_double_4,8,0,8,0,0,8,0,0,,,1.0,1.0,,,0,,0,0,8,104
metrics,fixedcost,metrics,ABCD,90,0.26,adv_long_runs,8,0,8,0,0,6,0,2,,,0.75,0.953611,,,0,,0,0,8,34
metrics,fixedcost,metrics,ABCD,90,0.26,adv_favourite,8,0,8,0,0,0,0,8,,,0.0,0.312344,,,0,,0,0,8,0
metrics,fixedcost,metrics,ABCD,90,0.26,adv_easy_block,8,0,8,0,0,8,0,0,,,1.0,1.0,,,0,,0,0,8,62
metrics,fixedcost,metrics,ABCD,90,0.26,adv_key_leakage,8,8,0,7,1,0,0,0,0.875,1.0,,,,,0,0.98513,538,530,8,0
metrics,fixedcost,metrics,ABCD,90,0.26,adv_cycle,8,0,8,0,0,8,0,0,,,1.0,1.0,,,0,,0,0,8,115
metrics,fixedcost,metrics,ABCD,90,0.4,none,8,0,8,0,0,8,0,0,,,1.0,1.0,,,0,,0,0,8,79
metrics,fixedcost,metrics,ABCD,90,0.4,row_skip_1,8,8,0,1,7,0,0,0,0.125,1.0,,,,,0,1.0,38,38,8,74
metrics,fixedcost,metrics,ABCD,90,0.4,row_skip_2,8,8,0,2,6,0,0,0,0.25,1.0,,,,,0,1.0,63,63,8,36
metrics,fixedcost,metrics,ABCD,90,0.4,early_full,8,8,0,2,6,0,0,0,0.25,1.0,,,,,0,1.0,137,137,8,81
metrics,fixedcost,metrics,ABCD,90,0.4,boundary,8,8,0,0,6,0,2,0,0.0,0.75,,,,,0,0.882353,17,15,8,76
metrics,fixedcost,metrics,ABCD,90,0.4,short_local,8,8,0,2,5,0,1,0,0.25,0.875,,,,,0,1.0,12,12,8,99
metrics,fixedcost,metrics,ABCD,90,0.4,whole_section,8,8,0,3,5,0,0,0,0.375,1.0,,,,,0,1.0,62,62,8,56
metrics,fixedcost,metrics,ABCD,90,0.4,anxiety,8,8,0,0,7,0,1,0,0.0,0.875,,,,,0,1.0,46,46,8,66
metrics,fixedcost,metrics,ABCD,90,0.4,double_shift,8,8,0,3,5,0,0,0,0.375,1.0,,,,,0,1.0,61,61,8,59
metrics,fixedcost,metrics,ABCD,90,0.4,self_corrected,8,8,0,3,4,0,1,0,0.375,0.875,,,,,0,1.0,53,53,8,40
metrics,fixedcost,metrics,ABCD,90,0.4,deferred,8,8,0,0,8,0,0,0,0.0,1.0,,,,,0,1.0,87,87,8,33
metrics,fixedcost,metrics,ABCD,90,0.4,isolated,8,8,0,1,5,0,2,0,0.125,0.75,,,,,0,0.666667,6,4,8,78
metrics,fixedcost,metrics,ABCD,90,0.4,scanner_blank_1,8,8,0,2,6,0,0,0,0.25,1.0,,,,,0,1.0,37,37,8,77
metrics,fixedcost,metrics,ABCD,90,0.4,scanner_blank_2,8,8,0,3,5,0,0,0,0.375,1.0,,,,,0,1.0,32,32,8,66
metrics,fixedcost,metrics,ABCD,90,0.4,scanner_row_delete_1,8,8,0,0,0,0,8,0,0.0,0.0,,,,,0,0.0,49,0,8,9
metrics,fixedcost,metrics,ABCD,90,0.4,scanner_row_delete_2,8,8,0,0,0,0,8,0,0.0,0.0,,,,,0,0.0,48,0,8,0
metrics,fixedcost,metrics,ABCD,90,0.4,scanner_misread_1,8,0,8,0,0,4,0,4,,,0.5,0.807097,,,0,,0,0,8,42
metrics,fixedcost,metrics,ABCD,90,0.4,scanner_misread_4,8,0,8,0,0,7,0,1,,,0.875,0.993609,,,0,,0,0,8,74
metrics,fixedcost,metrics,ABCD,90,0.4,scanner_faint_1,8,0,8,0,0,8,0,0,,,1.0,1.0,,,0,,0,0,8,65
metrics,fixedcost,metrics,ABCD,90,0.4,scanner_faint_4,8,0,8,0,0,6,0,2,,,0.75,0.953611,,,0,,0,0,8,40
metrics,fixedcost,metrics,ABCD,90,0.4,scanner_double_4,8,0,8,0,0,3,0,5,,,0.375,0.710759,,,0,,0,0,8,46
metrics,fixedcost,metrics,ABCD,90,0.4,adv_long_runs,8,0,8,0,0,7,0,1,,,0.875,0.993609,,,0,,0,0,8,46
metrics,fixedcost,metrics,ABCD,90,0.4,adv_favourite,8,0,8,0,0,0,0,8,,,0.0,0.312344,,,0,,0,0,8,0
metrics,fixedcost,metrics,ABCD,90,0.4,adv_easy_block,8,0,8,0,0,7,0,1,,,0.875,0.993609,,,0,,0,0,8,60
metrics,fixedcost,metrics,ABCD,90,0.4,adv_key_leakage,8,8,0,7,1,0,0,0,0.875,1.0,,,,,0,0.984375,512,504,8,0
metrics,fixedcost,metrics,ABCD,90,0.4,adv_cycle,8,0,8,0,0,8,0,0,,,1.0,1.0,,,0,,0,0,8,116
metrics,fixedcost,metrics,ABCD,90,0.55,none,8,0,8,0,0,5,0,3,,,0.625,0.888887,,,0,,0,0,8,68
metrics,fixedcost,metrics,ABCD,90,0.55,row_skip_1,8,8,0,2,5,0,1,0,0.25,0.875,,,,,0,0.952381,84,80,8,41
metrics,fixedcost,metrics,ABCD,90,0.55,row_skip_2,8,8,0,4,4,0,0,0,0.5,1.0,,,,,0,1.0,63,63,8,35
metrics,fixedcost,metrics,ABCD,90,0.55,early_full,8,8,0,5,3,0,0,0,0.625,1.0,,,,,0,1.0,187,187,8,42
metrics,fixedcost,metrics,ABCD,90,0.55,boundary,8,8,0,3,5,0,0,0,0.375,1.0,,,,,0,1.0,63,63,8,51
metrics,fixedcost,metrics,ABCD,90,0.55,short_local,8,8,0,2,3,0,3,0,0.25,0.625,,,,,0,0.818182,11,9,8,27
metrics,fixedcost,metrics,ABCD,90,0.55,whole_section,8,8,0,2,6,0,0,0,0.25,1.0,,,,,0,1.0,96,96,8,12
metrics,fixedcost,metrics,ABCD,90,0.55,anxiety,8,8,0,0,8,0,0,0,0.0,1.0,,,,,0,1.0,65,65,8,57
metrics,fixedcost,metrics,ABCD,90,0.55,double_shift,8,8,0,4,4,0,0,0,0.5,1.0,,,,,0,1.0,148,148,8,29
metrics,fixedcost,metrics,ABCD,90,0.55,self_corrected,8,8,0,2,6,0,0,0,0.25,1.0,,,,,0,1.0,41,41,8,53
metrics,fixedcost,metrics,ABCD,90,0.55,deferred,8,8,0,3,5,0,0,0,0.375,1.0,,,,,0,0.990099,101,100,8,62
metrics,fixedcost,metrics,ABCD,90,0.55,isolated,8,8,0,0,4,0,4,0,0.0,0.5,,,,,0,0.333333,6,2,8,29
metrics,fixedcost,metrics,ABCD,90,0.55,scanner_blank_1,8,8,0,1,5,0,2,0,0.125,0.75,,,,,0,1.0,62,62,8,24
metrics,fixedcost,metrics,ABCD,90,0.55,scanner_blank_2,8,8,0,2,6,0,0,0,0.25,1.0,,,,,0,1.0,51,51,8,54
metrics,fixedcost,metrics,ABCD,90,0.55,scanner_row_delete_1,8,8,0,0,0,0,8,0,0.0,0.0,,,,,0,0.0,69,0,8,17
metrics,fixedcost,metrics,ABCD,90,0.55,scanner_row_delete_2,8,8,0,0,0,0,8,0,0.0,0.0,,,,,0,0.0,55,0,8,2
metrics,fixedcost,metrics,ABCD,90,0.55,scanner_misread_1,8,0,8,0,0,6,0,2,,,0.75,0.953611,,,0,,0,0,8,45
metrics,fixedcost,metrics,ABCD,90,0.55,scanner_misread_4,8,0,8,0,0,5,0,3,,,0.625,0.888887,,,0,,0,0,8,63
metrics,fixedcost,metrics,ABCD,90,0.55,scanner_faint_1,8,0,8,0,0,3,0,5,,,0.375,0.710759,,,0,,0,0,8,27
metrics,fixedcost,metrics,ABCD,90,0.55,scanner_faint_4,8,0,8,0,0,4,0,4,,,0.5,0.807097,,,0,,0,0,8,28
metrics,fixedcost,metrics,ABCD,90,0.55,scanner_double_4,8,0,8,0,0,3,0,5,,,0.375,0.710759,,,0,,0,0,8,14
metrics,fixedcost,metrics,ABCD,90,0.55,adv_long_runs,8,0,8,0,0,5,0,3,,,0.625,0.888887,,,0,,0,0,8,37
metrics,fixedcost,metrics,ABCD,90,0.55,adv_favourite,8,0,8,0,0,0,0,8,,,0.0,0.312344,,,0,,0,0,8,0
metrics,fixedcost,metrics,ABCD,90,0.55,adv_easy_block,8,0,8,0,0,8,0,0,,,1.0,1.0,,,0,,0,0,8,71
metrics,fixedcost,metrics,ABCD,90,0.55,adv_key_leakage,8,8,0,8,0,0,0,0,1.0,1.0,,,,,0,0.984674,522,514,8,0
metrics,fixedcost,metrics,ABCD,90,0.55,adv_cycle,8,0,8,0,0,8,0,0,,,1.0,1.0,,,0,,0,0,8,125
metrics,fixedcost,metrics,ABCD,90,0.7,none,8,0,8,0,0,2,0,6,,,0.25,0.599689,,,0,,0,0,8,17
metrics,fixedcost,metrics,ABCD,90,0.7,row_skip_1,8,8,0,2,6,0,0,0,0.25,1.0,,,,,0,1.0,111,111,8,51
metrics,fixedcost,metrics,ABCD,90,0.7,row_skip_2,8,8,0,6,2,0,0,0,0.75,1.0,,,,,0,1.0,166,166,8,17
metrics,fixedcost,metrics,ABCD,90,0.7,early_full,8,8,0,5,3,0,0,0,0.625,1.0,,,,,0,1.0,220,220,8,32
metrics,fixedcost,metrics,ABCD,90,0.7,boundary,8,8,0,3,4,0,1,0,0.375,0.875,,,,,0,0.963636,55,53,8,45
metrics,fixedcost,metrics,ABCD,90,0.7,short_local,8,8,0,3,3,0,2,0,0.375,0.75,,,,,0,0.9,20,18,8,17
metrics,fixedcost,metrics,ABCD,90,0.7,whole_section,8,8,0,2,5,0,1,0,0.25,0.875,,,,,0,1.0,71,71,8,34
metrics,fixedcost,metrics,ABCD,90,0.7,anxiety,8,8,0,2,6,0,0,0,0.25,1.0,,,,,0,1.0,160,160,8,15
metrics,fixedcost,metrics,ABCD,90,0.7,double_shift,8,8,0,4,4,0,0,0,0.5,1.0,,,,,0,1.0,150,150,8,50
metrics,fixedcost,metrics,ABCD,90,0.7,self_corrected,8,8,0,5,3,0,0,0,0.625,1.0,,,,,0,0.973333,75,73,8,20
metrics,fixedcost,metrics,ABCD,90,0.7,deferred,8,8,0,1,7,0,0,0,0.125,1.0,,,,,0,0.975207,121,118,8,41
metrics,fixedcost,metrics,ABCD,90,0.7,isolated,8,8,0,0,3,0,5,0,0.0,0.375,,,,,0,0.5,4,2,8,14
metrics,fixedcost,metrics,ABCD,90,0.7,scanner_blank_1,8,8,0,4,4,0,0,0,0.5,1.0,,,,,0,1.0,76,76,8,13
metrics,fixedcost,metrics,ABCD,90,0.7,scanner_blank_2,8,8,0,7,1,0,0,0,0.875,1.0,,,,,0,1.0,119,119,8,12
metrics,fixedcost,metrics,ABCD,90,0.7,scanner_row_delete_1,8,8,0,0,0,0,8,0,0.0,0.0,,,,,0,0.0,126,0,8,0
metrics,fixedcost,metrics,ABCD,90,0.7,scanner_row_delete_2,8,8,0,0,0,0,8,0,0.0,0.0,,,,,0,0.0,203,0,8,0
metrics,fixedcost,metrics,ABCD,90,0.7,scanner_misread_1,8,0,8,0,0,3,0,5,,,0.375,0.710759,,,0,,0,0,8,20
metrics,fixedcost,metrics,ABCD,90,0.7,scanner_misread_4,8,0,8,0,0,1,0,7,,,0.125,0.470679,,,0,,0,0,8,21
metrics,fixedcost,metrics,ABCD,90,0.7,scanner_faint_1,8,0,8,0,0,2,0,6,,,0.25,0.599689,,,0,,0,0,8,19
metrics,fixedcost,metrics,ABCD,90,0.7,scanner_faint_4,8,0,8,0,0,2,0,6,,,0.25,0.599689,,,0,,0,0,8,8
metrics,fixedcost,metrics,ABCD,90,0.7,scanner_double_4,8,0,8,0,0,3,0,5,,,0.375,0.710759,,,0,,0,0,8,38
metrics,fixedcost,metrics,ABCD,90,0.7,adv_long_runs,8,0,8,0,0,3,0,5,,,0.375,0.710759,,,0,,0,0,8,25
metrics,fixedcost,metrics,ABCD,90,0.7,adv_favourite,8,0,8,0,0,0,0,8,,,0.0,0.312344,,,0,,0,0,8,0
metrics,fixedcost,metrics,ABCD,90,0.7,adv_easy_block,8,0,8,0,0,8,0,0,,,1.0,1.0,,,0,,0,0,8,65
metrics,fixedcost,metrics,ABCD,90,0.7,adv_key_leakage,8,8,0,7,1,0,0,0,0.875,1.0,,,,,0,0.98513,538,530,8,0
metrics,fixedcost,metrics,ABCD,90,0.7,adv_cycle,8,0,8,0,0,8,0,0,,,1.0,1.0,,,0,,0,0,8,142
metrics,fixedcost,metrics,ABCD,90,0.85,none,8,0,8,0,0,0,0,8,,,0.0,0.312344,,,0,,0,0,8,0
metrics,fixedcost,metrics,ABCD,90,0.85,row_skip_1,8,8,0,5,2,0,1,0,0.625,0.875,,,,,0,0.989362,188,186,8,14
metrics,fixedcost,metrics,ABCD,90,0.85,row_skip_2,8,8,0,6,2,0,0,0,0.75,1.0,,,,,0,1.0,133,133,8,5
metrics,fixedcost,metrics,ABCD,90,0.85,early_full,8,8,0,7,1,0,0,0,0.875,1.0,,,,,0,1.0,369,369,8,11
metrics,fixedcost,metrics,ABCD,90,0.85,boundary,8,8,0,4,2,0,2,0,0.5,0.75,,,,,0,0.966102,59,57,8,35
metrics,fixedcost,metrics,ABCD,90,0.85,short_local,8,8,0,3,1,0,4,0,0.375,0.5,,,,,0,0.894737,19,17,8,4
metrics,fixedcost,metrics,ABCD,90,0.85,whole_section,8,8,0,7,1,0,0,0,0.875,1.0,,,,,0,1.0,189,189,8,2
metrics,fixedcost,metrics,ABCD,90,0.85,anxiety,8,8,0,3,5,0,0,0,0.375,1.0,,,,,0,0.993506,154,153,8,21
metrics,fixedcost,metrics,ABCD,90,0.85,double_shift,8,8,0,4,4,0,0,0,0.5,1.0,,,,,0,1.0,260,260,8,16
metrics,fixedcost,metrics,ABCD,90,0.85,self_corrected,8,8,0,5,3,0,0,0,0.625,1.0,,,,,0,1.0,71,71,8,24
metrics,fixedcost,metrics,ABCD,90,0.85,deferred,8,8,0,3,5,0,0,0,0.375,1.0,,,,,0,0.956835,139,133,8,4
metrics,fixedcost,metrics,ABCD,90,0.85,isolated,8,8,0,0,0,0,8,0,0.0,0.0,,,,,0,0.0,7,0,8,1
metrics,fixedcost,metrics,ABCD,90,0.85,scanner_blank_1,8,8,0,3,4,0,1,0,0.375,0.875,,,,,0,1.0,132,132,8,3
metrics,fixedcost,metrics,ABCD,90,0.85,scanner_blank_2,8,8,0,7,1,0,0,0,0.875,1.0,,,,,0,1.0,119,119,8,0
metrics,fixedcost,metrics,ABCD,90,0.85,scanner_row_delete_1,8,8,0,0,0,0,8,0,0.0,0.0,,,,,0,0.0,152,0,8,4
metrics,fixedcost,metrics,ABCD,90,0.85,scanner_row_delete_2,8,8,0,0,0,0,8,0,0.0,0.0,,,,,0,0.0,168,0,8,4
metrics,fixedcost,metrics,ABCD,90,0.85,scanner_misread_1,8,0,8,0,0,2,0,6,,,0.25,0.599689,,,0,,0,0,8,15
metrics,fixedcost,metrics,ABCD,90,0.85,scanner_misread_4,8,0,8,0,0,3,0,5,,,0.375,0.710759,,,0,,0,0,8,27
metrics,fixedcost,metrics,ABCD,90,0.85,scanner_faint_1,8,0,8,0,0,3,0,5,,,0.375,0.710759,,,0,,0,0,8,29
metrics,fixedcost,metrics,ABCD,90,0.85,scanner_faint_4,8,0,8,0,0,2,0,6,,,0.25,0.599689,,,0,,0,0,8,12
metrics,fixedcost,metrics,ABCD,90,0.85,scanner_double_4,8,0,8,0,0,3,0,5,,,0.375,0.710759,,,0,,0,0,8,42
metrics,fixedcost,metrics,ABCD,90,0.85,adv_long_runs,8,0,8,0,0,8,0,0,,,1.0,1.0,,,0,,0,0,8,54
metrics,fixedcost,metrics,ABCD,90,0.85,adv_favourite,8,0,8,0,0,0,0,8,,,0.0,0.312344,,,0,,0,0,8,0
metrics,fixedcost,metrics,ABCD,90,0.85,adv_easy_block,8,0,8,0,0,8,0,0,,,1.0,1.0,,,0,,0,0,8,62
metrics,fixedcost,metrics,ABCD,90,0.85,adv_key_leakage,8,8,0,6,2,0,0,0,0.75,1.0,,,,,0,0.985213,541,533,8,0
metrics,fixedcost,metrics,ABCD,90,0.85,adv_cycle,8,0,8,0,0,8,0,0,,,1.0,1.0,,,0,,0,0,8,140
metrics,fixedcost,metrics,ABCD,90,0.95,none,8,0,8,0,0,2,0,6,,,0.25,0.599689,,,0,,0,0,8,33
metrics,fixedcost,metrics,ABCD,90,0.95,row_skip_1,8,8,0,6,1,0,1,0,0.75,0.875,,,,,0,0.990698,215,213,8,11
metrics,fixedcost,metrics,ABCD,90,0.95,row_skip_2,8,8,0,8,0,0,0,0,1.0,1.0,,,,,0,1.0,253,253,8,0
metrics,fixedcost,metrics,ABCD,90,0.95,early_full,8,8,0,7,1,0,0,0,0.875,1.0,,,,,0,1.0,391,391,8,15
metrics,fixedcost,metrics,ABCD,90,0.95,boundary,8,8,0,6,1,0,1,0,0.75,0.875,,,,,0,0.979592,98,96,8,19
metrics,fixedcost,metrics,ABCD,90,0.95,short_local,8,8,0,5,1,0,2,0,0.625,0.75,,,,,0,0.84375,32,27,8,26
metrics,fixedcost,metrics,ABCD,90,0.95,whole_section,8,8,0,7,1,0,0,0,0.875,1.0,,,,,0,1.0,198,198,8,4
metrics,fixedcost,metrics,ABCD,90,0.95,anxiety,8,8,0,2,4,0,2,0,0.25,0.75,,,,,0,1.0,194,194,8,16
metrics,fixedcost,metrics,ABCD,90,0.95,double_shift,8,8,0,5,3,0,0,0,0.625,1.0,,,,,0,1.0,224,224,8,42
metrics,fixedcost,metrics,ABCD,90,0.95,self_corrected,8,8,0,6,2,0,0,0,0.75,1.0,,,,,0,1.0,71,71,8,19
metrics,fixedcost,metrics,ABCD,90,0.95,deferred,8,8,0,6,2,0,0,0,0.75,1.0,,,,,0,0.972,250,243,8,0
metrics,fixedcost,metrics,ABCD,90,0.95,isolated,8,8,0,0,2,0,6,0,0.0,0.25,,,,,0,0.25,8,2,8,9
metrics,fixedcost,metrics,ABCD,90,0.95,scanner_blank_1,8,8,0,7,1,0,0,0,0.875,1.0,,,,,0,1.0,238,238,8,15
metrics,fixedcost,metrics,ABCD,90,0.95,scanner_blank_2,8,8,0,6,2,0,0,0,0.75,1.0,,,,,0,1.0,270,270,8,6
metrics,fixedcost,metrics,ABCD,90,0.95,scanner_row_delete_1,8,8,0,0,0,0,8,0,0.0,0.0,,,,,0,0.0,142,0,8,0
metrics,fixedcost,metrics,ABCD,90,0.95,scanner_row_delete_2,8,8,0,0,0,0,8,0,0.0,0.0,,,,,0,0.0,109,0,8,2
metrics,fixedcost,metrics,ABCD,90,0.95,scanner_misread_1,8,0,8,0,0,0,0,8,,,0.0,0.312344,,,0,,0,0,8,0
metrics,fixedcost,metrics,ABCD,90,0.95,scanner_misread_4,8,0,8,0,0,1,0,7,,,0.125,0.470679,,,0,,0,0,8,10
metrics,fixedcost,metrics,ABCD,90,0.95,scanner_faint_1,8,0,8,0,0,2,0,6,,,0.25,0.599689,,,0,,0,0,8,35
metrics,fixedcost,metrics,ABCD,90,0.95,scanner_faint_4,8,0,8,0,0,3,0,5,,,0.375,0.710759,,,0,,0,0,8,52
metrics,fixedcost,metrics,ABCD,90,0.95,scanner_double_4,8,0,8,0,0,2,0,6,,,0.25,0.599689,,,0,,0,0,8,21
metrics,fixedcost,metrics,ABCD,90,0.95,adv_long_runs,8,0,8,0,0,4,0,4,,,0.5,0.807097,,,0,,0,0,8,19
metrics,fixedcost,metrics,ABCD,90,0.95,adv_favourite,8,0,8,0,0,0,0,8,,,0.0,0.312344,,,0,,0,0,8,0
metrics,fixedcost,metrics,ABCD,90,0.95,adv_easy_block,8,0,8,0,0,8,0,0,,,1.0,1.0,,,0,,0,0,8,56
metrics,fixedcost,metrics,ABCD,90,0.95,adv_key_leakage,8,8,0,7,1,0,0,0,0.875,1.0,,,,,0,0.984586,519,511,8,0
metrics,fixedcost,metrics,ABCD,90,0.95,adv_cycle,8,0,8,0,0,8,0,0,,,1.0,1.0,,,0,,0,0,8,129
metrics,fixedcost,metrics,ABCD,100,0.26,none,8,0,8,0,0,8,0,0,,,1.0,1.0,,,0,,0,0,8,99
metrics,fixedcost,metrics,ABCD,100,0.26,row_skip_1,8,8,0,0,8,0,0,0,0.0,1.0,,,,,0,1.0,32,32,8,107
metrics,fixedcost,metrics,ABCD,100,0.26,row_skip_2,8,8,0,0,7,0,1,0,0.0,0.875,,,,,0,0.961538,26,25,8,103
metrics,fixedcost,metrics,ABCD,100,0.26,early_full,8,8,0,3,5,0,0,0,0.375,1.0,,,,,0,1.0,59,59,8,138
metrics,fixedcost,metrics,ABCD,100,0.26,boundary,8,8,0,1,7,0,0,0,0.125,1.0,,,,,0,1.0,43,43,8,113
metrics,fixedcost,metrics,ABCD,100,0.26,short_local,8,8,0,1,7,0,0,0,0.125,1.0,,,,,0,1.0,8,8,8,166
metrics,fixedcost,metrics,ABCD,100,0.26,whole_section,8,8,0,1,7,0,0,0,0.125,1.0,,,,,0,1.0,15,15,8,92
metrics,fixedcost,metrics,ABCD,100,0.26,anxiety,8,8,0,0,8,0,0,0,0.0,1.0,,,,,0,1.0,36,36,8,113
metrics,fixedcost,metrics,ABCD,100,0.26,double_shift,8,8,0,0,8,0,0,0,0.0,1.0,,,,,0,1.0,24,24,8,130
metrics,fixedcost,metrics,ABCD,100,0.26,self_corrected,8,8,0,0,8,0,0,0,0.0,1.0,,,,,0,1.0,13,13,8,129
metrics,fixedcost,metrics,ABCD,100,0.26,deferred,8,8,0,2,6,0,0,0,0.25,1.0,,,,,0,1.0,40,40,8,62
metrics,fixedcost,metrics,ABCD,100,0.26,isolated,8,8,0,0,7,0,1,0,0.0,0.875,,,,,0,,0,0,8,135
metrics,fixedcost,metrics,ABCD,100,0.26,scanner_blank_1,8,8,0,1,7,0,0,0,0.125,1.0,,,,,0,1.0,26,26,8,115
metrics,fixedcost,metrics,ABCD,100,0.26,scanner_blank_2,8,8,0,0,7,0,1,0,0.0,0.875,,,,,0,0.916667,12,11,8,105
metrics,fixedcost,metrics,ABCD,100,0.26,scanner_row_delete_1,8,8,0,0,0,0,8,0,0.0,0.0,,,,,0,0.0,10,0,8,16
metrics,fixedcost,metrics,ABCD,100,0.26,scanner_row_delete_2,8,8,0,0,0,0,8,0,0.0,0.0,,,,,0,0.0,27,0,8,0
metrics,fixedcost,metrics,ABCD,100,0.26,scanner_misread_1,8,0,8,0,0,8,0,0,,,1.0,1.0,,,0,,0,0,8,124
metrics,fixedcost,metrics,ABCD,100,0.26,scanner_misread_4,8,0,8,0,0,7,0,1,,,0.875,0.993609,,,0,,0,0,8,140
metrics,fixedcost,metrics,ABCD,100,0.26,scanner_faint_1,8,0,8,0,0,8,0,0,,,1.0,1.0,,,0,,0,0,8,144
metrics,fixedcost,metrics,ABCD,100,0.26,scanner_faint_4,8,0,8,0,0,8,0,0,,,1.0,1.0,,,0,,0,0,8,154
metrics,fixedcost,metrics,ABCD,100,0.26,scanner_double_4,8,0,8,0,0,8,0,0,,,1.0,1.0,,,0,,0,0,8,89
metrics,fixedcost,metrics,ABCD,100,0.26,adv_long_runs,8,0,8,0,0,3,0,5,,,0.375,0.710759,,,0,,0,0,8,20
metrics,fixedcost,metrics,ABCD,100,0.26,adv_favourite,8,0,8,0,0,0,0,8,,,0.0,0.312344,,,0,,0,0,8,0
metrics,fixedcost,metrics,ABCD,100,0.26,adv_easy_block,8,0,8,0,0,7,0,1,,,0.875,0.993609,,,0,,0,0,8,60
metrics,fixedcost,metrics,ABCD,100,0.26,adv_key_leakage,8,8,0,7,1,0,0,0,0.875,1.0,,,,,0,0.986371,587,579,8,0
metrics,fixedcost,metrics,ABCD,100,0.26,adv_cycle,8,0,8,0,0,8,0,0,,,1.0,1.0,,,0,,0,0,8,137
metrics,fixedcost,metrics,ABCD,100,0.4,none,8,0,8,0,0,5,0,3,,,0.625,0.888887,,,0,,0,0,8,37
metrics,fixedcost,metrics,ABCD,100,0.4,row_skip_1,8,8,0,3,5,0,0,0,0.375,1.0,,,,,0,1.0,63,63,8,86
metrics,fixedcost,metrics,ABCD,100,0.4,row_skip_2,8,8,0,3,5,0,0,0,0.375,1.0,,,,,0,1.0,28,28,8,100
metrics,fixedcost,metrics,ABCD,100,0.4,early_full,8,8,0,4,4,0,0,0,0.5,1.0,,,,,0,1.0,92,92,8,101
metrics,fixedcost,metrics,ABCD,100,0.4,boundary,8,8,0,0,8,0,0,0,0.0,1.0,,,,,0,1.0,59,59,8,60
metrics,fixedcost,metrics,ABCD,100,0.4,short_local,8,8,0,2,4,0,2,0,0.25,0.75,,,,,0,0.909091,11,10,8,94
metrics,fixedcost,metrics,ABCD,100,0.4,whole_section,8,8,0,4,4,0,0,0,0.5,1.0,,,,,0,1.0,65,65,8,55
metrics,fixedcost,metrics,ABCD,100,0.4,anxiety,8,8,0,2,6,0,0,0,0.25,1.0,,,,,0,1.0,34,34,8,90
metrics,fixedcost,metrics,ABCD,100,0.4,double_shift,8,8,0,1,7,0,0,0,0.125,1.0,,,,,0,1.0,50,50,8,97
metrics,fixedcost,metrics,ABCD,100,0.4,self_corrected,8,8,0,2,5,0,1,0,0.25,0.875,,,,,0,0.909091,33,30,8,80
metrics,fixedcost,metrics,ABCD,100,0.4,deferred,8,8,0,1,7,0,0,0,0.125,1.0,,,,,0,1.0,34,34,8,80
metrics,fixedcost,metrics,ABCD,100,0.4,isolated,8,8,0,0,4,0,4,0,0.0,0.5,,,,,0,0.4,5,2,8,42
metrics,fixedcost,metrics,ABCD,100,0.4,scanner_blank_1,8,8,0,2,6,0,0,0,0.25,1.0,,,,,0,1.0,74,74,8,77
metrics,fixedcost,metrics,ABCD,100,0.4,scanner_blank_2,8,8,0,4,4,0,0,0,0.5,1.0,,,,,0,1.0,83,83,8,60
metrics,fixedcost,metrics,ABCD,100,0.4,scanner_row_delete_1,8,8,0,0,0,0,8,0,0.0,0.0,,,,,0,0.0,44,0,8,16
metrics,fixedcost,metrics,ABCD,100,0.4,scanner_row_delete_2,8,8,0,0,0,0,8,0,0.0,0.0,,,,,0,0.0,43,0,8,7
metrics,fixedcost,metrics,ABCD,100,0.4,scanner_misread_1,8,0,8,0,0,6,0,2,,,0.75,0.953611,,,0,,0,0,8,56
metrics,fixedcost,metrics,ABCD,100,0.4,scanner_misread_4,8,0,8,0,0,4,0,4,,,0.5,0.807097,,,0,,0,0,8,54
metrics,fixedcost,metrics,ABCD,100,0.4,scanner_faint_1,8,0,8,0,0,6,0,2,,,0.75,0.953611,,,0,,0,0,8,70
metrics,fixedcost,metrics,ABCD,100,0.4,scanner_faint_4,8,0,8,0,0,8,0,0,,,1.0,1.0,,,0,,0,0,8,113
metrics,fixedcost,metrics,ABCD,100,0.4,scanner_double_4,8,0,8,0,0,5,0,3,,,0.625,0.888887,,,0,,0,0,8,46
metrics,fixedcost,metrics,ABCD,100,0.4,adv_long_runs,8,0,8,0,0,4,0,4,,,0.5,0.807097,,,0,,0,0,8,31
metrics,fixedcost,metrics,ABCD,100,0.4,adv_favourite,8,0,8,0,0,0,0,8,,,0.0,0.312344,,,0,,0,0,8,0
metrics,fixedcost,metrics,ABCD,100,0.4,adv_easy_block,8,0,8,0,0,8,0,0,,,1.0,1.0,,,0,,0,0,8,73
metrics,fixedcost,metrics,ABCD,100,0.4,adv_key_leakage,8,8,0,8,0,0,0,0,1.0,1.0,,,,,0,0.985612,556,548,8,0
metrics,fixedcost,metrics,ABCD,100,0.4,adv_cycle,8,0,8,0,0,8,0,0,,,1.0,1.0,,,0,,0,0,8,140
metrics,fixedcost,metrics,ABCD,100,0.55,none,8,0,8,0,0,3,0,5,,,0.375,0.710759,,,0,,0,0,8,25
metrics,fixedcost,metrics,ABCD,100,0.55,row_skip_1,8,8,0,3,3,0,2,0,0.375,0.75,,,,,0,1.0,52,52,8,40
metrics,fixedcost,metrics,ABCD,100,0.55,row_skip_2,8,8,0,4,4,0,0,0,0.5,1.0,,,,,0,1.0,110,110,8,48
metrics,fixedcost,metrics,ABCD,100,0.55,early_full,8,8,0,2,6,0,0,0,0.25,1.0,,,,,0,1.0,151,151,8,54
metrics,fixedcost,metrics,ABCD,100,0.55,boundary,8,8,0,3,4,0,1,0,0.375,0.875,,,,,0,1.0,52,52,8,36
metrics,fixedcost,metrics,ABCD,100,0.55,short_local,8,8,0,3,5,0,0,0,0.375,1.0,,,,,0,1.0,27,27,8,38
metrics,fixedcost,metrics,ABCD,100,0.55,whole_section,8,8,0,3,5,0,0,0,0.375,1.0,,,,,0,1.0,58,58,8,46
metrics,fixedcost,metrics,ABCD,100,0.55,anxiety,8,8,0,1,7,0,0,0,0.125,1.0,,,,,0,1.0,72,72,8,44
metrics,fixedcost,metrics,ABCD,100,0.55,double_shift,8,8,0,6,2,0,0,0,0.75,1.0,,,,,0,1.0,175,175,8,33
metrics,fixedcost,metrics,ABCD,100,0.55,self_corrected,8,8,0,2,5,0,1,0,0.25,0.875,,,,,0,0.923077,39,36,8,32
metrics,fixedcost,metrics,ABCD,100,0.55,deferred,8,8,0,2,6,0,0,0,0.25,1.0,,,,,0,0.973684,76,74,8,30
metrics,fixedcost,metrics,ABCD,100,0.55,isolated,8,8,0,0,4,0,4,0,0.0,0.5,,,,,0,1.0,1,1,8,23
metrics,fixedcost,metrics,ABCD,100,0.55,scanner_blank_1,8,8,0,2,6,0,0,0,0.25,1.0,,,,,0,1.0,104,104,8,44
metrics,fixedcost,metrics,ABCD,100,0.55,scanner_blank_2,8,8,0,2,5,0,1,0,0.25,0.875,,,,,0,1.0,50,50,8,53
metrics,fixedcost,metrics,ABCD,100,0.55,scanner_row_delete_1,8,8,0,0,0,0,8,0,0.0,0.0,,,,,0,0.0,63,0,8,17
metrics,fixedcost,metrics,ABCD,100,0.55,scanner_row_delete_2,8,8,0,0,0,0,8,0,0.0,0.0,,,,,0,0.0,93,0,8,5
metrics,fixedcost,metrics,ABCD,100,0.55,scanner_misread_1,8,0,8,0,0,4,0,4,,,0.5,0.807097,,,0,,0,0,8,52
metrics,fixedcost,metrics,ABCD,100,0.55,scanner_misread_4,8,0,8,0,0,3,0,5,,,0.375,0.710759,,,0,,0,0,8,39
metrics,fixedcost,metrics,ABCD,100,0.55,scanner_faint_1,8,0,8,0,0,6,0,2,,,0.75,0.953611,,,0,,0,0,8,70
metrics,fixedcost,metrics,ABCD,100,0.55,scanner_faint_4,8,0,8,0,0,2,0,6,,,0.25,0.599689,,,0,,0,0,8,22
metrics,fixedcost,metrics,ABCD,100,0.55,scanner_double_4,8,0,8,0,0,5,0,3,,,0.625,0.888887,,,0,,0,0,8,40
metrics,fixedcost,metrics,ABCD,100,0.55,adv_long_runs,8,0,8,0,0,8,0,0,,,1.0,1.0,,,0,,0,0,8,39
metrics,fixedcost,metrics,ABCD,100,0.55,adv_favourite,8,0,8,0,0,0,0,8,,,0.0,0.312344,,,0,,0,0,8,0
metrics,fixedcost,metrics,ABCD,100,0.55,adv_easy_block,8,0,8,0,0,7,0,1,,,0.875,0.993609,,,0,,0,0,8,62
metrics,fixedcost,metrics,ABCD,100,0.55,adv_key_leakage,8,8,0,6,2,0,0,0,0.75,1.0,,,,,0,0.986395,588,580,8,0
metrics,fixedcost,metrics,ABCD,100,0.55,adv_cycle,8,0,8,0,0,8,0,0,,,1.0,1.0,,,0,,0,0,8,143
metrics,fixedcost,metrics,ABCD,100,0.7,none,8,0,8,0,0,2,0,6,,,0.25,0.599689,,,0,,0,0,8,34
metrics,fixedcost,metrics,ABCD,100,0.7,row_skip_1,8,8,0,4,4,0,0,0,0.5,1.0,,,,,0,1.0,99,99,8,19
metrics,fixedcost,metrics,ABCD,100,0.7,row_skip_2,8,8,0,7,1,0,0,0,0.875,1.0,,,,,0,1.0,94,94,8,19
metrics,fixedcost,metrics,ABCD,100,0.7,early_full,8,8,0,6,2,0,0,0,0.75,1.0,,,,,0,1.0,241,241,8,48
metrics,fixedcost,metrics,ABCD,100,0.7,boundary,8,8,0,4,4,0,0,0,0.5,1.0,,,,,0,1.0,84,84,8,64
metrics,fixedcost,metrics,ABCD,100,0.7,short_local,8,8,0,1,4,0,3,0,0.125,0.625,,,,,0,0.571429,7,4,8,66
metrics,fixedcost,metrics,ABCD,100,0.7,whole_section,8,8,0,4,4,0,0,0,0.5,1.0,,,,,0,1.0,89,89,8,48
metrics,fixedcost,metrics,ABCD,100,0.7,anxiety,8,8,0,3,5,0,0,0,0.375,1.0,,,,,0,1.0,145,145,8,25
metrics,fixedcost,metrics,ABCD,100,0.7,double_shift,8,8,0,4,4,0,0,0,0.5,1.0,,,,,0,1.0,242,242,8,4
metrics,fixedcost,metrics,ABCD,100,0.7,self_corrected,8,8,0,3,5,0,0,0,0.375,1.0,,,,,0,1.0,50,50,8,47
metrics,fixedcost,metrics,ABCD,100,0.7,deferred,8,8,0,1,5,0,2,0,0.125,0.75,,,,,0,0.97619,126,123,8,10
metrics,fixedcost,metrics,ABCD,100,0.7,isolated,8,8,0,0,4,0,4,0,0.0,0.5,,,,,0,0.2,5,1,8,60
metrics,fixedcost,metrics,ABCD,100,0.7,scanner_blank_1,8,8,0,3,5,0,0,0,0.375,1.0,,,,,0,1.0,154,154,8,28
metrics,fixedcost,metrics,ABCD,100,0.7,scanner_blank_2,8,8,0,6,2,0,0,0,0.75,1.0,,,,,0,1.0,167,167,8,8
metrics,fixedcost,metrics,ABCD,100,0.7,scanner_row_delete_1,8,8,0,0,0,0,8,0,0.0,0.0,,,,,0,0.0,148,0,8,4
metrics,fixedcost,metrics,ABCD,100,0.7,scanner_row_delete_2,8,8,0,0,0,0,8,0,0.0,0.0,,,,,0,0.0,56,0,8,0
metrics,fixedcost,metrics,ABCD,100,0.7,scanner_misread_1,8,0,8,0,0,6,0,2,,,0.75,0.953611,,,0,,0,0,8,56
metrics,fixedcost,metrics,ABCD,100,0.7,scanner_misread_4,8,0,8,0,0,2,0,6,,,0.25,0.599689,,,0,,0,0,8,8
metrics,fixedcost,metrics,ABCD,100,0.7,scanner_faint_1,8,0,8,0,0,2,0,6,,,0.25,0.599689,,,0,,0,0,8,6
metrics,fixedcost,metrics,ABCD,100,0.7,scanner_faint_4,8,0,8,0,0,5,0,3,,,0.625,0.888887,,,0,,0,0,8,60
metrics,fixedcost,metrics,ABCD,100,0.7,scanner_double_4,8,0,8,0,0,3,0,5,,,0.375,0.710759,,,0,,0,0,8,35
metrics,fixedcost,metrics,ABCD,100,0.7,adv_long_runs,8,0,8,0,0,6,0,2,,,0.75,0.953611,,,0,,0,0,8,36
metrics,fixedcost,metrics,ABCD,100,0.7,adv_favourite,8,0,8,0,0,0,0,8,,,0.0,0.312344,,,0,,0,0,8,0
metrics,fixedcost,metrics,ABCD,100,0.7,adv_easy_block,8,0,8,0,0,8,0,0,,,1.0,1.0,,,0,,0,0,8,82
metrics,fixedcost,metrics,ABCD,100,0.7,adv_key_leakage,8,8,0,7,1,0,0,0,0.875,1.0,,,,,0,0.986464,591,583,8,0
metrics,fixedcost,metrics,ABCD,100,0.7,adv_cycle,8,0,8,0,0,8,0,0,,,1.0,1.0,,,0,,0,0,8,125
metrics,fixedcost,metrics,ABCD,100,0.85,none,8,0,8,0,0,0,0,8,,,0.0,0.312344,,,0,,0,0,8,0
metrics,fixedcost,metrics,ABCD,100,0.85,row_skip_1,8,8,0,6,1,0,1,0,0.75,0.875,,,,,0,1.0,205,205,8,27
metrics,fixedcost,metrics,ABCD,100,0.85,row_skip_2,8,8,0,8,0,0,0,0,1.0,1.0,,,,,0,1.0,168,168,8,20
metrics,fixedcost,metrics,ABCD,100,0.85,early_full,8,8,0,7,1,0,0,0,0.875,1.0,,,,,0,1.0,365,365,8,44
metrics,fixedcost,metrics,ABCD,100,0.85,boundary,8,8,0,6,0,0,2,0,0.75,0.75,,,,,0,0.931373,102,95,8,0
metrics,fixedcost,metrics,ABCD,100,0.85,short_local,8,8,0,4,4,0,0,0,0.5,1.0,,,,,0,1.0,22,22,8,44
metrics,fixedcost,metrics,ABCD,100,0.85,whole_section,8,8,0,6,2,0,0,0,0.75,1.0,,,,,0,1.0,166,166,8,26
metrics,fixedcost,metrics,ABCD,100,0.85,anxiety,8,8,0,2,6,0,0,0,0.25,1.0,,,,,0,1.0,189,189,8,46
metrics,fixedcost,metrics,ABCD,100,0.85,double_shift,8,8,0,7,1,0,0,0,0.875,1.0,,,,,0,0.997126,348,347,8,4
metrics,fixedcost,metrics,ABCD,100,0.85,self_corrected,8,8,0,7,1,0,0,0,0.875,1.0,,,,,0,0.973333,75,73,8,28
metrics,fixedcost,metrics,ABCD,100,0.85,deferred,8,8,0,4,4,0,0,0,0.5,1.0,,,,,0,0.981735,219,215,8,3
metrics,fixedcost,metrics,ABCD,100,0.85,isolated,8,8,0,0,1,0,7,0,0.0,0.125,,,,,0,0.0,11,0,8,15
metrics,fixedcost,metrics,ABCD,100,0.85,scanner_blank_1,8,8,0,8,0,0,0,0,1.0,1.0,,,,,0,1.0,297,297,8,0
metrics,fixedcost,metrics,ABCD,100,0.85,scanner_blank_2,8,8,0,6,2,0,0,0,0.75,1.0,,,,,0,1.0,199,199,8,14
metrics,fixedcost,metrics,ABCD,100,0.85,scanner_row_delete_1,8,8,0,0,0,0,8,0,0.0,0.0,,,,,0,0.0,112,0,8,6
metrics,fixedcost,metrics,ABCD,100,0.85,scanner_row_delete_2,8,8,0,0,0,0,8,0,0.0,0.0,,,,,0,0.0,116,0,8,1
metrics,fixedcost,metrics,ABCD,100,0.85,scanner_misread_1,8,0,8,0,0,2,0,6,,,0.25,0.599689,,,0,,0,0,8,12
metrics,fixedcost,metrics,ABCD,100,0.85,scanner_misread_4,8,0,8,0,0,3,0,5,,,0.375,0.710759,,,0,,0,0,8,36
metrics,fixedcost,metrics,ABCD,100,0.85,scanner_faint_1,8,0,8,0,0,0,0,8,,,0.0,0.312344,,,0,,0,0,8,0
metrics,fixedcost,metrics,ABCD,100,0.85,scanner_faint_4,8,0,8,0,0,3,0,5,,,0.375,0.710759,,,0,,0,0,8,24
metrics,fixedcost,metrics,ABCD,100,0.85,scanner_double_4,8,0,8,0,0,2,0,6,,,0.25,0.599689,,,0,,0,0,8,16
metrics,fixedcost,metrics,ABCD,100,0.85,adv_long_runs,8,0,8,0,0,7,0,1,,,0.875,0.993609,,,0,,0,0,8,54
metrics,fixedcost,metrics,ABCD,100,0.85,adv_favourite,8,0,8,0,0,0,0,8,,,0.0,0.312344,,,0,,0,0,8,0
metrics,fixedcost,metrics,ABCD,100,0.85,adv_easy_block,8,0,8,0,0,5,0,3,,,0.625,0.888887,,,0,,0,0,8,37
metrics,fixedcost,metrics,ABCD,100,0.85,adv_key_leakage,8,8,0,6,2,0,0,0,0.75,1.0,,,,,0,0.986395,588,580,8,0
metrics,fixedcost,metrics,ABCD,100,0.85,adv_cycle,8,0,8,0,0,8,0,0,,,1.0,1.0,,,0,,0,0,8,154
metrics,fixedcost,metrics,ABCD,100,0.95,none,8,0,8,0,0,1,0,7,,,0.125,0.470679,,,0,,0,0,8,9
metrics,fixedcost,metrics,ABCD,100,0.95,row_skip_1,8,8,0,4,2,0,2,0,0.5,0.75,,,,,0,0.994083,169,168,8,19
metrics,fixedcost,metrics,ABCD,100,0.95,row_skip_2,8,8,0,4,3,0,1,0,0.5,0.875,,,,,0,0.983784,185,182,8,38
metrics,fixedcost,metrics,ABCD,100,0.95,early_full,8,8,0,6,2,0,0,0,0.75,1.0,,,,,0,1.0,414,414,8,30
metrics,fixedcost,metrics,ABCD,100,0.95,boundary,8,8,0,4,3,0,1,0,0.5,0.875,,,,,0,0.97561,123,120,8,37
metrics,fixedcost,metrics,ABCD,100,0.95,short_local,8,8,0,4,1,0,3,0,0.5,0.625,,,,,0,0.894737,38,34,8,8
metrics,fixedcost,metrics,ABCD,100,0.95,whole_section,8,8,0,7,1,0,0,0,0.875,1.0,,,,,0,1.0,222,222,8,4
metrics,fixedcost,metrics,ABCD,100,0.95,anxiety,8,8,0,4,3,0,1,0,0.5,0.875,,,,,0,1.0,281,281,8,18
metrics,fixedcost,metrics,ABCD,100,0.95,double_shift,8,8,0,6,2,0,0,0,0.75,1.0,,,,,0,1.0,242,242,8,22
metrics,fixedcost,metrics,ABCD,100,0.95,self_corrected,8,8,0,5,3,0,0,0,0.625,1.0,,,,,0,0.973684,76,74,8,28
metrics,fixedcost,metrics,ABCD,100,0.95,deferred,8,8,0,6,2,0,0,0,0.75,1.0,,,,,0,0.974468,235,229,8,8
metrics,fixedcost,metrics,ABCD,100,0.95,isolated,8,8,0,1,1,0,6,0,0.125,0.25,,,,,0,0.363636,11,4,8,23
metrics,fixedcost,metrics,ABCD,100,0.95,scanner_blank_1,8,8,0,7,1,0,0,0,0.875,1.0,,,,,0,1.0,314,314,8,11
metrics,fixedcost,metrics,ABCD,100,0.95,scanner_blank_2,8,8,0,7,1,0,0,0,0.875,1.0,,,,,0,1.0,196,196,8,19
metrics,fixedcost,metrics,ABCD,100,0.95,scanner_row_delete_1,8,8,0,0,0,0,8,0,0.0,0.0,,,,,0,0.0,334,0,8,0
metrics,fixedcost,metrics,ABCD,100,0.95,scanner_row_delete_2,8,8,0,0,0,0,8,0,0.0,0.0,,,,,0,0.0,246,0,8,0
metrics,fixedcost,metrics,ABCD,100,0.95,scanner_misread_1,8,0,8,0,0,2,0,6,,,0.25,0.599689,,,0,,0,0,8,23
metrics,fixedcost,metrics,ABCD,100,0.95,scanner_misread_4,8,0,8,0,0,3,0,5,,,0.375,0.710759,,,0,,0,0,8,45
metrics,fixedcost,metrics,ABCD,100,0.95,scanner_faint_1,8,0,8,0,0,2,0,6,,,0.25,0.599689,,,0,,0,0,8,23
metrics,fixedcost,metrics,ABCD,100,0.95,scanner_faint_4,8,0,8,0,0,3,0,5,,,0.375,0.710759,,,0,,0,0,8,30
metrics,fixedcost,metrics,ABCD,100,0.95,scanner_double_4,8,0,8,0,0,0,0,8,,,0.0,0.312344,,,0,,0,0,8,0
metrics,fixedcost,metrics,ABCD,100,0.95,adv_long_runs,8,0,8,0,0,4,0,4,,,0.5,0.807097,,,0,,0,0,8,27
metrics,fixedcost,metrics,ABCD,100,0.95,adv_favourite,8,0,8,0,0,0,0,8,,,0.0,0.312344,,,0,,0,0,8,0
metrics,fixedcost,metrics,ABCD,100,0.95,adv_easy_block,8,0,8,0,0,7,0,1,,,0.875,0.993609,,,0,,0,0,8,59
metrics,fixedcost,metrics,ABCD,100,0.95,adv_key_leakage,8,8,0,7,1,0,0,0,0.875,1.0,,,,,0,0.9866,597,589,8,0
metrics,fixedcost,metrics,ABCD,100,0.95,adv_cycle,8,0,8,0,0,8,0,0,,,1.0,1.0,,,0,,0,0,8,142
metrics,fixedcost,metrics,ABCD,150,0.26,none,8,0,8,0,0,8,0,0,,,1.0,1.0,,,0,,0,0,8,190
metrics,fixedcost,metrics,ABCD,150,0.26,row_skip_1,8,8,0,1,7,0,0,0,0.125,1.0,,,,,0,1.0,16,16,8,232
metrics,fixedcost,metrics,ABCD,150,0.26,row_skip_2,8,8,0,1,7,0,0,0,0.125,1.0,,,,,0,1.0,27,27,8,217
metrics,fixedcost,metrics,ABCD,150,0.26,early_full,8,8,0,2,6,0,0,0,0.25,1.0,,,,,0,1.0,86,86,8,209
metrics,fixedcost,metrics,ABCD,150,0.26,boundary,8,8,0,0,8,0,0,0,0.0,1.0,,,,,0,1.0,12,12,8,201
metrics,fixedcost,metrics,ABCD,150,0.26,short_local,8,8,0,2,4,0,2,0,0.25,0.75,,,,,0,0.823529,17,14,8,140
metrics,fixedcost,metrics,ABCD,150,0.26,whole_section,8,8,0,0,8,0,0,0,0.0,1.0,,,,,0,1.0,22,22,8,162
metrics,fixedcost,metrics,ABCD,150,0.26,anxiety,8,8,0,0,8,0,0,0,0.0,1.0,,,,,0,1.0,11,11,8,187
metrics,fixedcost,metrics,ABCD,150,0.26,double_shift,8,8,0,2,6,0,0,0,0.25,1.0,,,,,0,1.0,54,54,8,174
metrics,fixedcost,metrics,ABCD,150,0.26,self_corrected,8,8,0,1,7,0,0,0,0.125,1.0,,,,,0,1.0,22,22,8,155
metrics,fixedcost,metrics,ABCD,150,0.26,deferred,8,8,0,0,8,0,0,0,0.0,1.0,,,,,0,1.0,79,79,8,152
metrics,fixedcost,metrics,ABCD,150,0.26,isolated,8,8,0,0,8,0,0,0,0.0,1.0,,,,,0,1.0,2,2,8,207
metrics,fixedcost,metrics,ABCD,150,0.26,scanner_blank_1,8,8,0,0,8,0,0,0,0.0,1.0,,,,,0,1.0,34,34,8,199
metrics,fixedcost,metrics,ABCD,150,0.26,scanner_blank_2,8,8,0,0,8,0,0,0,0.0,1.0,,,,,0,1.0,21,21,8,219
metrics,fixedcost,metrics,ABCD,150,0.26,scanner_row_delete_1,8,8,0,0,0,0,8,0,0.0,0.0,,,,,0,0.0,39,0,8,16
metrics,fixedcost,metrics,ABCD,150,0.26,scanner_row_delete_2,8,8,0,0,0,0,8,0,0.0,0.0,,,,,0,0.0,36,0,8,12
metrics,fixedcost,metrics,ABCD,150,0.26,scanner_misread_1,8,0,8,0,0,8,0,0,,,1.0,1.0,,,0,,0,0,8,195
metrics,fixedcost,metrics,ABCD,150,0.26,scanner_misread_4,8,0,8,0,0,7,0,1,,,0.875,0.993609,,,0,,0,0,8,158
metrics,fixedcost,metrics,ABCD,150,0.26,scanner_faint_1,8,0,8,0,0,8,0,0,,,1.0,1.0,,,0,,0,0,8,248
metrics,fixedcost,metrics,ABCD,150,0.26,scanner_faint_4,8,0,8,0,0,8,0,0,,,1.0,1.0,,,0,,0,0,8,170
metrics,fixedcost,metrics,ABCD,150,0.26,scanner_double_4,8,0,8,0,0,7,0,1,,,0.875,0.993609,,,0,,0,0,8,173
metrics,fixedcost,metrics,ABCD,150,0.26,adv_long_runs,8,0,8,0,0,7,0,1,,,0.875,0.993609,,,0,,0,0,8,89
metrics,fixedcost,metrics,ABCD,150,0.26,adv_favourite,8,0,8,0,0,0,0,8,,,0.0,0.312344,,,0,,0,0,8,0
metrics,fixedcost,metrics,ABCD,150,0.26,adv_easy_block,8,0,8,0,0,8,0,0,,,1.0,1.0,,,0,,0,0,8,101
metrics,fixedcost,metrics,ABCD,150,0.26,adv_key_leakage,8,8,0,6,2,0,0,0,0.75,1.0,,,,,0,0.990991,888,880,8,0
metrics,fixedcost,metrics,ABCD,150,0.26,adv_cycle,8,0,8,0,0,8,0,0,,,1.0,1.0,,,0,,0,0,8,210
metrics,fixedcost,metrics,ABCD,150,0.4,none,8,0,8,0,0,8,0,0,,,1.0,1.0,,,0,,0,0,8,90
metrics,fixedcost,metrics,ABCD,150,0.4,row_skip_1,8,8,0,2,6,0,0,0,0.25,1.0,,,,,0,1.0,52,52,8,120
metrics,fixedcost,metrics,ABCD,150,0.4,row_skip_2,8,8,0,0,7,0,1,0,0.0,0.875,,,,,0,0.980392,51,50,8,114
metrics,fixedcost,metrics,ABCD,150,0.4,early_full,8,8,0,3,5,0,0,0,0.375,1.0,,,,,0,1.0,189,189,8,105
metrics,fixedcost,metrics,ABCD,150,0.4,boundary,8,8,0,1,7,0,0,0,0.125,1.0,,,,,0,1.0,37,37,8,162
metrics,fixedcost,metrics,ABCD,150,0.4,short_local,8,8,0,0,8,0,0,0,0.0,1.0,,,,,0,1.0,8,8,8,100
metrics,fixedcost,metrics,ABCD,150,0.4,whole_section,8,8,0,1,7,0,0,0,0.125,1.0,,,,,0,1.0,37,37,8,171
metrics,fixedcost,metrics,ABCD,150,0.4,anxiety,8,8,0,1,7,0,0,0,0.125,1.0,,,,,0,1.0,98,98,8,108
metrics,fixedcost,metrics,ABCD,150,0.4,double_shift,8,8,0,0,8,0,0,0,0.0,1.0,,,,,0,0.989583,96,95,8,99
metrics,fixedcost,metrics,ABCD,150,0.4,self_corrected,8,8,0,3,5,0,0,0,0.375,1.0,,,,,0,1.0,37,37,8,95
metrics,fixedcost,metrics,ABCD,150,0.4,deferred,8,8,0,2,6,0,0,0,0.25,1.0,,,,,0,1.0,49,49,8,110
metrics,fixedcost,metrics,ABCD,150,0.4,isolated,8,8,0,0,8,0,0,0,0.0,1.0,,,,,0,1.0,4,4,8,115
metrics,fixedcost,metrics,ABCD,150,0.4,scanner_blank_1,8,8,0,3,5,0,0,0,0.375,1.0,,,,,0,1.0,57,57,8,155
metrics,fixedcost,metrics,ABCD,150,0.4,scanner_blank_2,8,8,0,0,8,0,0,0,0.0,1.0,,,,,0,1.0,54,54,8,123
metrics,fixedcost,metrics,ABCD,150,0.4,scanner_row_delete_1,8,8,0,0,0,0,8,0,0.0,0.0,,,,,0,0.0,88,0,8,0
metrics,fixedcost,metrics,ABCD,150,0.4,scanner_row_delete_2,8,8,0,0,0,0,8,0,0.0,0.0,,,,,0,0.0,59,0,8,3
metrics,fixedcost,metrics,ABCD,150,0.4,scanner_misread_1,8,0,8,0,0,8,0,0,,,1.0,1.0,,,0,,0,0,8,188
metrics,fixedcost,metrics,ABCD,150,0.4,scanner_misread_4,8,0,8,0,0,7,0,1,,,0.875,0.993609,,,0,,0,0,8,132
metrics,fixedcost,metrics,ABCD,150,0.4,scanner_faint_1,8,0,8,0,0,7,0,1,,,0.875,0.993609,,,0,,0,0,8,116
metrics,fixedcost,metrics,ABCD,150,0.4,scanner_faint_4,8,0,8,0,0,6,0,2,,,0.75,0.953611,,,0,,0,0,8,65
metrics,fixedcost,metrics,ABCD,150,0.4,scanner_double_4,8,0,8,0,0,6,0,2,,,0.75,0.953611,,,0,,0,0,8,83
metrics,fixedcost,metrics,ABCD,150,0.4,adv_long_runs,8,0,8,0,0,8,0,0,,,1.0,1.0,,,0,,0,0,8,65
metrics,fixedcost,metrics,ABCD,150,0.4,adv_favourite,8,0,8,0,0,0,0,8,,,0.0,0.312344,,,0,,0,0,8,0
metrics,fixedcost,metrics,ABCD,150,0.4,adv_easy_block,8,0,8,0,0,8,0,0,,,1.0,1.0,,,0,,0,0,8,105
metrics,fixedcost,metrics,ABCD,150,0.4,adv_key_leakage,8,8,0,6,2,0,0,0,0.75,1.0,,,,,0,0.991071,896,888,8,0
metrics,fixedcost,metrics,ABCD,150,0.4,adv_cycle,8,0,8,0,0,8,0,0,,,1.0,1.0,,,0,,0,0,8,221
metrics,fixedcost,metrics,ABCD,150,0.55,none,8,0,8,0,0,3,0,5,,,0.375,0.710759,,,0,,0,0,8,37
metrics,fixedcost,metrics,ABCD,150,0.55,row_skip_1,8,8,0,3,5,0,0,0,0.375,1.0,,,,,0,1.0,79,79,8,29
metrics,fixedcost,metrics,ABCD,150,0.55,row_skip_2,8,8,0,5,2,0,1,0,0.625,0.875,,,,,0,0.985294,136,134,8,71
metrics,fixedcost,metrics,ABCD,150,0.55,early_full,8,8,0,4,4,0,0,0,0.5,1.0,,,,,0,1.0,266,266,8,87
metrics,fixedcost,metrics,ABCD,150,0.55,boundary,8,8,0,2,6,0,0,0,0.25,1.0,,,,,0,1.0,85,85,8,74
metrics,fixedcost,metrics,ABCD,150,0.55,short_local,8,8,0,2,4,0,2,0,0.25,0.75,,,,,0,0.8,20,16,8,54
metrics,fixedcost,metrics,ABCD,150,0.55,whole_section,8,8,0,2,6,0,0,0,0.25,1.0,,,,,0,1.0,116,116,8,58
metrics,fixedcost,metrics,ABCD,150,0.55,anxiety,8,8,0,0,8,0,0,0,0.0,1.0,,,,,0,1.0,160,160,8,45
metrics,fixedcost,metrics,ABCD,150,0.55,double_shift,8,8,0,4,4,0,0,0,0.5,1.0,,,,,0,1.0,186,186,8,34
metrics,fixedcost,metrics,ABCD,150,0.55,self_corrected,8,8,0,5,2,0,1,0,0.625,0.875,,,,,0,1.0,40,40,8,53
metrics,fixedcost,metrics,ABCD,150,0.55,deferred,8,8,0,1,7,0,0,0,0.125,1.0,,,,,0,0.994048,168,167,8,61
metrics,fixedcost,metrics,ABCD,150,0.55,isolated,8,8,0,1,4,0,3,0,0.125,0.625,,,,,0,0.5,6,3,8,94
metrics,fixedcost,metrics,ABCD,150,0.55,scanner_blank_1,8,8,0,5,3,0,0,0,0.625,1.0,,,,,0,1.0,133,133,8,59
metrics,fixedcost,metrics,ABCD,150,0.55,scanner_blank_2,8,8,0,5,3,0,0,0,0.625,1.0,,,,,0,1.0,125,125,8,43
metrics,fixedcost,metrics,ABCD,150,0.55,scanner_row_delete_1,8,8,0,0,0,0,8,0,0.0,0.0,,,,,0,0.0,57,0,8,15
metrics,fixedcost,metrics,ABCD,150,0.55,scanner_row_delete_2,8,8,0,0,0,0,8,0,0.0,0.0,,,,,0,0.0,139,0,8,1
metrics,fixedcost,metrics,ABCD,150,0.55,scanner_misread_1,8,0,8,0,0,2,0,6,,,0.25,0.599689,,,0,,0,0,8,30
metrics,fixedcost,metrics,ABCD,150,0.55,scanner_misread_4,8,0,8,0,0,7,0,1,,,0.875,0.993609,,,0,,0,0,8,135
metrics,fixedcost,metrics,ABCD,150,0.55,scanner_faint_1,8,0,8,0,0,2,0,6,,,0.25,0.599689,,,0,,0,0,8,10
metrics,fixedcost,metrics,ABCD,150,0.55,scanner_faint_4,8,0,8,0,0,4,0,4,,,0.5,0.807097,,,0,,0,0,8,52
metrics,fixedcost,metrics,ABCD,150,0.55,scanner_double_4,8,0,8,0,0,3,0,5,,,0.375,0.710759,,,0,,0,0,8,17
metrics,fixedcost,metrics,ABCD,150,0.55,adv_long_runs,8,0,8,0,0,6,0,2,,,0.75,0.953611,,,0,,0,0,8,58
metrics,fixedcost,metrics,ABCD,150,0.55,adv_favourite,8,0,8,0,0,0,0,8,,,0.0,0.312344,,,0,,0,0,8,0
metrics,fixedcost,metrics,ABCD,150,0.55,adv_easy_block,8,0,8,0,0,8,0,0,,,1.0,1.0,,,0,,0,0,8,106
metrics,fixedcost,metrics,ABCD,150,0.55,adv_key_leakage,8,8,0,8,0,0,0,0,1.0,1.0,,,,,0,0.991131,902,894,8,0
metrics,fixedcost,metrics,ABCD,150,0.55,adv_cycle,8,0,8,0,0,8,0,0,,,1.0,1.0,,,0,,0,0,8,261
metrics,fixedcost,metrics,ABCD,150,0.7,none,8,0,8,0,0,1,0,7,,,0.125,0.470679,,,0,,0,0,8,16
metrics,fixedcost,metrics,ABCD,150,0.7,row_skip_1,8,8,0,3,4,0,1,0,0.375,0.875,,,,,0,0.984536,194,191,8,35
metrics,fixedcost,metrics,ABCD,150,0.7,row_skip_2,8,8,0,5,2,0,1,0,0.625,0.875,,,,,0,1.0,158,158,8,14
metrics,fixedcost,metrics,ABCD,150,0.7,early_full,8,8,0,6,2,0,0,0,0.75,1.0,,,,,0,1.0,422,422,8,45
metrics,fixedcost,metrics,ABCD,150,0.7,boundary,8,8,0,3,3,0,2,0,0.375,0.75,,,,,0,0.953846,65,62,8,46
metrics,fixedcost,metrics,ABCD,150,0.7,short_local,8,8,0,5,1,0,2,0,0.625,0.75,,,,,0,0.935484,31,29,8,14
metrics,fixedcost,metrics,ABCD,150,0.7,whole_section,8,8,0,4,4,0,0,0,0.5,1.0,,,,,0,1.0,139,139,8,39
metrics,fixedcost,metrics,ABCD,150,0.7,anxiety,8,8,0,2,6,0,0,0,0.25,1.0,,,,,0,1.0,205,205,8,65
metrics,fixedcost,metrics,ABCD,150,0.7,double_shift,8,8,0,5,3,0,0,0,0.625,1.0,,,,,0,1.0,218,218,8,81
metrics,fixedcost,metrics,ABCD,150,0.7,self_corrected,8,8,0,2,6,0,0,0,0.25,1.0,,,,,0,0.982456,57,56,8,70
metrics,fixedcost,metrics,ABCD,150,0.7,deferred,8,8,0,3,5,0,0,0,0.375,1.0,,,,,0,0.979167,192,188,8,49
metrics,fixedcost,metrics,ABCD,150,0.7,isolated,8,8,0,1,0,0,7,0,0.125,0.125,,,,,0,0.076923,13,1,8,3
metrics,fixedcost,metrics,ABCD,150,0.7,scanner_blank_1,8,8,0,4,4,0,0,0,0.5,1.0,,,,,0,1.0,185,185,8,97
metrics,fixedcost,metrics,ABCD,150,0.7,scanner_blank_2,8,8,0,5,3,0,0,0,0.625,1.0,,,,,0,1.0,207,207,8,29
metrics,fixedcost,metrics,ABCD,150,0.7,scanner_row_delete_1,8,8,0,0,0,0,8,0,0.0,0.0,,,,,0,0.0,157,0,8,0
metrics,fixedcost,metrics,ABCD,150,0.7,scanner_row_delete_2,8,8,0,0,0,0,8,0,0.0,0.0,,,,,0,0.0,182,0,8,0
metrics,fixedcost,metrics,ABCD,150,0.7,scanner_misread_1,8,0,8,0,0,2,0,6,,,0.25,0.599689,,,0,,0,0,8,37
metrics,fixedcost,metrics,ABCD,150,0.7,scanner_misread_4,8,0,8,0,0,4,0,4,,,0.5,0.807097,,,0,,0,0,8,40
metrics,fixedcost,metrics,ABCD,150,0.7,scanner_faint_1,8,0,8,0,0,2,0,6,,,0.25,0.599689,,,0,,0,0,8,14
metrics,fixedcost,metrics,ABCD,150,0.7,scanner_faint_4,8,0,8,0,0,2,0,6,,,0.25,0.599689,,,0,,0,0,8,38
metrics,fixedcost,metrics,ABCD,150,0.7,scanner_double_4,8,0,8,0,0,4,0,4,,,0.5,0.807097,,,0,,0,0,8,126
metrics,fixedcost,metrics,ABCD,150,0.7,adv_long_runs,8,0,8,0,0,7,0,1,,,0.875,0.993609,,,0,,0,0,8,69
metrics,fixedcost,metrics,ABCD,150,0.7,adv_favourite,8,0,8,0,0,0,0,8,,,0.0,0.312344,,,0,,0,0,8,0
metrics,fixedcost,metrics,ABCD,150,0.7,adv_easy_block,8,0,8,0,0,8,0,0,,,1.0,1.0,,,0,,0,0,8,106
metrics,fixedcost,metrics,ABCD,150,0.7,adv_key_leakage,8,8,0,7,1,0,0,0,0.875,1.0,,,,,0,0.990909,880,872,8,0
metrics,fixedcost,metrics,ABCD,150,0.7,adv_cycle,8,0,8,0,0,8,0,0,,,1.0,1.0,,,0,,0,0,8,249
metrics,fixedcost,metrics,ABCD,150,0.85,none,8,0,8,0,0,3,0,5,,,0.375,0.710759,,,0,,0,0,8,58
metrics,fixedcost,metrics,ABCD,150,0.85,row_skip_1,8,8,0,5,3,0,0,0,0.625,1.0,,,,,0,1.0,304,304,8,25
metrics,fixedcost,metrics,ABCD,150,0.85,row_skip_2,8,8,0,3,4,0,1,0,0.375,0.875,,,,,0,1.0,139,139,8,124
metrics,fixedcost,metrics,ABCD,150,0.85,early_full,8,8,0,7,1,0,0,0,0.875,1.0,,,,,0,1.0,680,680,8,0
metrics,fixedcost,metrics,ABCD,150,0.85,boundary,8,8,0,3,4,0,1,0,0.375,0.875,,,,,0,1.0,223,223,8,42
metrics,fixedcost,metrics,ABCD,150,0.85,short_local,8,8,0,4,1,0,3,0,0.5,0.625,,,,,0,0.793103,29,23,8,27
metrics,fixedcost,metrics,ABCD,150,0.85,whole_section,8,8,0,5,3,0,0,0,0.625,1.0,,,,,0,1.0,313,313,8,8
metrics,fixedcost,metrics,ABCD,150,0.85,anxiety,8,8,0,1,7,0,0,0,0.125,1.0,,,,,0,1.0,230,230,8,37
metrics,fixedcost,metrics,ABCD,150,0.85,double_shift,8,8,0,8,0,0,0,0,1.0,1.0,,,,,0,1.0,430,430,8,44
metrics,fixedcost,metrics,ABCD,150,0.85,self_corrected,8,8,0,7,1,0,0,0,0.875,1.0,,,,,0,0.985915,71,70,8,4
metrics,fixedcost,metrics,ABCD,150,0.85,deferred,8,8,0,5,2,0,1,0,0.625,0.875,,,,,0,0.976077,209,204,8,35
metrics,fixedcost,metrics,ABCD,150,0.85,isolated,8,8,0,0,2,0,6,0,0.0,0.25,,,,,0,0.222222,9,2,8,65
metrics,fixedcost,metrics,ABCD,150,0.85,scanner_blank_1,8,8,0,6,2,0,0,0,0.75,1.0,,,,,0,1.0,351,351,8,7
metrics,fixedcost,metrics,ABCD,150,0.85,scanner_blank_2,8,8,0,7,1,0,0,0,0.875,1.0,,,,,0,1.0,271,271,8,36
metrics,fixedcost,metrics,ABCD,150,0.85,scanner_row_delete_1,8,8,0,0,0,0,8,0,0.0,0.0,,,,,0,0.0,307,0,8,10
metrics,fixedcost,metrics,ABCD,150,0.85,scanner_row_delete_2,8,8,0,0,0,0,8,0,0.0,0.0,,,,,0,0.0,325,0,8,0
metrics,fixedcost,metrics,ABCD,150,0.85,scanner_misread_1,8,0,8,0,0,2,0,6,,,0.25,0.599689,,,0,,0,0,8,48
metrics,fixedcost,metrics,ABCD,150,0.85,scanner_misread_4,8,0,8,0,0,4,0,4,,,0.5,0.807097,,,0,,0,0,8,71
metrics,fixedcost,metrics,ABCD,150,0.85,scanner_faint_1,8,0,8,0,0,0,0,8,,,0.0,0.312344,,,0,,0,0,8,0
metrics,fixedcost,metrics,ABCD,150,0.85,scanner_faint_4,8,0,8,0,0,3,0,5,,,0.375,0.710759,,,0,,0,0,8,43
metrics,fixedcost,metrics,ABCD,150,0.85,scanner_double_4,8,0,8,0,0,2,0,6,,,0.25,0.599689,,,0,,0,0,8,30
metrics,fixedcost,metrics,ABCD,150,0.85,adv_long_runs,8,0,8,0,0,8,0,0,,,1.0,1.0,,,0,,0,0,8,55
metrics,fixedcost,metrics,ABCD,150,0.85,adv_favourite,8,0,8,0,0,0,0,8,,,0.0,0.312344,,,0,,0,0,8,0
metrics,fixedcost,metrics,ABCD,150,0.85,adv_easy_block,8,0,8,0,0,8,0,0,,,1.0,1.0,,,0,,0,0,8,98
metrics,fixedcost,metrics,ABCD,150,0.85,adv_key_leakage,8,8,0,5,3,0,0,0,0.625,1.0,,,,,0,0.991011,890,882,8,0
metrics,fixedcost,metrics,ABCD,150,0.85,adv_cycle,8,0,8,0,0,8,0,0,,,1.0,1.0,,,0,,0,0,8,250
metrics,fixedcost,metrics,ABCD,150,0.95,none,8,0,8,0,0,3,0,5,,,0.375,0.710759,,,0,,0,0,8,36
metrics,fixedcost,metrics,ABCD,150,0.95,row_skip_1,8,8,0,6,2,0,0,0,0.75,1.0,,,,,0,1.0,270,270,8,70
metrics,fixedcost,metrics,ABCD,150,0.95,row_skip_2,8,8,0,5,3,0,0,0,0.625,1.0,,,,,0,1.0,290,290,8,56
metrics,fixedcost,metrics,ABCD,150,0.95,early_full,8,8,0,7,1,0,0,0,0.875,1.0,,,,,0,1.0,665,665,8,36
metrics,fixedcost,metrics,ABCD,150,0.95,boundary,8,8,0,5,2,0,1,0,0.625,0.875,,,,,0,0.994624,186,185,8,41
metrics,fixedcost,metrics,ABCD,150,0.95,short_local,8,8,0,3,4,0,1,0,0.375,0.875,,,,,0,1.0,28,28,8,80
metrics,fixedcost,metrics,ABCD,150,0.95,whole_section,8,8,0,8,0,0,0,0,1.0,1.0,,,,,0,1.0,333,333,8,14
metrics,fixedcost,metrics,ABCD,150,0.95,anxiety,8,8,0,4,4,0,0,0,0.5,1.0,,,,,0,1.0,435,435,8,30
metrics,fixedcost,metrics,ABCD,150,0.95,double_shift,8,8,0,6,2,0,0,0,0.75,1.0,,,,,0,1.0,266,266,8,55
metrics,fixedcost,metrics,ABCD,150,0.95,self_corrected,8,8,0,5,3,0,0,0,0.625,1.0,,,,,0,0.986842,76,75,8,32
metrics,fixedcost,metrics,ABCD,150,0.95,deferred,8,8,0,3,5,0,0,0,0.375,1.0,,,,,0,0.991202,341,338,8,24
metrics,fixedcost,metrics,ABCD,150,0.95,isolated,8,8,0,0,2,0,6,0,0.0,0.25,,,,,0,0.142857,7,1,8,36
metrics,fixedcost,metrics,ABCD,150,0.95,scanner_blank_1,8,8,0,7,1,0,0,0,0.875,1.0,,,,,0,1.0,280,280,8,35
metrics,fixedcost,metrics,ABCD,150,0.95,scanner_blank_2,8,8,0,7,1,0,0,0,0.875,1.0,,,,,0,1.0,206,206,8,69
metrics,fixedcost,metrics,ABCD,150,0.95,scanner_row_delete_1,8,8,0,0,0,0,8,0,0.0,0.0,,,,,0,0.0,209,0,8,2
metrics,fixedcost,metrics,ABCD,150,0.95,scanner_row_delete_2,8,8,0,0,0,0,8,0,0.0,0.0,,,,,0,0.0,205,0,8,1
metrics,fixedcost,metrics,ABCD,150,0.95,scanner_misread_1,8,0,8,0,0,2,0,6,,,0.25,0.599689,,,0,,0,0,8,53
metrics,fixedcost,metrics,ABCD,150,0.95,scanner_misread_4,8,0,8,0,0,2,0,6,,,0.25,0.599689,,,0,,0,0,8,30
metrics,fixedcost,metrics,ABCD,150,0.95,scanner_faint_1,8,0,8,0,0,1,0,7,,,0.125,0.470679,,,0,,0,0,8,33
metrics,fixedcost,metrics,ABCD,150,0.95,scanner_faint_4,8,0,8,0,0,3,0,5,,,0.375,0.710759,,,0,,0,0,8,27
metrics,fixedcost,metrics,ABCD,150,0.95,scanner_double_4,8,0,8,0,0,3,0,5,,,0.375,0.710759,,,0,,0,0,8,57
metrics,fixedcost,metrics,ABCD,150,0.95,adv_long_runs,8,0,8,0,0,5,0,3,,,0.625,0.888887,,,0,,0,0,8,44
metrics,fixedcost,metrics,ABCD,150,0.95,adv_favourite,8,0,8,0,0,0,0,8,,,0.0,0.312344,,,0,,0,0,8,0
metrics,fixedcost,metrics,ABCD,150,0.95,adv_easy_block,8,0,8,0,0,8,0,0,,,1.0,1.0,,,0,,0,0,8,107
metrics,fixedcost,metrics,ABCD,150,0.95,adv_key_leakage,8,8,0,8,0,0,0,0,1.0,1.0,,,,,0,0.990836,873,865,8,0
metrics,fixedcost,metrics,ABCD,150,0.95,adv_cycle,8,0,8,0,0,8,0,0,,,1.0,1.0,,,0,,0,0,8,233
metrics,fixedcost,metrics,ABCDE,46,0.26,none,8,0,8,0,0,0,0,8,,,0.0,0.312344,,,0,,0,0,8,0
metrics,fixedcost,metrics,ABCDE,46,0.26,row_skip_1,8,8,0,0,0,0,8,0,0.0,0.0,,,,,0,0.0,15,0,8,5
metrics,fixedcost,metrics,ABCDE,46,0.26,row_skip_2,8,8,0,0,0,0,8,0,0.0,0.0,,,,,0,0.0,30,0,8,8
metrics,fixedcost,metrics,ABCDE,46,0.26,early_full,8,8,0,0,0,0,8,0,0.0,0.0,,,,,0,0.0,32,0,8,10
metrics,fixedcost,metrics,ABCDE,46,0.26,boundary,8,8,0,0,0,0,8,0,0.0,0.0,,,,,0,0.0,11,0,8,9
metrics,fixedcost,metrics,ABCDE,46,0.26,short_local,8,8,0,0,0,0,8,0,0.0,0.0,,,,,0,0.0,16,0,8,3
metrics,fixedcost,metrics,ABCDE,46,0.26,whole_section,8,8,0,0,0,0,8,0,0.0,0.0,,,,,0,0.0,16,0,8,6
metrics,fixedcost,metrics,ABCDE,46,0.26,anxiety,8,8,0,0,0,0,8,0,0.0,0.0,,,,,0,0.0,8,0,8,17
metrics,fixedcost,metrics,ABCDE,46,0.26,double_shift,8,8,0,0,0,0,8,0,0.0,0.0,,,,,0,0.0,11,0,8,8
metrics,fixedcost,metrics,ABCDE,46,0.26,self_corrected,8,8,0,0,0,0,8,0,0.0,0.0,,,,,0,0.0,8,0,8,13
metrics,fixedcost,metrics,ABCDE,46,0.26,deferred,8,8,0,0,0,0,8,0,0.0,0.0,,,,,0,0.0,35,0,8,1
metrics,fixedcost,metrics,ABCDE,46,0.26,isolated,8,8,0,0,0,0,8,0,0.0,0.0,,,,,0,0.0,1,0,8,1
metrics,fixedcost,metrics,ABCDE,46,0.26,scanner_blank_1,8,8,0,0,0,0,8,0,0.0,0.0,,,,,0,0.0,19,0,8,0
metrics,fixedcost,metrics,ABCDE,46,0.26,scanner_blank_2,8,8,0,0,0,0,8,0,0.0,0.0,,,,,0,0.0,27,0,8,3
metrics,fixedcost,metrics,ABCDE,46,0.26,scanner_row_delete_1,8,8,0,0,0,0,8,0,0.0,0.0,,,,,0,0.0,10,0,8,8
metrics,fixedcost,metrics,ABCDE,46,0.26,scanner_row_delete_2,8,8,0,0,0,0,8,0,0.0,0.0,,,,,0,0.0,21,0,8,0
metrics,fixedcost,metrics,ABCDE,46,0.26,scanner_misread_1,8,0,8,0,0,0,0,8,,,0.0,0.312344,,,0,,0,0,8,0
metrics,fixedcost,metrics,ABCDE,46,0.26,scanner_misread_4,8,0,8,0,0,0,0,8,,,0.0,0.312344,,,0,,0,0,8,0
metrics,fixedcost,metrics,ABCDE,46,0.26,scanner_faint_1,8,0,8,0,0,0,0,8,,,0.0,0.312344,,,0,,0,0,8,0
metrics,fixedcost,metrics,ABCDE,46,0.26,scanner_faint_4,8,0,8,0,0,0,0,8,,,0.0,0.312344,,,0,,0,0,8,0
metrics,fixedcost,metrics,ABCDE,46,0.26,scanner_double_4,8,0,8,0,0,0,0,8,,,0.0,0.312344,,,0,,0,0,8,0
metrics,fixedcost,metrics,ABCDE,46,0.26,adv_long_runs,8,0,8,0,0,0,0,8,,,0.0,0.312344,,,0,,0,0,8,0
metrics,fixedcost,metrics,ABCDE,46,0.26,adv_favourite,8,0,8,0,0,0,0,8,,,0.0,0.312344,,,0,,0,0,8,0
metrics,fixedcost,metrics,ABCDE,46,0.26,adv_easy_block,8,0,8,0,0,0,0,8,,,0.0,0.312344,,,0,,0,0,8,0
metrics,fixedcost,metrics,ABCDE,46,0.26,adv_key_leakage,8,8,0,0,0,0,8,0,0.0,0.0,,,,,0,0.0,286,0,8,0
metrics,fixedcost,metrics,ABCDE,46,0.26,adv_cycle,8,0,8,0,0,0,0,8,,,0.0,0.312344,,,0,,0,0,8,0
metrics,fixedcost,metrics,ABCDE,46,0.4,none,8,0,8,0,0,0,0,8,,,0.0,0.312344,,,0,,0,0,8,0
metrics,fixedcost,metrics,ABCDE,46,0.4,row_skip_1,8,8,0,0,0,0,8,0,0.0,0.0,,,,,0,0.0,60,0,8,2
metrics,fixedcost,metrics,ABCDE,46,0.4,row_skip_2,8,8,0,0,0,0,8,0,0.0,0.0,,,,,0,0.0,21,0,8,4
metrics,fixedcost,metrics,ABCDE,46,0.4,early_full,8,8,0,0,0,0,8,0,0.0,0.0,,,,,0,0.0,34,0,8,7
metrics,fixedcost,metrics,ABCDE,46,0.4,boundary,8,8,0,0,0,0,8,0,0.0,0.0,,,,,0,0.0,27,0,8,0
metrics,fixedcost,metrics,ABCDE,46,0.4,short_local,8,8,0,0,0,0,8,0,0.0,0.0,,,,,0,0.0,21,0,8,0
metrics,fixedcost,metrics,ABCDE,46,0.4,whole_section,8,8,0,0,0,0,8,0,0.0,0.0,,,,,0,0.0,31,0,8,1
metrics,fixedcost,metrics,ABCDE,46,0.4,anxiety,8,8,0,0,0,0,8,0,0.0,0.0,,,,,0,0.0,20,0,8,7
metrics,fixedcost,metrics,ABCDE,46,0.4,double_shift,8,8,0,0,0,0,8,0,0.0,0.0,,,,,0,0.0,30,0,8,10
metrics,fixedcost,metrics,ABCDE,46,0.4,self_corrected,8,8,0,0,0,0,8,0,0.0,0.0,,,,,0,0.0,33,0,8,0
metrics,fixedcost,metrics,ABCDE,46,0.4,deferred,8,8,0,0,0,0,8,0,0.0,0.0,,,,,0,0.0,31,0,8,8
metrics,fixedcost,metrics,ABCDE,46,0.4,isolated,8,8,0,0,0,0,8,0,0.0,0.0,,,,,0,0.0,5,0,8,1
metrics,fixedcost,metrics,ABCDE,46,0.4,scanner_blank_1,8,8,0,0,0,0,8,0,0.0,0.0,,,,,0,0.0,15,0,8,8
metrics,fixedcost,metrics,ABCDE,46,0.4,scanner_blank_2,8,8,0,0,0,0,8,0,0.0,0.0,,,,,0,0.0,25,0,8,4
metrics,fixedcost,metrics,ABCDE,46,0.4,scanner_row_delete_1,8,8,0,0,0,0,8,0,0.0,0.0,,,,,0,0.0,22,0,8,0
metrics,fixedcost,metrics,ABCDE,46,0.4,scanner_row_delete_2,8,8,0,0,0,0,8,0,0.0,0.0,,,,,0,0.0,22,0,8,1
metrics,fixedcost,metrics,ABCDE,46,0.4,scanner_misread_1,8,0,8,0,0,0,0,8,,,0.0,0.312344,,,0,,0,0,8,0
metrics,fixedcost,metrics,ABCDE,46,0.4,scanner_misread_4,8,0,8,0,0,0,0,8,,,0.0,0.312344,,,0,,0,0,8,0
metrics,fixedcost,metrics,ABCDE,46,0.4,scanner_faint_1,8,0,8,0,0,0,0,8,,,0.0,0.312344,,,0,,0,0,8,0
metrics,fixedcost,metrics,ABCDE,46,0.4,scanner_faint_4,8,0,8,0,0,0,0,8,,,0.0,0.312344,,,0,,0,0,8,0
metrics,fixedcost,metrics,ABCDE,46,0.4,scanner_double_4,8,0,8,0,0,0,0,8,,,0.0,0.312344,,,0,,0,0,8,0
metrics,fixedcost,metrics,ABCDE,46,0.4,adv_long_runs,8,0,8,0,0,0,0,8,,,0.0,0.312344,,,0,,0,0,8,0
metrics,fixedcost,metrics,ABCDE,46,0.4,adv_favourite,8,0,8,0,0,0,0,8,,,0.0,0.312344,,,0,,0,0,8,0
metrics,fixedcost,metrics,ABCDE,46,0.4,adv_easy_block,8,0,8,0,0,0,0,8,,,0.0,0.312344,,,0,,0,0,8,0
metrics,fixedcost,metrics,ABCDE,46,0.4,adv_key_leakage,8,8,0,0,0,0,8,0,0.0,0.0,,,,,0,0.0,288,0,8,0
metrics,fixedcost,metrics,ABCDE,46,0.4,adv_cycle,8,0,8,0,0,0,0,8,,,0.0,0.312344,,,0,,0,0,8,0
metrics,fixedcost,metrics,ABCDE,46,0.55,none,8,0,8,0,0,0,0,8,,,0.0,0.312344,,,0,,0,0,8,0
metrics,fixedcost,metrics,ABCDE,46,0.55,row_skip_1,8,8,0,0,0,0,8,0,0.0,0.0,,,,,0,0.0,49,0,8,1
metrics,fixedcost,metrics,ABCDE,46,0.55,row_skip_2,8,8,0,0,0,0,8,0,0.0,0.0,,,,,0,0.0,28,0,8,0
metrics,fixedcost,metrics,ABCDE,46,0.55,early_full,8,8,0,0,0,0,8,0,0.0,0.0,,,,,0,0.0,142,0,8,0
metrics,fixedcost,metrics,ABCDE,46,0.55,boundary,8,8,0,0,0,0,8,0,0.0,0.0,,,,,0,0.0,23,0,8,0
metrics,fixedcost,metrics,ABCDE,46,0.55,short_local,8,8,0,0,0,0,8,0,0.0,0.0,,,,,0,0.0,8,0,8,3
metrics,fixedcost,metrics,ABCDE,46,0.55,whole_section,8,8,0,0,0,0,8,0,0.0,0.0,,,,,0,0.0,34,0,8,1
metrics,fixedcost,metrics,ABCDE,46,0.55,anxiety,8,8,0,0,0,0,8,0,0.0,0.0,,,,,0,0.0,43,0,8,0
metrics,fixedcost,metrics,ABCDE,46,0.55,double_shift,8,8,0,0,0,0,8,0,0.0,0.0,,,,,0,0.0,38,0,8,11
metrics,fixedcost,metrics,ABCDE,46,0.55,self_corrected,8,8,0,0,0,0,8,0,0.0,0.0,,,,,0,0.0,45,0,8,0
metrics,fixedcost,metrics,ABCDE,46,0.55,deferred,8,8,0,0,0,0,8,0,0.0,0.0,,,,,0,0.0,68,0,8,0
metrics,fixedcost,metrics,ABCDE,46,0.55,isolated,8,8,0,0,0,0,8,0,0.0,0.0,,,,,0,0.0,4,0,8,2
metrics,fixedcost,metrics,ABCDE,46,0.55,scanner_blank_1,8,8,0,0,0,0,8,0,0.0,0.0,,,,,0,0.0,67,0,8,0
metrics,fixedcost,metrics,ABCDE,46,0.55,scanner_blank_2,8,8,0,0,0,0,8,0,0.0,0.0,,,,,0,0.0,58,0,8,2
metrics,fixedcost,metrics,ABCDE,46,0.55,scanner_row_delete_1,8,8,0,0,0,0,8,0,0.0,0.0,,,,,0,0.0,54,0,8,0
metrics,fixedcost,metrics,ABCDE,46,0.55,scanner_row_delete_2,8,8,0,0,0,0,8,0,0.0,0.0,,,,,0,0.0,54,0,8,0
metrics,fixedcost,metrics,ABCDE,46,0.55,scanner_misread_1,8,0,8,0,0,0,0,8,,,0.0,0.312344,,,0,,0,0,8,0
metrics,fixedcost,metrics,ABCDE,46,0.55,scanner_misread_4,8,0,8,0,0,0,0,8,,,0.0,0.312344,,,0,,0,0,8,0
metrics,fixedcost,metrics,ABCDE,46,0.55,scanner_faint_1,8,0,8,0,0,0,0,8,,,0.0,0.312344,,,0,,0,0,8,0
metrics,fixedcost,metrics,ABCDE,46,0.55,scanner_faint_4,8,0,8,0,0,0,0,8,,,0.0,0.312344,,,0,,0,0,8,0
metrics,fixedcost,metrics,ABCDE,46,0.55,scanner_double_4,8,0,8,0,0,0,0,8,,,0.0,0.312344,,,0,,0,0,8,0
metrics,fixedcost,metrics,ABCDE,46,0.55,adv_long_runs,8,0,8,0,0,0,0,8,,,0.0,0.312344,,,0,,0,0,8,0
metrics,fixedcost,metrics,ABCDE,46,0.55,adv_favourite,8,0,8,0,0,0,0,8,,,0.0,0.312344,,,0,,0,0,8,0
metrics,fixedcost,metrics,ABCDE,46,0.55,adv_easy_block,8,0,8,0,0,0,0,8,,,0.0,0.312344,,,0,,0,0,8,0
metrics,fixedcost,metrics,ABCDE,46,0.55,adv_key_leakage,8,8,0,0,0,0,8,0,0.0,0.0,,,,,0,0.0,286,0,8,0
metrics,fixedcost,metrics,ABCDE,46,0.55,adv_cycle,8,0,8,0,0,0,0,8,,,0.0,0.312344,,,0,,0,0,8,0
metrics,fixedcost,metrics,ABCDE,46,0.7,none,8,0,8,0,0,0,0,8,,,0.0,0.312344,,,0,,0,0,8,0
metrics,fixedcost,metrics,ABCDE,46,0.7,row_skip_1,8,8,0,0,0,0,8,0,0.0,0.0,,,,,0,0.0,66,0,8,0
metrics,fixedcost,metrics,ABCDE,46,0.7,row_skip_2,8,8,0,0,0,0,8,0,0.0,0.0,,,,,0,0.0,91,0,8,0
metrics,fixedcost,metrics,ABCDE,46,0.7,early_full,8,8,0,0,0,0,8,0,0.0,0.0,,,,,0,0.0,168,0,8,0
metrics,fixedcost,metrics,ABCDE,46,0.7,boundary,8,8,0,0,0,0,8,0,0.0,0.0,,,,,0,0.0,30,0,8,0
metrics,fixedcost,metrics,ABCDE,46,0.7,short_local,8,8,0,0,0,0,8,0,0.0,0.0,,,,,0,0.0,21,0,8,2
metrics,fixedcost,metrics,ABCDE,46,0.7,whole_section,8,8,0,0,0,0,8,0,0.0,0.0,,,,,0,0.0,74,0,8,0
metrics,fixedcost,metrics,ABCDE,46,0.7,anxiety,8,8,0,0,0,0,8,0,0.0,0.0,,,,,0,0.0,69,0,8,0
metrics,fixedcost,metrics,ABCDE,46,0.7,double_shift,8,8,0,0,0,0,8,0,0.0,0.0,,,,,0,0.0,97,0,8,7
metrics,fixedcost,metrics,ABCDE,46,0.7,self_corrected,8,8,0,0,0,0,8,0,0.0,0.0,,,,,0,0.0,56,0,8,0
metrics,fixedcost,metrics,ABCDE,46,0.7,deferred,8,8,0,0,0,0,8,0,0.0,0.0,,,,,0,0.0,64,0,8,0
metrics,fixedcost,metrics,ABCDE,46,0.7,isolated,8,8,0,0,0,0,8,0,0.0,0.0,,,,,0,0.0,7,0,8,3
metrics,fixedcost,metrics,ABCDE,46,0.7,scanner_blank_1,8,8,0,0,0,0,8,0,0.0,0.0,,,,,0,0.0,73,0,8,0
metrics,fixedcost,metrics,ABCDE,46,0.7,scanner_blank_2,8,8,0,0,0,0,8,0,0.0,0.0,,,,,0,0.0,38,0,8,0
metrics,fixedcost,metrics,ABCDE,46,0.7,scanner_row_delete_1,8,8,0,0,0,0,8,0,0.0,0.0,,,,,0,0.0,34,0,8,2
metrics,fixedcost,metrics,ABCDE,46,0.7,scanner_row_delete_2,8,8,0,0,0,0,8,0,0.0,0.0,,,,,0,0.0,53,0,8,2
metrics,fixedcost,metrics,ABCDE,46,0.7,scanner_misread_1,8,0,8,0,0,0,0,8,,,0.0,0.312344,,,0,,0,0,8,0
metrics,fixedcost,metrics,ABCDE,46,0.7,scanner_misread_4,8,0,8,0,0,0,0,8,,,0.0,0.312344,,,0,,0,0,8,0
metrics,fixedcost,metrics,ABCDE,46,0.7,scanner_faint_1,8,0,8,0,0,0,0,8,,,0.0,0.312344,,,0,,0,0,8,0
metrics,fixedcost,metrics,ABCDE,46,0.7,scanner_faint_4,8,0,8,0,0,0,0,8,,,0.0,0.312344,,,0,,0,0,8,0
metrics,fixedcost,metrics,ABCDE,46,0.7,scanner_double_4,8,0,8,0,0,0,0,8,,,0.0,0.312344,,,0,,0,0,8,0
metrics,fixedcost,metrics,ABCDE,46,0.7,adv_long_runs,8,0,8,0,0,0,0,8,,,0.0,0.312344,,,0,,0,0,8,0
metrics,fixedcost,metrics,ABCDE,46,0.7,adv_favourite,8,0,8,0,0,0,0,8,,,0.0,0.312344,,,0,,0,0,8,0
metrics,fixedcost,metrics,ABCDE,46,0.7,adv_easy_block,8,0,8,0,0,0,0,8,,,0.0,0.312344,,,0,,0,0,8,0
metrics,fixedcost,metrics,ABCDE,46,0.7,adv_key_leakage,8,8,0,0,0,0,8,0,0.0,0.0,,,,,0,0.0,297,0,8,0
metrics,fixedcost,metrics,ABCDE,46,0.7,adv_cycle,8,0,8,0,0,0,0,8,,,0.0,0.312344,,,0,,0,0,8,0
metrics,fixedcost,metrics,ABCDE,46,0.85,none,8,0,8,0,0,0,0,8,,,0.0,0.312344,,,0,,0,0,8,0
metrics,fixedcost,metrics,ABCDE,46,0.85,row_skip_1,8,8,0,0,0,0,8,0,0.0,0.0,,,,,0,0.0,54,0,8,0
metrics,fixedcost,metrics,ABCDE,46,0.85,row_skip_2,8,8,0,0,0,0,8,0,0.0,0.0,,,,,0,0.0,71,0,8,0
metrics,fixedcost,metrics,ABCDE,46,0.85,early_full,8,8,0,0,0,0,8,0,0.0,0.0,,,,,0,0.0,128,0,8,3
metrics,fixedcost,metrics,ABCDE,46,0.85,boundary,8,8,0,0,0,0,8,0,0.0,0.0,,,,,0,0.0,47,0,8,2
metrics,fixedcost,metrics,ABCDE,46,0.85,short_local,8,8,0,0,0,0,8,0,0.0,0.0,,,,,0,0.0,32,0,8,1
metrics,fixedcost,metrics,ABCDE,46,0.85,whole_section,8,8,0,0,0,0,8,0,0.0,0.0,,,,,0,0.0,71,0,8,0
metrics,fixedcost,metrics,ABCDE,46,0.85,anxiety,8,8,0,0,0,0,8,0,0.0,0.0,,,,,0,0.0,76,0,8,1
metrics,fixedcost,metrics,ABCDE,46,0.85,double_shift,8,8,0,0,0,0,8,0,0.0,0.0,,,,,0,0.0,158,0,8,0
metrics,fixedcost,metrics,ABCDE,46,0.85,self_corrected,8,8,0,0,0,0,8,0,0.0,0.0,,,,,0,0.0,79,0,8,0
metrics,fixedcost,metrics,ABCDE,46,0.85,deferred,8,8,0,0,0,0,8,0,0.0,0.0,,,,,0,0.0,76,0,8,0
metrics,fixedcost,metrics,ABCDE,46,0.85,isolated,8,8,0,0,0,0,8,0,0.0,0.0,,,,,0,0.0,3,0,8,0
metrics,fixedcost,metrics,ABCDE,46,0.85,scanner_blank_1,8,8,0,0,0,0,8,0,0.0,0.0,,,,,0,0.0,55,0,8,0
metrics,fixedcost,metrics,ABCDE,46,0.85,scanner_blank_2,8,8,0,0,0,0,8,0,0.0,0.0,,,,,0,0.0,101,0,8,0
metrics,fixedcost,metrics,ABCDE,46,0.85,scanner_row_delete_1,8,8,0,0,0,0,8,0,0.0,0.0,,,,,0,0.0,52,0,8,7
metrics,fixedcost,metrics,ABCDE,46,0.85,scanner_row_delete_2,8,8,0,0,0,0,8,0,0.0,0.0,,,,,0,0.0,98,0,8,0
metrics,fixedcost,metrics,ABCDE,46,0.85,scanner_misread_1,8,0,8,0,0,0,0,8,,,0.0,0.312344,,,0,,0,0,8,0
metrics,fixedcost,metrics,ABCDE,46,0.85,scanner_misread_4,8,0,8,0,0,0,0,8,,,0.0,0.312344,,,0,,0,0,8,0
metrics,fixedcost,metrics,ABCDE,46,0.85,scanner_faint_1,8,0,8,0,0,0,0,8,,,0.0,0.312344,,,0,,0,0,8,0
metrics,fixedcost,metrics,ABCDE,46,0.85,scanner_faint_4,8,0,8,0,0,0,0,8,,,0.0,0.312344,,,0,,0,0,8,0
metrics,fixedcost,metrics,ABCDE,46,0.85,scanner_double_4,8,0,8,0,0,0,0,8,,,0.0,0.312344,,,0,,0,0,8,0
metrics,fixedcost,metrics,ABCDE,46,0.85,adv_long_runs,8,0,8,0,0,0,0,8,,,0.0,0.312344,,,0,,0,0,8,0
metrics,fixedcost,metrics,ABCDE,46,0.85,adv_favourite,8,0,8,0,0,0,0,8,,,0.0,0.312344,,,0,,0,0,8,0
metrics,fixedcost,metrics,ABCDE,46,0.85,adv_easy_block,8,0,8,0,0,0,0,8,,,0.0,0.312344,,,0,,0,0,8,0
metrics,fixedcost,metrics,ABCDE,46,0.85,adv_key_leakage,8,8,0,0,0,0,8,0,0.0,0.0,,,,,0,0.0,289,0,8,0
metrics,fixedcost,metrics,ABCDE,46,0.85,adv_cycle,8,0,8,0,0,0,0,8,,,0.0,0.312344,,,0,,0,0,8,0
metrics,fixedcost,metrics,ABCDE,46,0.95,none,8,0,8,0,0,0,0,8,,,0.0,0.312344,,,0,,0,0,8,0
metrics,fixedcost,metrics,ABCDE,46,0.95,row_skip_1,8,8,0,0,0,0,8,0,0.0,0.0,,,,,0,0.0,132,0,8,0
metrics,fixedcost,metrics,ABCDE,46,0.95,row_skip_2,8,8,0,0,0,0,8,0,0.0,0.0,,,,,0,0.0,159,0,8,0
metrics,fixedcost,metrics,ABCDE,46,0.95,early_full,8,8,0,0,0,0,8,0,0.0,0.0,,,,,0,0.0,195,0,8,0
metrics,fixedcost,metrics,ABCDE,46,0.95,boundary,8,8,0,0,0,0,8,0,0.0,0.0,,,,,0,0.0,59,0,8,0
metrics,fixedcost,metrics,ABCDE,46,0.95,short_local,8,8,0,0,0,0,8,0,0.0,0.0,,,,,0,0.0,21,0,8,0
metrics,fixedcost,metrics,ABCDE,46,0.95,whole_section,8,8,0,0,0,0,8,0,0.0,0.0,,,,,0,0.0,120,0,8,0
metrics,fixedcost,metrics,ABCDE,46,0.95,anxiety,8,8,0,0,0,0,8,0,0.0,0.0,,,,,0,0.0,106,0,8,0
metrics,fixedcost,metrics,ABCDE,46,0.95,double_shift,8,8,0,0,0,0,8,0,0.0,0.0,,,,,0,0.0,179,0,8,0
metrics,fixedcost,metrics,ABCDE,46,0.95,self_corrected,8,8,0,0,0,0,8,0,0.0,0.0,,,,,0,0.0,109,0,8,1
metrics,fixedcost,metrics,ABCDE,46,0.95,deferred,8,8,0,0,0,0,8,0,0.0,0.0,,,,,0,0.0,112,0,8,3
metrics,fixedcost,metrics,ABCDE,46,0.95,isolated,8,8,0,0,0,0,8,0,0.0,0.0,,,,,0,0.0,10,0,8,0
metrics,fixedcost,metrics,ABCDE,46,0.95,scanner_blank_1,8,8,0,0,0,0,8,0,0.0,0.0,,,,,0,0.0,62,0,8,0
metrics,fixedcost,metrics,ABCDE,46,0.95,scanner_blank_2,8,8,0,0,0,0,8,0,0.0,0.0,,,,,0,0.0,110,0,8,0
metrics,fixedcost,metrics,ABCDE,46,0.95,scanner_row_delete_1,8,8,0,0,0,0,8,0,0.0,0.0,,,,,0,0.0,86,0,8,0
metrics,fixedcost,metrics,ABCDE,46,0.95,scanner_row_delete_2,8,8,0,0,0,0,8,0,0.0,0.0,,,,,0,0.0,92,0,8,3
metrics,fixedcost,metrics,ABCDE,46,0.95,scanner_misread_1,8,0,8,0,0,0,0,8,,,0.0,0.312344,,,0,,0,0,8,0
metrics,fixedcost,metrics,ABCDE,46,0.95,scanner_misread_4,8,0,8,0,0,0,0,8,,,0.0,0.312344,,,0,,0,0,8,0
metrics,fixedcost,metrics,ABCDE,46,0.95,scanner_faint_1,8,0,8,0,0,0,0,8,,,0.0,0.312344,,,0,,0,0,8,0
metrics,fixedcost,metrics,ABCDE,46,0.95,scanner_faint_4,8,0,8,0,0,0,0,8,,,0.0,0.312344,,,0,,0,0,8,0
metrics,fixedcost,metrics,ABCDE,46,0.95,scanner_double_4,8,0,8,0,0,0,0,8,,,0.0,0.312344,,,0,,0,0,8,0
metrics,fixedcost,metrics,ABCDE,46,0.95,adv_long_runs,8,0,8,0,0,0,0,8,,,0.0,0.312344,,,0,,0,0,8,0
metrics,fixedcost,metrics,ABCDE,46,0.95,adv_favourite,8,0,8,0,0,0,0,8,,,0.0,0.312344,,,0,,0,0,8,0
metrics,fixedcost,metrics,ABCDE,46,0.95,adv_easy_block,8,0,8,0,0,0,0,8,,,0.0,0.312344,,,0,,0,0,8,0
metrics,fixedcost,metrics,ABCDE,46,0.95,adv_key_leakage,8,8,0,0,0,0,8,0,0.0,0.0,,,,,0,0.0,280,0,8,0
metrics,fixedcost,metrics,ABCDE,46,0.95,adv_cycle,8,0,8,0,0,0,0,8,,,0.0,0.312344,,,0,,0,0,8,0
metrics,fixedcost,metrics,ABCDE,90,0.26,none,8,0,8,0,0,0,0,8,,,0.0,0.312344,,,0,,0,0,8,0
metrics,fixedcost,metrics,ABCDE,90,0.26,row_skip_1,8,8,0,0,0,0,8,0,0.0,0.0,,,,,0,0.0,14,0,8,14
metrics,fixedcost,metrics,ABCDE,90,0.26,row_skip_2,8,8,0,0,0,0,8,0,0.0,0.0,,,,,0,0.0,1,0,8,13
metrics,fixedcost,metrics,ABCDE,90,0.26,early_full,8,8,0,0,0,0,8,0,0.0,0.0,,,,,0,0.0,63,0,8,3
metrics,fixedcost,metrics,ABCDE,90,0.26,boundary,8,8,0,0,0,0,8,0,0.0,0.0,,,,,0,0.0,18,0,8,2
metrics,fixedcost,metrics,ABCDE,90,0.26,short_local,8,8,0,0,0,0,8,0,0.0,0.0,,,,,0,0.0,10,0,8,7
metrics,fixedcost,metrics,ABCDE,90,0.26,whole_section,8,8,0,0,0,0,8,0,0.0,0.0,,,,,0,0.0,29,0,8,27
metrics,fixedcost,metrics,ABCDE,90,0.26,anxiety,8,8,0,0,0,0,8,0,0.0,0.0,,,,,0,0.0,30,0,8,3
metrics,fixedcost,metrics,ABCDE,90,0.26,double_shift,8,8,0,0,0,0,8,0,0.0,0.0,,,,,0,0.0,22,0,8,1
metrics,fixedcost,metrics,ABCDE,90,0.26,self_corrected,8,8,0,0,0,0,8,0,0.0,0.0,,,,,0,0.0,18,0,8,3
metrics,fixedcost,metrics,ABCDE,90,0.26,deferred,8,8,0,0,0,0,8,0,0.0,0.0,,,,,0,0.0,32,0,8,1
metrics,fixedcost,metrics,ABCDE,90,0.26,isolated,8,8,0,0,0,0,8,0,0.0,0.0,,,,,0,0.0,3,0,8,0
metrics,fixedcost,metrics,ABCDE,90,0.26,scanner_blank_1,8,8,0,0,0,0,8,0,0.0,0.0,,,,,0,0.0,40,0,8,8
metrics,fixedcost,metrics,ABCDE,90,0.26,scanner_blank_2,8,8,0,0,0,0,8,0,0.0,0.0,,,,,0,0.0,30,0,8,4
metrics,fixedcost,metrics,ABCDE,90,0.26,scanner_row_delete_1,8,8,0,0,0,0,8,0,0.0,0.0,,,,,0,0.0,18,0,8,5
metrics,fixedcost,metrics,ABCDE,90,0.26,scanner_row_delete_2,8,8,0,0,0,0,8,0,0.0,0.0,,,,,0,0.0,18,0,8,18
metrics,fixedcost,metrics,ABCDE,90,0.26,scanner_misread_1,8,0,8,0,0,0,0,8,,,0.0,0.312344,,,0,,0,0,8,0
metrics,fixedcost,metrics,ABCDE,90,0.26,scanner_misread_4,8,0,8,0,0,0,0,8,,,0.0,0.312344,,,0,,0,0,8,0
metrics,fixedcost,metrics,ABCDE,90,0.26,scanner_faint_1,8,0,8,0,0,0,0,8,,,0.0,0.312344,,,0,,0,0,8,0
metrics,fixedcost,metrics,ABCDE,90,0.26,scanner_faint_4,8,0,8,0,0,0,0,8,,,0.0,0.312344,,,0,,0,0,8,0
metrics,fixedcost,metrics,ABCDE,90,0.26,scanner_double_4,8,0,8,0,0,0,0,8,,,0.0,0.312344,,,0,,0,0,8,0
metrics,fixedcost,metrics,ABCDE,90,0.26,adv_long_runs,8,0,8,0,0,0,0,8,,,0.0,0.312344,,,0,,0,0,8,0
metrics,fixedcost,metrics,ABCDE,90,0.26,adv_favourite,8,0,8,0,0,0,0,8,,,0.0,0.312344,,,0,,0,0,8,0
metrics,fixedcost,metrics,ABCDE,90,0.26,adv_easy_block,8,0,8,0,0,0,0,8,,,0.0,0.312344,,,0,,0,0,8,0
metrics,fixedcost,metrics,ABCDE,90,0.26,adv_key_leakage,8,8,0,0,0,0,8,0,0.0,0.0,,,,,0,0.0,570,0,8,0
metrics,fixedcost,metrics,ABCDE,90,0.26,adv_cycle,8,0,8,0,0,0,0,8,,,0.0,0.312344,,,0,,0,0,8,0
metrics,fixedcost,metrics,ABCDE,90,0.4,none,8,0,8,0,0,0,0,8,,,0.0,0.312344,,,0,,0,0,8,0
metrics,fixedcost,metrics,ABCDE,90,0.4,row_skip_1,8,8,0,0,0,0,8,0,0.0,0.0,,,,,0,0.0,69,0,8,0
metrics,fixedcost,metrics,ABCDE,90,0.4,row_skip_2,8,8,0,0,0,0,8,0,0.0,0.0,,,,,0,0.0,80,0,8,4
metrics,fixedcost,metrics,ABCDE,90,0.4,early_full,8,8,0,0,0,0,8,0,0.0,0.0,,,,,0,0.0,164,0,8,0
metrics,fixedcost,metrics,ABCDE,90,0.4,boundary,8,8,0,0,0,0,8,0,0.0,0.0,,,,,0,0.0,30,0,8,1
metrics,fixedcost,metrics,ABCDE,90,0.4,short_local,8,8,0,0,0,0,8,0,0.0,0.0,,,,,0,0.0,20,0,8,0
metrics,fixedcost,metrics,ABCDE,90,0.4,whole_section,8,8,0,0,0,0,8,0,0.0,0.0,,,,,0,0.0,64,0,8,10
metrics,fixedcost,metrics,ABCDE,90,0.4,anxiety,8,8,0,0,0,0,8,0,0.0,0.0,,,,,0,0.0,69,0,8,1
metrics,fixedcost,metrics,ABCDE,90,0.4,double_shift,8,8,0,0,0,0,8,0,0.0,0.0,,,,,0,0.0,87,0,8,7
metrics,fixedcost,metrics,ABCDE,90,0.4,self_corrected,8,8,0,0,0,0,8,0,0.0,0.0,,,,,0,0.0,22,0,8,3
metrics,fixedcost,metrics,ABCDE,90,0.4,deferred,8,8,0,0,0,0,8,0,0.0,0.0,,,,,0,0.0,62,0,8,3
metrics,fixedcost,metrics,ABCDE,90,0.4,isolated,8,8,0,0,0,0,8,0,0.0,0.0,,,,,0,0.0,4,0,8,2
metrics,fixedcost,metrics,ABCDE,90,0.4,scanner_blank_1,8,8,0,0,0,0,8,0,0.0,0.0,,,,,0,0.0,124,0,8,9
metrics,fixedcost,metrics,ABCDE,90,0.4,scanner_blank_2,8,8,0,0,0,0,8,0,0.0,0.0,,,,,0,0.0,70,0,8,0
metrics,fixedcost,metrics,ABCDE,90,0.4,scanner_row_delete_1,8,8,0,0,0,0,8,0,0.0,0.0,,,,,0,0.0,66,0,8,9
metrics,fixedcost,metrics,ABCDE,90,0.4,scanner_row_delete_2,8,8,0,0,0,0,8,0,0.0,0.0,,,,,0,0.0,53,0,8,9
metrics,fixedcost,metrics,ABCDE,90,0.4,scanner_misread_1,8,0,8,0,0,0,0,8,,,0.0,0.312344,,,0,,0,0,8,0
metrics,fixedcost,metrics,ABCDE,90,0.4,scanner_misread_4,8,0,8,0,0,0,0,8,,,0.0,0.312344,,,0,,0,0,8,0
metrics,fixedcost,metrics,ABCDE,90,0.4,scanner_faint_1,8,0,8,0,0,0,0,8,,,0.0,0.312344,,,0,,0,0,8,0
metrics,fixedcost,metrics,ABCDE,90,0.4,scanner_faint_4,8,0,8,0,0,0,0,8,,,0.0,0.312344,,,0,,0,0,8,0
metrics,fixedcost,metrics,ABCDE,90,0.4,scanner_double_4,8,0,8,0,0,0,0,8,,,0.0,0.312344,,,0,,0,0,8,0
metrics,fixedcost,metrics,ABCDE,90,0.4,adv_long_runs,8,0,8,0,0,0,0,8,,,0.0,0.312344,,,0,,0,0,8,0
metrics,fixedcost,metrics,ABCDE,90,0.4,adv_favourite,8,0,8,0,0,0,0,8,,,0.0,0.312344,,,0,,0,0,8,0
metrics,fixedcost,metrics,ABCDE,90,0.4,adv_easy_block,8,0,8,0,0,0,0,8,,,0.0,0.312344,,,0,,0,0,8,0
metrics,fixedcost,metrics,ABCDE,90,0.4,adv_key_leakage,8,8,0,0,0,0,8,0,0.0,0.0,,,,,0,0.0,571,0,8,0
metrics,fixedcost,metrics,ABCDE,90,0.4,adv_cycle,8,0,8,0,0,0,0,8,,,0.0,0.312344,,,0,,0,0,8,0
metrics,fixedcost,metrics,ABCDE,90,0.55,none,8,0,8,0,0,0,0,8,,,0.0,0.312344,,,0,,0,0,8,0
metrics,fixedcost,metrics,ABCDE,90,0.55,row_skip_1,8,8,0,0,0,0,8,0,0.0,0.0,,,,,0,0.0,117,0,8,1
metrics,fixedcost,metrics,ABCDE,90,0.55,row_skip_2,8,8,0,0,0,0,8,0,0.0,0.0,,,,,0,0.0,63,0,8,5
metrics,fixedcost,metrics,ABCDE,90,0.55,early_full,8,8,0,0,0,0,8,0,0.0,0.0,,,,,0,0.0,185,0,8,0
metrics,fixedcost,metrics,ABCDE,90,0.55,boundary,8,8,0,0,0,0,8,0,0.0,0.0,,,,,0,0.0,42,0,8,0
metrics,fixedcost,metrics,ABCDE,90,0.55,short_local,8,8,0,0,0,0,8,0,0.0,0.0,,,,,0,0.0,10,0,8,0
metrics,fixedcost,metrics,ABCDE,90,0.55,whole_section,8,8,0,0,0,0,8,0,0.0,0.0,,,,,0,0.0,90,0,8,0
metrics,fixedcost,metrics,ABCDE,90,0.55,anxiety,8,8,0,0,0,0,8,0,0.0,0.0,,,,,0,0.0,147,0,8,0
metrics,fixedcost,metrics,ABCDE,90,0.55,double_shift,8,8,0,0,0,0,8,0,0.0,0.0,,,,,0,0.0,180,0,8,1
metrics,fixedcost,metrics,ABCDE,90,0.55,self_corrected,8,8,0,0,0,0,8,0,0.0,0.0,,,,,0,0.0,66,0,8,0
metrics,fixedcost,metrics,ABCDE,90,0.55,deferred,8,8,0,0,0,0,8,0,0.0,0.0,,,,,0,0.0,78,0,8,1
metrics,fixedcost,metrics,ABCDE,90,0.55,isolated,8,8,0,0,0,0,8,0,0.0,0.0,,,,,0,0.0,5,0,8,0
metrics,fixedcost,metrics,ABCDE,90,0.55,scanner_blank_1,8,8,0,0,0,0,8,0,0.0,0.0,,,,,0,0.0,102,0,8,0
metrics,fixedcost,metrics,ABCDE,90,0.55,scanner_blank_2,8,8,0,0,0,0,8,0,0.0,0.0,,,,,0,0.0,101,0,8,2
metrics,fixedcost,metrics,ABCDE,90,0.55,scanner_row_delete_1,8,8,0,0,0,0,8,0,0.0,0.0,,,,,0,0.0,149,0,8,1
metrics,fixedcost,metrics,ABCDE,90,0.55,scanner_row_delete_2,8,8,0,0,0,0,8,0,0.0,0.0,,,,,0,0.0,26,0,8,4
metrics,fixedcost,metrics,ABCDE,90,0.55,scanner_misread_1,8,0,8,0,0,0,0,8,,,0.0,0.312344,,,0,,0,0,8,0
metrics,fixedcost,metrics,ABCDE,90,0.55,scanner_misread_4,8,0,8,0,0,0,0,8,,,0.0,0.312344,,,0,,0,0,8,0
metrics,fixedcost,metrics,ABCDE,90,0.55,scanner_faint_1,8,0,8,0,0,0,0,8,,,0.0,0.312344,,,0,,0,0,8,0
metrics,fixedcost,metrics,ABCDE,90,0.55,scanner_faint_4,8,0,8,0,0,0,0,8,,,0.0,0.312344,,,0,,0,0,8,0
metrics,fixedcost,metrics,ABCDE,90,0.55,scanner_double_4,8,0,8,0,0,0,0,8,,,0.0,0.312344,,,0,,0,0,8,0
metrics,fixedcost,metrics,ABCDE,90,0.55,adv_long_runs,8,0,8,0,0,0,0,8,,,0.0,0.312344,,,0,,0,0,8,0
metrics,fixedcost,metrics,ABCDE,90,0.55,adv_favourite,8,0,8,0,0,0,0,8,,,0.0,0.312344,,,0,,0,0,8,0
metrics,fixedcost,metrics,ABCDE,90,0.55,adv_easy_block,8,0,8,0,0,0,0,8,,,0.0,0.312344,,,0,,0,0,8,0
metrics,fixedcost,metrics,ABCDE,90,0.55,adv_key_leakage,8,8,0,0,0,0,8,0,0.0,0.0,,,,,0,0.0,565,0,8,0
metrics,fixedcost,metrics,ABCDE,90,0.55,adv_cycle,8,0,8,0,0,0,0,8,,,0.0,0.312344,,,0,,0,0,8,0
metrics,fixedcost,metrics,ABCDE,90,0.7,none,8,0,8,0,0,0,0,8,,,0.0,0.312344,,,0,,0,0,8,0
metrics,fixedcost,metrics,ABCDE,90,0.7,row_skip_1,8,8,0,0,0,0,8,0,0.0,0.0,,,,,0,0.0,113,0,8,0
metrics,fixedcost,metrics,ABCDE,90,0.7,row_skip_2,8,8,0,0,0,0,8,0,0.0,0.0,,,,,0,0.0,132,0,8,0
metrics,fixedcost,metrics,ABCDE,90,0.7,early_full,8,8,0,0,0,0,8,0,0.0,0.0,,,,,0,0.0,237,0,8,7
metrics,fixedcost,metrics,ABCDE,90,0.7,boundary,8,8,0,0,0,0,8,0,0.0,0.0,,,,,0,0.0,113,0,8,1
metrics,fixedcost,metrics,ABCDE,90,0.7,short_local,8,8,0,0,0,0,8,0,0.0,0.0,,,,,0,0.0,29,0,8,0
metrics,fixedcost,metrics,ABCDE,90,0.7,whole_section,8,8,0,0,0,0,8,0,0.0,0.0,,,,,0,0.0,136,0,8,0
metrics,fixedcost,metrics,ABCDE,90,0.7,anxiety,8,8,0,0,0,0,8,0,0.0,0.0,,,,,0,0.0,104,0,8,2
metrics,fixedcost,metrics,ABCDE,90,0.7,double_shift,8,8,0,0,0,0,8,0,0.0,0.0,,,,,0,0.0,207,0,8,0
metrics,fixedcost,metrics,ABCDE,90,0.7,self_corrected,8,8,0,0,0,0,8,0,0.0,0.0,,,,,0,0.0,65,0,8,0
metrics,fixedcost,metrics,ABCDE,90,0.7,deferred,8,8,0,0,0,0,8,0,0.0,0.0,,,,,0,0.0,156,0,8,0
metrics,fixedcost,metrics,ABCDE,90,0.7,isolated,8,8,0,0,0,0,8,0,0.0,0.0,,,,,0,0.0,5,0,8,2
metrics,fixedcost,metrics,ABCDE,90,0.7,scanner_blank_1,8,8,0,0,0,0,8,0,0.0,0.0,,,,,0,0.0,145,0,8,0
metrics,fixedcost,metrics,ABCDE,90,0.7,scanner_blank_2,8,8,0,0,0,0,8,0,0.0,0.0,,,,,0,0.0,159,0,8,0
metrics,fixedcost,metrics,ABCDE,90,0.7,scanner_row_delete_1,8,8,0,0,0,0,8,0,0.0,0.0,,,,,0,0.0,67,0,8,0
metrics,fixedcost,metrics,ABCDE,90,0.7,scanner_row_delete_2,8,8,0,0,0,0,8,0,0.0,0.0,,,,,0,0.0,132,0,8,0
metrics,fixedcost,metrics,ABCDE,90,0.7,scanner_misread_1,8,0,8,0,0,0,0,8,,,0.0,0.312344,,,0,,0,0,8,0
metrics,fixedcost,metrics,ABCDE,90,0.7,scanner_misread_4,8,0,8,0,0,0,0,8,,,0.0,0.312344,,,0,,0,0,8,0
metrics,fixedcost,metrics,ABCDE,90,0.7,scanner_faint_1,8,0,8,0,0,0,0,8,,,0.0,0.312344,,,0,,0,0,8,0
metrics,fixedcost,metrics,ABCDE,90,0.7,scanner_faint_4,8,0,8,0,0,0,0,8,,,0.0,0.312344,,,0,,0,0,8,0
metrics,fixedcost,metrics,ABCDE,90,0.7,scanner_double_4,8,0,8,0,0,0,0,8,,,0.0,0.312344,,,0,,0,0,8,0
metrics,fixedcost,metrics,ABCDE,90,0.7,adv_long_runs,8,0,8,0,0,0,0,8,,,0.0,0.312344,,,0,,0,0,8,0
metrics,fixedcost,metrics,ABCDE,90,0.7,adv_favourite,8,0,8,0,0,0,0,8,,,0.0,0.312344,,,0,,0,0,8,0
metrics,fixedcost,metrics,ABCDE,90,0.7,adv_easy_block,8,0,8,0,0,0,0,8,,,0.0,0.312344,,,0,,0,0,8,0
metrics,fixedcost,metrics,ABCDE,90,0.7,adv_key_leakage,8,8,0,0,0,0,8,0,0.0,0.0,,,,,0,0.0,554,0,8,0
metrics,fixedcost,metrics,ABCDE,90,0.7,adv_cycle,8,0,8,0,0,0,0,8,,,0.0,0.312344,,,0,,0,0,8,0
metrics,fixedcost,metrics,ABCDE,90,0.85,none,8,0,8,0,0,0,0,8,,,0.0,0.312344,,,0,,0,0,8,0
metrics,fixedcost,metrics,ABCDE,90,0.85,row_skip_1,8,8,0,0,0,0,8,0,0.0,0.0,,,,,0,0.0,166,0,8,3
metrics,fixedcost,metrics,ABCDE,90,0.85,row_skip_2,8,8,0,0,0,0,8,0,0.0,0.0,,,,,0,0.0,218,0,8,1
metrics,fixedcost,metrics,ABCDE,90,0.85,early_full,8,8,0,0,0,0,8,0,0.0,0.0,,,,,0,0.0,412,0,8,0
metrics,fixedcost,metrics,ABCDE,90,0.85,boundary,8,8,0,0,0,0,8,0,0.0,0.0,,,,,0,0.0,171,0,8,0
metrics,fixedcost,metrics,ABCDE,90,0.85,short_local,8,8,0,0,0,0,8,0,0.0,0.0,,,,,0,0.0,35,0,8,0
metrics,fixedcost,metrics,ABCDE,90,0.85,whole_section,8,8,0,0,0,0,8,0,0.0,0.0,,,,,0,0.0,136,0,8,3
metrics,fixedcost,metrics,ABCDE,90,0.85,anxiety,8,8,0,0,0,0,8,0,0.0,0.0,,,,,0,0.0,125,0,8,5
metrics,fixedcost,metrics,ABCDE,90,0.85,double_shift,8,8,0,0,0,0,8,0,0.0,0.0,,,,,0,0.0,264,0,8,0
metrics,fixedcost,metrics,ABCDE,90,0.85,self_corrected,8,8,0,0,0,0,8,0,0.0,0.0,,,,,0,0.0,72,0,8,1
metrics,fixedcost,metrics,ABCDE,90,0.85,deferred,8,8,0,0,0,0,8,0,0.0,0.0,,,,,0,0.0,224,0,8,0
metrics,fixedcost,metrics,ABCDE,90,0.85,isolated,8,8,0,0,0,0,8,0,0.0,0.0,,,,,0,0.0,8,0,8,0
metrics,fixedcost,metrics,ABCDE,90,0.85,scanner_blank_1,8,8,0,0,0,0,8,0,0.0,0.0,,,,,0,0.0,195,0,8,1
metrics,fixedcost,metrics,ABCDE,90,0.85,scanner_blank_2,8,8,0,0,0,0,8,0,0.0,0.0,,,,,0,0.0,157,0,8,0
metrics,fixedcost,metrics,ABCDE,90,0.85,scanner_row_delete_1,8,8,0,0,0,0,8,0,0.0,0.0,,,,,0,0.0,149,0,8,0
metrics,fixedcost,metrics,ABCDE,90,0.85,scanner_row_delete_2,8,8,0,0,0,0,8,0,0.0,0.0,,,,,0,0.0,58,0,8,2
metrics,fixedcost,metrics,ABCDE,90,0.85,scanner_misread_1,8,0,8,0,0,0,0,8,,,0.0,0.312344,,,0,,0,0,8,0
metrics,fixedcost,metrics,ABCDE,90,0.85,scanner_misread_4,8,0,8,0,0,0,0,8,,,0.0,0.312344,,,0,,0,0,8,0
metrics,fixedcost,metrics,ABCDE,90,0.85,scanner_faint_1,8,0,8,0,0,0,0,8,,,0.0,0.312344,,,0,,0,0,8,0
metrics,fixedcost,metrics,ABCDE,90,0.85,scanner_faint_4,8,0,8,0,0,0,0,8,,,0.0,0.312344,,,0,,0,0,8,0
metrics,fixedcost,metrics,ABCDE,90,0.85,scanner_double_4,8,0,8,0,0,0,0,8,,,0.0,0.312344,,,0,,0,0,8,0
metrics,fixedcost,metrics,ABCDE,90,0.85,adv_long_runs,8,0,8,0,0,0,0,8,,,0.0,0.312344,,,0,,0,0,8,0
metrics,fixedcost,metrics,ABCDE,90,0.85,adv_favourite,8,0,8,0,0,0,0,8,,,0.0,0.312344,,,0,,0,0,8,0
metrics,fixedcost,metrics,ABCDE,90,0.85,adv_easy_block,8,0,8,0,0,0,0,8,,,0.0,0.312344,,,0,,0,0,8,0
metrics,fixedcost,metrics,ABCDE,90,0.85,adv_key_leakage,8,8,0,0,0,0,8,0,0.0,0.0,,,,,0,0.0,565,0,8,0
metrics,fixedcost,metrics,ABCDE,90,0.85,adv_cycle,8,0,8,0,0,0,0,8,,,0.0,0.312344,,,0,,0,0,8,0
metrics,fixedcost,metrics,ABCDE,90,0.95,none,8,0,8,0,0,0,0,8,,,0.0,0.312344,,,0,,0,0,8,0
metrics,fixedcost,metrics,ABCDE,90,0.95,row_skip_1,8,8,0,0,0,0,8,0,0.0,0.0,,,,,0,0.0,149,0,8,0
metrics,fixedcost,metrics,ABCDE,90,0.95,row_skip_2,8,8,0,0,0,0,8,0,0.0,0.0,,,,,0,0.0,296,0,8,0
metrics,fixedcost,metrics,ABCDE,90,0.95,early_full,8,8,0,0,0,0,8,0,0.0,0.0,,,,,0,0.0,394,0,8,1
metrics,fixedcost,metrics,ABCDE,90,0.95,boundary,8,8,0,0,0,0,8,0,0.0,0.0,,,,,0,0.0,107,0,8,1
metrics,fixedcost,metrics,ABCDE,90,0.95,short_local,8,8,0,0,0,0,8,0,0.0,0.0,,,,,0,0.0,39,0,8,0
metrics,fixedcost,metrics,ABCDE,90,0.95,whole_section,8,8,0,0,0,0,8,0,0.0,0.0,,,,,0,0.0,191,0,8,2
metrics,fixedcost,metrics,ABCDE,90,0.95,anxiety,8,8,0,0,0,0,8,0,0.0,0.0,,,,,0,0.0,256,0,8,0
metrics,fixedcost,metrics,ABCDE,90,0.95,double_shift,8,8,0,0,0,0,8,0,0.0,0.0,,,,,0,0.0,321,0,8,0
metrics,fixedcost,metrics,ABCDE,90,0.95,self_corrected,8,8,0,0,0,0,8,0,0.0,0.0,,,,,0,0.0,101,0,8,0
metrics,fixedcost,metrics,ABCDE,90,0.95,deferred,8,8,0,0,0,0,8,0,0.0,0.0,,,,,0,0.0,285,0,8,0
metrics,fixedcost,metrics,ABCDE,90,0.95,isolated,8,8,0,0,0,0,8,0,0.0,0.0,,,,,0,0.0,9,0,8,1
metrics,fixedcost,metrics,ABCDE,90,0.95,scanner_blank_1,8,8,0,0,0,0,8,0,0.0,0.0,,,,,0,0.0,182,0,8,0
metrics,fixedcost,metrics,ABCDE,90,0.95,scanner_blank_2,8,8,0,0,0,0,8,0,0.0,0.0,,,,,0,0.0,178,0,8,0
metrics,fixedcost,metrics,ABCDE,90,0.95,scanner_row_delete_1,8,8,0,0,0,0,8,0,0.0,0.0,,,,,0,0.0,175,0,8,0
metrics,fixedcost,metrics,ABCDE,90,0.95,scanner_row_delete_2,8,8,0,0,0,0,8,0,0.0,0.0,,,,,0,0.0,204,0,8,0
metrics,fixedcost,metrics,ABCDE,90,0.95,scanner_misread_1,8,0,8,0,0,0,0,8,,,0.0,0.312344,,,0,,0,0,8,0
metrics,fixedcost,metrics,ABCDE,90,0.95,scanner_misread_4,8,0,8,0,0,0,0,8,,,0.0,0.312344,,,0,,0,0,8,0
metrics,fixedcost,metrics,ABCDE,90,0.95,scanner_faint_1,8,0,8,0,0,0,0,8,,,0.0,0.312344,,,0,,0,0,8,0
metrics,fixedcost,metrics,ABCDE,90,0.95,scanner_faint_4,8,0,8,0,0,0,0,8,,,0.0,0.312344,,,0,,0,0,8,0
metrics,fixedcost,metrics,ABCDE,90,0.95,scanner_double_4,8,0,8,0,0,0,0,8,,,0.0,0.312344,,,0,,0,0,8,0
metrics,fixedcost,metrics,ABCDE,90,0.95,adv_long_runs,8,0,8,0,0,0,0,8,,,0.0,0.312344,,,0,,0,0,8,0
metrics,fixedcost,metrics,ABCDE,90,0.95,adv_favourite,8,0,8,0,0,0,0,8,,,0.0,0.312344,,,0,,0,0,8,0
metrics,fixedcost,metrics,ABCDE,90,0.95,adv_easy_block,8,0,8,0,0,0,0,8,,,0.0,0.312344,,,0,,0,0,8,0
metrics,fixedcost,metrics,ABCDE,90,0.95,adv_key_leakage,8,8,0,0,0,0,8,0,0.0,0.0,,,,,0,0.0,577,0,8,0
metrics,fixedcost,metrics,ABCDE,90,0.95,adv_cycle,8,0,8,0,0,0,0,8,,,0.0,0.312344,,,0,,0,0,8,0
metrics,fixedcost,metrics,ABCDE,100,0.26,none,8,0,8,0,0,0,0,8,,,0.0,0.312344,,,0,,0,0,8,0
metrics,fixedcost,metrics,ABCDE,100,0.26,row_skip_1,8,8,0,0,0,0,8,0,0.0,0.0,,,,,0,0.0,47,0,8,0
metrics,fixedcost,metrics,ABCDE,100,0.26,row_skip_2,8,8,0,0,0,0,8,0,0.0,0.0,,,,,0,0.0,45,0,8,2
metrics,fixedcost,metrics,ABCDE,100,0.26,early_full,8,8,0,0,0,0,8,0,0.0,0.0,,,,,0,0.0,43,0,8,2
metrics,fixedcost,metrics,ABCDE,100,0.26,boundary,8,8,0,0,0,0,8,0,0.0,0.0,,,,,0,0.0,25,0,8,8
metrics,fixedcost,metrics,ABCDE,100,0.26,short_local,8,8,0,0,0,0,8,0,0.0,0.0,,,,,0,0.0,9,0,8,6
metrics,fixedcost,metrics,ABCDE,100,0.26,whole_section,8,8,0,0,0,0,8,0,0.0,0.0,,,,,0,0.0,33,0,8,6
metrics,fixedcost,metrics,ABCDE,100,0.26,anxiety,8,8,0,0,0,0,8,0,0.0,0.0,,,,,0,0.0,38,0,8,10
metrics,fixedcost,metrics,ABCDE,100,0.26,double_shift,8,8,0,0,0,0,8,0,0.0,0.0,,,,,0,0.0,17,0,8,19
metrics,fixedcost,metrics,ABCDE,100,0.26,self_corrected,8,8,0,0,0,0,8,0,0.0,0.0,,,,,0,0.0,32,0,8,0
metrics,fixedcost,metrics,ABCDE,100,0.26,deferred,8,8,0,0,0,0,8,0,0.0,0.0,,,,,0,0.0,15,0,8,17
metrics,fixedcost,metrics,ABCDE,100,0.26,isolated,8,8,0,0,0,0,8,0,0.0,0.0,,,,,0,0.0,2,0,8,1
metrics,fixedcost,metrics,ABCDE,100,0.26,scanner_blank_1,8,8,0,0,0,0,8,0,0.0,0.0,,,,,0,0.0,53,0,8,8
metrics,fixedcost,metrics,ABCDE,100,0.26,scanner_blank_2,8,8,0,0,0,0,8,0,0.0,0.0,,,,,0,0.0,33,0,8,6
metrics,fixedcost,metrics,ABCDE,100,0.26,scanner_row_delete_1,8,8,0,0,0,0,8,0,0.0,0.0,,,,,0,0.0,16,0,8,4
metrics,fixedcost,metrics,ABCDE,100,0.26,scanner_row_delete_2,8,8,0,0,0,0,8,0,0.0,0.0,,,,,0,0.0,14,0,8,39
metrics,fixedcost,metrics,ABCDE,100,0.26,scanner_misread_1,8,0,8,0,0,0,0,8,,,0.0,0.312344,,,0,,0,0,8,0
metrics,fixedcost,metrics,ABCDE,100,0.26,scanner_misread_4,8,0,8,0,0,0,0,8,,,0.0,0.312344,,,0,,0,0,8,0
metrics,fixedcost,metrics,ABCDE,100,0.26,scanner_faint_1,8,0,8,0,0,0,0,8,,,0.0,0.312344,,,0,,0,0,8,0
metrics,fixedcost,metrics,ABCDE,100,0.26,scanner_faint_4,8,0,8,0,0,0,0,8,,,0.0,0.312344,,,0,,0,0,8,0
metrics,fixedcost,metrics,ABCDE,100,0.26,scanner_double_4,8,0,8,0,0,0,0,8,,,0.0,0.312344,,,0,,0,0,8,0
metrics,fixedcost,metrics,ABCDE,100,0.26,adv_long_runs,8,0,8,0,0,0,0,8,,,0.0,0.312344,,,0,,0,0,8,0
metrics,fixedcost,metrics,ABCDE,100,0.26,adv_favourite,8,0,8,0,0,0,0,8,,,0.0,0.312344,,,0,,0,0,8,0
metrics,fixedcost,metrics,ABCDE,100,0.26,adv_easy_block,8,0,8,0,0,0,0,8,,,0.0,0.312344,,,0,,0,0,8,0
metrics,fixedcost,metrics,ABCDE,100,0.26,adv_key_leakage,8,8,0,0,0,0,8,0,0.0,0.0,,,,,0,0.0,627,0,8,0
metrics,fixedcost,metrics,ABCDE,100,0.26,adv_cycle,8,0,8,0,0,0,0,8,,,0.0,0.312344,,,0,,0,0,8,0
metrics,fixedcost,metrics,ABCDE,100,0.4,none,8,0,8,0,0,0,0,8,,,0.0,0.312344,,,0,,0,0,8,0
metrics,fixedcost,metrics,ABCDE,100,0.4,row_skip_1,8,8,0,0,0,0,8,0,0.0,0.0,,,,,0,0.0,64,0,8,6
metrics,fixedcost,metrics,ABCDE,100,0.4,row_skip_2,8,8,0,0,0,0,8,0,0.0,0.0,,,,,0,0.0,34,0,8,8
metrics,fixedcost,metrics,ABCDE,100,0.4,early_full,8,8,0,0,0,0,8,0,0.0,0.0,,,,,0,0.0,86,0,8,0
metrics,fixedcost,metrics,ABCDE,100,0.4,boundary,8,8,0,0,0,0,8,0,0.0,0.0,,,,,0,0.0,55,0,8,4
metrics,fixedcost,metrics,ABCDE,100,0.4,short_local,8,8,0,0,0,0,8,0,0.0,0.0,,,,,0,0.0,14,0,8,5
metrics,fixedcost,metrics,ABCDE,100,0.4,whole_section,8,8,0,0,0,0,8,0,0.0,0.0,,,,,0,0.0,64,0,8,0
metrics,fixedcost,metrics,ABCDE,100,0.4,anxiety,8,8,0,0,0,0,8,0,0.0,0.0,,,,,0,0.0,60,0,8,5
metrics,fixedcost,metrics,ABCDE,100,0.4,double_shift,8,8,0,0,0,0,8,0,0.0,0.0,,,,,0,0.0,94,0,8,6
metrics,fixedcost,metrics,ABCDE,100,0.4,self_corrected,8,8,0,0,0,0,8,0,0.0,0.0,,,,,0,0.0,43,0,8,0
metrics,fixedcost,metrics,ABCDE,100,0.4,deferred,8,8,0,0,0,0,8,0,0.0,0.0,,,,,0,0.0,82,0,8,0
metrics,fixedcost,metrics,ABCDE,100,0.4,isolated,8,8,0,0,0,0,8,0,0.0,0.0,,,,,0,0.0,5,0,8,2
metrics,fixedcost,metrics,ABCDE,100,0.4,scanner_blank_1,8,8,0,0,0,0,8,0,0.0,0.0,,,,,0,0.0,107,0,8,0
metrics,fixedcost,metrics,ABCDE,100,0.4,scanner_blank_2,8,8,0,0,0,0,8,0,0.0,0.0,,,,,0,0.0,85,0,8,9
metrics,fixedcost,metrics,ABCDE,100,0.4,scanner_row_delete_1,8,8,0,0,0,0,8,0,0.0,0.0,,,,,0,0.0,19,0,8,4
metrics,fixedcost,metrics,ABCDE,100,0.4,scanner_row_delete_2,8,8,0,0,0,0,8,0,0.0,0.0,,,,,0,0.0,59,0,8,5
metrics,fixedcost,metrics,ABCDE,100,0.4,scanner_misread_1,8,0,8,0,0,0,0,8,,,0.0,0.312344,,,0,,0,0,8,0
metrics,fixedcost,metrics,ABCDE,100,0.4,scanner_misread_4,8,0,8,0,0,0,0,8,,,0.0,0.312344,,,0,,0,0,8,0
metrics,fixedcost,metrics,ABCDE,100,0.4,scanner_faint_1,8,0,8,0,0,0,0,8,,,0.0,0.312344,,,0,,0,0,8,0
metrics,fixedcost,metrics,ABCDE,100,0.4,scanner_faint_4,8,0,8,0,0,0,0,8,,,0.0,0.312344,,,0,,0,0,8,0
metrics,fixedcost,metrics,ABCDE,100,0.4,scanner_double_4,8,0,8,0,0,0,0,8,,,0.0,0.312344,,,0,,0,0,8,0
metrics,fixedcost,metrics,ABCDE,100,0.4,adv_long_runs,8,0,8,0,0,0,0,8,,,0.0,0.312344,,,0,,0,0,8,0
metrics,fixedcost,metrics,ABCDE,100,0.4,adv_favourite,8,0,8,0,0,0,0,8,,,0.0,0.312344,,,0,,0,0,8,0
metrics,fixedcost,metrics,ABCDE,100,0.4,adv_easy_block,8,0,8,0,0,0,0,8,,,0.0,0.312344,,,0,,0,0,8,0
metrics,fixedcost,metrics,ABCDE,100,0.4,adv_key_leakage,8,8,0,0,0,0,8,0,0.0,0.0,,,,,0,0.0,644,0,8,0
metrics,fixedcost,metrics,ABCDE,100,0.4,adv_cycle,8,0,8,0,0,0,0,8,,,0.0,0.312344,,,0,,0,0,8,0
metrics,fixedcost,metrics,ABCDE,100,0.55,none,8,0,8,0,0,0,0,8,,,0.0,0.312344,,,0,,0,0,8,0
metrics,fixedcost,metrics,ABCDE,100,0.55,row_skip_1,8,8,0,0,0,0,8,0,0.0,0.0,,,,,0,0.0,120,0,8,0
metrics,fixedcost,metrics,ABCDE,100,0.55,row_skip_2,8,8,0,0,0,0,8,0,0.0,0.0,,,,,0,0.0,101,0,8,4
metrics,fixedcost,metrics,ABCDE,100,0.55,early_full,8,8,0,0,0,0,8,0,0.0,0.0,,,,,0,0.0,173,0,8,0
metrics,fixedcost,metrics,ABCDE,100,0.55,boundary,8,8,0,0,0,0,8,0,0.0,0.0,,,,,0,0.0,58,0,8,1
metrics,fixedcost,metrics,ABCDE,100,0.55,short_local,8,8,0,0,0,0,8,0,0.0,0.0,,,,,0,0.0,16,0,8,2
metrics,fixedcost,metrics,ABCDE,100,0.55,whole_section,8,8,0,0,0,0,8,0,0.0,0.0,,,,,0,0.0,132,0,8,0
metrics,fixedcost,metrics,ABCDE,100,0.55,anxiety,8,8,0,0,0,0,8,0,0.0,0.0,,,,,0,0.0,131,0,8,0
metrics,fixedcost,metrics,ABCDE,100,0.55,double_shift,8,8,0,0,0,0,8,0,0.0,0.0,,,,,0,0.0,103,0,8,0
metrics,fixedcost,metrics,ABCDE,100,0.55,self_corrected,8,8,0,0,0,0,8,0,0.0,0.0,,,,,0,0.0,45,0,8,0
metrics,fixedcost,metrics,ABCDE,100,0.55,deferred,8,8,0,0,0,0,8,0,0.0,0.0,,,,,0,0.0,122,0,8,4
metrics,fixedcost,metrics,ABCDE,100,0.55,isolated,8,8,0,0,0,0,8,0,0.0,0.0,,,,,0,0.0,5,0,8,1
metrics,fixedcost,metrics,ABCDE,100,0.55,scanner_blank_1,8,8,0,0,0,0,8,0,0.0,0.0,,,,,0,0.0,55,0,8,2
metrics,fixedcost,metrics,ABCDE,100,0.55,scanner_blank_2,8,8,0,0,0,0,8,0,0.0,0.0,,,,,0,0.0,77,0,8,1
metrics,fixedcost,metrics,ABCDE,100,0.55,scanner_row_delete_1,8,8,0,0,0,0,8,0,0.0,0.0,,,,,0,0.0,144,0,8,0
metrics,fixedcost,metrics,ABCDE,100,0.55,scanner_row_delete_2,8,8,0,0,0,0,8,0,0.0,0.0,,,,,0,0.0,36,0,8,0
metrics,fixedcost,metrics,ABCDE,100,0.55,scanner_misread_1,8,0,8,0,0,0,0,8,,,0.0,0.312344,,,0,,0,0,8,0
metrics,fixedcost,metrics,ABCDE,100,0.55,scanner_misread_4,8,0,8,0,0,0,0,8,,,0.0,0.312344,,,0,,0,0,8,0
metrics,fixedcost,metrics,ABCDE,100,0.55,scanner_faint_1,8,0,8,0,0,0,0,8,,,0.0,0.312344,,,0,,0,0,8,0
metrics,fixedcost,metrics,ABCDE,100,0.55,scanner_faint_4,8,0,8,0,0,0,0,8,,,0.0,0.312344,,,0,,0,0,8,0
metrics,fixedcost,metrics,ABCDE,100,0.55,scanner_double_4,8,0,8,0,0,0,0,8,,,0.0,0.312344,,,0,,0,0,8,0
metrics,fixedcost,metrics,ABCDE,100,0.55,adv_long_runs,8,0,8,0,0,0,0,8,,,0.0,0.312344,,,0,,0,0,8,0
metrics,fixedcost,metrics,ABCDE,100,0.55,adv_favourite,8,0,8,0,0,0,0,8,,,0.0,0.312344,,,0,,0,0,8,0
metrics,fixedcost,metrics,ABCDE,100,0.55,adv_easy_block,8,0,8,0,0,0,0,8,,,0.0,0.312344,,,0,,0,0,8,0
metrics,fixedcost,metrics,ABCDE,100,0.55,adv_key_leakage,8,8,0,0,0,0,8,0,0.0,0.0,,,,,0,0.0,620,0,8,0
metrics,fixedcost,metrics,ABCDE,100,0.55,adv_cycle,8,0,8,0,0,0,0,8,,,0.0,0.312344,,,0,,0,0,8,0
metrics,fixedcost,metrics,ABCDE,100,0.7,none,8,0,8,0,0,0,0,8,,,0.0,0.312344,,,0,,0,0,8,0
metrics,fixedcost,metrics,ABCDE,100,0.7,row_skip_1,8,8,0,0,0,0,8,0,0.0,0.0,,,,,0,0.0,97,0,8,3
metrics,fixedcost,metrics,ABCDE,100,0.7,row_skip_2,8,8,0,0,0,0,8,0,0.0,0.0,,,,,0,0.0,205,0,8,3
metrics,fixedcost,metrics,ABCDE,100,0.7,early_full,8,8,0,0,0,0,8,0,0.0,0.0,,,,,0,0.0,358,0,8,0
metrics,fixedcost,metrics,ABCDE,100,0.7,boundary,8,8,0,0,0,0,8,0,0.0,0.0,,,,,0,0.0,47,0,8,0
metrics,fixedcost,metrics,ABCDE,100,0.7,short_local,8,8,0,0,0,0,8,0,0.0,0.0,,,,,0,0.0,27,0,8,0
metrics,fixedcost,metrics,ABCDE,100,0.7,whole_section,8,8,0,0,0,0,8,0,0.0,0.0,,,,,0,0.0,157,0,8,0
metrics,fixedcost,metrics,ABCDE,100,0.7,anxiety,8,8,0,0,0,0,8,0,0.0,0.0,,,,,0,0.0,199,0,8,0
metrics,fixedcost,metrics,ABCDE,100,0.7,double_shift,8,8,0,0,0,0,8,0,0.0,0.0,,,,,0,0.0,231,0,8,0
metrics,fixedcost,metrics,ABCDE,100,0.7,self_corrected,8,8,0,0,0,0,8,0,0.0,0.0,,,,,0,0.0,67,0,8,3
metrics,fixedcost,metrics,ABCDE,100,0.7,deferred,8,8,0,0,0,0,8,0,0.0,0.0,,,,,0,0.0,148,0,8,1
metrics,fixedcost,metrics,ABCDE,100,0.7,isolated,8,8,0,0,0,0,8,0,0.0,0.0,,,,,0,0.0,6,0,8,3
metrics,fixedcost,metrics,ABCDE,100,0.7,scanner_blank_1,8,8,0,0,0,0,8,0,0.0,0.0,,,,,0,0.0,178,0,8,0
metrics,fixedcost,metrics,ABCDE,100,0.7,scanner_blank_2,8,8,0,0,0,0,8,0,0.0,0.0,,,,,0,0.0,227,0,8,0
metrics,fixedcost,metrics,ABCDE,100,0.7,scanner_row_delete_1,8,8,0,0,0,0,8,0,0.0,0.0,,,,,0,0.0,180,0,8,2
metrics,fixedcost,metrics,ABCDE,100,0.7,scanner_row_delete_2,8,8,0,0,0,0,8,0,0.0,0.0,,,,,0,0.0,152,0,8,0
metrics,fixedcost,metrics,ABCDE,100,0.7,scanner_misread_1,8,0,8,0,0,0,0,8,,,0.0,0.312344,,,0,,0,0,8,0
metrics,fixedcost,metrics,ABCDE,100,0.7,scanner_misread_4,8,0,8,0,0,0,0,8,,,0.0,0.312344,,,0,,0,0,8,0
metrics,fixedcost,metrics,ABCDE,100,0.7,scanner_faint_1,8,0,8,0,0,0,0,8,,,0.0,0.312344,,,0,,0,0,8,0
metrics,fixedcost,metrics,ABCDE,100,0.7,scanner_faint_4,8,0,8,0,0,0,0,8,,,0.0,0.312344,,,0,,0,0,8,0
metrics,fixedcost,metrics,ABCDE,100,0.7,scanner_double_4,8,0,8,0,0,0,0,8,,,0.0,0.312344,,,0,,0,0,8,0
metrics,fixedcost,metrics,ABCDE,100,0.7,adv_long_runs,8,0,8,0,0,0,0,8,,,0.0,0.312344,,,0,,0,0,8,0
metrics,fixedcost,metrics,ABCDE,100,0.7,adv_favourite,8,0,8,0,0,0,0,8,,,0.0,0.312344,,,0,,0,0,8,0
metrics,fixedcost,metrics,ABCDE,100,0.7,adv_easy_block,8,0,8,0,0,0,0,8,,,0.0,0.312344,,,0,,0,0,8,0
metrics,fixedcost,metrics,ABCDE,100,0.7,adv_key_leakage,8,8,0,0,0,0,8,0,0.0,0.0,,,,,0,0.0,645,0,8,0
metrics,fixedcost,metrics,ABCDE,100,0.7,adv_cycle,8,0,8,0,0,0,0,8,,,0.0,0.312344,,,0,,0,0,8,0
metrics,fixedcost,metrics,ABCDE,100,0.85,none,8,0,8,0,0,0,0,8,,,0.0,0.312344,,,0,,0,0,8,0
metrics,fixedcost,metrics,ABCDE,100,0.85,row_skip_1,8,8,0,0,0,0,8,0,0.0,0.0,,,,,0,0.0,239,0,8,0
metrics,fixedcost,metrics,ABCDE,100,0.85,row_skip_2,8,8,0,0,0,0,8,0,0.0,0.0,,,,,0,0.0,121,0,8,0
metrics,fixedcost,metrics,ABCDE,100,0.85,early_full,8,8,0,0,0,0,8,0,0.0,0.0,,,,,0,0.0,257,0,8,11
metrics,fixedcost,metrics,ABCDE,100,0.85,boundary,8,8,0,0,0,0,8,0,0.0,0.0,,,,,0,0.0,121,0,8,0
metrics,fixedcost,metrics,ABCDE,100,0.85,short_local,8,8,0,0,0,0,8,0,0.0,0.0,,,,,0,0.0,24,0,8,1
metrics,fixedcost,metrics,ABCDE,100,0.85,whole_section,8,8,0,0,0,0,8,0,0.0,0.0,,,,,0,0.0,136,0,8,3
metrics,fixedcost,metrics,ABCDE,100,0.85,anxiety,8,8,0,0,0,0,8,0,0.0,0.0,,,,,0,0.0,190,0,8,0
metrics,fixedcost,metrics,ABCDE,100,0.85,double_shift,8,8,0,0,0,0,8,0,0.0,0.0,,,,,0,0.0,322,0,8,0
metrics,fixedcost,metrics,ABCDE,100,0.85,self_corrected,8,8,0,0,0,0,8,0,0.0,0.0,,,,,0,0.0,94,0,8,2
metrics,fixedcost,metrics,ABCDE,100,0.85,deferred,8,8,0,0,0,0,8,0,0.0,0.0,,,,,0,0.0,138,0,8,0
metrics,fixedcost,metrics,ABCDE,100,0.85,isolated,8,8,0,0,0,0,8,0,0.0,0.0,,,,,0,0.0,7,0,8,2
metrics,fixedcost,metrics,ABCDE,100,0.85,scanner_blank_1,8,8,0,0,0,0,8,0,0.0,0.0,,,,,0,0.0,112,0,8,0
metrics,fixedcost,metrics,ABCDE,100,0.85,scanner_blank_2,8,8,0,0,0,0,8,0,0.0,0.0,,,,,0,0.0,157,0,8,0
metrics,fixedcost,metrics,ABCDE,100,0.85,scanner_row_delete_1,8,8,0,0,0,0,8,0,0.0,0.0,,,,,0,0.0,321,0,8,0
metrics,fixedcost,metrics,ABCDE,100,0.85,scanner_row_delete_2,8,8,0,0,0,0,8,0,0.0,0.0,,,,,0,0.0,195,0,8,0
metrics,fixedcost,metrics,ABCDE,100,0.85,scanner_misread_1,8,0,8,0,0,0,0,8,,,0.0,0.312344,,,0,,0,0,8,0
metrics,fixedcost,metrics,ABCDE,100,0.85,scanner_misread_4,8,0,8,0,0,0,0,8,,,0.0,0.312344,,,0,,0,0,8,0
metrics,fixedcost,metrics,ABCDE,100,0.85,scanner_faint_1,8,0,8,0,0,0,0,8,,,0.0,0.312344,,,0,,0,0,8,0
metrics,fixedcost,metrics,ABCDE,100,0.85,scanner_faint_4,8,0,8,0,0,0,0,8,,,0.0,0.312344,,,0,,0,0,8,0
metrics,fixedcost,metrics,ABCDE,100,0.85,scanner_double_4,8,0,8,0,0,0,0,8,,,0.0,0.312344,,,0,,0,0,8,0
metrics,fixedcost,metrics,ABCDE,100,0.85,adv_long_runs,8,0,8,0,0,0,0,8,,,0.0,0.312344,,,0,,0,0,8,0
metrics,fixedcost,metrics,ABCDE,100,0.85,adv_favourite,8,0,8,0,0,0,0,8,,,0.0,0.312344,,,0,,0,0,8,0
metrics,fixedcost,metrics,ABCDE,100,0.85,adv_easy_block,8,0,8,0,0,0,0,8,,,0.0,0.312344,,,0,,0,0,8,0
metrics,fixedcost,metrics,ABCDE,100,0.85,adv_key_leakage,8,8,0,0,0,0,8,0,0.0,0.0,,,,,0,0.0,628,0,8,0
metrics,fixedcost,metrics,ABCDE,100,0.85,adv_cycle,8,0,8,0,0,0,0,8,,,0.0,0.312344,,,0,,0,0,8,0
metrics,fixedcost,metrics,ABCDE,100,0.95,none,8,0,8,0,0,0,0,8,,,0.0,0.312344,,,0,,0,0,8,0
metrics,fixedcost,metrics,ABCDE,100,0.95,row_skip_1,8,8,0,0,0,0,8,0,0.0,0.0,,,,,0,0.0,334,0,8,2
metrics,fixedcost,metrics,ABCDE,100,0.95,row_skip_2,8,8,0,0,0,0,8,0,0.0,0.0,,,,,0,0.0,202,0,8,2
metrics,fixedcost,metrics,ABCDE,100,0.95,early_full,8,8,0,0,0,0,8,0,0.0,0.0,,,,,0,0.0,385,0,8,0
metrics,fixedcost,metrics,ABCDE,100,0.95,boundary,8,8,0,0,0,0,8,0,0.0,0.0,,,,,0,0.0,166,0,8,0
metrics,fixedcost,metrics,ABCDE,100,0.95,short_local,8,8,0,0,0,0,8,0,0.0,0.0,,,,,0,0.0,32,0,8,2
metrics,fixedcost,metrics,ABCDE,100,0.95,whole_section,8,8,0,0,0,0,8,0,0.0,0.0,,,,,0,0.0,243,0,8,0
metrics,fixedcost,metrics,ABCDE,100,0.95,anxiety,8,8,0,0,0,0,8,0,0.0,0.0,,,,,0,0.0,200,0,8,1
metrics,fixedcost,metrics,ABCDE,100,0.95,double_shift,8,8,0,0,0,0,8,0,0.0,0.0,,,,,0,0.0,331,0,8,4
metrics,fixedcost,metrics,ABCDE,100,0.95,self_corrected,8,8,0,0,0,0,8,0,0.0,0.0,,,,,0,0.0,66,0,8,2
metrics,fixedcost,metrics,ABCDE,100,0.95,deferred,8,8,0,0,0,0,8,0,0.0,0.0,,,,,0,0.0,243,0,8,3
metrics,fixedcost,metrics,ABCDE,100,0.95,isolated,8,8,0,0,0,0,8,0,0.0,0.0,,,,,0,0.0,12,0,8,0
metrics,fixedcost,metrics,ABCDE,100,0.95,scanner_blank_1,8,8,0,0,0,0,8,0,0.0,0.0,,,,,0,0.0,274,0,8,0
metrics,fixedcost,metrics,ABCDE,100,0.95,scanner_blank_2,8,8,0,0,0,0,8,0,0.0,0.0,,,,,0,0.0,175,0,8,0
metrics,fixedcost,metrics,ABCDE,100,0.95,scanner_row_delete_1,8,8,0,0,0,0,8,0,0.0,0.0,,,,,0,0.0,270,0,8,1
metrics,fixedcost,metrics,ABCDE,100,0.95,scanner_row_delete_2,8,8,0,0,0,0,8,0,0.0,0.0,,,,,0,0.0,181,0,8,0
metrics,fixedcost,metrics,ABCDE,100,0.95,scanner_misread_1,8,0,8,0,0,0,0,8,,,0.0,0.312344,,,0,,0,0,8,0
metrics,fixedcost,metrics,ABCDE,100,0.95,scanner_misread_4,8,0,8,0,0,0,0,8,,,0.0,0.312344,,,0,,0,0,8,0
metrics,fixedcost,metrics,ABCDE,100,0.95,scanner_faint_1,8,0,8,0,0,0,0,8,,,0.0,0.312344,,,0,,0,0,8,0
metrics,fixedcost,metrics,ABCDE,100,0.95,scanner_faint_4,8,0,8,0,0,0,0,8,,,0.0,0.312344,,,0,,0,0,8,0
metrics,fixedcost,metrics,ABCDE,100,0.95,scanner_double_4,8,0,8,0,0,0,0,8,,,0.0,0.312344,,,0,,0,0,8,0
metrics,fixedcost,metrics,ABCDE,100,0.95,adv_long_runs,8,0,8,0,0,0,0,8,,,0.0,0.312344,,,0,,0,0,8,0
metrics,fixedcost,metrics,ABCDE,100,0.95,adv_favourite,8,0,8,0,0,0,0,8,,,0.0,0.312344,,,0,,0,0,8,0
metrics,fixedcost,metrics,ABCDE,100,0.95,adv_easy_block,8,0,8,0,0,0,0,8,,,0.0,0.312344,,,0,,0,0,8,0
metrics,fixedcost,metrics,ABCDE,100,0.95,adv_key_leakage,8,8,0,0,0,0,8,0,0.0,0.0,,,,,0,0.0,633,0,8,0
metrics,fixedcost,metrics,ABCDE,100,0.95,adv_cycle,8,0,8,0,0,0,0,8,,,0.0,0.312344,,,0,,0,0,8,0
metrics,fixedcost,metrics,ABCDE,150,0.26,none,8,0,8,0,0,0,0,8,,,0.0,0.312344,,,0,,0,0,8,0
metrics,fixedcost,metrics,ABCDE,150,0.26,row_skip_1,8,8,0,0,0,0,8,0,0.0,0.0,,,,,0,0.0,36,0,8,0
metrics,fixedcost,metrics,ABCDE,150,0.26,row_skip_2,8,8,0,0,0,0,8,0,0.0,0.0,,,,,0,0.0,32,0,8,20
metrics,fixedcost,metrics,ABCDE,150,0.26,early_full,8,8,0,0,0,0,8,0,0.0,0.0,,,,,0,0.0,155,0,8,11
metrics,fixedcost,metrics,ABCDE,150,0.26,boundary,8,8,0,0,0,0,8,0,0.0,0.0,,,,,0,0.0,41,0,8,8
metrics,fixedcost,metrics,ABCDE,150,0.26,short_local,8,8,0,0,0,0,8,0,0.0,0.0,,,,,0,0.0,4,0,8,6
metrics,fixedcost,metrics,ABCDE,150,0.26,whole_section,8,8,0,0,0,0,8,0,0.0,0.0,,,,,0,0.0,42,0,8,5
metrics,fixedcost,metrics,ABCDE,150,0.26,anxiety,8,8,0,0,0,0,8,0,0.0,0.0,,,,,0,0.0,48,0,8,8
metrics,fixedcost,metrics,ABCDE,150,0.26,double_shift,8,8,0,0,0,0,8,0,0.0,0.0,,,,,0,0.0,66,0,8,36
metrics,fixedcost,metrics,ABCDE,150,0.26,self_corrected,8,8,0,0,0,0,8,0,0.0,0.0,,,,,0,0.0,14,0,8,7
metrics,fixedcost,metrics,ABCDE,150,0.26,deferred,8,8,0,0,0,0,8,0,0.0,0.0,,,,,0,0.0,83,0,8,2
metrics,fixedcost,metrics,ABCDE,150,0.26,isolated,8,8,0,0,0,0,8,0,0.0,0.0,,,,,0,,0,0,8,0
metrics,fixedcost,metrics,ABCDE,150,0.26,scanner_blank_1,8,8,0,0,0,0,8,0,0.0,0.0,,,,,0,0.0,24,0,8,7
metrics,fixedcost,metrics,ABCDE,150,0.26,scanner_blank_2,8,8,0,0,0,0,8,0,0.0,0.0,,,,,0,0.0,60,0,8,2
metrics,fixedcost,metrics,ABCDE,150,0.26,scanner_row_delete_1,8,8,0,0,0,0,8,0,0.0,0.0,,,,,0,0.0,71,0,8,2
metrics,fixedcost,metrics,ABCDE,150,0.26,scanner_row_delete_2,8,8,0,0,0,0,8,0,0.0,0.0,,,,,0,0.0,57,0,8,7
metrics,fixedcost,metrics,ABCDE,150,0.26,scanner_misread_1,8,0,8,0,0,0,0,8,,,0.0,0.312344,,,0,,0,0,8,0
metrics,fixedcost,metrics,ABCDE,150,0.26,scanner_misread_4,8,0,8,0,0,0,0,8,,,0.0,0.312344,,,0,,0,0,8,0
metrics,fixedcost,metrics,ABCDE,150,0.26,scanner_faint_1,8,0,8,0,0,0,0,8,,,0.0,0.312344,,,0,,0,0,8,0
metrics,fixedcost,metrics,ABCDE,150,0.26,scanner_faint_4,8,0,8,0,0,0,0,8,,,0.0,0.312344,,,0,,0,0,8,0
metrics,fixedcost,metrics,ABCDE,150,0.26,scanner_double_4,8,0,8,0,0,0,0,8,,,0.0,0.312344,,,0,,0,0,8,0
metrics,fixedcost,metrics,ABCDE,150,0.26,adv_long_runs,8,0,8,0,0,0,0,8,,,0.0,0.312344,,,0,,0,0,8,0
metrics,fixedcost,metrics,ABCDE,150,0.26,adv_favourite,8,0,8,0,0,0,0,8,,,0.0,0.312344,,,0,,0,0,8,0
metrics,fixedcost,metrics,ABCDE,150,0.26,adv_easy_block,8,0,8,0,0,0,0,8,,,0.0,0.312344,,,0,,0,0,8,0
metrics,fixedcost,metrics,ABCDE,150,0.26,adv_key_leakage,8,8,0,0,0,0,8,0,0.0,0.0,,,,,0,0.0,930,0,8,0
metrics,fixedcost,metrics,ABCDE,150,0.26,adv_cycle,8,0,8,0,0,0,0,8,,,0.0,0.312344,,,0,,0,0,8,0
metrics,fixedcost,metrics,ABCDE,150,0.4,none,8,0,8,0,0,0,0,8,,,0.0,0.312344,,,0,,0,0,8,0
metrics,fixedcost,metrics,ABCDE,150,0.4,row_skip_1,8,8,0,0,0,0,8,0,0.0,0.0,,,,,0,0.0,145,0,8,6
metrics,fixedcost,metrics,ABCDE,150,0.4,row_skip_2,8,8,0,0,0,0,8,0,0.0,0.0,,,,,0,0.0,88,0,8,12
metrics,fixedcost,metrics,ABCDE,150,0.4,early_full,8,8,0,0,0,0,8,0,0.0,0.0,,,,,0,0.0,224,0,8,0
metrics,fixedcost,metrics,ABCDE,150,0.4,boundary,8,8,0,0,0,0,8,0,0.0,0.0,,,,,0,0.0,70,0,8,1
metrics,fixedcost,metrics,ABCDE,150,0.4,short_local,8,8,0,0,0,0,8,0,0.0,0.0,,,,,0,0.0,2,0,8,7
metrics,fixedcost,metrics,ABCDE,150,0.4,whole_section,8,8,0,0,0,0,8,0,0.0,0.0,,,,,0,0.0,64,0,8,15
metrics,fixedcost,metrics,ABCDE,150,0.4,anxiety,8,8,0,0,0,0,8,0,0.0,0.0,,,,,0,0.0,83,0,8,5
metrics,fixedcost,metrics,ABCDE,150,0.4,double_shift,8,8,0,0,0,0,8,0,0.0,0.0,,,,,0,0.0,130,0,8,0
metrics,fixedcost,metrics,ABCDE,150,0.4,self_corrected,8,8,0,0,0,0,8,0,0.0,0.0,,,,,0,0.0,41,0,8,0
metrics,fixedcost,metrics,ABCDE,150,0.4,deferred,8,8,0,0,0,0,8,0,0.0,0.0,,,,,0,0.0,107,0,8,13
metrics,fixedcost,metrics,ABCDE,150,0.4,isolated,8,8,0,0,0,0,8,0,0.0,0.0,,,,,0,0.0,7,0,8,0
metrics,fixedcost,metrics,ABCDE,150,0.4,scanner_blank_1,8,8,0,0,0,0,8,0,0.0,0.0,,,,,0,0.0,56,0,8,5
metrics,fixedcost,metrics,ABCDE,150,0.4,scanner_blank_2,8,8,0,0,0,0,8,0,0.0,0.0,,,,,0,0.0,42,0,8,2
metrics,fixedcost,metrics,ABCDE,150,0.4,scanner_row_delete_1,8,8,0,0,0,0,8,0,0.0,0.0,,,,,0,0.0,53,0,8,2
metrics,fixedcost,metrics,ABCDE,150,0.4,scanner_row_delete_2,8,8,0,0,0,0,8,0,0.0,0.0,,,,,0,0.0,97,0,8,12
metrics,fixedcost,metrics,ABCDE,150,0.4,scanner_misread_1,8,0,8,0,0,0,0,8,,,0.0,0.312344,,,0,,0,0,8,0
metrics,fixedcost,metrics,ABCDE,150,0.4,scanner_misread_4,8,0,8,0,0,0,0,8,,,0.0,0.312344,,,0,,0,0,8,0
metrics,fixedcost,metrics,ABCDE,150,0.4,scanner_faint_1,8,0,8,0,0,0,0,8,,,0.0,0.312344,,,0,,0,0,8,0
metrics,fixedcost,metrics,ABCDE,150,0.4,scanner_faint_4,8,0,8,0,0,0,0,8,,,0.0,0.312344,,,0,,0,0,8,0
metrics,fixedcost,metrics,ABCDE,150,0.4,scanner_double_4,8,0,8,0,0,0,0,8,,,0.0,0.312344,,,0,,0,0,8,0
metrics,fixedcost,metrics,ABCDE,150,0.4,adv_long_runs,8,0,8,0,0,0,0,8,,,0.0,0.312344,,,0,,0,0,8,0
metrics,fixedcost,metrics,ABCDE,150,0.4,adv_favourite,8,0,8,0,0,0,0,8,,,0.0,0.312344,,,0,,0,0,8,0
metrics,fixedcost,metrics,ABCDE,150,0.4,adv_easy_block,8,0,8,0,0,0,0,8,,,0.0,0.312344,,,0,,0,0,8,0
metrics,fixedcost,metrics,ABCDE,150,0.4,adv_key_leakage,8,8,0,0,0,0,8,0,0.0,0.0,,,,,0,0.0,927,0,8,0
metrics,fixedcost,metrics,ABCDE,150,0.4,adv_cycle,8,0,8,0,0,0,0,8,,,0.0,0.312344,,,0,,0,0,8,0
metrics,fixedcost,metrics,ABCDE,150,0.55,none,8,0,8,0,0,0,0,8,,,0.0,0.312344,,,0,,0,0,8,0
metrics,fixedcost,metrics,ABCDE,150,0.55,row_skip_1,8,8,0,0,0,0,8,0,0.0,0.0,,,,,0,0.0,96,0,8,11
metrics,fixedcost,metrics,ABCDE,150,0.55,row_skip_2,8,8,0,0,0,0,8,0,0.0,0.0,,,,,0,0.0,126,0,8,1
metrics,fixedcost,metrics,ABCDE,150,0.55,early_full,8,8,0,0,0,0,8,0,0.0,0.0,,,,,0,0.0,329,0,8,0
metrics,fixedcost,metrics,ABCDE,150,0.55,boundary,8,8,0,0,0,0,8,0,0.0,0.0,,,,,0,0.0,55,0,8,1
metrics,fixedcost,metrics,ABCDE,150,0.55,short_local,8,8,0,0,0,0,8,0,0.0,0.0,,,,,0,0.0,24,0,8,2
metrics,fixedcost,metrics,ABCDE,150,0.55,whole_section,8,8,0,0,0,0,8,0,0.0,0.0,,,,,0,0.0,172,0,8,0
metrics,fixedcost,metrics,ABCDE,150,0.55,anxiety,8,8,0,0,0,0,8,0,0.0,0.0,,,,,0,0.0,146,0,8,0
metrics,fixedcost,metrics,ABCDE,150,0.55,double_shift,8,8,0,0,0,0,8,0,0.0,0.0,,,,,0,0.0,194,0,8,13
metrics,fixedcost,metrics,ABCDE,150,0.55,self_corrected,8,8,0,0,0,0,8,0,0.0,0.0,,,,,0,0.0,33,0,8,2
metrics,fixedcost,metrics,ABCDE,150,0.55,deferred,8,8,0,0,0,0,8,0,0.0,0.0,,,,,0,0.0,91,0,8,1
metrics,fixedcost,metrics,ABCDE,150,0.55,isolated,8,8,0,0,0,0,8,0,0.0,0.0,,,,,0,0.0,5,0,8,3
metrics,fixedcost,metrics,ABCDE,150,0.55,scanner_blank_1,8,8,0,0,0,0,8,0,0.0,0.0,,,,,0,0.0,137,0,8,5
metrics,fixedcost,metrics,ABCDE,150,0.55,scanner_blank_2,8,8,0,0,0,0,8,0,0.0,0.0,,,,,0,0.0,136,0,8,0
metrics,fixedcost,metrics,ABCDE,150,0.55,scanner_row_delete_1,8,8,0,0,0,0,8,0,0.0,0.0,,,,,0,0.0,135,0,8,7
metrics,fixedcost,metrics,ABCDE,150,0.55,scanner_row_delete_2,8,8,0,0,0,0,8,0,0.0,0.0,,,,,0,0.0,155,0,8,0
metrics,fixedcost,metrics,ABCDE,150,0.55,scanner_misread_1,8,0,8,0,0,0,0,8,,,0.0,0.312344,,,0,,0,0,8,0
metrics,fixedcost,metrics,ABCDE,150,0.55,scanner_misread_4,8,0,8,0,0,0,0,8,,,0.0,0.312344,,,0,,0,0,8,0
metrics,fixedcost,metrics,ABCDE,150,0.55,scanner_faint_1,8,0,8,0,0,0,0,8,,,0.0,0.312344,,,0,,0,0,8,0
metrics,fixedcost,metrics,ABCDE,150,0.55,scanner_faint_4,8,0,8,0,0,0,0,8,,,0.0,0.312344,,,0,,0,0,8,0
metrics,fixedcost,metrics,ABCDE,150,0.55,scanner_double_4,8,0,8,0,0,0,0,8,,,0.0,0.312344,,,0,,0,0,8,0
metrics,fixedcost,metrics,ABCDE,150,0.55,adv_long_runs,8,0,8,0,0,0,0,8,,,0.0,0.312344,,,0,,0,0,8,0
metrics,fixedcost,metrics,ABCDE,150,0.55,adv_favourite,8,0,8,0,0,0,0,8,,,0.0,0.312344,,,0,,0,0,8,0
metrics,fixedcost,metrics,ABCDE,150,0.55,adv_easy_block,8,0,8,0,0,0,0,8,,,0.0,0.312344,,,0,,0,0,8,0
metrics,fixedcost,metrics,ABCDE,150,0.55,adv_key_leakage,8,8,0,0,0,0,8,0,0.0,0.0,,,,,0,0.0,952,0,8,0
metrics,fixedcost,metrics,ABCDE,150,0.55,adv_cycle,8,0,8,0,0,0,0,8,,,0.0,0.312344,,,0,,0,0,8,0
metrics,fixedcost,metrics,ABCDE,150,0.7,none,8,0,8,0,0,0,0,8,,,0.0,0.312344,,,0,,0,0,8,0
metrics,fixedcost,metrics,ABCDE,150,0.7,row_skip_1,8,8,0,0,0,0,8,0,0.0,0.0,,,,,0,0.0,136,0,8,0
metrics,fixedcost,metrics,ABCDE,150,0.7,row_skip_2,8,8,0,0,0,0,8,0,0.0,0.0,,,,,0,0.0,260,0,8,0
metrics,fixedcost,metrics,ABCDE,150,0.7,early_full,8,8,0,0,0,0,8,0,0.0,0.0,,,,,0,0.0,384,0,8,4
metrics,fixedcost,metrics,ABCDE,150,0.7,boundary,8,8,0,0,0,0,8,0,0.0,0.0,,,,,0,0.0,164,0,8,0
metrics,fixedcost,metrics,ABCDE,150,0.7,short_local,8,8,0,0,0,0,8,0,0.0,0.0,,,,,0,0.0,19,0,8,0
metrics,fixedcost,metrics,ABCDE,150,0.7,whole_section,8,8,0,0,0,0,8,0,0.0,0.0,,,,,0,0.0,195,0,8,0
metrics,fixedcost,metrics,ABCDE,150,0.7,anxiety,8,8,0,0,0,0,8,0,0.0,0.0,,,,,0,0.0,264,0,8,16
metrics,fixedcost,metrics,ABCDE,150,0.7,double_shift,8,8,0,0,0,0,8,0,0.0,0.0,,,,,0,0.0,248,0,8,12
metrics,fixedcost,metrics,ABCDE,150,0.7,self_corrected,8,8,0,0,0,0,8,0,0.0,0.0,,,,,0,0.0,69,0,8,0
metrics,fixedcost,metrics,ABCDE,150,0.7,deferred,8,8,0,0,0,0,8,0,0.0,0.0,,,,,0,0.0,134,0,8,0
metrics,fixedcost,metrics,ABCDE,150,0.7,isolated,8,8,0,0,0,0,8,0,0.0,0.0,,,,,0,0.0,6,0,8,0
metrics,fixedcost,metrics,ABCDE,150,0.7,scanner_blank_1,8,8,0,0,0,0,8,0,0.0,0.0,,,,,0,0.0,204,0,8,0
metrics,fixedcost,metrics,ABCDE,150,0.7,scanner_blank_2,8,8,0,0,0,0,8,0,0.0,0.0,,,,,0,0.0,176,0,8,8
metrics,fixedcost,metrics,ABCDE,150,0.7,scanner_row_delete_1,8,8,0,0,0,0,8,0,0.0,0.0,,,,,0,0.0,189,0,8,0
metrics,fixedcost,metrics,ABCDE,150,0.7,scanner_row_delete_2,8,8,0,0,0,0,8,0,0.0,0.0,,,,,0,0.0,269,0,8,0
metrics,fixedcost,metrics,ABCDE,150,0.7,scanner_misread_1,8,0,8,0,0,0,0,8,,,0.0,0.312344,,,0,,0,0,8,0
metrics,fixedcost,metrics,ABCDE,150,0.7,scanner_misread_4,8,0,8,0,0,0,0,8,,,0.0,0.312344,,,0,,0,0,8,0
metrics,fixedcost,metrics,ABCDE,150,0.7,scanner_faint_1,8,0,8,0,0,0,0,8,,,0.0,0.312344,,,0,,0,0,8,0
metrics,fixedcost,metrics,ABCDE,150,0.7,scanner_faint_4,8,0,8,0,0,0,0,8,,,0.0,0.312344,,,0,,0,0,8,0
metrics,fixedcost,metrics,ABCDE,150,0.7,scanner_double_4,8,0,8,0,0,0,0,8,,,0.0,0.312344,,,0,,0,0,8,0
metrics,fixedcost,metrics,ABCDE,150,0.7,adv_long_runs,8,0,8,0,0,0,0,8,,,0.0,0.312344,,,0,,0,0,8,0
metrics,fixedcost,metrics,ABCDE,150,0.7,adv_favourite,8,0,8,0,0,0,0,8,,,0.0,0.312344,,,0,,0,0,8,0
metrics,fixedcost,metrics,ABCDE,150,0.7,adv_easy_block,8,0,8,0,0,0,0,8,,,0.0,0.312344,,,0,,0,0,8,0
metrics,fixedcost,metrics,ABCDE,150,0.7,adv_key_leakage,8,8,0,0,0,0,8,0,0.0,0.0,,,,,0,0.0,972,0,8,0
metrics,fixedcost,metrics,ABCDE,150,0.7,adv_cycle,8,0,8,0,0,0,0,8,,,0.0,0.312344,,,0,,0,0,8,0
metrics,fixedcost,metrics,ABCDE,150,0.85,none,8,0,8,0,0,0,0,8,,,0.0,0.312344,,,0,,0,0,8,0
metrics,fixedcost,metrics,ABCDE,150,0.85,row_skip_1,8,8,0,0,0,0,8,0,0.0,0.0,,,,,0,0.0,223,0,8,1
metrics,fixedcost,metrics,ABCDE,150,0.85,row_skip_2,8,8,0,0,0,0,8,0,0.0,0.0,,,,,0,0.0,253,0,8,0
metrics,fixedcost,metrics,ABCDE,150,0.85,early_full,8,8,0,0,0,0,8,0,0.0,0.0,,,,,0,0.0,595,0,8,0
metrics,fixedcost,metrics,ABCDE,150,0.85,boundary,8,8,0,0,0,0,8,0,0.0,0.0,,,,,0,0.0,147,0,8,0
metrics,fixedcost,metrics,ABCDE,150,0.85,short_local,8,8,0,0,0,0,8,0,0.0,0.0,,,,,0,0.0,20,0,8,5
metrics,fixedcost,metrics,ABCDE,150,0.85,whole_section,8,8,0,0,0,0,8,0,0.0,0.0,,,,,0,0.0,230,0,8,0
metrics,fixedcost,metrics,ABCDE,150,0.85,anxiety,8,8,0,0,0,0,8,0,0.0,0.0,,,,,0,0.0,492,0,8,0
metrics,fixedcost,metrics,ABCDE,150,0.85,double_shift,8,8,0,0,0,0,8,0,0.0,0.0,,,,,0,0.0,341,0,8,7
metrics,fixedcost,metrics,ABCDE,150,0.85,self_corrected,8,8,0,0,0,0,8,0,0.0,0.0,,,,,0,0.0,82,0,8,0
metrics,fixedcost,metrics,ABCDE,150,0.85,deferred,8,8,0,0,0,0,8,0,0.0,0.0,,,,,0,0.0,297,0,8,0
metrics,fixedcost,metrics,ABCDE,150,0.85,isolated,8,8,0,0,0,0,8,0,0.0,0.0,,,,,0,0.0,10,0,8,0
metrics,fixedcost,metrics,ABCDE,150,0.85,scanner_blank_1,8,8,0,0,0,0,8,0,0.0,0.0,,,,,0,0.0,255,0,8,2
metrics,fixedcost,metrics,ABCDE,150,0.85,scanner_blank_2,8,8,0,0,0,0,8,0,0.0,0.0,,,,,0,0.0,253,0,8,0
metrics,fixedcost,metrics,ABCDE,150,0.85,scanner_row_delete_1,8,8,0,0,0,0,8,0,0.0,0.0,,,,,0,0.0,131,0,8,6
metrics,fixedcost,metrics,ABCDE,150,0.85,scanner_row_delete_2,8,8,0,0,0,0,8,0,0.0,0.0,,,,,0,0.0,246,0,8,0
metrics,fixedcost,metrics,ABCDE,150,0.85,scanner_misread_1,8,0,8,0,0,0,0,8,,,0.0,0.312344,,,0,,0,0,8,0
metrics,fixedcost,metrics,ABCDE,150,0.85,scanner_misread_4,8,0,8,0,0,0,0,8,,,0.0,0.312344,,,0,,0,0,8,0
metrics,fixedcost,metrics,ABCDE,150,0.85,scanner_faint_1,8,0,8,0,0,0,0,8,,,0.0,0.312344,,,0,,0,0,8,0
metrics,fixedcost,metrics,ABCDE,150,0.85,scanner_faint_4,8,0,8,0,0,0,0,8,,,0.0,0.312344,,,0,,0,0,8,0
metrics,fixedcost,metrics,ABCDE,150,0.85,scanner_double_4,8,0,8,0,0,0,0,8,,,0.0,0.312344,,,0,,0,0,8,0
metrics,fixedcost,metrics,ABCDE,150,0.85,adv_long_runs,8,0,8,0,0,0,0,8,,,0.0,0.312344,,,0,,0,0,8,0
metrics,fixedcost,metrics,ABCDE,150,0.85,adv_favourite,8,0,8,0,0,0,0,8,,,0.0,0.312344,,,0,,0,0,8,0
metrics,fixedcost,metrics,ABCDE,150,0.85,adv_easy_block,8,0,8,0,0,0,0,8,,,0.0,0.312344,,,0,,0,0,8,0
metrics,fixedcost,metrics,ABCDE,150,0.85,adv_key_leakage,8,8,0,0,0,0,8,0,0.0,0.0,,,,,0,0.0,943,0,8,0
metrics,fixedcost,metrics,ABCDE,150,0.85,adv_cycle,8,0,8,0,0,0,0,8,,,0.0,0.312344,,,0,,0,0,8,0
metrics,fixedcost,metrics,ABCDE,150,0.95,none,8,0,8,0,0,0,0,8,,,0.0,0.312344,,,0,,0,0,8,0
metrics,fixedcost,metrics,ABCDE,150,0.95,row_skip_1,8,8,0,0,0,0,8,0,0.0,0.0,,,,,0,0.0,298,0,8,0
metrics,fixedcost,metrics,ABCDE,150,0.95,row_skip_2,8,8,0,0,0,0,8,0,0.0,0.0,,,,,0,0.0,255,0,8,0
metrics,fixedcost,metrics,ABCDE,150,0.95,early_full,8,8,0,0,0,0,8,0,0.0,0.0,,,,,0,0.0,760,0,8,0
metrics,fixedcost,metrics,ABCDE,150,0.95,boundary,8,8,0,0,0,0,8,0,0.0,0.0,,,,,0,0.0,90,0,8,3
metrics,fixedcost,metrics,ABCDE,150,0.95,short_local,8,8,0,0,0,0,8,0,0.0,0.0,,,,,0,0.0,36,0,8,0
metrics,fixedcost,metrics,ABCDE,150,0.95,whole_section,8,8,0,0,0,0,8,0,0.0,0.0,,,,,0,0.0,376,0,8,0
metrics,fixedcost,metrics,ABCDE,150,0.95,anxiety,8,8,0,0,0,0,8,0,0.0,0.0,,,,,0,0.0,241,0,8,16
metrics,fixedcost,metrics,ABCDE,150,0.95,double_shift,8,8,0,0,0,0,8,0,0.0,0.0,,,,,0,0.0,478,0,8,0
metrics,fixedcost,metrics,ABCDE,150,0.95,self_corrected,8,8,0,0,0,0,8,0,0.0,0.0,,,,,0,0.0,115,0,8,0
metrics,fixedcost,metrics,ABCDE,150,0.95,deferred,8,8,0,0,0,0,8,0,0.0,0.0,,,,,0,0.0,266,0,8,0
metrics,fixedcost,metrics,ABCDE,150,0.95,isolated,8,8,0,0,0,0,8,0,0.0,0.0,,,,,0,0.0,14,0,8,0
metrics,fixedcost,metrics,ABCDE,150,0.95,scanner_blank_1,8,8,0,0,0,0,8,0,0.0,0.0,,,,,0,0.0,529,0,8,0
metrics,fixedcost,metrics,ABCDE,150,0.95,scanner_blank_2,8,8,0,0,0,0,8,0,0.0,0.0,,,,,0,0.0,295,0,8,0
metrics,fixedcost,metrics,ABCDE,150,0.95,scanner_row_delete_1,8,8,0,0,0,0,8,0,0.0,0.0,,,,,0,0.0,458,0,8,0
metrics,fixedcost,metrics,ABCDE,150,0.95,scanner_row_delete_2,8,8,0,0,0,0,8,0,0.0,0.0,,,,,0,0.0,249,0,8,7
metrics,fixedcost,metrics,ABCDE,150,0.95,scanner_misread_1,8,0,8,0,0,0,0,8,,,0.0,0.312344,,,0,,0,0,8,0
metrics,fixedcost,metrics,ABCDE,150,0.95,scanner_misread_4,8,0,8,0,0,0,0,8,,,0.0,0.312344,,,0,,0,0,8,0
metrics,fixedcost,metrics,ABCDE,150,0.95,scanner_faint_1,8,0,8,0,0,0,0,8,,,0.0,0.312344,,,0,,0,0,8,0
metrics,fixedcost,metrics,ABCDE,150,0.95,scanner_faint_4,8,0,8,0,0,0,0,8,,,0.0,0.312344,,,0,,0,0,8,0
metrics,fixedcost,metrics,ABCDE,150,0.95,scanner_double_4,8,0,8,0,0,0,0,8,,,0.0,0.312344,,,0,,0,0,8,0
metrics,fixedcost,metrics,ABCDE,150,0.95,adv_long_runs,8,0,8,0,0,0,0,8,,,0.0,0.312344,,,0,,0,0,8,0
metrics,fixedcost,metrics,ABCDE,150,0.95,adv_favourite,8,0,8,0,0,0,0,8,,,0.0,0.312344,,,0,,0,0,8,0
metrics,fixedcost,metrics,ABCDE,150,0.95,adv_easy_block,8,0,8,0,0,0,0,8,,,0.0,0.312344,,,0,,0,0,8,0
metrics,fixedcost,metrics,ABCDE,150,0.95,adv_key_leakage,8,8,0,0,0,0,8,0,0.0,0.0,,,,,0,0.0,944,0,8,0
metrics,fixedcost,metrics,ABCDE,150,0.95,adv_cycle,8,0,8,0,0,0,0,8,,,0.0,0.312344,,,0,,0,0,8,0
metrics,noop,metrics,ABCD,46,0.26,none,8,0,8,0,0,0,0,8,,,0.0,0.312344,0.0,0.0,8,,0,0,8,0
metrics,noop,metrics,ABCD,46,0.26,row_skip_1,8,8,0,0,0,0,8,0,0.0,0.0,,,1.0,0.0,8,0.0,9,0,8,11
metrics,noop,metrics,ABCD,46,0.26,row_skip_2,8,8,0,0,0,0,8,0,0.0,0.0,,,1.0,0.0,8,0.0,11,0,8,2
metrics,noop,metrics,ABCD,46,0.26,early_full,8,8,0,0,0,0,8,0,0.0,0.0,,,1.0,0.0,8,0.0,57,0,8,1
metrics,noop,metrics,ABCD,46,0.26,boundary,8,8,0,0,0,0,8,0,0.0,0.0,,,1.0,0.0,8,0.0,3,0,8,11
metrics,noop,metrics,ABCD,46,0.26,short_local,8,8,0,0,0,0,8,0,0.0,0.0,,,1.0,0.0,8,0.0,10,0,8,2
metrics,noop,metrics,ABCD,46,0.26,whole_section,8,8,0,0,0,0,8,0,0.0,0.0,,,1.0,0.0,8,0.0,11,0,8,6
metrics,noop,metrics,ABCD,46,0.26,anxiety,8,8,0,0,0,0,8,0,0.0,0.0,,,1.0,0.0,8,0.0,9,0,8,5
metrics,noop,metrics,ABCD,46,0.26,double_shift,8,8,0,0,0,0,8,0,0.0,0.0,,,1.0,0.0,8,0.0,25,0,8,10
metrics,noop,metrics,ABCD,46,0.26,self_corrected,8,8,0,0,0,0,8,0,0.0,0.0,,,1.0,0.0,8,0.0,17,0,8,11
metrics,noop,metrics,ABCD,46,0.26,deferred,8,8,0,0,0,0,8,0,0.0,0.0,,,1.0,0.0,8,0.0,18,0,8,5
metrics,noop,metrics,ABCD,46,0.26,isolated,8,8,0,0,0,0,8,0,0.0,0.0,,,1.0,0.0,8,0.0,3,0,8,2
metrics,noop,metrics,ABCD,46,0.26,scanner_blank_1,8,8,0,0,0,0,8,0,0.0,0.0,,,1.0,0.0,8,0.0,15,0,8,8
metrics,noop,metrics,ABCD,46,0.26,scanner_blank_2,8,8,0,0,0,0,8,0,0.0,0.0,,,1.0,0.0,8,0.0,32,0,8,9
metrics,noop,metrics,ABCD,46,0.26,scanner_row_delete_1,8,8,0,0,0,0,8,0,0.0,0.0,,,1.0,0.0,8,0.0,28,0,8,10
metrics,noop,metrics,ABCD,46,0.26,scanner_row_delete_2,8,8,0,0,0,0,8,0,0.0,0.0,,,1.0,0.0,8,0.0,13,0,8,13
metrics,noop,metrics,ABCD,46,0.26,scanner_misread_1,8,0,8,0,0,0,0,8,,,0.0,0.312344,0.0,0.0,8,,0,0,8,0
metrics,noop,metrics,ABCD,46,0.26,scanner_misread_4,8,0,8,0,0,0,0,8,,,0.0,0.312344,0.0,0.0,8,,0,0,8,0
metrics,noop,metrics,ABCD,46,0.26,scanner_faint_1,8,0,8,0,0,0,0,8,,,0.0,0.312344,0.0,0.0,8,,0,0,8,0
metrics,noop,metrics,ABCD,46,0.26,scanner_faint_4,8,0,8,0,0,0,0,8,,,0.0,0.312344,0.0,0.0,8,,0,0,8,0
metrics,noop,metrics,ABCD,46,0.26,scanner_double_4,8,0,8,0,0,0,0,8,,,0.0,0.312344,0.0,0.0,8,,0,0,8,0
metrics,noop,metrics,ABCD,46,0.26,adv_long_runs,8,0,8,0,0,0,0,8,,,0.0,0.312344,0.0,0.0,8,,0,0,8,0
metrics,noop,metrics,ABCD,46,0.26,adv_favourite,8,0,8,0,0,0,0,8,,,0.0,0.312344,0.0,0.0,8,,0,0,8,0
metrics,noop,metrics,ABCD,46,0.26,adv_easy_block,8,0,8,0,0,0,0,8,,,0.0,0.312344,0.0,0.0,8,,0,0,8,0
metrics,noop,metrics,ABCD,46,0.26,adv_key_leakage,8,8,0,0,0,0,8,0,0.0,0.0,,,1.0,0.0,8,0.0,267,0,8,0
metrics,noop,metrics,ABCD,46,0.26,adv_cycle,8,0,8,0,0,0,0,8,,,0.0,0.312344,0.0,0.0,8,,0,0,8,0
metrics,noop,metrics,ABCD,46,0.4,none,8,0,8,0,0,0,0,8,,,0.0,0.312344,0.0,0.0,8,,0,0,8,0
metrics,noop,metrics,ABCD,46,0.4,row_skip_1,8,8,0,0,0,0,8,0,0.0,0.0,,,1.0,0.0,8,0.0,16,0,8,1
metrics,noop,metrics,ABCD,46,0.4,row_skip_2,8,8,0,0,0,0,8,0,0.0,0.0,,,1.0,0.0,8,0.0,24,0,8,4
metrics,noop,metrics,ABCD,46,0.4,early_full,8,8,0,0,0,0,8,0,0.0,0.0,,,1.0,0.0,8,0.0,52,0,8,2
metrics,noop,metrics,ABCD,46,0.4,boundary,8,8,0,0,0,0,8,0,0.0,0.0,,,1.0,0.0,8,0.0,9,0,8,1
metrics,noop,metrics,ABCD,46,0.4,short_local,8,8,0,0,0,0,8,0,0.0,0.0,,,1.0,0.0,8,0.0,11,0,8,2
metrics,noop,metrics,ABCD,46,0.4,whole_section,8,8,0,0,0,0,8,0,0.0,0.0,,,1.0,0.0,8,0.0,30,0,8,1
metrics,noop,metrics,ABCD,46,0.4,anxiety,8,8,0,0,0,0,8,0,0.0,0.0,,,1.0,0.0,8,0.0,18,0,8,11
metrics,noop,metrics,ABCD,46,0.4,double_shift,8,8,0,0,0,0,8,0,0.0,0.0,,,1.0,0.0,8,0.0,23,0,8,10
metrics,noop,metrics,ABCD,46,0.4,self_corrected,8,8,0,0,0,0,8,0,0.0,0.0,,,1.0,0.0,8,0.0,24,0,8,5
metrics,noop,metrics,ABCD,46,0.4,deferred,8,8,0,0,0,0,8,0,0.0,0.0,,,1.0,0.0,8,0.0,23,0,8,16
metrics,noop,metrics,ABCD,46,0.4,isolated,8,8,0,0,0,0,8,0,0.0,0.0,,,1.0,0.0,8,0.0,3,0,8,3
metrics,noop,metrics,ABCD,46,0.4,scanner_blank_1,8,8,0,0,0,0,8,0,0.0,0.0,,,1.0,0.0,8,0.0,38,0,8,0
metrics,noop,metrics,ABCD,46,0.4,scanner_blank_2,8,8,0,0,0,0,8,0,0.0,0.0,,,1.0,0.0,8,0.0,27,0,8,0
metrics,noop,metrics,ABCD,46,0.4,scanner_row_delete_1,8,8,0,0,0,0,8,0,0.0,0.0,,,1.0,0.0,8,0.0,23,0,8,5
metrics,noop,metrics,ABCD,46,0.4,scanner_row_delete_2,8,8,0,0,0,0,8,0,0.0,0.0,,,1.0,0.0,8,0.0,39,0,8,1
metrics,noop,metrics,ABCD,46,0.4,scanner_misread_1,8,0,8,0,0,0,0,8,,,0.0,0.312344,0.0,0.0,8,,0,0,8,0
metrics,noop,metrics,ABCD,46,0.4,scanner_misread_4,8,0,8,0,0,0,0,8,,,0.0,0.312344,0.0,0.0,8,,0,0,8,0
metrics,noop,metrics,ABCD,46,0.4,scanner_faint_1,8,0,8,0,0,0,0,8,,,0.0,0.312344,0.0,0.0,8,,0,0,8,0
metrics,noop,metrics,ABCD,46,0.4,scanner_faint_4,8,0,8,0,0,0,0,8,,,0.0,0.312344,0.0,0.0,8,,0,0,8,0
metrics,noop,metrics,ABCD,46,0.4,scanner_double_4,8,0,8,0,0,0,0,8,,,0.0,0.312344,0.0,0.0,8,,0,0,8,0
metrics,noop,metrics,ABCD,46,0.4,adv_long_runs,8,0,8,0,0,0,0,8,,,0.0,0.312344,0.0,0.0,8,,0,0,8,0
metrics,noop,metrics,ABCD,46,0.4,adv_favourite,8,0,8,0,0,0,0,8,,,0.0,0.312344,0.0,0.0,8,,0,0,8,0
metrics,noop,metrics,ABCD,46,0.4,adv_easy_block,8,0,8,0,0,0,0,8,,,0.0,0.312344,0.0,0.0,8,,0,0,8,0
metrics,noop,metrics,ABCD,46,0.4,adv_key_leakage,8,8,0,0,0,0,8,0,0.0,0.0,,,1.0,0.0,8,0.0,271,0,8,0
metrics,noop,metrics,ABCD,46,0.4,adv_cycle,8,0,8,0,0,0,0,8,,,0.0,0.312344,0.0,0.0,8,,0,0,8,0
metrics,noop,metrics,ABCD,46,0.55,none,8,0,8,0,0,0,0,8,,,0.0,0.312344,0.0,0.0,8,,0,0,8,0
metrics,noop,metrics,ABCD,46,0.55,row_skip_1,8,8,0,0,0,0,8,0,0.0,0.0,,,1.0,0.0,8,0.0,43,0,8,0
metrics,noop,metrics,ABCD,46,0.55,row_skip_2,8,8,0,0,0,0,8,0,0.0,0.0,,,1.0,0.0,8,0.0,45,0,8,2
metrics,noop,metrics,ABCD,46,0.55,early_full,8,8,0,0,0,0,8,0,0.0,0.0,,,1.0,0.0,8,0.0,80,0,8,1
metrics,noop,metrics,ABCD,46,0.55,boundary,8,8,0,0,0,0,8,0,0.0,0.0,,,1.0,0.0,8,0.0,21,0,8,2
metrics,noop,metrics,ABCD,46,0.55,short_local,8,8,0,0,0,0,8,0,0.0,0.0,,,1.0,0.0,8,0.0,13,0,8,3
metrics,noop,metrics,ABCD,46,0.55,whole_section,8,8,0,0,0,0,8,0,0.0,0.0,,,1.0,0.0,8,0.0,55,0,8,0
metrics,noop,metrics,ABCD,46,0.55,anxiety,8,8,0,0,0,0,8,0,0.0,0.0,,,1.0,0.0,8,0.0,51,0,8,0
metrics,noop,metrics,ABCD,46,0.55,double_shift,8,8,0,0,0,0,8,0,0.0,0.0,,,1.0,0.0,8,0.0,44,0,8,13
metrics,noop,metrics,ABCD,46,0.55,self_corrected,8,8,0,0,0,0,8,0,0.0,0.0,,,1.0,0.0,8,0.0,50,0,8,1
metrics,noop,metrics,ABCD,46,0.55,deferred,8,8,0,0,0,0,8,0,0.0,0.0,,,1.0,0.0,8,0.0,44,0,8,6
metrics,noop,metrics,ABCD,46,0.55,isolated,8,8,0,0,0,0,8,0,0.0,0.0,,,1.0,0.0,8,0.0,5,0,8,2
metrics,noop,metrics,ABCD,46,0.55,scanner_blank_1,8,8,0,0,0,0,8,0,0.0,0.0,,,1.0,0.0,8,0.0,57,0,8,0
metrics,noop,metrics,ABCD,46,0.55,scanner_blank_2,8,8,0,0,0,0,8,0,0.0,0.0,,,1.0,0.0,8,0.0,51,0,8,1
metrics,noop,metrics,ABCD,46,0.55,scanner_row_delete_1,8,8,0,0,0,0,8,0,0.0,0.0,,,1.0,0.0,8,0.0,50,0,8,4
metrics,noop,metrics,ABCD,46,0.55,scanner_row_delete_2,8,8,0,0,0,0,8,0,0.0,0.0,,,1.0,0.0,8,0.0,51,0,8,0
metrics,noop,metrics,ABCD,46,0.55,scanner_misread_1,8,0,8,0,0,0,0,8,,,0.0,0.312344,0.0,0.0,8,,0,0,8,0
metrics,noop,metrics,ABCD,46,0.55,scanner_misread_4,8,0,8,0,0,0,0,8,,,0.0,0.312344,0.0,0.0,8,,0,0,8,0
metrics,noop,metrics,ABCD,46,0.55,scanner_faint_1,8,0,8,0,0,0,0,8,,,0.0,0.312344,0.0,0.0,8,,0,0,8,0
metrics,noop,metrics,ABCD,46,0.55,scanner_faint_4,8,0,8,0,0,0,0,8,,,0.0,0.312344,0.0,0.0,8,,0,0,8,0
metrics,noop,metrics,ABCD,46,0.55,scanner_double_4,8,0,8,0,0,0,0,8,,,0.0,0.312344,0.0,0.0,8,,0,0,8,0
metrics,noop,metrics,ABCD,46,0.55,adv_long_runs,8,0,8,0,0,0,0,8,,,0.0,0.312344,0.0,0.0,8,,0,0,8,0
metrics,noop,metrics,ABCD,46,0.55,adv_favourite,8,0,8,0,0,0,0,8,,,0.0,0.312344,0.0,0.0,8,,0,0,8,0
metrics,noop,metrics,ABCD,46,0.55,adv_easy_block,8,0,8,0,0,0,0,8,,,0.0,0.312344,0.0,0.0,8,,0,0,8,0
metrics,noop,metrics,ABCD,46,0.55,adv_key_leakage,8,8,0,0,0,0,8,0,0.0,0.0,,,1.0,0.0,8,0.0,270,0,8,0
metrics,noop,metrics,ABCD,46,0.55,adv_cycle,8,0,8,0,0,0,0,8,,,0.0,0.312344,0.0,0.0,8,,0,0,8,0
metrics,noop,metrics,ABCD,46,0.7,none,8,0,8,0,0,0,0,8,,,0.0,0.312344,0.0,0.0,8,,0,0,8,0
metrics,noop,metrics,ABCD,46,0.7,row_skip_1,8,8,0,0,0,0,8,0,0.0,0.0,,,1.0,0.0,8,0.0,65,0,8,0
metrics,noop,metrics,ABCD,46,0.7,row_skip_2,8,8,0,0,0,0,8,0,0.0,0.0,,,1.0,0.0,8,0.0,52,0,8,2
metrics,noop,metrics,ABCD,46,0.7,early_full,8,8,0,0,0,0,8,0,0.0,0.0,,,1.0,0.0,8,0.0,104,0,8,0
metrics,noop,metrics,ABCD,46,0.7,boundary,8,8,0,0,0,0,8,0,0.0,0.0,,,1.0,0.0,8,0.0,30,0,8,1
metrics,noop,metrics,ABCD,46,0.7,short_local,8,8,0,0,0,0,8,0,0.0,0.0,,,1.0,0.0,8,0.0,17,0,8,0
metrics,noop,metrics,ABCD,46,0.7,whole_section,8,8,0,0,0,0,8,0,0.0,0.0,,,1.0,0.0,8,0.0,34,0,8,7
metrics,noop,metrics,ABCD,46,0.7,anxiety,8,8,0,0,0,0,8,0,0.0,0.0,,,1.0,0.0,8,0.0,42,0,8,10
metrics,noop,metrics,ABCD,46,0.7,double_shift,8,8,0,0,0,0,8,0,0.0,0.0,,,1.0,0.0,8,0.0,59,0,8,0
metrics,noop,metrics,ABCD,46,0.7,self_corrected,8,8,0,0,0,0,8,0,0.0,0.0,,,1.0,0.0,8,0.0,55,0,8,0
metrics,noop,metrics,ABCD,46,0.7,deferred,8,8,0,0,0,0,8,0,0.0,0.0,,,1.0,0.0,8,0.0,60,0,8,6
metrics,noop,metrics,ABCD,46,0.7,isolated,8,8,0,0,0,0,8,0,0.0,0.0,,,1.0,0.0,8,0.0,6,0,8,1
metrics,noop,metrics,ABCD,46,0.7,scanner_blank_1,8,8,0,0,0,0,8,0,0.0,0.0,,,1.0,0.0,8,0.0,77,0,8,0
metrics,noop,metrics,ABCD,46,0.7,scanner_blank_2,8,8,0,0,0,0,8,0,0.0,0.0,,,1.0,0.0,8,0.0,79,0,8,1
metrics,noop,metrics,ABCD,46,0.7,scanner_row_delete_1,8,8,0,0,0,0,8,0,0.0,0.0,,,1.0,0.0,8,0.0,42,0,8,10
metrics,noop,metrics,ABCD,46,0.7,scanner_row_delete_2,8,8,0,0,0,0,8,0,0.0,0.0,,,1.0,0.0,8,0.0,51,0,8,5
metrics,noop,metrics,ABCD,46,0.7,scanner_misread_1,8,0,8,0,0,0,0,8,,,0.0,0.312344,0.0,0.0,8,,0,0,8,0
metrics,noop,metrics,ABCD,46,0.7,scanner_misread_4,8,0,8,0,0,0,0,8,,,0.0,0.312344,0.0,0.0,8,,0,0,8,0
metrics,noop,metrics,ABCD,46,0.7,scanner_faint_1,8,0,8,0,0,0,0,8,,,0.0,0.312344,0.0,0.0,8,,0,0,8,0
metrics,noop,metrics,ABCD,46,0.7,scanner_faint_4,8,0,8,0,0,0,0,8,,,0.0,0.312344,0.0,0.0,8,,0,0,8,0
metrics,noop,metrics,ABCD,46,0.7,scanner_double_4,8,0,8,0,0,0,0,8,,,0.0,0.312344,0.0,0.0,8,,0,0,8,0
metrics,noop,metrics,ABCD,46,0.7,adv_long_runs,8,0,8,0,0,0,0,8,,,0.0,0.312344,0.0,0.0,8,,0,0,8,0
metrics,noop,metrics,ABCD,46,0.7,adv_favourite,8,0,8,0,0,0,0,8,,,0.0,0.312344,0.0,0.0,8,,0,0,8,0
metrics,noop,metrics,ABCD,46,0.7,adv_easy_block,8,0,8,0,0,0,0,8,,,0.0,0.312344,0.0,0.0,8,,0,0,8,0
metrics,noop,metrics,ABCD,46,0.7,adv_key_leakage,8,8,0,0,0,0,8,0,0.0,0.0,,,1.0,0.0,8,0.0,262,0,8,0
metrics,noop,metrics,ABCD,46,0.7,adv_cycle,8,0,8,0,0,0,0,8,,,0.0,0.312344,0.0,0.0,8,,0,0,8,0
metrics,noop,metrics,ABCD,46,0.85,none,8,0,8,0,0,0,0,8,,,0.0,0.312344,0.0,0.0,8,,0,0,8,0
metrics,noop,metrics,ABCD,46,0.85,row_skip_1,8,8,0,0,0,0,8,0,0.0,0.0,,,1.0,0.0,8,0.0,69,0,8,0
metrics,noop,metrics,ABCD,46,0.85,row_skip_2,8,8,0,0,0,0,8,0,0.0,0.0,,,1.0,0.0,8,0.0,70,0,8,1
metrics,noop,metrics,ABCD,46,0.85,early_full,8,8,0,0,0,0,8,0,0.0,0.0,,,1.0,0.0,8,0.0,161,0,8,0
metrics,noop,metrics,ABCD,46,0.85,boundary,8,8,0,0,0,0,8,0,0.0,0.0,,,1.0,0.0,8,0.0,47,0,8,1
metrics,noop,metrics,ABCD,46,0.85,short_local,8,8,0,0,0,0,8,0,0.0,0.0,,,1.0,0.0,8,0.0,42,0,8,1
metrics,noop,metrics,ABCD,46,0.85,whole_section,8,8,0,0,0,0,8,0,0.0,0.0,,,1.0,0.0,8,0.0,87,0,8,0
metrics,noop,metrics,ABCD,46,0.85,anxiety,8,8,0,0,0,0,8,0,0.0,0.0,,,1.0,0.0,8,0.0,67,0,8,7
metrics,noop,metrics,ABCD,46,0.85,double_shift,8,8,0,0,0,0,8,0,0.0,0.0,,,1.0,0.0,8,0.0,127,0,8,0
metrics,noop,metrics,ABCD,46,0.85,self_corrected,8,8,0,0,0,0,8,0,0.0,0.0,,,1.0,0.0,8,0.0,91,0,8,0
metrics,noop,metrics,ABCD,46,0.85,deferred,8,8,0,0,0,0,8,0,0.0,0.0,,,1.0,0.0,8,0.0,90,0,8,0
metrics,noop,metrics,ABCD,46,0.85,isolated,8,8,0,0,0,0,8,0,0.0,0.0,,,1.0,0.0,8,0.0,10,0,8,0
metrics,noop,metrics,ABCD,46,0.85,scanner_blank_1,8,8,0,0,0,0,8,0,0.0,0.0,,,1.0,0.0,8,0.0,77,0,8,0
metrics,noop,metrics,ABCD,46,0.85,scanner_blank_2,8,8,0,0,0,0,8,0,0.0,0.0,,,1.0,0.0,8,0.0,57,0,8,3
metrics,noop,metrics,ABCD,46,0.85,scanner_row_delete_1,8,8,0,0,0,0,8,0,0.0,0.0,,,1.0,0.0,8,0.0,96,0,8,0
metrics,noop,metrics,ABCD,46,0.85,scanner_row_delete_2,8,8,0,0,0,0,8,0,0.0,0.0,,,1.0,0.0,8,0.0,96,0,8,2
metrics,noop,metrics,ABCD,46,0.85,scanner_misread_1,8,0,8,0,0,0,0,8,,,0.0,0.312344,0.0,0.0,8,,0,0,8,0
metrics,noop,metrics,ABCD,46,0.85,scanner_misread_4,8,0,8,0,0,0,0,8,,,0.0,0.312344,0.0,0.0,8,,0,0,8,0
metrics,noop,metrics,ABCD,46,0.85,scanner_faint_1,8,0,8,0,0,0,0,8,,,0.0,0.312344,0.0,0.0,8,,0,0,8,0
metrics,noop,metrics,ABCD,46,0.85,scanner_faint_4,8,0,8,0,0,0,0,8,,,0.0,0.312344,0.0,0.0,8,,0,0,8,0
metrics,noop,metrics,ABCD,46,0.85,scanner_double_4,8,0,8,0,0,0,0,8,,,0.0,0.312344,0.0,0.0,8,,0,0,8,0
metrics,noop,metrics,ABCD,46,0.85,adv_long_runs,8,0,8,0,0,0,0,8,,,0.0,0.312344,0.0,0.0,8,,0,0,8,0
metrics,noop,metrics,ABCD,46,0.85,adv_favourite,8,0,8,0,0,0,0,8,,,0.0,0.312344,0.0,0.0,8,,0,0,8,0
metrics,noop,metrics,ABCD,46,0.85,adv_easy_block,8,0,8,0,0,0,0,8,,,0.0,0.312344,0.0,0.0,8,,0,0,8,0
metrics,noop,metrics,ABCD,46,0.85,adv_key_leakage,8,8,0,0,0,0,8,0,0.0,0.0,,,1.0,0.0,8,0.0,266,0,8,0
metrics,noop,metrics,ABCD,46,0.85,adv_cycle,8,0,8,0,0,0,0,8,,,0.0,0.312344,0.0,0.0,8,,0,0,8,0
metrics,noop,metrics,ABCD,46,0.95,none,8,0,8,0,0,0,0,8,,,0.0,0.312344,0.0,0.0,8,,0,0,8,0
metrics,noop,metrics,ABCD,46,0.95,row_skip_1,8,8,0,0,0,0,8,0,0.0,0.0,,,1.0,0.0,8,0.0,68,0,8,0
metrics,noop,metrics,ABCD,46,0.95,row_skip_2,8,8,0,0,0,0,8,0,0.0,0.0,,,1.0,0.0,8,0.0,88,0,8,1
metrics,noop,metrics,ABCD,46,0.95,early_full,8,8,0,0,0,0,8,0,0.0,0.0,,,1.0,0.0,8,0.0,198,0,8,1
metrics,noop,metrics,ABCD,46,0.95,boundary,8,8,0,0,0,0,8,0,0.0,0.0,,,1.0,0.0,8,0.0,39,0,8,2
metrics,noop,metrics,ABCD,46,0.95,short_local,8,8,0,0,0,0,8,0,0.0,0.0,,,1.0,0.0,8,0.0,28,0,8,1
metrics,noop,metrics,ABCD,46,0.95,whole_section,8,8,0,0,0,0,8,0,0.0,0.0,,,1.0,0.0,8,0.0,99,0,8,0
metrics,noop,metrics,ABCD,46,0.95,anxiety,8,8,0,0,0,0,8,0,0.0,0.0,,,1.0,0.0,8,0.0,115,0,8,0
metrics,noop,metrics,ABCD,46,0.95,double_shift,8,8,0,0,0,0,8,0,0.0,0.0,,,1.0,0.0,8,0.0,168,0,8,0
metrics,noop,metrics,ABCD,46,0.95,self_corrected,8,8,0,0,0,0,8,0,0.0,0.0,,,1.0,0.0,8,0.0,84,0,8,2
metrics,noop,metrics,ABCD,46,0.95,deferred,8,8,0,0,0,0,8,0,0.0,0.0,,,1.0,0.0,8,0.0,138,0,8,0
metrics,noop,metrics,ABCD,46,0.95,isolated,8,8,0,0,0,0,8,0,0.0,0.0,,,1.0,0.0,8,0.0,9,0,8,0
metrics,noop,metrics,ABCD,46,0.95,scanner_blank_1,8,8,0,0,0,0,8,0,0.0,0.0,,,1.0,0.0,8,0.0,116,0,8,4
metrics,noop,metrics,ABCD,46,0.95,scanner_blank_2,8,8,0,0,0,0,8,0,0.0,0.0,,,1.0,0.0,8,0.0,107,0,8,1
metrics,noop,metrics,ABCD,46,0.95,scanner_row_delete_1,8,8,0,0,0,0,8,0,0.0,0.0,,,1.0,0.0,8,0.0,69,0,8,0
metrics,noop,metrics,ABCD,46,0.95,scanner_row_delete_2,8,8,0,0,0,0,8,0,0.0,0.0,,,1.0,0.0,8,0.0,89,0,8,0
metrics,noop,metrics,ABCD,46,0.95,scanner_misread_1,8,0,8,0,0,0,0,8,,,0.0,0.312344,0.0,0.0,8,,0,0,8,0
metrics,noop,metrics,ABCD,46,0.95,scanner_misread_4,8,0,8,0,0,0,0,8,,,0.0,0.312344,0.0,0.0,8,,0,0,8,0
metrics,noop,metrics,ABCD,46,0.95,scanner_faint_1,8,0,8,0,0,0,0,8,,,0.0,0.312344,0.0,0.0,8,,0,0,8,0
metrics,noop,metrics,ABCD,46,0.95,scanner_faint_4,8,0,8,0,0,0,0,8,,,0.0,0.312344,0.0,0.0,8,,0,0,8,0
metrics,noop,metrics,ABCD,46,0.95,scanner_double_4,8,0,8,0,0,0,0,8,,,0.0,0.312344,0.0,0.0,8,,0,0,8,0
metrics,noop,metrics,ABCD,46,0.95,adv_long_runs,8,0,8,0,0,0,0,8,,,0.0,0.312344,0.0,0.0,8,,0,0,8,0
metrics,noop,metrics,ABCD,46,0.95,adv_favourite,8,0,8,0,0,0,0,8,,,0.0,0.312344,0.0,0.0,8,,0,0,8,0
metrics,noop,metrics,ABCD,46,0.95,adv_easy_block,8,0,8,0,0,0,0,8,,,0.0,0.312344,0.0,0.0,8,,0,0,8,0
metrics,noop,metrics,ABCD,46,0.95,adv_key_leakage,8,8,0,0,0,0,8,0,0.0,0.0,,,1.0,0.0,8,0.0,260,0,8,0
metrics,noop,metrics,ABCD,46,0.95,adv_cycle,8,0,8,0,0,0,0,8,,,0.0,0.312344,0.0,0.0,8,,0,0,8,0
metrics,noop,metrics,ABCD,90,0.26,none,8,0,8,0,0,0,0,8,,,0.0,0.312344,0.0,0.0,8,,0,0,8,0
metrics,noop,metrics,ABCD,90,0.26,row_skip_1,8,8,0,0,0,0,8,0,0.0,0.0,,,1.0,0.0,8,0.0,14,0,8,10
metrics,noop,metrics,ABCD,90,0.26,row_skip_2,8,8,0,0,0,0,8,0,0.0,0.0,,,1.0,0.0,8,0.0,16,0,8,6
metrics,noop,metrics,ABCD,90,0.26,early_full,8,8,0,0,0,0,8,0,0.0,0.0,,,1.0,0.0,8,0.0,26,0,8,19
metrics,noop,metrics,ABCD,90,0.26,boundary,8,8,0,0,0,0,8,0,0.0,0.0,,,1.0,0.0,8,0.0,11,0,8,5
metrics,noop,metrics,ABCD,90,0.26,short_local,8,8,0,0,0,0,8,0,0.0,0.0,,,1.0,0.0,8,0.0,1,0,8,10
metrics,noop,metrics,ABCD,90,0.26,whole_section,8,8,0,0,0,0,8,0,0.0,0.0,,,1.0,0.0,8,0.0,12,0,8,15
metrics,noop,metrics,ABCD,90,0.26,anxiety,8,8,0,0,0,0,8,0,0.0,0.0,,,1.0,0.0,8,0.0,7,0,8,11
metrics,noop,metrics,ABCD,90,0.26,double_shift,8,8,0,0,0,0,8,0,0.0,0.0,,,1.0,0.0,8,0.0,35,0,8,29
metrics,noop,metrics,ABCD,90,0.26,self_corrected,8,8,0,0,0,0,8,0,0.0,0.0,,,1.0,0.0,8,0.0,19,0,8,9
metrics,noop,metrics,ABCD,90,0.26,deferred,8,8,0,0,0,0,8,0,0.0,0.0,,,1.0,0.0,8,0.0,9,0,8,26
metrics,noop,metrics,ABCD,90,0.26,isolated,8,8,0,0,0,0,8,0,0.0,0.0,,,1.0,0.0,8,0.0,2,0,8,2
metrics,noop,metrics,ABCD,90,0.26,scanner_blank_1,8,8,0,0,0,0,8,0,0.0,0.0,,,1.0,0.0,8,0.0,20,0,8,14
metrics,noop,metrics,ABCD,90,0.26,scanner_blank_2,8,8,0,0,0,0,8,0,0.0,0.0,,,1.0,0.0,8,0.0,34,0,8,15
metrics,noop,metrics,ABCD,90,0.26,scanner_row_delete_1,8,8,0,0,0,0,8,0,0.0,0.0,,,1.0,0.0,8,0.0,39,0,8,10
metrics,noop,metrics,ABCD,90,0.26,scanner_row_delete_2,8,8,0,0,0,0,8,0,0.0,0.0,,,1.0,0.0,8,0.0,27,0,8,24
metrics,noop,metrics,ABCD,90,0.26,scanner_misread_1,8,0,8,0,0,0,0,8,,,0.0,0.312344,0.0,0.0,8,,0,0,8,0
metrics,noop,metrics,ABCD,90,0.26,scanner_misread_4,8,0,8,0,0,0,0,8,,,0.0,0.312344,0.0,0.0,8,,0,0,8,0
metrics,noop,metrics,ABCD,90,0.26,scanner_faint_1,8,0,8,0,0,0,0,8,,,0.0,0.312344,0.0,0.0,8,,0,0,8,0
metrics,noop,metrics,ABCD,90,0.26,scanner_faint_4,8,0,8,0,0,0,0,8,,,0.0,0.312344,0.0,0.0,8,,0,0,8,0
metrics,noop,metrics,ABCD,90,0.26,scanner_double_4,8,0,8,0,0,0,0,8,,,0.0,0.312344,0.0,0.0,8,,0,0,8,0
metrics,noop,metrics,ABCD,90,0.26,adv_long_runs,8,0,8,0,0,0,0,8,,,0.0,0.312344,0.0,0.0,8,,0,0,8,0
metrics,noop,metrics,ABCD,90,0.26,adv_favourite,8,0,8,0,0,0,0,8,,,0.0,0.312344,0.0,0.0,8,,0,0,8,0
metrics,noop,metrics,ABCD,90,0.26,adv_easy_block,8,0,8,0,0,0,0,8,,,0.0,0.312344,0.0,0.0,8,,0,0,8,0
metrics,noop,metrics,ABCD,90,0.26,adv_key_leakage,8,8,0,0,0,0,8,0,0.0,0.0,,,1.0,0.0,8,0.0,538,0,8,0
metrics,noop,metrics,ABCD,90,0.26,adv_cycle,8,0,8,0,0,0,0,8,,,0.0,0.312344,0.0,0.0,8,,0,0,8,0
metrics,noop,metrics,ABCD,90,0.4,none,8,0,8,0,0,0,0,8,,,0.0,0.312344,0.0,0.0,8,,0,0,8,0
metrics,noop,metrics,ABCD,90,0.4,row_skip_1,8,8,0,0,0,0,8,0,0.0,0.0,,,1.0,0.0,8,0.0,38,0,8,6
metrics,noop,metrics,ABCD,90,0.4,row_skip_2,8,8,0,0,0,0,8,0,0.0,0.0,,,1.0,0.0,8,0.0,63,0,8,5
metrics,noop,metrics,ABCD,90,0.4,early_full,8,8,0,0,0,0,8,0,0.0,0.0,,,1.0,0.0,8,0.0,137,0,8,3
metrics,noop,metrics,ABCD,90,0.4,boundary,8,8,0,0,0,0,8,0,0.0,0.0,,,1.0,0.0,8,0.0,17,0,8,12
metrics,noop,metrics,ABCD,90,0.4,short_local,8,8,0,0,0,0,8,0,0.0,0.0,,,1.0,0.0,8,0.0,12,0,8,4
metrics,noop,metrics,ABCD,90,0.4,whole_section,8,8,0,0,0,0,8,0,0.0,0.0,,,1.0,0.0,8,0.0,62,0,8,0
metrics,noop,metrics,ABCD,90,0.4,anxiety,8,8,0,0,0,0,8,0,0.0,0.0,,,1.0,0.0,8,0.0,46,0,8,6
metrics,noop,metrics,ABCD,90,0.4,double_shift,8,8,0,0,0,0,8,0,0.0,0.0,,,1.0,0.0,8,0.0,61,0,8,3
metrics,noop,metrics,ABCD,90,0.4,self_corrected,8,8,0,0,0,0,8,0,0.0,0.0,,,1.0,0.0,8,0.0,53,0,8,0
metrics,noop,metrics,ABCD,90,0.4,deferred,8,8,0,0,0,0,8,0,0.0,0.0,,,1.0,0.0,8,0.0,87,0,8,0
metrics,noop,metrics,ABCD,90,0.4,isolated,8,8,0,0,0,0,8,0,0.0,0.0,,,1.0,0.0,8,0.0,6,0,8,0
metrics,noop,metrics,ABCD,90,0.4,scanner_blank_1,8,8,0,0,0,0,8,0,0.0,0.0,,,1.0,0.0,8,0.0,37,0,8,4
metrics,noop,metrics,ABCD,90,0.4,scanner_blank_2,8,8,0,0,0,0,8,0,0.0,0.0,,,1.0,0.0,8,0.0,32,0,8,5
metrics,noop,metrics,ABCD,90,0.4,scanner_row_delete_1,8,8,0,0,0,0,8,0,0.0,0.0,,,1.0,0.0,8,0.0,49,0,8,9
metrics,noop,metrics,ABCD,90,0.4,scanner_row_delete_2,8,8,0,0,0,0,8,0,0.0,0.0,,,1.0,0.0,8,0.0,48,0,8,0
metrics,noop,metrics,ABCD,90,0.4,scanner_misread_1,8,0,8,0,0,0,0,8,,,0.0,0.312344,0.0,0.0,8,,0,0,8,0
metrics,noop,metrics,ABCD,90,0.4,scanner_misread_4,8,0,8,0,0,0,0,8,,,0.0,0.312344,0.0,0.0,8,,0,0,8,0
metrics,noop,metrics,ABCD,90,0.4,scanner_faint_1,8,0,8,0,0,0,0,8,,,0.0,0.312344,0.0,0.0,8,,0,0,8,0
metrics,noop,metrics,ABCD,90,0.4,scanner_faint_4,8,0,8,0,0,0,0,8,,,0.0,0.312344,0.0,0.0,8,,0,0,8,0
metrics,noop,metrics,ABCD,90,0.4,scanner_double_4,8,0,8,0,0,0,0,8,,,0.0,0.312344,0.0,0.0,8,,0,0,8,0
metrics,noop,metrics,ABCD,90,0.4,adv_long_runs,8,0,8,0,0,0,0,8,,,0.0,0.312344,0.0,0.0,8,,0,0,8,0
metrics,noop,metrics,ABCD,90,0.4,adv_favourite,8,0,8,0,0,0,0,8,,,0.0,0.312344,0.0,0.0,8,,0,0,8,0
metrics,noop,metrics,ABCD,90,0.4,adv_easy_block,8,0,8,0,0,0,0,8,,,0.0,0.312344,0.0,0.0,8,,0,0,8,0
metrics,noop,metrics,ABCD,90,0.4,adv_key_leakage,8,8,0,0,0,0,8,0,0.0,0.0,,,1.0,0.0,8,0.0,512,0,8,0
metrics,noop,metrics,ABCD,90,0.4,adv_cycle,8,0,8,0,0,0,0,8,,,0.0,0.312344,0.0,0.0,8,,0,0,8,0
metrics,noop,metrics,ABCD,90,0.55,none,8,0,8,0,0,0,0,8,,,0.0,0.312344,0.0,0.0,8,,0,0,8,0
metrics,noop,metrics,ABCD,90,0.55,row_skip_1,8,8,0,0,0,0,8,0,0.0,0.0,,,1.0,0.0,8,0.0,84,0,8,0
metrics,noop,metrics,ABCD,90,0.55,row_skip_2,8,8,0,0,0,0,8,0,0.0,0.0,,,1.0,0.0,8,0.0,63,0,8,1
metrics,noop,metrics,ABCD,90,0.55,early_full,8,8,0,0,0,0,8,0,0.0,0.0,,,1.0,0.0,8,0.0,187,0,8,0
metrics,noop,metrics,ABCD,90,0.55,boundary,8,8,0,0,0,0,8,0,0.0,0.0,,,1.0,0.0,8,0.0,63,0,8,4
metrics,noop,metrics,ABCD,90,0.55,short_local,8,8,0,0,0,0,8,0,0.0,0.0,,,1.0,0.0,8,0.0,11,0,8,2
metrics,noop,metrics,ABCD,90,0.55,whole_section,8,8,0,0,0,0,8,0,0.0,0.0,,,1.0,0.0,8,0.0,96,0,8,0
metrics,noop,metrics,ABCD,90,0.55,anxiety,8,8,0,0,0,0,8,0,0.0,0.0,,,1.0,0.0,8,0.0,65,0,8,4
metrics,noop,metrics,ABCD,90,0.55,double_shift,8,8,0,0,0,0,8,0,0.0,0.0,,,1.0,0.0,8,0.0,148,0,8,0
metrics,noop,metrics,ABCD,90,0.55,self_corrected,8,8,0,0,0,0,8,0,0.0,0.0,,,1.0,0.0,8,0.0,41,0,8,1
metrics,noop,metrics,ABCD,90,0.55,deferred,8,8,0,0,0,0,8,0,0.0,0.0,,,1.0,0.0,8,0.0,101,0,8,3
metrics,noop,metrics,ABCD,90,0.55,isolated,8,8,0,0,0,0,8,0,0.0,0.0,,,1.0,0.0,8,0.0,6,0,8,0
metrics,noop,metrics,ABCD,90,0.55,scanner_blank_1,8,8,0,0,0,0,8,0,0.0,0.0,,,1.0,0.0,8,0.0,62,0,8,1
metrics,noop,metrics,ABCD,90,0.55,scanner_blank_2,8,8,0,0,0,0,8,0,0.0,0.0,,,1.0,0.0,8,0.0,51,0,8,5
metrics,noop,metrics,ABCD,90,0.55,scanner_row_delete_1,8,8,0,0,0,0,8,0,0.0,0.0,,,1.0,0.0,8,0.0,69,0,8,17
metrics,noop,metrics,ABCD,90,0.55,scanner_row_delete_2,8,8,0,0,0,0,8,0,0.0,0.0,,,1.0,0.0,8,0.0,55,0,8,2
metrics,noop,metrics,ABCD,90,0.55,scanner_misread_1,8,0,8,0,0,0,0,8,,,0.0,0.312344,0.0,0.0,8,,0,0,8,0
metrics,noop,metrics,ABCD,90,0.55,scanner_misread_4,8,0,8,0,0,0,0,8,,,0.0,0.312344,0.0,0.0,8,,0,0,8,0
metrics,noop,metrics,ABCD,90,0.55,scanner_faint_1,8,0,8,0,0,0,0,8,,,0.0,0.312344,0.0,0.0,8,,0,0,8,0
metrics,noop,metrics,ABCD,90,0.55,scanner_faint_4,8,0,8,0,0,0,0,8,,,0.0,0.312344,0.0,0.0,8,,0,0,8,0
metrics,noop,metrics,ABCD,90,0.55,scanner_double_4,8,0,8,0,0,0,0,8,,,0.0,0.312344,0.0,0.0,8,,0,0,8,0
metrics,noop,metrics,ABCD,90,0.55,adv_long_runs,8,0,8,0,0,0,0,8,,,0.0,0.312344,0.0,0.0,8,,0,0,8,0
metrics,noop,metrics,ABCD,90,0.55,adv_favourite,8,0,8,0,0,0,0,8,,,0.0,0.312344,0.0,0.0,8,,0,0,8,0
metrics,noop,metrics,ABCD,90,0.55,adv_easy_block,8,0,8,0,0,0,0,8,,,0.0,0.312344,0.0,0.0,8,,0,0,8,0
metrics,noop,metrics,ABCD,90,0.55,adv_key_leakage,8,8,0,0,0,0,8,0,0.0,0.0,,,1.0,0.0,8,0.0,522,0,8,0
metrics,noop,metrics,ABCD,90,0.55,adv_cycle,8,0,8,0,0,0,0,8,,,0.0,0.312344,0.0,0.0,8,,0,0,8,0
metrics,noop,metrics,ABCD,90,0.7,none,8,0,8,0,0,0,0,8,,,0.0,0.312344,0.0,0.0,8,,0,0,8,0
metrics,noop,metrics,ABCD,90,0.7,row_skip_1,8,8,0,0,0,0,8,0,0.0,0.0,,,1.0,0.0,8,0.0,111,0,8,6
metrics,noop,metrics,ABCD,90,0.7,row_skip_2,8,8,0,0,0,0,8,0,0.0,0.0,,,1.0,0.0,8,0.0,166,0,8,0
metrics,noop,metrics,ABCD,90,0.7,early_full,8,8,0,0,0,0,8,0,0.0,0.0,,,1.0,0.0,8,0.0,220,0,8,3
metrics,noop,metrics,ABCD,90,0.7,boundary,8,8,0,0,0,0,8,0,0.0,0.0,,,1.0,0.0,8,0.0,55,0,8,2
metrics,noop,metrics,ABCD,90,0.7,short_local,8,8,0,0,0,0,8,0,0.0,0.0,,,1.0,0.0,8,0.0,20,0,8,1
metrics,noop,metrics,ABCD,90,0.7,whole_section,8,8,0,0,0,0,8,0,0.0,0.0,,,1.0,0.0,8,0.0,71,0,8,5
metrics,noop,metrics,ABCD,90,0.7,anxiety,8,8,0,0,0,0,8,0,0.0,0.0,,,1.0,0.0,8,0.0,160,0,8,0
metrics,noop,metrics,ABCD,90,0.7,double_shift,8,8,0,0,0,0,8,0,0.0,0.0,,,1.0,0.0,8,0.0,150,0,8,13
metrics,noop,metrics,ABCD,90,0.7,self_corrected,8,8,0,0,0,0,8,0,0.0,0.0,,,1.0,0.0,8,0.0,75,0,8,0
metrics,noop,metrics,ABCD,90,0.7,deferred,8,8,0,0,0,0,8,0,0.0,0.0,,,1.0,0.0,8,0.0,121,0,8,5
metrics,noop,metrics,ABCD,90,0.7,isolated,8,8,0,0,0,0,8,0,0.0,0.0,,,1.0,0.0,8,0.0,4,0,8,1
metrics,noop,metrics,ABCD,90,0.7,scanner_blank_1,8,8,0,0,0,0,8,0,0.0,0.0,,,1.0,0.0,8,0.0,76,0,8,3
metrics,noop,metrics,ABCD,90,0.7,scanner_blank_2,8,8,0,0,0,0,8,0,0.0,0.0,,,1.0,0.0,8,0.0,119,0,8,0
metrics,noop,metrics,ABCD,90,0.7,scanner_row_delete_1,8,8,0,0,0,0,8,0,0.0,0.0,,,1.0,0.0,8,0.0,126,0,8,0
metrics,noop,metrics,ABCD,90,0.7,scanner_row_delete_2,8,8,0,0,0,0,8,0,0.0,0.0,,,1.0,0.0,8,0.0,203,0,8,0
metrics,noop,metrics,ABCD,90,0.7,scanner_misread_1,8,0,8,0,0,0,0,8,,,0.0,0.312344,0.0,0.0,8,,0,0,8,0
metrics,noop,metrics,ABCD,90,0.7,scanner_misread_4,8,0,8,0,0,0,0,8,,,0.0,0.312344,0.0,0.0,8,,0,0,8,0
metrics,noop,metrics,ABCD,90,0.7,scanner_faint_1,8,0,8,0,0,0,0,8,,,0.0,0.312344,0.0,0.0,8,,0,0,8,0
metrics,noop,metrics,ABCD,90,0.7,scanner_faint_4,8,0,8,0,0,0,0,8,,,0.0,0.312344,0.0,0.0,8,,0,0,8,0
metrics,noop,metrics,ABCD,90,0.7,scanner_double_4,8,0,8,0,0,0,0,8,,,0.0,0.312344,0.0,0.0,8,,0,0,8,0
metrics,noop,metrics,ABCD,90,0.7,adv_long_runs,8,0,8,0,0,0,0,8,,,0.0,0.312344,0.0,0.0,8,,0,0,8,0
metrics,noop,metrics,ABCD,90,0.7,adv_favourite,8,0,8,0,0,0,0,8,,,0.0,0.312344,0.0,0.0,8,,0,0,8,0
metrics,noop,metrics,ABCD,90,0.7,adv_easy_block,8,0,8,0,0,0,0,8,,,0.0,0.312344,0.0,0.0,8,,0,0,8,0
metrics,noop,metrics,ABCD,90,0.7,adv_key_leakage,8,8,0,0,0,0,8,0,0.0,0.0,,,1.0,0.0,8,0.0,538,0,8,0
metrics,noop,metrics,ABCD,90,0.7,adv_cycle,8,0,8,0,0,0,0,8,,,0.0,0.312344,0.0,0.0,8,,0,0,8,0
metrics,noop,metrics,ABCD,90,0.85,none,8,0,8,0,0,0,0,8,,,0.0,0.312344,0.0,0.0,8,,0,0,8,0
metrics,noop,metrics,ABCD,90,0.85,row_skip_1,8,8,0,0,0,0,8,0,0.0,0.0,,,1.0,0.0,8,0.0,188,0,8,0
metrics,noop,metrics,ABCD,90,0.85,row_skip_2,8,8,0,0,0,0,8,0,0.0,0.0,,,1.0,0.0,8,0.0,133,0,8,0
metrics,noop,metrics,ABCD,90,0.85,early_full,8,8,0,0,0,0,8,0,0.0,0.0,,,1.0,0.0,8,0.0,369,0,8,0
metrics,noop,metrics,ABCD,90,0.85,boundary,8,8,0,0,0,0,8,0,0.0,0.0,,,1.0,0.0,8,0.0,59,0,8,1
metrics,noop,metrics,ABCD,90,0.85,short_local,8,8,0,0,0,0,8,0,0.0,0.0,,,1.0,0.0,8,0.0,19,0,8,0
metrics,noop,metrics,ABCD,90,0.85,whole_section,8,8,0,0,0,0,8,0,0.0,0.0,,,1.0,0.0,8,0.0,189,0,8,0
metrics,noop,metrics,ABCD,90,0.85,anxiety,8,8,0,0,0,0,8,0,0.0,0.0,,,1.0,0.0,8,0.0,154,0,8,2
metrics,noop,metrics,ABCD,90,0.85,double_shift,8,8,0,0,0,0,8,0,0.0,0.0,,,1.0,0.0,8,0.0,260,0,8,2
metrics,noop,metrics,ABCD,90,0.85,self_corrected,8,8,0,0,0,0,8,0,0.0,0.0,,,1.0,0.0,8,0.0,71,0,8,0
metrics,noop,metrics,ABCD,90,0.85,deferred,8,8,0,0,0,0,8,0,0.0,0.0,,,1.0,0.0,8,0.0,139,0,8,0
metrics,noop,metrics,ABCD,90,0.85,isolated,8,8,0,0,0,0,8,0,0.0,0.0,,,1.0,0.0,8,0.0,7,0,8,1
metrics,noop,metrics,ABCD,90,0.85,scanner_blank_1,8,8,0,0,0,0,8,0,0.0,0.0,,,1.0,0.0,8,0.0,132,0,8,0
metrics,noop,metrics,ABCD,90,0.85,scanner_blank_2,8,8,0,0,0,0,8,0,0.0,0.0,,,1.0,0.0,8,0.0,119,0,8,0
metrics,noop,metrics,ABCD,90,0.85,scanner_row_delete_1,8,8,0,0,0,0,8,0,0.0,0.0,,,1.0,0.0,8,0.0,152,0,8,4
metrics,noop,metrics,ABCD,90,0.85,scanner_row_delete_2,8,8,0,0,0,0,8,0,0.0,0.0,,,1.0,0.0,8,0.0,168,0,8,4
metrics,noop,metrics,ABCD,90,0.85,scanner_misread_1,8,0,8,0,0,0,0,8,,,0.0,0.312344,0.0,0.0,8,,0,0,8,0
metrics,noop,metrics,ABCD,90,0.85,scanner_misread_4,8,0,8,0,0,0,0,8,,,0.0,0.312344,0.0,0.0,8,,0,0,8,0
metrics,noop,metrics,ABCD,90,0.85,scanner_faint_1,8,0,8,0,0,0,0,8,,,0.0,0.312344,0.0,0.0,8,,0,0,8,0
metrics,noop,metrics,ABCD,90,0.85,scanner_faint_4,8,0,8,0,0,0,0,8,,,0.0,0.312344,0.0,0.0,8,,0,0,8,0
metrics,noop,metrics,ABCD,90,0.85,scanner_double_4,8,0,8,0,0,0,0,8,,,0.0,0.312344,0.0,0.0,8,,0,0,8,0
metrics,noop,metrics,ABCD,90,0.85,adv_long_runs,8,0,8,0,0,0,0,8,,,0.0,0.312344,0.0,0.0,8,,0,0,8,0
metrics,noop,metrics,ABCD,90,0.85,adv_favourite,8,0,8,0,0,0,0,8,,,0.0,0.312344,0.0,0.0,8,,0,0,8,0
metrics,noop,metrics,ABCD,90,0.85,adv_easy_block,8,0,8,0,0,0,0,8,,,0.0,0.312344,0.0,0.0,8,,0,0,8,0
metrics,noop,metrics,ABCD,90,0.85,adv_key_leakage,8,8,0,0,0,0,8,0,0.0,0.0,,,1.0,0.0,8,0.0,541,0,8,0
metrics,noop,metrics,ABCD,90,0.85,adv_cycle,8,0,8,0,0,0,0,8,,,0.0,0.312344,0.0,0.0,8,,0,0,8,0
metrics,noop,metrics,ABCD,90,0.95,none,8,0,8,0,0,0,0,8,,,0.0,0.312344,0.0,0.0,8,,0,0,8,0
metrics,noop,metrics,ABCD,90,0.95,row_skip_1,8,8,0,0,0,0,8,0,0.0,0.0,,,1.0,0.0,8,0.0,215,0,8,0
metrics,noop,metrics,ABCD,90,0.95,row_skip_2,8,8,0,0,0,0,8,0,0.0,0.0,,,1.0,0.0,8,0.0,253,0,8,0
metrics,noop,metrics,ABCD,90,0.95,early_full,8,8,0,0,0,0,8,0,0.0,0.0,,,1.0,0.0,8,0.0,391,0,8,0
metrics,noop,metrics,ABCD,90,0.95,boundary,8,8,0,0,0,0,8,0,0.0,0.0,,,1.0,0.0,8,0.0,98,0,8,1
metrics,noop,metrics,ABCD,90,0.95,short_local,8,8,0,0,0,0,8,0,0.0,0.0,,,1.0,0.0,8,0.0,32,0,8,0
metrics,noop,metrics,ABCD,90,0.95,whole_section,8,8,0,0,0,0,8,0,0.0,0.0,,,1.0,0.0,8,0.0,198,0,8,0
metrics,noop,metrics,ABCD,90,0.95,anxiety,8,8,0,0,0,0,8,0,0.0,0.0,,,1.0,0.0,8,0.0,194,0,8,2
metrics,noop,metrics,ABCD,90,0.95,double_shift,8,8,0,0,0,0,8,0,0.0,0.0,,,1.0,0.0,8,0.0,224,0,8,10
metrics,noop,metrics,ABCD,90,0.95,self_corrected,8,8,0,0,0,0,8,0,0.0,0.0,,,1.0,0.0,8,0.0,71,0,8,0
metrics,noop,metrics,ABCD,90,0.95,deferred,8,8,0,0,0,0,8,0,0.0,0.0,,,1.0,0.0,8,0.0,250,0,8,0
metrics,noop,metrics,ABCD,90,0.95,isolated,8,8,0,0,0,0,8,0,0.0,0.0,,,1.0,0.0,8,0.0,8,0,8,0
metrics,noop,metrics,ABCD,90,0.95,scanner_blank_1,8,8,0,0,0,0,8,0,0.0,0.0,,,1.0,0.0,8,0.0,238,0,8,0
metrics,noop,metrics,ABCD,90,0.95,scanner_blank_2,8,8,0,0,0,0,8,0,0.0,0.0,,,1.0,0.0,8,0.0,270,0,8,0
metrics,noop,metrics,ABCD,90,0.95,scanner_row_delete_1,8,8,0,0,0,0,8,0,0.0,0.0,,,1.0,0.0,8,0.0,142,0,8,0
metrics,noop,metrics,ABCD,90,0.95,scanner_row_delete_2,8,8,0,0,0,0,8,0,0.0,0.0,,,1.0,0.0,8,0.0,109,0,8,2
metrics,noop,metrics,ABCD,90,0.95,scanner_misread_1,8,0,8,0,0,0,0,8,,,0.0,0.312344,0.0,0.0,8,,0,0,8,0
metrics,noop,metrics,ABCD,90,0.95,scanner_misread_4,8,0,8,0,0,0,0,8,,,0.0,0.312344,0.0,0.0,8,,0,0,8,0
metrics,noop,metrics,ABCD,90,0.95,scanner_faint_1,8,0,8,0,0,0,0,8,,,0.0,0.312344,0.0,0.0,8,,0,0,8,0
metrics,noop,metrics,ABCD,90,0.95,scanner_faint_4,8,0,8,0,0,0,0,8,,,0.0,0.312344,0.0,0.0,8,,0,0,8,0
metrics,noop,metrics,ABCD,90,0.95,scanner_double_4,8,0,8,0,0,0,0,8,,,0.0,0.312344,0.0,0.0,8,,0,0,8,0
metrics,noop,metrics,ABCD,90,0.95,adv_long_runs,8,0,8,0,0,0,0,8,,,0.0,0.312344,0.0,0.0,8,,0,0,8,0
metrics,noop,metrics,ABCD,90,0.95,adv_favourite,8,0,8,0,0,0,0,8,,,0.0,0.312344,0.0,0.0,8,,0,0,8,0
metrics,noop,metrics,ABCD,90,0.95,adv_easy_block,8,0,8,0,0,0,0,8,,,0.0,0.312344,0.0,0.0,8,,0,0,8,0
metrics,noop,metrics,ABCD,90,0.95,adv_key_leakage,8,8,0,0,0,0,8,0,0.0,0.0,,,1.0,0.0,8,0.0,519,0,8,0
metrics,noop,metrics,ABCD,90,0.95,adv_cycle,8,0,8,0,0,0,0,8,,,0.0,0.312344,0.0,0.0,8,,0,0,8,0
metrics,noop,metrics,ABCD,100,0.26,none,8,0,8,0,0,0,0,8,,,0.0,0.312344,0.0,0.0,8,,0,0,8,0
metrics,noop,metrics,ABCD,100,0.26,row_skip_1,8,8,0,0,0,0,8,0,0.0,0.0,,,1.0,0.0,8,0.0,32,0,8,8
metrics,noop,metrics,ABCD,100,0.26,row_skip_2,8,8,0,0,0,0,8,0,0.0,0.0,,,1.0,0.0,8,0.0,26,0,8,11
metrics,noop,metrics,ABCD,100,0.26,early_full,8,8,0,0,0,0,8,0,0.0,0.0,,,1.0,0.0,8,0.0,59,0,8,12
metrics,noop,metrics,ABCD,100,0.26,boundary,8,8,0,0,0,0,8,0,0.0,0.0,,,1.0,0.0,8,0.0,43,0,8,2
metrics,noop,metrics,ABCD,100,0.26,short_local,8,8,0,0,0,0,8,0,0.0,0.0,,,1.0,0.0,8,0.0,8,0,8,6
metrics,noop,metrics,ABCD,100,0.26,whole_section,8,8,0,0,0,0,8,0,0.0,0.0,,,1.0,0.0,8,0.0,15,0,8,13
metrics,noop,metrics,ABCD,100,0.26,anxiety,8,8,0,0,0,0,8,0,0.0,0.0,,,1.0,0.0,8,0.0,36,0,8,3
metrics,noop,metrics,ABCD,100,0.26,double_shift,8,8,0,0,0,0,8,0,0.0,0.0,,,1.0,0.0,8,0.0,24,0,8,35
metrics,noop,metrics,ABCD,100,0.26,self_corrected,8,8,0,0,0,0,8,0,0.0,0.0,,,1.0,0.0,8,0.0,13,0,8,3
metrics,noop,metrics,ABCD,100,0.26,deferred,8,8,0,0,0,0,8,0,0.0,0.0,,,1.0,0.0,8,0.0,40,0,8,0
metrics,noop,metrics,ABCD,100,0.26,isolated,8,8,0,0,0,0,8,0,0.0,0.0,,,1.0,0.0,8,,0,0,8,4
metrics,noop,metrics,ABCD,100,0.26,scanner_blank_1,8,8,0,0,0,0,8,0,0.0,0.0,,,1.0,0.0,8,0.0,26,0,8,22
metrics,noop,metrics,ABCD,100,0.26,scanner_blank_2,8,8,0,0,0,0,8,0,0.0,0.0,,,1.0,0.0,8,0.0,12,0,8,13
metrics,noop,metrics,ABCD,100,0.26,scanner_row_delete_1,8,8,0,0,0,0,8,0,0.0,0.0,,,1.0,0.0,8,0.0,10,0,8,16
metrics,noop,metrics,ABCD,100,0.26,scanner_row_delete_2,8,8,0,0,0,0,8,0,0.0,0.0,,,1.0,0.0,8,0.0,27,0,8,0
metrics,noop,metrics,ABCD,100,0.26,scanner_misread_1,8,0,8,0,0,0,0,8,,,0.0,0.312344,0.0,0.0,8,,0,0,8,0
metrics,noop,metrics,ABCD,100,0.26,scanner_misread_4,8,0,8,0,0,0,0,8,,,0.0,0.312344,0.0,0.0,8,,0,0,8,0
metrics,noop,metrics,ABCD,100,0.26,scanner_faint_1,8,0,8,0,0,0,0,8,,,0.0,0.312344,0.0,0.0,8,,0,0,8,0
metrics,noop,metrics,ABCD,100,0.26,scanner_faint_4,8,0,8,0,0,0,0,8,,,0.0,0.312344,0.0,0.0,8,,0,0,8,0
metrics,noop,metrics,ABCD,100,0.26,scanner_double_4,8,0,8,0,0,0,0,8,,,0.0,0.312344,0.0,0.0,8,,0,0,8,0
metrics,noop,metrics,ABCD,100,0.26,adv_long_runs,8,0,8,0,0,0,0,8,,,0.0,0.312344,0.0,0.0,8,,0,0,8,0
metrics,noop,metrics,ABCD,100,0.26,adv_favourite,8,0,8,0,0,0,0,8,,,0.0,0.312344,0.0,0.0,8,,0,0,8,0
metrics,noop,metrics,ABCD,100,0.26,adv_easy_block,8,0,8,0,0,0,0,8,,,0.0,0.312344,0.0,0.0,8,,0,0,8,0
metrics,noop,metrics,ABCD,100,0.26,adv_key_leakage,8,8,0,0,0,0,8,0,0.0,0.0,,,1.0,0.0,8,0.0,587,0,8,0
metrics,noop,metrics,ABCD,100,0.26,adv_cycle,8,0,8,0,0,0,0,8,,,0.0,0.312344,0.0,0.0,8,,0,0,8,0
metrics,noop,metrics,ABCD,100,0.4,none,8,0,8,0,0,0,0,8,,,0.0,0.312344,0.0,0.0,8,,0,0,8,0
metrics,noop,metrics,ABCD,100,0.4,row_skip_1,8,8,0,0,0,0,8,0,0.0,0.0,,,1.0,0.0,8,0.0,63,0,8,8
metrics,noop,metrics,ABCD,100,0.4,row_skip_2,8,8,0,0,0,0,8,0,0.0,0.0,,,1.0,0.0,8,0.0,28,0,8,32
metrics,noop,metrics,ABCD,100,0.4,early_full,8,8,0,0,0,0,8,0,0.0,0.0,,,1.0,0.0,8,0.0,92,0,8,17
metrics,noop,metrics,ABCD,100,0.4,boundary,8,8,0,0,0,0,8,0,0.0,0.0,,,1.0,0.0,8,0.0,59,0,8,12
metrics,noop,metrics,ABCD,100,0.4,short_local,8,8,0,0,0,0,8,0,0.0,0.0,,,1.0,0.0,8,0.0,11,0,8,5
metrics,noop,metrics,ABCD,100,0.4,whole_section,8,8,0,0,0,0,8,0,0.0,0.0,,,1.0,0.0,8,0.0,65,0,8,0
metrics,noop,metrics,ABCD,100,0.4,anxiety,8,8,0,0,0,0,8,0,0.0,0.0,,,1.0,0.0,8,0.0,34,0,8,21
metrics,noop,metrics,ABCD,100,0.4,double_shift,8,8,0,0,0,0,8,0,0.0,0.0,,,1.0,0.0,8,0.0,50,0,8,8
metrics,noop,metrics,ABCD,100,0.4,self_corrected,8,8,0,0,0,0,8,0,0.0,0.0,,,1.0,0.0,8,0.0,33,0,8,1
metrics,noop,metrics,ABCD,100,0.4,deferred,8,8,0,0,0,0,8,0,0.0,0.0,,,1.0,0.0,8,0.0,34,0,8,4
metrics,noop,metrics,ABCD,100,0.4,isolated,8,8,0,0,0,0,8,0,0.0,0.0,,,1.0,0.0,8,0.0,5,0,8,2
metrics,noop,metrics,ABCD,100,0.4,scanner_blank_1,8,8,0,0,0,0,8,0,0.0,0.0,,,1.0,0.0,8,0.0,74,0,8,7
metrics,noop,metrics,ABCD,100,0.4,scanner_blank_2,8,8,0,0,0,0,8,0,0.0,0.0,,,1.0,0.0,8,0.0,83,0,8,1
metrics,noop,metrics,ABCD,100,0.4,scanner_row_delete_1,8,8,0,0,0,0,8,0,0.0,0.0,,,1.0,0.0,8,0.0,44,0,8,16
metrics,noop,metrics,ABCD,100,0.4,scanner_row_delete_2,8,8,0,0,0,0,8,0,0.0,0.0,,,1.0,0.0,8,0.0,43,0,8,7
metrics,noop,metrics,ABCD,100,0.4,scanner_misread_1,8,0,8,0,0,0,0,8,,,0.0,0.312344,0.0,0.0,8,,0,0,8,0
metrics,noop,metrics,ABCD,100,0.4,scanner_misread_4,8,0,8,0,0,0,0,8,,,0.0,0.312344,0.0,0.0,8,,0,0,8,0
metrics,noop,metrics,ABCD,100,0.4,scanner_faint_1,8,0,8,0,0,0,0,8,,,0.0,0.312344,0.0,0.0,8,,0,0,8,0
metrics,noop,metrics,ABCD,100,0.4,scanner_faint_4,8,0,8,0,0,0,0,8,,,0.0,0.312344,0.0,0.0,8,,0,0,8,0
metrics,noop,metrics,ABCD,100,0.4,scanner_double_4,8,0,8,0,0,0,0,8,,,0.0,0.312344,0.0,0.0,8,,0,0,8,0
metrics,noop,metrics,ABCD,100,0.4,adv_long_runs,8,0,8,0,0,0,0,8,,,0.0,0.312344,0.0,0.0,8,,0,0,8,0
metrics,noop,metrics,ABCD,100,0.4,adv_favourite,8,0,8,0,0,0,0,8,,,0.0,0.312344,0.0,0.0,8,,0,0,8,0
metrics,noop,metrics,ABCD,100,0.4,adv_easy_block,8,0,8,0,0,0,0,8,,,0.0,0.312344,0.0,0.0,8,,0,0,8,0
metrics,noop,metrics,ABCD,100,0.4,adv_key_leakage,8,8,0,0,0,0,8,0,0.0,0.0,,,1.0,0.0,8,0.0,556,0,8,0
metrics,noop,metrics,ABCD,100,0.4,adv_cycle,8,0,8,0,0,0,0,8,,,0.0,0.312344,0.0,0.0,8,,0,0,8,0
metrics,noop,metrics,ABCD,100,0.55,none,8,0,8,0,0,0,0,8,,,0.0,0.312344,0.0,0.0,8,,0,0,8,0
metrics,noop,metrics,ABCD,100,0.55,row_skip_1,8,8,0,0,0,0,8,0,0.0,0.0,,,1.0,0.0,8,0.0,52,0,8,4
metrics,noop,metrics,ABCD,100,0.55,row_skip_2,8,8,0,0,0,0,8,0,0.0,0.0,,,1.0,0.0,8,0.0,110,0,8,0
metrics,noop,metrics,ABCD,100,0.55,early_full,8,8,0,0,0,0,8,0,0.0,0.0,,,1.0,0.0,8,0.0,151,0,8,10
metrics,noop,metrics,ABCD,100,0.55,boundary,8,8,0,0,0,0,8,0,0.0,0.0,,,1.0,0.0,8,0.0,52,0,8,4
metrics,noop,metrics,ABCD,100,0.55,short_local,8,8,0,0,0,0,8,0,0.0,0.0,,,1.0,0.0,8,0.0,27,0,8,2
metrics,noop,metrics,ABCD,100,0.55,whole_section,8,8,0,0,0,0,8,0,0.0,0.0,,,1.0,0.0,8,0.0,58,0,8,5
metrics,noop,metrics,ABCD,100,0.55,anxiety,8,8,0,0,0,0,8,0,0.0,0.0,,,1.0,0.0,8,0.0,72,0,8,11
metrics,noop,metrics,ABCD,100,0.55,double_shift,8,8,0,0,0,0,8,0,0.0,0.0,,,1.0,0.0,8,0.0,175,0,8,2
metrics,noop,metrics,ABCD,100,0.55,self_corrected,8,8,0,0,0,0,8,0,0.0,0.0,,,1.0,0.0,8,0.0,39,0,8,1
metrics,noop,metrics,ABCD,100,0.55,deferred,8,8,0,0,0,0,8,0,0.0,0.0,,,1.0,0.0,8,0.0,76,0,8,0
metrics,noop,metrics,ABCD,100,0.55,isolated,8,8,0,0,0,0,8,0,0.0,0.0,,,1.0,0.0,8,0.0,1,0,8,1
metrics,noop,metrics,ABCD,100,0.55,scanner_blank_1,8,8,0,0,0,0,8,0,0.0,0.0,,,1.0,0.0,8,0.0,104,0,8,4
metrics,noop,metrics,ABCD,100,0.55,scanner_blank_2,8,8,0,0,0,0,8,0,0.0,0.0,,,1.0,0.0,8,0.0,50,0,8,2
metrics,noop,metrics,ABCD,100,0.55,scanner_row_delete_1,8,8,0,0,0,0,8,0,0.0,0.0,,,1.0,0.0,8,0.0,63,0,8,17
metrics,noop,metrics,ABCD,100,0.55,scanner_row_delete_2,8,8,0,0,0,0,8,0,0.0,0.0,,,1.0,0.0,8,0.0,93,0,8,5
metrics,noop,metrics,ABCD,100,0.55,scanner_misread_1,8,0,8,0,0,0,0,8,,,0.0,0.312344,0.0,0.0,8,,0,0,8,0
metrics,noop,metrics,ABCD,100,0.55,scanner_misread_4,8,0,8,0,0,0,0,8,,,0.0,0.312344,0.0,0.0,8,,0,0,8,0
metrics,noop,metrics,ABCD,100,0.55,scanner_faint_1,8,0,8,0,0,0,0,8,,,0.0,0.312344,0.0,0.0,8,,0,0,8,0
metrics,noop,metrics,ABCD,100,0.55,scanner_faint_4,8,0,8,0,0,0,0,8,,,0.0,0.312344,0.0,0.0,8,,0,0,8,0
metrics,noop,metrics,ABCD,100,0.55,scanner_double_4,8,0,8,0,0,0,0,8,,,0.0,0.312344,0.0,0.0,8,,0,0,8,0
metrics,noop,metrics,ABCD,100,0.55,adv_long_runs,8,0,8,0,0,0,0,8,,,0.0,0.312344,0.0,0.0,8,,0,0,8,0
metrics,noop,metrics,ABCD,100,0.55,adv_favourite,8,0,8,0,0,0,0,8,,,0.0,0.312344,0.0,0.0,8,,0,0,8,0
metrics,noop,metrics,ABCD,100,0.55,adv_easy_block,8,0,8,0,0,0,0,8,,,0.0,0.312344,0.0,0.0,8,,0,0,8,0
metrics,noop,metrics,ABCD,100,0.55,adv_key_leakage,8,8,0,0,0,0,8,0,0.0,0.0,,,1.0,0.0,8,0.0,588,0,8,0
metrics,noop,metrics,ABCD,100,0.55,adv_cycle,8,0,8,0,0,0,0,8,,,0.0,0.312344,0.0,0.0,8,,0,0,8,0
metrics,noop,metrics,ABCD,100,0.7,none,8,0,8,0,0,0,0,8,,,0.0,0.312344,0.0,0.0,8,,0,0,8,0
metrics,noop,metrics,ABCD,100,0.7,row_skip_1,8,8,0,0,0,0,8,0,0.0,0.0,,,1.0,0.0,8,0.0,99,0,8,0
metrics,noop,metrics,ABCD,100,0.7,row_skip_2,8,8,0,0,0,0,8,0,0.0,0.0,,,1.0,0.0,8,0.0,94,0,8,3
metrics,noop,metrics,ABCD,100,0.7,early_full,8,8,0,0,0,0,8,0,0.0,0.0,,,1.0,0.0,8,0.0,241,0,8,0
metrics,noop,metrics,ABCD,100,0.7,boundary,8,8,0,0,0,0,8,0,0.0,0.0,,,1.0,0.0,8,0.0,84,0,8,0
metrics,noop,metrics,ABCD,100,0.7,short_local,8,8,0,0,0,0,8,0,0.0,0.0,,,1.0,0.0,8,0.0,7,0,8,2
metrics,noop,metrics,ABCD,100,0.7,whole_section,8,8,0,0,0,0,8,0,0.0,0.0,,,1.0,0.0,8,0.0,89,0,8,1
metrics,noop,metrics,ABCD,100,0.7,anxiety,8,8,0,0,0,0,8,0,0.0,0.0,,,1.0,0.0,8,0.0,145,0,8,0
metrics,noop,metrics,ABCD,100,0.7,double_shift,8,8,0,0,0,0,8,0,0.0,0.0,,,1.0,0.0,8,0.0,242,0,8,0
metrics,noop,metrics,ABCD,100,0.7,self_corrected,8,8,0,0,0,0,8,0,0.0,0.0,,,1.0,0.0,8,0.0,50,0,8,4
metrics,noop,metrics,ABCD,100,0.7,deferred,8,8,0,0,0,0,8,0,0.0,0.0,,,1.0,0.0,8,0.0,126,0,8,5
metrics,noop,metrics,ABCD,100,0.7,isolated,8,8,0,0,0,0,8,0,0.0,0.0,,,1.0,0.0,8,0.0,5,0,8,2
metrics,noop,metrics,ABCD,100,0.7,scanner_blank_1,8,8,0,0,0,0,8,0,0.0,0.0,,,1.0,0.0,8,0.0,154,0,8,0
metrics,noop,metrics,ABCD,100,0.7,scanner_blank_2,8,8,0,0,0,0,8,0,0.0,0.0,,,1.0,0.0,8,0.0,167,0,8,0
metrics,noop,metrics,ABCD,100,0.7,scanner_row_delete_1,8,8,0,0,0,0,8,0,0.0,0.0,,,1.0,0.0,8,0.0,148,0,8,4
metrics,noop,metrics,ABCD,100,0.7,scanner_row_delete_2,8,8,0,0,0,0,8,0,0.0,0.0,,,1.0,0.0,8,0.0,56,0,8,0
metrics,noop,metrics,ABCD,100,0.7,scanner_misread_1,8,0,8,0,0,0,0,8,,,0.0,0.312344,0.0,0.0,8,,0,0,8,0
metrics,noop,metrics,ABCD,100,0.7,scanner_misread_4,8,0,8,0,0,0,0,8,,,0.0,0.312344,0.0,0.0,8,,0,0,8,0
metrics,noop,metrics,ABCD,100,0.7,scanner_faint_1,8,0,8,0,0,0,0,8,,,0.0,0.312344,0.0,0.0,8,,0,0,8,0
metrics,noop,metrics,ABCD,100,0.7,scanner_faint_4,8,0,8,0,0,0,0,8,,,0.0,0.312344,0.0,0.0,8,,0,0,8,0
metrics,noop,metrics,ABCD,100,0.7,scanner_double_4,8,0,8,0,0,0,0,8,,,0.0,0.312344,0.0,0.0,8,,0,0,8,0
metrics,noop,metrics,ABCD,100,0.7,adv_long_runs,8,0,8,0,0,0,0,8,,,0.0,0.312344,0.0,0.0,8,,0,0,8,0
metrics,noop,metrics,ABCD,100,0.7,adv_favourite,8,0,8,0,0,0,0,8,,,0.0,0.312344,0.0,0.0,8,,0,0,8,0
metrics,noop,metrics,ABCD,100,0.7,adv_easy_block,8,0,8,0,0,0,0,8,,,0.0,0.312344,0.0,0.0,8,,0,0,8,0
metrics,noop,metrics,ABCD,100,0.7,adv_key_leakage,8,8,0,0,0,0,8,0,0.0,0.0,,,1.0,0.0,8,0.0,591,0,8,0
metrics,noop,metrics,ABCD,100,0.7,adv_cycle,8,0,8,0,0,0,0,8,,,0.0,0.312344,0.0,0.0,8,,0,0,8,0
metrics,noop,metrics,ABCD,100,0.85,none,8,0,8,0,0,0,0,8,,,0.0,0.312344,0.0,0.0,8,,0,0,8,0
metrics,noop,metrics,ABCD,100,0.85,row_skip_1,8,8,0,0,0,0,8,0,0.0,0.0,,,1.0,0.0,8,0.0,205,0,8,0
metrics,noop,metrics,ABCD,100,0.85,row_skip_2,8,8,0,0,0,0,8,0,0.0,0.0,,,1.0,0.0,8,0.0,168,0,8,1
metrics,noop,metrics,ABCD,100,0.85,early_full,8,8,0,0,0,0,8,0,0.0,0.0,,,1.0,0.0,8,0.0,365,0,8,6
metrics,noop,metrics,ABCD,100,0.85,boundary,8,8,0,0,0,0,8,0,0.0,0.0,,,1.0,0.0,8,0.0,102,0,8,0
metrics,noop,metrics,ABCD,100,0.85,short_local,8,8,0,0,0,0,8,0,0.0,0.0,,,1.0,0.0,8,0.0,22,0,8,2
metrics,noop,metrics,ABCD,100,0.85,whole_section,8,8,0,0,0,0,8,0,0.0,0.0,,,1.0,0.0,8,0.0,166,0,8,0
metrics,noop,metrics,ABCD,100,0.85,anxiety,8,8,0,0,0,0,8,0,0.0,0.0,,,1.0,0.0,8,0.0,189,0,8,9
metrics,noop,metrics,ABCD,100,0.85,double_shift,8,8,0,0,0,0,8,0,0.0,0.0,,,1.0,0.0,8,0.0,348,0,8,0
metrics,noop,metrics,ABCD,100,0.85,self_corrected,8,8,0,0,0,0,8,0,0.0,0.0,,,1.0,0.0,8,0.0,75,0,8,5
metrics,noop,metrics,ABCD,100,0.85,deferred,8,8,0,0,0,0,8,0,0.0,0.0,,,1.0,0.0,8,0.0,219,0,8,0
metrics,noop,metrics,ABCD,100,0.85,isolated,8,8,0,0,0,0,8,0,0.0,0.0,,,1.0,0.0,8,0.0,11,0,8,0
metrics,noop,metrics,ABCD,100,0.85,scanner_blank_1,8,8,0,0,0,0,8,0,0.0,0.0,,,1.0,0.0,8,0.0,297,0,8,0
metrics,noop,metrics,ABCD,100,0.85,scanner_blank_2,8,8,0,0,0,0,8,0,0.0,0.0,,,1.0,0.0,8,0.0,199,0,8,0
metrics,noop,metrics,ABCD,100,0.85,scanner_row_delete_1,8,8,0,0,0,0,8,0,0.0,0.0,,,1.0,0.0,8,0.0,112,0,8,6
metrics,noop,metrics,ABCD,100,0.85,scanner_row_delete_2,8,8,0,0,0,0,8,0,0.0,0.0,,,1.0,0.0,8,0.0,116,0,8,1
metrics,noop,metrics,ABCD,100,0.85,scanner_misread_1,8,0,8,0,0,0,0,8,,,0.0,0.312344,0.0,0.0,8,,0,0,8,0
metrics,noop,metrics,ABCD,100,0.85,scanner_misread_4,8,0,8,0,0,0,0,8,,,0.0,0.312344,0.0,0.0,8,,0,0,8,0
metrics,noop,metrics,ABCD,100,0.85,scanner_faint_1,8,0,8,0,0,0,0,8,,,0.0,0.312344,0.0,0.0,8,,0,0,8,0
metrics,noop,metrics,ABCD,100,0.85,scanner_faint_4,8,0,8,0,0,0,0,8,,,0.0,0.312344,0.0,0.0,8,,0,0,8,0
metrics,noop,metrics,ABCD,100,0.85,scanner_double_4,8,0,8,0,0,0,0,8,,,0.0,0.312344,0.0,0.0,8,,0,0,8,0
metrics,noop,metrics,ABCD,100,0.85,adv_long_runs,8,0,8,0,0,0,0,8,,,0.0,0.312344,0.0,0.0,8,,0,0,8,0
metrics,noop,metrics,ABCD,100,0.85,adv_favourite,8,0,8,0,0,0,0,8,,,0.0,0.312344,0.0,0.0,8,,0,0,8,0
metrics,noop,metrics,ABCD,100,0.85,adv_easy_block,8,0,8,0,0,0,0,8,,,0.0,0.312344,0.0,0.0,8,,0,0,8,0
metrics,noop,metrics,ABCD,100,0.85,adv_key_leakage,8,8,0,0,0,0,8,0,0.0,0.0,,,1.0,0.0,8,0.0,588,0,8,0
metrics,noop,metrics,ABCD,100,0.85,adv_cycle,8,0,8,0,0,0,0,8,,,0.0,0.312344,0.0,0.0,8,,0,0,8,0
metrics,noop,metrics,ABCD,100,0.95,none,8,0,8,0,0,0,0,8,,,0.0,0.312344,0.0,0.0,8,,0,0,8,0
metrics,noop,metrics,ABCD,100,0.95,row_skip_1,8,8,0,0,0,0,8,0,0.0,0.0,,,1.0,0.0,8,0.0,169,0,8,0
metrics,noop,metrics,ABCD,100,0.95,row_skip_2,8,8,0,0,0,0,8,0,0.0,0.0,,,1.0,0.0,8,0.0,185,0,8,4
metrics,noop,metrics,ABCD,100,0.95,early_full,8,8,0,0,0,0,8,0,0.0,0.0,,,1.0,0.0,8,0.0,414,0,8,0
metrics,noop,metrics,ABCD,100,0.95,boundary,8,8,0,0,0,0,8,0,0.0,0.0,,,1.0,0.0,8,0.0,123,0,8,1
metrics,noop,metrics,ABCD,100,0.95,short_local,8,8,0,0,0,0,8,0,0.0,0.0,,,1.0,0.0,8,0.0,38,0,8,0
metrics,noop,metrics,ABCD,100,0.95,whole_section,8,8,0,0,0,0,8,0,0.0,0.0,,,1.0,0.0,8,0.0,222,0,8,0
metrics,noop,metrics,ABCD,100,0.95,anxiety,8,8,0,0,0,0,8,0,0.0,0.0,,,1.0,0.0,8,0.0,281,0,8,3
metrics,noop,metrics,ABCD,100,0.95,double_shift,8,8,0,0,0,0,8,0,0.0,0.0,,,1.0,0.0,8,0.0,242,0,8,2
metrics,noop,metrics,ABCD,100,0.95,self_corrected,8,8,0,0,0,0,8,0,0.0,0.0,,,1.0,0.0,8,0.0,76,0,8,0
metrics,noop,metrics,ABCD,100,0.95,deferred,8,8,0,0,0,0,8,0,0.0,0.0,,,1.0,0.0,8,0.0,235,0,8,0
metrics,noop,metrics,ABCD,100,0.95,isolated,8,8,0,0,0,0,8,0,0.0,0.0,,,1.0,0.0,8,0.0,11,0,8,0
metrics,noop,metrics,ABCD,100,0.95,scanner_blank_1,8,8,0,0,0,0,8,0,0.0,0.0,,,1.0,0.0,8,0.0,314,0,8,0
metrics,noop,metrics,ABCD,100,0.95,scanner_blank_2,8,8,0,0,0,0,8,0,0.0,0.0,,,1.0,0.0,8,0.0,196,0,8,0
metrics,noop,metrics,ABCD,100,0.95,scanner_row_delete_1,8,8,0,0,0,0,8,0,0.0,0.0,,,1.0,0.0,8,0.0,334,0,8,0
metrics,noop,metrics,ABCD,100,0.95,scanner_row_delete_2,8,8,0,0,0,0,8,0,0.0,0.0,,,1.0,0.0,8,0.0,246,0,8,0
metrics,noop,metrics,ABCD,100,0.95,scanner_misread_1,8,0,8,0,0,0,0,8,,,0.0,0.312344,0.0,0.0,8,,0,0,8,0
metrics,noop,metrics,ABCD,100,0.95,scanner_misread_4,8,0,8,0,0,0,0,8,,,0.0,0.312344,0.0,0.0,8,,0,0,8,0
metrics,noop,metrics,ABCD,100,0.95,scanner_faint_1,8,0,8,0,0,0,0,8,,,0.0,0.312344,0.0,0.0,8,,0,0,8,0
metrics,noop,metrics,ABCD,100,0.95,scanner_faint_4,8,0,8,0,0,0,0,8,,,0.0,0.312344,0.0,0.0,8,,0,0,8,0
metrics,noop,metrics,ABCD,100,0.95,scanner_double_4,8,0,8,0,0,0,0,8,,,0.0,0.312344,0.0,0.0,8,,0,0,8,0
metrics,noop,metrics,ABCD,100,0.95,adv_long_runs,8,0,8,0,0,0,0,8,,,0.0,0.312344,0.0,0.0,8,,0,0,8,0
metrics,noop,metrics,ABCD,100,0.95,adv_favourite,8,0,8,0,0,0,0,8,,,0.0,0.312344,0.0,0.0,8,,0,0,8,0
metrics,noop,metrics,ABCD,100,0.95,adv_easy_block,8,0,8,0,0,0,0,8,,,0.0,0.312344,0.0,0.0,8,,0,0,8,0
metrics,noop,metrics,ABCD,100,0.95,adv_key_leakage,8,8,0,0,0,0,8,0,0.0,0.0,,,1.0,0.0,8,0.0,597,0,8,0
metrics,noop,metrics,ABCD,100,0.95,adv_cycle,8,0,8,0,0,0,0,8,,,0.0,0.312344,0.0,0.0,8,,0,0,8,0
metrics,noop,metrics,ABCD,150,0.26,none,8,0,8,0,0,0,0,8,,,0.0,0.312344,0.0,0.0,8,,0,0,8,0
metrics,noop,metrics,ABCD,150,0.26,row_skip_1,8,8,0,0,0,0,8,0,0.0,0.0,,,1.0,0.0,8,0.0,16,0,8,40
metrics,noop,metrics,ABCD,150,0.26,row_skip_2,8,8,0,0,0,0,8,0,0.0,0.0,,,1.0,0.0,8,0.0,27,0,8,52
metrics,noop,metrics,ABCD,150,0.26,early_full,8,8,0,0,0,0,8,0,0.0,0.0,,,1.0,0.0,8,0.0,86,0,8,46
metrics,noop,metrics,ABCD,150,0.26,boundary,8,8,0,0,0,0,8,0,0.0,0.0,,,1.0,0.0,8,0.0,12,0,8,5
metrics,noop,metrics,ABCD,150,0.26,short_local,8,8,0,0,0,0,8,0,0.0,0.0,,,1.0,0.0,8,0.0,17,0,8,3
metrics,noop,metrics,ABCD,150,0.26,whole_section,8,8,0,0,0,0,8,0,0.0,0.0,,,1.0,0.0,8,0.0,22,0,8,21
metrics,noop,metrics,ABCD,150,0.26,anxiety,8,8,0,0,0,0,8,0,0.0,0.0,,,1.0,0.0,8,0.0,11,0,8,15
metrics,noop,metrics,ABCD,150,0.26,double_shift,8,8,0,0,0,0,8,0,0.0,0.0,,,1.0,0.0,8,0.0,54,0,8,33
metrics,noop,metrics,ABCD,150,0.26,self_corrected,8,8,0,0,0,0,8,0,0.0,0.0,,,1.0,0.0,8,0.0,22,0,8,8
metrics,noop,metrics,ABCD,150,0.26,deferred,8,8,0,0,0,0,8,0,0.0,0.0,,,1.0,0.0,8,0.0,79,0,8,10
metrics,noop,metrics,ABCD,150,0.26,isolated,8,8,0,0,0,0,8,0,0.0,0.0,,,1.0,0.0,8,0.0,2,0,8,3
metrics,noop,metrics,ABCD,150,0.26,scanner_blank_1,8,8,0,0,0,0,8,0,0.0,0.0,,,1.0,0.0,8,0.0,34,0,8,5
metrics,noop,metrics,ABCD,150,0.26,scanner_blank_2,8,8,0,0,0,0,8,0,0.0,0.0,,,1.0,0.0,8,0.0,21,0,8,19
metrics,noop,metrics,ABCD,150,0.26,scanner_row_delete_1,8,8,0,0,0,0,8,0,0.0,0.0,,,1.0,0.0,8,0.0,39,0,8,16
metrics,noop,metrics,ABCD,150,0.26,scanner_row_delete_2,8,8,0,0,0,0,8,0,0.0,0.0,,,1.0,0.0,8,0.0,36,0,8,12
metrics,noop,metrics,ABCD,150,0.26,scanner_misread_1,8,0,8,0,0,0,0,8,,,0.0,0.312344,0.0,0.0,8,,0,0,8,0
metrics,noop,metrics,ABCD,150,0.26,scanner_misread_4,8,0,8,0,0,0,0,8,,,0.0,0.312344,0.0,0.0,8,,0,0,8,0
metrics,noop,metrics,ABCD,150,0.26,scanner_faint_1,8,0,8,0,0,0,0,8,,,0.0,0.312344,0.0,0.0,8,,0,0,8,0
metrics,noop,metrics,ABCD,150,0.26,scanner_faint_4,8,0,8,0,0,0,0,8,,,0.0,0.312344,0.0,0.0,8,,0,0,8,0
metrics,noop,metrics,ABCD,150,0.26,scanner_double_4,8,0,8,0,0,0,0,8,,,0.0,0.312344,0.0,0.0,8,,0,0,8,0
metrics,noop,metrics,ABCD,150,0.26,adv_long_runs,8,0,8,0,0,0,0,8,,,0.0,0.312344,0.0,0.0,8,,0,0,8,0
metrics,noop,metrics,ABCD,150,0.26,adv_favourite,8,0,8,0,0,0,0,8,,,0.0,0.312344,0.0,0.0,8,,0,0,8,0
metrics,noop,metrics,ABCD,150,0.26,adv_easy_block,8,0,8,0,0,0,0,8,,,0.0,0.312344,0.0,0.0,8,,0,0,8,0
metrics,noop,metrics,ABCD,150,0.26,adv_key_leakage,8,8,0,0,0,0,8,0,0.0,0.0,,,1.0,0.0,8,0.0,888,0,8,0
metrics,noop,metrics,ABCD,150,0.26,adv_cycle,8,0,8,0,0,0,0,8,,,0.0,0.312344,0.0,0.0,8,,0,0,8,0
metrics,noop,metrics,ABCD,150,0.4,none,8,0,8,0,0,0,0,8,,,0.0,0.312344,0.0,0.0,8,,0,0,8,0
metrics,noop,metrics,ABCD,150,0.4,row_skip_1,8,8,0,0,0,0,8,0,0.0,0.0,,,1.0,0.0,8,0.0,52,0,8,30
metrics,noop,metrics,ABCD,150,0.4,row_skip_2,8,8,0,0,0,0,8,0,0.0,0.0,,,1.0,0.0,8,0.0,51,0,8,24
metrics,noop,metrics,ABCD,150,0.4,early_full,8,8,0,0,0,0,8,0,0.0,0.0,,,1.0,0.0,8,0.0,189,0,8,0
metrics,noop,metrics,ABCD,150,0.4,boundary,8,8,0,0,0,0,8,0,0.0,0.0,,,1.0,0.0,8,0.0,37,0,8,0
metrics,noop,metrics,ABCD,150,0.4,short_local,8,8,0,0,0,0,8,0,0.0,0.0,,,1.0,0.0,8,0.0,8,0,8,0
metrics,noop,metrics,ABCD,150,0.4,whole_section,8,8,0,0,0,0,8,0,0.0,0.0,,,1.0,0.0,8,0.0,37,0,8,38
metrics,noop,metrics,ABCD,150,0.4,anxiety,8,8,0,0,0,0,8,0,0.0,0.0,,,1.0,0.0,8,0.0,98,0,8,0
metrics,noop,metrics,ABCD,150,0.4,double_shift,8,8,0,0,0,0,8,0,0.0,0.0,,,1.0,0.0,8,0.0,96,0,8,3
metrics,noop,metrics,ABCD,150,0.4,self_corrected,8,8,0,0,0,0,8,0,0.0,0.0,,,1.0,0.0,8,0.0,37,0,8,1
metrics,noop,metrics,ABCD,150,0.4,deferred,8,8,0,0,0,0,8,0,0.0,0.0,,,1.0,0.0,8,0.0,49,0,8,4
metrics,noop,metrics,ABCD,150,0.4,isolated,8,8,0,0,0,0,8,0,0.0,0.0,,,1.0,0.0,8,0.0,4,0,8,3
metrics,noop,metrics,ABCD,150,0.4,scanner_blank_1,8,8,0,0,0,0,8,0,0.0,0.0,,,1.0,0.0,8,0.0,57,0,8,22
metrics,noop,metrics,ABCD,150,0.4,scanner_blank_2,8,8,0,0,0,0,8,0,0.0,0.0,,,1.0,0.0,8,0.0,54,0,8,1
metrics,noop,metrics,ABCD,150,0.4,scanner_row_delete_1,8,8,0,0,0,0,8,0,0.0,0.0,,,1.0,0.0,8,0.0,88,0,8,0
metrics,noop,metrics,ABCD,150,0.4,scanner_row_delete_2,8,8,0,0,0,0,8,0,0.0,0.0,,,1.0,0.0,8,0.0,59,0,8,3
metrics,noop,metrics,ABCD,150,0.4,scanner_misread_1,8,0,8,0,0,0,0,8,,,0.0,0.312344,0.0,0.0,8,,0,0,8,0
metrics,noop,metrics,ABCD,150,0.4,scanner_misread_4,8,0,8,0,0,0,0,8,,,0.0,0.312344,0.0,0.0,8,,0,0,8,0
metrics,noop,metrics,ABCD,150,0.4,scanner_faint_1,8,0,8,0,0,0,0,8,,,0.0,0.312344,0.0,0.0,8,,0,0,8,0
metrics,noop,metrics,ABCD,150,0.4,scanner_faint_4,8,0,8,0,0,0,0,8,,,0.0,0.312344,0.0,0.0,8,,0,0,8,0
metrics,noop,metrics,ABCD,150,0.4,scanner_double_4,8,0,8,0,0,0,0,8,,,0.0,0.312344,0.0,0.0,8,,0,0,8,0
metrics,noop,metrics,ABCD,150,0.4,adv_long_runs,8,0,8,0,0,0,0,8,,,0.0,0.312344,0.0,0.0,8,,0,0,8,0
metrics,noop,metrics,ABCD,150,0.4,adv_favourite,8,0,8,0,0,0,0,8,,,0.0,0.312344,0.0,0.0,8,,0,0,8,0
metrics,noop,metrics,ABCD,150,0.4,adv_easy_block,8,0,8,0,0,0,0,8,,,0.0,0.312344,0.0,0.0,8,,0,0,8,0
metrics,noop,metrics,ABCD,150,0.4,adv_key_leakage,8,8,0,0,0,0,8,0,0.0,0.0,,,1.0,0.0,8,0.0,896,0,8,0
metrics,noop,metrics,ABCD,150,0.4,adv_cycle,8,0,8,0,0,0,0,8,,,0.0,0.312344,0.0,0.0,8,,0,0,8,0
metrics,noop,metrics,ABCD,150,0.55,none,8,0,8,0,0,0,0,8,,,0.0,0.312344,0.0,0.0,8,,0,0,8,0
metrics,noop,metrics,ABCD,150,0.55,row_skip_1,8,8,0,0,0,0,8,0,0.0,0.0,,,1.0,0.0,8,0.0,79,0,8,0
metrics,noop,metrics,ABCD,150,0.55,row_skip_2,8,8,0,0,0,0,8,0,0.0,0.0,,,1.0,0.0,8,0.0,136,0,8,15
metrics,noop,metrics,ABCD,150,0.55,early_full,8,8,0,0,0,0,8,0,0.0,0.0,,,1.0,0.0,8,0.0,266,0,8,13
metrics,noop,metrics,ABCD,150,0.55,boundary,8,8,0,0,0,0,8,0,0.0,0.0,,,1.0,0.0,8,0.0,85,0,8,5
metrics,noop,metrics,ABCD,150,0.55,short_local,8,8,0,0,0,0,8,0,0.0,0.0,,,1.0,0.0,8,0.0,20,0,8,0
metrics,noop,metrics,ABCD,150,0.55,whole_section,8,8,0,0,0,0,8,0,0.0,0.0,,,1.0,0.0,8,0.0,116,0,8,7
metrics,noop,metrics,ABCD,150,0.55,anxiety,8,8,0,0,0,0,8,0,0.0,0.0,,,1.0,0.0,8,0.0,160,0,8,4
metrics,noop,metrics,ABCD,150,0.55,double_shift,8,8,0,0,0,0,8,0,0.0,0.0,,,1.0,0.0,8,0.0,186,0,8,0
metrics,noop,metrics,ABCD,150,0.55,self_corrected,8,8,0,0,0,0,8,0,0.0,0.0,,,1.0,0.0,8,0.0,40,0,8,4
metrics,noop,metrics,ABCD,150,0.55,deferred,8,8,0,0,0,0,8,0,0.0,0.0,,,1.0,0.0,8,0.0,168,0,8,16
metrics,noop,metrics,ABCD,150,0.55,isolated,8,8,0,0,0,0,8,0,0.0,0.0,,,1.0,0.0,8,0.0,6,0,8,0
metrics,noop,metrics,ABCD,150,0.55,scanner_blank_1,8,8,0,0,0,0,8,0,0.0,0.0,,,1.0,0.0,8,0.0,133,0,8,1
metrics,noop,metrics,ABCD,150,0.55,scanner_blank_2,8,8,0,0,0,0,8,0,0.0,0.0,,,1.0,0.0,8,0.0,125,0,8,3
metrics,noop,metrics,ABCD,150,0.55,scanner_row_delete_1,8,8,0,0,0,0,8,0,0.0,0.0,,,1.0,0.0,8,0.0,57,0,8,15
metrics,noop,metrics,ABCD,150,0.55,scanner_row_delete_2,8,8,0,0,0,0,8,0,0.0,0.0,,,1.0,0.0,8,0.0,139,0,8,1
metrics,noop,metrics,ABCD,150,0.55,scanner_misread_1,8,0,8,0,0,0,0,8,,,0.0,0.312344,0.0,0.0,8,,0,0,8,0
metrics,noop,metrics,ABCD,150,0.55,scanner_misread_4,8,0,8,0,0,0,0,8,,,0.0,0.312344,0.0,0.0,8,,0,0,8,0
metrics,noop,metrics,ABCD,150,0.55,scanner_faint_1,8,0,8,0,0,0,0,8,,,0.0,0.312344,0.0,0.0,8,,0,0,8,0
metrics,noop,metrics,ABCD,150,0.55,scanner_faint_4,8,0,8,0,0,0,0,8,,,0.0,0.312344,0.0,0.0,8,,0,0,8,0
metrics,noop,metrics,ABCD,150,0.55,scanner_double_4,8,0,8,0,0,0,0,8,,,0.0,0.312344,0.0,0.0,8,,0,0,8,0
metrics,noop,metrics,ABCD,150,0.55,adv_long_runs,8,0,8,0,0,0,0,8,,,0.0,0.312344,0.0,0.0,8,,0,0,8,0
metrics,noop,metrics,ABCD,150,0.55,adv_favourite,8,0,8,0,0,0,0,8,,,0.0,0.312344,0.0,0.0,8,,0,0,8,0
metrics,noop,metrics,ABCD,150,0.55,adv_easy_block,8,0,8,0,0,0,0,8,,,0.0,0.312344,0.0,0.0,8,,0,0,8,0
metrics,noop,metrics,ABCD,150,0.55,adv_key_leakage,8,8,0,0,0,0,8,0,0.0,0.0,,,1.0,0.0,8,0.0,902,0,8,0
metrics,noop,metrics,ABCD,150,0.55,adv_cycle,8,0,8,0,0,0,0,8,,,0.0,0.312344,0.0,0.0,8,,0,0,8,0
metrics,noop,metrics,ABCD,150,0.7,none,8,0,8,0,0,0,0,8,,,0.0,0.312344,0.0,0.0,8,,0,0,8,0
metrics,noop,metrics,ABCD,150,0.7,row_skip_1,8,8,0,0,0,0,8,0,0.0,0.0,,,1.0,0.0,8,0.0,194,0,8,5
metrics,noop,metrics,ABCD,150,0.7,row_skip_2,8,8,0,0,0,0,8,0,0.0,0.0,,,1.0,0.0,8,0.0,158,0,8,4
metrics,noop,metrics,ABCD,150,0.7,early_full,8,8,0,0,0,0,8,0,0.0,0.0,,,1.0,0.0,8,0.0,422,0,8,0
metrics,noop,metrics,ABCD,150,0.7,boundary,8,8,0,0,0,0,8,0,0.0,0.0,,,1.0,0.0,8,0.0,65,0,8,6
metrics,noop,metrics,ABCD,150,0.7,short_local,8,8,0,0,0,0,8,0,0.0,0.0,,,1.0,0.0,8,0.0,31,0,8,0
metrics,noop,metrics,ABCD,150,0.7,whole_section,8,8,0,0,0,0,8,0,0.0,0.0,,,1.0,0.0,8,0.0,139,0,8,0
metrics,noop,metrics,ABCD,150,0.7,anxiety,8,8,0,0,0,0,8,0,0.0,0.0,,,1.0,0.0,8,0.0,205,0,8,9
metrics,noop,metrics,ABCD,150,0.7,double_shift,8,8,0,0,0,0,8,0,0.0,0.0,,,1.0,0.0,8,0.0,218,0,8,2
metrics,noop,metrics,ABCD,150,0.7,self_corrected,8,8,0,0,0,0,8,0,0.0,0.0,,,1.0,0.0,8,0.0,57,0,8,2
metrics,noop,metrics,ABCD,150,0.7,deferred,8,8,0,0,0,0,8,0,0.0,0.0,,,1.0,0.0,8,0.0,192,0,8,4
metrics,noop,metrics,ABCD,150,0.7,isolated,8,8,0,0,0,0,8,0,0.0,0.0,,,1.0,0.0,8,0.0,13,0,8,0
metrics,noop,metrics,ABCD,150,0.7,scanner_blank_1,8,8,0,0,0,0,8,0,0.0,0.0,,,1.0,0.0,8,0.0,185,0,8,5
metrics,noop,metrics,ABCD,150,0.7,scanner_blank_2,8,8,0,0,0,0,8,0,0.0,0.0,,,1.0,0.0,8,0.0,207,0,8,0
metrics,noop,metrics,ABCD,150,0.7,scanner_row_delete_1,8,8,0,0,0,0,8,0,0.0,0.0,,,1.0,0.0,8,0.0,157,0,8,0
metrics,noop,metrics,ABCD,150,0.7,scanner_row_delete_2,8,8,0,0,0,0,8,0,0.0,0.0,,,1.0,0.0,8,0.0,182,0,8,0
metrics,noop,metrics,ABCD,150,0.7,scanner_misread_1,8,0,8,0,0,0,0,8,,,0.0,0.312344,0.0,0.0,8,,0,0,8,0
metrics,noop,metrics,ABCD,150,0.7,scanner_misread_4,8,0,8,0,0,0,0,8,,,0.0,0.312344,0.0,0.0,8,,0,0,8,0
metrics,noop,metrics,ABCD,150,0.7,scanner_faint_1,8,0,8,0,0,0,0,8,,,0.0,0.312344,0.0,0.0,8,,0,0,8,0
metrics,noop,metrics,ABCD,150,0.7,scanner_faint_4,8,0,8,0,0,0,0,8,,,0.0,0.312344,0.0,0.0,8,,0,0,8,0
metrics,noop,metrics,ABCD,150,0.7,scanner_double_4,8,0,8,0,0,0,0,8,,,0.0,0.312344,0.0,0.0,8,,0,0,8,0
metrics,noop,metrics,ABCD,150,0.7,adv_long_runs,8,0,8,0,0,0,0,8,,,0.0,0.312344,0.0,0.0,8,,0,0,8,0
metrics,noop,metrics,ABCD,150,0.7,adv_favourite,8,0,8,0,0,0,0,8,,,0.0,0.312344,0.0,0.0,8,,0,0,8,0
metrics,noop,metrics,ABCD,150,0.7,adv_easy_block,8,0,8,0,0,0,0,8,,,0.0,0.312344,0.0,0.0,8,,0,0,8,0
metrics,noop,metrics,ABCD,150,0.7,adv_key_leakage,8,8,0,0,0,0,8,0,0.0,0.0,,,1.0,0.0,8,0.0,880,0,8,0
metrics,noop,metrics,ABCD,150,0.7,adv_cycle,8,0,8,0,0,0,0,8,,,0.0,0.312344,0.0,0.0,8,,0,0,8,0
metrics,noop,metrics,ABCD,150,0.85,none,8,0,8,0,0,0,0,8,,,0.0,0.312344,0.0,0.0,8,,0,0,8,0
metrics,noop,metrics,ABCD,150,0.85,row_skip_1,8,8,0,0,0,0,8,0,0.0,0.0,,,1.0,0.0,8,0.0,304,0,8,0
metrics,noop,metrics,ABCD,150,0.85,row_skip_2,8,8,0,0,0,0,8,0,0.0,0.0,,,1.0,0.0,8,0.0,139,0,8,16
metrics,noop,metrics,ABCD,150,0.85,early_full,8,8,0,0,0,0,8,0,0.0,0.0,,,1.0,0.0,8,0.0,680,0,8,0
metrics,noop,metrics,ABCD,150,0.85,boundary,8,8,0,0,0,0,8,0,0.0,0.0,,,1.0,0.0,8,0.0,223,0,8,0
metrics,noop,metrics,ABCD,150,0.85,short_local,8,8,0,0,0,0,8,0,0.0,0.0,,,1.0,0.0,8,0.0,29,0,8,0
metrics,noop,metrics,ABCD,150,0.85,whole_section,8,8,0,0,0,0,8,0,0.0,0.0,,,1.0,0.0,8,0.0,313,0,8,0
metrics,noop,metrics,ABCD,150,0.85,anxiety,8,8,0,0,0,0,8,0,0.0,0.0,,,1.0,0.0,8,0.0,230,0,8,5
metrics,noop,metrics,ABCD,150,0.85,double_shift,8,8,0,0,0,0,8,0,0.0,0.0,,,1.0,0.0,8,0.0,430,0,8,0
metrics,noop,metrics,ABCD,150,0.85,self_corrected,8,8,0,0,0,0,8,0,0.0,0.0,,,1.0,0.0,8,0.0,71,0,8,0
metrics,noop,metrics,ABCD,150,0.85,deferred,8,8,0,0,0,0,8,0,0.0,0.0,,,1.0,0.0,8,0.0,209,0,8,1
metrics,noop,metrics,ABCD,150,0.85,isolated,8,8,0,0,0,0,8,0,0.0,0.0,,,1.0,0.0,8,0.0,9,0,8,0
metrics,noop,metrics,ABCD,150,0.85,scanner_blank_1,8,8,0,0,0,0,8,0,0.0,0.0,,,1.0,0.0,8,0.0,351,0,8,0
metrics,noop,metrics,ABCD,150,0.85,scanner_blank_2,8,8,0,0,0,0,8,0,0.0,0.0,,,1.0,0.0,8,0.0,271,0,8,0
metrics,noop,metrics,ABCD,150,0.85,scanner_row_delete_1,8,8,0,0,0,0,8,0,0.0,0.0,,,1.0,0.0,8,0.0,307,0,8,10
metrics,noop,metrics,ABCD,150,0.85,scanner_row_delete_2,8,8,0,0,0,0,8,0,0.0,0.0,,,1.0,0.0,8,0.0,325,0,8,0
metrics,noop,metrics,ABCD,150,0.85,scanner_misread_1,8,0,8,0,0,0,0,8,,,0.0,0.312344,0.0,0.0,8,,0,0,8,0
metrics,noop,metrics,ABCD,150,0.85,scanner_misread_4,8,0,8,0,0,0,0,8,,,0.0,0.312344,0.0,0.0,8,,0,0,8,0
metrics,noop,metrics,ABCD,150,0.85,scanner_faint_1,8,0,8,0,0,0,0,8,,,0.0,0.312344,0.0,0.0,8,,0,0,8,0
metrics,noop,metrics,ABCD,150,0.85,scanner_faint_4,8,0,8,0,0,0,0,8,,,0.0,0.312344,0.0,0.0,8,,0,0,8,0
metrics,noop,metrics,ABCD,150,0.85,scanner_double_4,8,0,8,0,0,0,0,8,,,0.0,0.312344,0.0,0.0,8,,0,0,8,0
metrics,noop,metrics,ABCD,150,0.85,adv_long_runs,8,0,8,0,0,0,0,8,,,0.0,0.312344,0.0,0.0,8,,0,0,8,0
metrics,noop,metrics,ABCD,150,0.85,adv_favourite,8,0,8,0,0,0,0,8,,,0.0,0.312344,0.0,0.0,8,,0,0,8,0
metrics,noop,metrics,ABCD,150,0.85,adv_easy_block,8,0,8,0,0,0,0,8,,,0.0,0.312344,0.0,0.0,8,,0,0,8,0
metrics,noop,metrics,ABCD,150,0.85,adv_key_leakage,8,8,0,0,0,0,8,0,0.0,0.0,,,1.0,0.0,8,0.0,890,0,8,0
metrics,noop,metrics,ABCD,150,0.85,adv_cycle,8,0,8,0,0,0,0,8,,,0.0,0.312344,0.0,0.0,8,,0,0,8,0
metrics,noop,metrics,ABCD,150,0.95,none,8,0,8,0,0,0,0,8,,,0.0,0.312344,0.0,0.0,8,,0,0,8,0
metrics,noop,metrics,ABCD,150,0.95,row_skip_1,8,8,0,0,0,0,8,0,0.0,0.0,,,1.0,0.0,8,0.0,270,0,8,0
metrics,noop,metrics,ABCD,150,0.95,row_skip_2,8,8,0,0,0,0,8,0,0.0,0.0,,,1.0,0.0,8,0.0,290,0,8,0
metrics,noop,metrics,ABCD,150,0.95,early_full,8,8,0,0,0,0,8,0,0.0,0.0,,,1.0,0.0,8,0.0,665,0,8,6
metrics,noop,metrics,ABCD,150,0.95,boundary,8,8,0,0,0,0,8,0,0.0,0.0,,,1.0,0.0,8,0.0,186,0,8,6
metrics,noop,metrics,ABCD,150,0.95,short_local,8,8,0,0,0,0,8,0,0.0,0.0,,,1.0,0.0,8,0.0,28,0,8,4
metrics,noop,metrics,ABCD,150,0.95,whole_section,8,8,0,0,0,0,8,0,0.0,0.0,,,1.0,0.0,8,0.0,333,0,8,0
metrics,noop,metrics,ABCD,150,0.95,anxiety,8,8,0,0,0,0,8,0,0.0,0.0,,,1.0,0.0,8,0.0,435,0,8,0
metrics,noop,metrics,ABCD,150,0.95,double_shift,8,8,0,0,0,0,8,0,0.0,0.0,,,1.0,0.0,8,0.0,266,0,8,0
metrics,noop,metrics,ABCD,150,0.95,self_corrected,8,8,0,0,0,0,8,0,0.0,0.0,,,1.0,0.0,8,0.0,76,0,8,2
metrics,noop,metrics,ABCD,150,0.95,deferred,8,8,0,0,0,0,8,0,0.0,0.0,,,1.0,0.0,8,0.0,341,0,8,0
metrics,noop,metrics,ABCD,150,0.95,isolated,8,8,0,0,0,0,8,0,0.0,0.0,,,1.0,0.0,8,0.0,7,0,8,0
metrics,noop,metrics,ABCD,150,0.95,scanner_blank_1,8,8,0,0,0,0,8,0,0.0,0.0,,,1.0,0.0,8,0.0,280,0,8,1
metrics,noop,metrics,ABCD,150,0.95,scanner_blank_2,8,8,0,0,0,0,8,0,0.0,0.0,,,1.0,0.0,8,0.0,206,0,8,13
metrics,noop,metrics,ABCD,150,0.95,scanner_row_delete_1,8,8,0,0,0,0,8,0,0.0,0.0,,,1.0,0.0,8,0.0,209,0,8,2
metrics,noop,metrics,ABCD,150,0.95,scanner_row_delete_2,8,8,0,0,0,0,8,0,0.0,0.0,,,1.0,0.0,8,0.0,205,0,8,1
metrics,noop,metrics,ABCD,150,0.95,scanner_misread_1,8,0,8,0,0,0,0,8,,,0.0,0.312344,0.0,0.0,8,,0,0,8,0
metrics,noop,metrics,ABCD,150,0.95,scanner_misread_4,8,0,8,0,0,0,0,8,,,0.0,0.312344,0.0,0.0,8,,0,0,8,0
metrics,noop,metrics,ABCD,150,0.95,scanner_faint_1,8,0,8,0,0,0,0,8,,,0.0,0.312344,0.0,0.0,8,,0,0,8,0
metrics,noop,metrics,ABCD,150,0.95,scanner_faint_4,8,0,8,0,0,0,0,8,,,0.0,0.312344,0.0,0.0,8,,0,0,8,0
metrics,noop,metrics,ABCD,150,0.95,scanner_double_4,8,0,8,0,0,0,0,8,,,0.0,0.312344,0.0,0.0,8,,0,0,8,0
metrics,noop,metrics,ABCD,150,0.95,adv_long_runs,8,0,8,0,0,0,0,8,,,0.0,0.312344,0.0,0.0,8,,0,0,8,0
metrics,noop,metrics,ABCD,150,0.95,adv_favourite,8,0,8,0,0,0,0,8,,,0.0,0.312344,0.0,0.0,8,,0,0,8,0
metrics,noop,metrics,ABCD,150,0.95,adv_easy_block,8,0,8,0,0,0,0,8,,,0.0,0.312344,0.0,0.0,8,,0,0,8,0
metrics,noop,metrics,ABCD,150,0.95,adv_key_leakage,8,8,0,0,0,0,8,0,0.0,0.0,,,1.0,0.0,8,0.0,873,0,8,0
metrics,noop,metrics,ABCD,150,0.95,adv_cycle,8,0,8,0,0,0,0,8,,,0.0,0.312344,0.0,0.0,8,,0,0,8,0
metrics,noop,metrics,ABCDE,46,0.26,none,8,0,8,0,0,0,0,8,,,0.0,0.312344,0.0,0.0,8,,0,0,8,0
metrics,noop,metrics,ABCDE,46,0.26,row_skip_1,8,8,0,0,0,0,8,0,0.0,0.0,,,1.0,0.0,8,0.0,15,0,8,5
metrics,noop,metrics,ABCDE,46,0.26,row_skip_2,8,8,0,0,0,0,8,0,0.0,0.0,,,1.0,0.0,8,0.0,30,0,8,8
metrics,noop,metrics,ABCDE,46,0.26,early_full,8,8,0,0,0,0,8,0,0.0,0.0,,,1.0,0.0,8,0.0,32,0,8,10
metrics,noop,metrics,ABCDE,46,0.26,boundary,8,8,0,0,0,0,8,0,0.0,0.0,,,1.0,0.0,8,0.0,11,0,8,9
metrics,noop,metrics,ABCDE,46,0.26,short_local,8,8,0,0,0,0,8,0,0.0,0.0,,,1.0,0.0,8,0.0,16,0,8,3
metrics,noop,metrics,ABCDE,46,0.26,whole_section,8,8,0,0,0,0,8,0,0.0,0.0,,,1.0,0.0,8,0.0,16,0,8,6
metrics,noop,metrics,ABCDE,46,0.26,anxiety,8,8,0,0,0,0,8,0,0.0,0.0,,,1.0,0.0,8,0.0,8,0,8,17
metrics,noop,metrics,ABCDE,46,0.26,double_shift,8,8,0,0,0,0,8,0,0.0,0.0,,,1.0,0.0,8,0.0,11,0,8,8
metrics,noop,metrics,ABCDE,46,0.26,self_corrected,8,8,0,0,0,0,8,0,0.0,0.0,,,1.0,0.0,8,0.0,8,0,8,13
metrics,noop,metrics,ABCDE,46,0.26,deferred,8,8,0,0,0,0,8,0,0.0,0.0,,,1.0,0.0,8,0.0,35,0,8,1
metrics,noop,metrics,ABCDE,46,0.26,isolated,8,8,0,0,0,0,8,0,0.0,0.0,,,1.0,0.0,8,0.0,1,0,8,1
metrics,noop,metrics,ABCDE,46,0.26,scanner_blank_1,8,8,0,0,0,0,8,0,0.0,0.0,,,1.0,0.0,8,0.0,19,0,8,0
metrics,noop,metrics,ABCDE,46,0.26,scanner_blank_2,8,8,0,0,0,0,8,0,0.0,0.0,,,1.0,0.0,8,0.0,27,0,8,3
metrics,noop,metrics,ABCDE,46,0.26,scanner_row_delete_1,8,8,0,0,0,0,8,0,0.0,0.0,,,1.0,0.0,8,0.0,10,0,8,8
metrics,noop,metrics,ABCDE,46,0.26,scanner_row_delete_2,8,8,0,0,0,0,8,0,0.0,0.0,,,1.0,0.0,8,0.0,21,0,8,0
metrics,noop,metrics,ABCDE,46,0.26,scanner_misread_1,8,0,8,0,0,0,0,8,,,0.0,0.312344,0.0,0.0,8,,0,0,8,0
metrics,noop,metrics,ABCDE,46,0.26,scanner_misread_4,8,0,8,0,0,0,0,8,,,0.0,0.312344,0.0,0.0,8,,0,0,8,0
metrics,noop,metrics,ABCDE,46,0.26,scanner_faint_1,8,0,8,0,0,0,0,8,,,0.0,0.312344,0.0,0.0,8,,0,0,8,0
metrics,noop,metrics,ABCDE,46,0.26,scanner_faint_4,8,0,8,0,0,0,0,8,,,0.0,0.312344,0.0,0.0,8,,0,0,8,0
metrics,noop,metrics,ABCDE,46,0.26,scanner_double_4,8,0,8,0,0,0,0,8,,,0.0,0.312344,0.0,0.0,8,,0,0,8,0
metrics,noop,metrics,ABCDE,46,0.26,adv_long_runs,8,0,8,0,0,0,0,8,,,0.0,0.312344,0.0,0.0,8,,0,0,8,0
metrics,noop,metrics,ABCDE,46,0.26,adv_favourite,8,0,8,0,0,0,0,8,,,0.0,0.312344,0.0,0.0,8,,0,0,8,0
metrics,noop,metrics,ABCDE,46,0.26,adv_easy_block,8,0,8,0,0,0,0,8,,,0.0,0.312344,0.0,0.0,8,,0,0,8,0
metrics,noop,metrics,ABCDE,46,0.26,adv_key_leakage,8,8,0,0,0,0,8,0,0.0,0.0,,,1.0,0.0,8,0.0,286,0,8,0
metrics,noop,metrics,ABCDE,46,0.26,adv_cycle,8,0,8,0,0,0,0,8,,,0.0,0.312344,0.0,0.0,8,,0,0,8,0
metrics,noop,metrics,ABCDE,46,0.4,none,8,0,8,0,0,0,0,8,,,0.0,0.312344,0.0,0.0,8,,0,0,8,0
metrics,noop,metrics,ABCDE,46,0.4,row_skip_1,8,8,0,0,0,0,8,0,0.0,0.0,,,1.0,0.0,8,0.0,60,0,8,2
metrics,noop,metrics,ABCDE,46,0.4,row_skip_2,8,8,0,0,0,0,8,0,0.0,0.0,,,1.0,0.0,8,0.0,21,0,8,4
metrics,noop,metrics,ABCDE,46,0.4,early_full,8,8,0,0,0,0,8,0,0.0,0.0,,,1.0,0.0,8,0.0,34,0,8,7
metrics,noop,metrics,ABCDE,46,0.4,boundary,8,8,0,0,0,0,8,0,0.0,0.0,,,1.0,0.0,8,0.0,27,0,8,0
metrics,noop,metrics,ABCDE,46,0.4,short_local,8,8,0,0,0,0,8,0,0.0,0.0,,,1.0,0.0,8,0.0,21,0,8,0
metrics,noop,metrics,ABCDE,46,0.4,whole_section,8,8,0,0,0,0,8,0,0.0,0.0,,,1.0,0.0,8,0.0,31,0,8,1
metrics,noop,metrics,ABCDE,46,0.4,anxiety,8,8,0,0,0,0,8,0,0.0,0.0,,,1.0,0.0,8,0.0,20,0,8,7
metrics,noop,metrics,ABCDE,46,0.4,double_shift,8,8,0,0,0,0,8,0,0.0,0.0,,,1.0,0.0,8,0.0,30,0,8,10
metrics,noop,metrics,ABCDE,46,0.4,self_corrected,8,8,0,0,0,0,8,0,0.0,0.0,,,1.0,0.0,8,0.0,33,0,8,0
metrics,noop,metrics,ABCDE,46,0.4,deferred,8,8,0,0,0,0,8,0,0.0,0.0,,,1.0,0.0,8,0.0,31,0,8,8
metrics,noop,metrics,ABCDE,46,0.4,isolated,8,8,0,0,0,0,8,0,0.0,0.0,,,1.0,0.0,8,0.0,5,0,8,1
metrics,noop,metrics,ABCDE,46,0.4,scanner_blank_1,8,8,0,0,0,0,8,0,0.0,0.0,,,1.0,0.0,8,0.0,15,0,8,8
metrics,noop,metrics,ABCDE,46,0.4,scanner_blank_2,8,8,0,0,0,0,8,0,0.0,0.0,,,1.0,0.0,8,0.0,25,0,8,4
metrics,noop,metrics,ABCDE,46,0.4,scanner_row_delete_1,8,8,0,0,0,0,8,0,0.0,0.0,,,1.0,0.0,8,0.0,22,0,8,0
metrics,noop,metrics,ABCDE,46,0.4,scanner_row_delete_2,8,8,0,0,0,0,8,0,0.0,0.0,,,1.0,0.0,8,0.0,22,0,8,1
metrics,noop,metrics,ABCDE,46,0.4,scanner_misread_1,8,0,8,0,0,0,0,8,,,0.0,0.312344,0.0,0.0,8,,0,0,8,0
metrics,noop,metrics,ABCDE,46,0.4,scanner_misread_4,8,0,8,0,0,0,0,8,,,0.0,0.312344,0.0,0.0,8,,0,0,8,0
metrics,noop,metrics,ABCDE,46,0.4,scanner_faint_1,8,0,8,0,0,0,0,8,,,0.0,0.312344,0.0,0.0,8,,0,0,8,0
metrics,noop,metrics,ABCDE,46,0.4,scanner_faint_4,8,0,8,0,0,0,0,8,,,0.0,0.312344,0.0,0.0,8,,0,0,8,0
metrics,noop,metrics,ABCDE,46,0.4,scanner_double_4,8,0,8,0,0,0,0,8,,,0.0,0.312344,0.0,0.0,8,,0,0,8,0
metrics,noop,metrics,ABCDE,46,0.4,adv_long_runs,8,0,8,0,0,0,0,8,,,0.0,0.312344,0.0,0.0,8,,0,0,8,0
metrics,noop,metrics,ABCDE,46,0.4,adv_favourite,8,0,8,0,0,0,0,8,,,0.0,0.312344,0.0,0.0,8,,0,0,8,0
metrics,noop,metrics,ABCDE,46,0.4,adv_easy_block,8,0,8,0,0,0,0,8,,,0.0,0.312344,0.0,0.0,8,,0,0,8,0
metrics,noop,metrics,ABCDE,46,0.4,adv_key_leakage,8,8,0,0,0,0,8,0,0.0,0.0,,,1.0,0.0,8,0.0,288,0,8,0
metrics,noop,metrics,ABCDE,46,0.4,adv_cycle,8,0,8,0,0,0,0,8,,,0.0,0.312344,0.0,0.0,8,,0,0,8,0
metrics,noop,metrics,ABCDE,46,0.55,none,8,0,8,0,0,0,0,8,,,0.0,0.312344,0.0,0.0,8,,0,0,8,0
metrics,noop,metrics,ABCDE,46,0.55,row_skip_1,8,8,0,0,0,0,8,0,0.0,0.0,,,1.0,0.0,8,0.0,49,0,8,1
metrics,noop,metrics,ABCDE,46,0.55,row_skip_2,8,8,0,0,0,0,8,0,0.0,0.0,,,1.0,0.0,8,0.0,28,0,8,0
metrics,noop,metrics,ABCDE,46,0.55,early_full,8,8,0,0,0,0,8,0,0.0,0.0,,,1.0,0.0,8,0.0,142,0,8,0
metrics,noop,metrics,ABCDE,46,0.55,boundary,8,8,0,0,0,0,8,0,0.0,0.0,,,1.0,0.0,8,0.0,23,0,8,0
metrics,noop,metrics,ABCDE,46,0.55,short_local,8,8,0,0,0,0,8,0,0.0,0.0,,,1.0,0.0,8,0.0,8,0,8,3
metrics,noop,metrics,ABCDE,46,0.55,whole_section,8,8,0,0,0,0,8,0,0.0,0.0,,,1.0,0.0,8,0.0,34,0,8,1
metrics,noop,metrics,ABCDE,46,0.55,anxiety,8,8,0,0,0,0,8,0,0.0,0.0,,,1.0,0.0,8,0.0,43,0,8,0
metrics,noop,metrics,ABCDE,46,0.55,double_shift,8,8,0,0,0,0,8,0,0.0,0.0,,,1.0,0.0,8,0.0,38,0,8,11
metrics,noop,metrics,ABCDE,46,0.55,self_corrected,8,8,0,0,0,0,8,0,0.0,0.0,,,1.0,0.0,8,0.0,45,0,8,0
metrics,noop,metrics,ABCDE,46,0.55,deferred,8,8,0,0,0,0,8,0,0.0,0.0,,,1.0,0.0,8,0.0,68,0,8,0
metrics,noop,metrics,ABCDE,46,0.55,isolated,8,8,0,0,0,0,8,0,0.0,0.0,,,1.0,0.0,8,0.0,4,0,8,2
metrics,noop,metrics,ABCDE,46,0.55,scanner_blank_1,8,8,0,0,0,0,8,0,0.0,0.0,,,1.0,0.0,8,0.0,67,0,8,0
metrics,noop,metrics,ABCDE,46,0.55,scanner_blank_2,8,8,0,0,0,0,8,0,0.0,0.0,,,1.0,0.0,8,0.0,58,0,8,2
metrics,noop,metrics,ABCDE,46,0.55,scanner_row_delete_1,8,8,0,0,0,0,8,0,0.0,0.0,,,1.0,0.0,8,0.0,54,0,8,0
metrics,noop,metrics,ABCDE,46,0.55,scanner_row_delete_2,8,8,0,0,0,0,8,0,0.0,0.0,,,1.0,0.0,8,0.0,54,0,8,0
metrics,noop,metrics,ABCDE,46,0.55,scanner_misread_1,8,0,8,0,0,0,0,8,,,0.0,0.312344,0.0,0.0,8,,0,0,8,0
metrics,noop,metrics,ABCDE,46,0.55,scanner_misread_4,8,0,8,0,0,0,0,8,,,0.0,0.312344,0.0,0.0,8,,0,0,8,0
metrics,noop,metrics,ABCDE,46,0.55,scanner_faint_1,8,0,8,0,0,0,0,8,,,0.0,0.312344,0.0,0.0,8,,0,0,8,0
metrics,noop,metrics,ABCDE,46,0.55,scanner_faint_4,8,0,8,0,0,0,0,8,,,0.0,0.312344,0.0,0.0,8,,0,0,8,0
metrics,noop,metrics,ABCDE,46,0.55,scanner_double_4,8,0,8,0,0,0,0,8,,,0.0,0.312344,0.0,0.0,8,,0,0,8,0
metrics,noop,metrics,ABCDE,46,0.55,adv_long_runs,8,0,8,0,0,0,0,8,,,0.0,0.312344,0.0,0.0,8,,0,0,8,0
metrics,noop,metrics,ABCDE,46,0.55,adv_favourite,8,0,8,0,0,0,0,8,,,0.0,0.312344,0.0,0.0,8,,0,0,8,0
metrics,noop,metrics,ABCDE,46,0.55,adv_easy_block,8,0,8,0,0,0,0,8,,,0.0,0.312344,0.0,0.0,8,,0,0,8,0
metrics,noop,metrics,ABCDE,46,0.55,adv_key_leakage,8,8,0,0,0,0,8,0,0.0,0.0,,,1.0,0.0,8,0.0,286,0,8,0
metrics,noop,metrics,ABCDE,46,0.55,adv_cycle,8,0,8,0,0,0,0,8,,,0.0,0.312344,0.0,0.0,8,,0,0,8,0
metrics,noop,metrics,ABCDE,46,0.7,none,8,0,8,0,0,0,0,8,,,0.0,0.312344,0.0,0.0,8,,0,0,8,0
metrics,noop,metrics,ABCDE,46,0.7,row_skip_1,8,8,0,0,0,0,8,0,0.0,0.0,,,1.0,0.0,8,0.0,66,0,8,0
metrics,noop,metrics,ABCDE,46,0.7,row_skip_2,8,8,0,0,0,0,8,0,0.0,0.0,,,1.0,0.0,8,0.0,91,0,8,0
metrics,noop,metrics,ABCDE,46,0.7,early_full,8,8,0,0,0,0,8,0,0.0,0.0,,,1.0,0.0,8,0.0,168,0,8,0
metrics,noop,metrics,ABCDE,46,0.7,boundary,8,8,0,0,0,0,8,0,0.0,0.0,,,1.0,0.0,8,0.0,30,0,8,0
metrics,noop,metrics,ABCDE,46,0.7,short_local,8,8,0,0,0,0,8,0,0.0,0.0,,,1.0,0.0,8,0.0,21,0,8,2
metrics,noop,metrics,ABCDE,46,0.7,whole_section,8,8,0,0,0,0,8,0,0.0,0.0,,,1.0,0.0,8,0.0,74,0,8,0
metrics,noop,metrics,ABCDE,46,0.7,anxiety,8,8,0,0,0,0,8,0,0.0,0.0,,,1.0,0.0,8,0.0,69,0,8,0
metrics,noop,metrics,ABCDE,46,0.7,double_shift,8,8,0,0,0,0,8,0,0.0,0.0,,,1.0,0.0,8,0.0,97,0,8,7
metrics,noop,metrics,ABCDE,46,0.7,self_corrected,8,8,0,0,0,0,8,0,0.0,0.0,,,1.0,0.0,8,0.0,56,0,8,0
metrics,noop,metrics,ABCDE,46,0.7,deferred,8,8,0,0,0,0,8,0,0.0,0.0,,,1.0,0.0,8,0.0,64,0,8,0
metrics,noop,metrics,ABCDE,46,0.7,isolated,8,8,0,0,0,0,8,0,0.0,0.0,,,1.0,0.0,8,0.0,7,0,8,3
metrics,noop,metrics,ABCDE,46,0.7,scanner_blank_1,8,8,0,0,0,0,8,0,0.0,0.0,,,1.0,0.0,8,0.0,73,0,8,0
metrics,noop,metrics,ABCDE,46,0.7,scanner_blank_2,8,8,0,0,0,0,8,0,0.0,0.0,,,1.0,0.0,8,0.0,38,0,8,0
metrics,noop,metrics,ABCDE,46,0.7,scanner_row_delete_1,8,8,0,0,0,0,8,0,0.0,0.0,,,1.0,0.0,8,0.0,34,0,8,2
metrics,noop,metrics,ABCDE,46,0.7,scanner_row_delete_2,8,8,0,0,0,0,8,0,0.0,0.0,,,1.0,0.0,8,0.0,53,0,8,2
metrics,noop,metrics,ABCDE,46,0.7,scanner_misread_1,8,0,8,0,0,0,0,8,,,0.0,0.312344,0.0,0.0,8,,0,0,8,0
metrics,noop,metrics,ABCDE,46,0.7,scanner_misread_4,8,0,8,0,0,0,0,8,,,0.0,0.312344,0.0,0.0,8,,0,0,8,0
metrics,noop,metrics,ABCDE,46,0.7,scanner_faint_1,8,0,8,0,0,0,0,8,,,0.0,0.312344,0.0,0.0,8,,0,0,8,0
metrics,noop,metrics,ABCDE,46,0.7,scanner_faint_4,8,0,8,0,0,0,0,8,,,0.0,0.312344,0.0,0.0,8,,0,0,8,0
metrics,noop,metrics,ABCDE,46,0.7,scanner_double_4,8,0,8,0,0,0,0,8,,,0.0,0.312344,0.0,0.0,8,,0,0,8,0
metrics,noop,metrics,ABCDE,46,0.7,adv_long_runs,8,0,8,0,0,0,0,8,,,0.0,0.312344,0.0,0.0,8,,0,0,8,0
metrics,noop,metrics,ABCDE,46,0.7,adv_favourite,8,0,8,0,0,0,0,8,,,0.0,0.312344,0.0,0.0,8,,0,0,8,0
metrics,noop,metrics,ABCDE,46,0.7,adv_easy_block,8,0,8,0,0,0,0,8,,,0.0,0.312344,0.0,0.0,8,,0,0,8,0
metrics,noop,metrics,ABCDE,46,0.7,adv_key_leakage,8,8,0,0,0,0,8,0,0.0,0.0,,,1.0,0.0,8,0.0,297,0,8,0
metrics,noop,metrics,ABCDE,46,0.7,adv_cycle,8,0,8,0,0,0,0,8,,,0.0,0.312344,0.0,0.0,8,,0,0,8,0
metrics,noop,metrics,ABCDE,46,0.85,none,8,0,8,0,0,0,0,8,,,0.0,0.312344,0.0,0.0,8,,0,0,8,0
metrics,noop,metrics,ABCDE,46,0.85,row_skip_1,8,8,0,0,0,0,8,0,0.0,0.0,,,1.0,0.0,8,0.0,54,0,8,0
metrics,noop,metrics,ABCDE,46,0.85,row_skip_2,8,8,0,0,0,0,8,0,0.0,0.0,,,1.0,0.0,8,0.0,71,0,8,0
metrics,noop,metrics,ABCDE,46,0.85,early_full,8,8,0,0,0,0,8,0,0.0,0.0,,,1.0,0.0,8,0.0,128,0,8,3
metrics,noop,metrics,ABCDE,46,0.85,boundary,8,8,0,0,0,0,8,0,0.0,0.0,,,1.0,0.0,8,0.0,47,0,8,2
metrics,noop,metrics,ABCDE,46,0.85,short_local,8,8,0,0,0,0,8,0,0.0,0.0,,,1.0,0.0,8,0.0,32,0,8,1
metrics,noop,metrics,ABCDE,46,0.85,whole_section,8,8,0,0,0,0,8,0,0.0,0.0,,,1.0,0.0,8,0.0,71,0,8,0
metrics,noop,metrics,ABCDE,46,0.85,anxiety,8,8,0,0,0,0,8,0,0.0,0.0,,,1.0,0.0,8,0.0,76,0,8,1
metrics,noop,metrics,ABCDE,46,0.85,double_shift,8,8,0,0,0,0,8,0,0.0,0.0,,,1.0,0.0,8,0.0,158,0,8,0
metrics,noop,metrics,ABCDE,46,0.85,self_corrected,8,8,0,0,0,0,8,0,0.0,0.0,,,1.0,0.0,8,0.0,79,0,8,0
metrics,noop,metrics,ABCDE,46,0.85,deferred,8,8,0,0,0,0,8,0,0.0,0.0,,,1.0,0.0,8,0.0,76,0,8,0
metrics,noop,metrics,ABCDE,46,0.85,isolated,8,8,0,0,0,0,8,0,0.0,0.0,,,1.0,0.0,8,0.0,3,0,8,0
metrics,noop,metrics,ABCDE,46,0.85,scanner_blank_1,8,8,0,0,0,0,8,0,0.0,0.0,,,1.0,0.0,8,0.0,55,0,8,0
metrics,noop,metrics,ABCDE,46,0.85,scanner_blank_2,8,8,0,0,0,0,8,0,0.0,0.0,,,1.0,0.0,8,0.0,101,0,8,0
metrics,noop,metrics,ABCDE,46,0.85,scanner_row_delete_1,8,8,0,0,0,0,8,0,0.0,0.0,,,1.0,0.0,8,0.0,52,0,8,7
metrics,noop,metrics,ABCDE,46,0.85,scanner_row_delete_2,8,8,0,0,0,0,8,0,0.0,0.0,,,1.0,0.0,8,0.0,98,0,8,0
metrics,noop,metrics,ABCDE,46,0.85,scanner_misread_1,8,0,8,0,0,0,0,8,,,0.0,0.312344,0.0,0.0,8,,0,0,8,0
metrics,noop,metrics,ABCDE,46,0.85,scanner_misread_4,8,0,8,0,0,0,0,8,,,0.0,0.312344,0.0,0.0,8,,0,0,8,0
metrics,noop,metrics,ABCDE,46,0.85,scanner_faint_1,8,0,8,0,0,0,0,8,,,0.0,0.312344,0.0,0.0,8,,0,0,8,0
metrics,noop,metrics,ABCDE,46,0.85,scanner_faint_4,8,0,8,0,0,0,0,8,,,0.0,0.312344,0.0,0.0,8,,0,0,8,0
metrics,noop,metrics,ABCDE,46,0.85,scanner_double_4,8,0,8,0,0,0,0,8,,,0.0,0.312344,0.0,0.0,8,,0,0,8,0
metrics,noop,metrics,ABCDE,46,0.85,adv_long_runs,8,0,8,0,0,0,0,8,,,0.0,0.312344,0.0,0.0,8,,0,0,8,0
metrics,noop,metrics,ABCDE,46,0.85,adv_favourite,8,0,8,0,0,0,0,8,,,0.0,0.312344,0.0,0.0,8,,0,0,8,0
metrics,noop,metrics,ABCDE,46,0.85,adv_easy_block,8,0,8,0,0,0,0,8,,,0.0,0.312344,0.0,0.0,8,,0,0,8,0
metrics,noop,metrics,ABCDE,46,0.85,adv_key_leakage,8,8,0,0,0,0,8,0,0.0,0.0,,,1.0,0.0,8,0.0,289,0,8,0
metrics,noop,metrics,ABCDE,46,0.85,adv_cycle,8,0,8,0,0,0,0,8,,,0.0,0.312344,0.0,0.0,8,,0,0,8,0
metrics,noop,metrics,ABCDE,46,0.95,none,8,0,8,0,0,0,0,8,,,0.0,0.312344,0.0,0.0,8,,0,0,8,0
metrics,noop,metrics,ABCDE,46,0.95,row_skip_1,8,8,0,0,0,0,8,0,0.0,0.0,,,1.0,0.0,8,0.0,132,0,8,0
metrics,noop,metrics,ABCDE,46,0.95,row_skip_2,8,8,0,0,0,0,8,0,0.0,0.0,,,1.0,0.0,8,0.0,159,0,8,0
metrics,noop,metrics,ABCDE,46,0.95,early_full,8,8,0,0,0,0,8,0,0.0,0.0,,,1.0,0.0,8,0.0,195,0,8,0
metrics,noop,metrics,ABCDE,46,0.95,boundary,8,8,0,0,0,0,8,0,0.0,0.0,,,1.0,0.0,8,0.0,59,0,8,0
metrics,noop,metrics,ABCDE,46,0.95,short_local,8,8,0,0,0,0,8,0,0.0,0.0,,,1.0,0.0,8,0.0,21,0,8,0
metrics,noop,metrics,ABCDE,46,0.95,whole_section,8,8,0,0,0,0,8,0,0.0,0.0,,,1.0,0.0,8,0.0,120,0,8,0
metrics,noop,metrics,ABCDE,46,0.95,anxiety,8,8,0,0,0,0,8,0,0.0,0.0,,,1.0,0.0,8,0.0,106,0,8,0
metrics,noop,metrics,ABCDE,46,0.95,double_shift,8,8,0,0,0,0,8,0,0.0,0.0,,,1.0,0.0,8,0.0,179,0,8,0
metrics,noop,metrics,ABCDE,46,0.95,self_corrected,8,8,0,0,0,0,8,0,0.0,0.0,,,1.0,0.0,8,0.0,109,0,8,1
metrics,noop,metrics,ABCDE,46,0.95,deferred,8,8,0,0,0,0,8,0,0.0,0.0,,,1.0,0.0,8,0.0,112,0,8,3
metrics,noop,metrics,ABCDE,46,0.95,isolated,8,8,0,0,0,0,8,0,0.0,0.0,,,1.0,0.0,8,0.0,10,0,8,0
metrics,noop,metrics,ABCDE,46,0.95,scanner_blank_1,8,8,0,0,0,0,8,0,0.0,0.0,,,1.0,0.0,8,0.0,62,0,8,0
metrics,noop,metrics,ABCDE,46,0.95,scanner_blank_2,8,8,0,0,0,0,8,0,0.0,0.0,,,1.0,0.0,8,0.0,110,0,8,0
metrics,noop,metrics,ABCDE,46,0.95,scanner_row_delete_1,8,8,0,0,0,0,8,0,0.0,0.0,,,1.0,0.0,8,0.0,86,0,8,0
metrics,noop,metrics,ABCDE,46,0.95,scanner_row_delete_2,8,8,0,0,0,0,8,0,0.0,0.0,,,1.0,0.0,8,0.0,92,0,8,3
metrics,noop,metrics,ABCDE,46,0.95,scanner_misread_1,8,0,8,0,0,0,0,8,,,0.0,0.312344,0.0,0.0,8,,0,0,8,0
metrics,noop,metrics,ABCDE,46,0.95,scanner_misread_4,8,0,8,0,0,0,0,8,,,0.0,0.312344,0.0,0.0,8,,0,0,8,0
metrics,noop,metrics,ABCDE,46,0.95,scanner_faint_1,8,0,8,0,0,0,0,8,,,0.0,0.312344,0.0,0.0,8,,0,0,8,0
metrics,noop,metrics,ABCDE,46,0.95,scanner_faint_4,8,0,8,0,0,0,0,8,,,0.0,0.312344,0.0,0.0,8,,0,0,8,0
metrics,noop,metrics,ABCDE,46,0.95,scanner_double_4,8,0,8,0,0,0,0,8,,,0.0,0.312344,0.0,0.0,8,,0,0,8,0
metrics,noop,metrics,ABCDE,46,0.95,adv_long_runs,8,0,8,0,0,0,0,8,,,0.0,0.312344,0.0,0.0,8,,0,0,8,0
metrics,noop,metrics,ABCDE,46,0.95,adv_favourite,8,0,8,0,0,0,0,8,,,0.0,0.312344,0.0,0.0,8,,0,0,8,0
metrics,noop,metrics,ABCDE,46,0.95,adv_easy_block,8,0,8,0,0,0,0,8,,,0.0,0.312344,0.0,0.0,8,,0,0,8,0
metrics,noop,metrics,ABCDE,46,0.95,adv_key_leakage,8,8,0,0,0,0,8,0,0.0,0.0,,,1.0,0.0,8,0.0,280,0,8,0
metrics,noop,metrics,ABCDE,46,0.95,adv_cycle,8,0,8,0,0,0,0,8,,,0.0,0.312344,0.0,0.0,8,,0,0,8,0
metrics,noop,metrics,ABCDE,90,0.26,none,8,0,8,0,0,0,0,8,,,0.0,0.312344,0.0,0.0,8,,0,0,8,0
metrics,noop,metrics,ABCDE,90,0.26,row_skip_1,8,8,0,0,0,0,8,0,0.0,0.0,,,1.0,0.0,8,0.0,14,0,8,14
metrics,noop,metrics,ABCDE,90,0.26,row_skip_2,8,8,0,0,0,0,8,0,0.0,0.0,,,1.0,0.0,8,0.0,1,0,8,13
metrics,noop,metrics,ABCDE,90,0.26,early_full,8,8,0,0,0,0,8,0,0.0,0.0,,,1.0,0.0,8,0.0,63,0,8,3
metrics,noop,metrics,ABCDE,90,0.26,boundary,8,8,0,0,0,0,8,0,0.0,0.0,,,1.0,0.0,8,0.0,18,0,8,2
metrics,noop,metrics,ABCDE,90,0.26,short_local,8,8,0,0,0,0,8,0,0.0,0.0,,,1.0,0.0,8,0.0,10,0,8,7
metrics,noop,metrics,ABCDE,90,0.26,whole_section,8,8,0,0,0,0,8,0,0.0,0.0,,,1.0,0.0,8,0.0,29,0,8,27
metrics,noop,metrics,ABCDE,90,0.26,anxiety,8,8,0,0,0,0,8,0,0.0,0.0,,,1.0,0.0,8,0.0,30,0,8,3
metrics,noop,metrics,ABCDE,90,0.26,double_shift,8,8,0,0,0,0,8,0,0.0,0.0,,,1.0,0.0,8,0.0,22,0,8,1
metrics,noop,metrics,ABCDE,90,0.26,self_corrected,8,8,0,0,0,0,8,0,0.0,0.0,,,1.0,0.0,8,0.0,18,0,8,3
metrics,noop,metrics,ABCDE,90,0.26,deferred,8,8,0,0,0,0,8,0,0.0,0.0,,,1.0,0.0,8,0.0,32,0,8,1
metrics,noop,metrics,ABCDE,90,0.26,isolated,8,8,0,0,0,0,8,0,0.0,0.0,,,1.0,0.0,8,0.0,3,0,8,0
metrics,noop,metrics,ABCDE,90,0.26,scanner_blank_1,8,8,0,0,0,0,8,0,0.0,0.0,,,1.0,0.0,8,0.0,40,0,8,8
metrics,noop,metrics,ABCDE,90,0.26,scanner_blank_2,8,8,0,0,0,0,8,0,0.0,0.0,,,1.0,0.0,8,0.0,30,0,8,4
metrics,noop,metrics,ABCDE,90,0.26,scanner_row_delete_1,8,8,0,0,0,0,8,0,0.0,0.0,,,1.0,0.0,8,0.0,18,0,8,5
metrics,noop,metrics,ABCDE,90,0.26,scanner_row_delete_2,8,8,0,0,0,0,8,0,0.0,0.0,,,1.0,0.0,8,0.0,18,0,8,18
metrics,noop,metrics,ABCDE,90,0.26,scanner_misread_1,8,0,8,0,0,0,0,8,,,0.0,0.312344,0.0,0.0,8,,0,0,8,0
metrics,noop,metrics,ABCDE,90,0.26,scanner_misread_4,8,0,8,0,0,0,0,8,,,0.0,0.312344,0.0,0.0,8,,0,0,8,0
metrics,noop,metrics,ABCDE,90,0.26,scanner_faint_1,8,0,8,0,0,0,0,8,,,0.0,0.312344,0.0,0.0,8,,0,0,8,0
metrics,noop,metrics,ABCDE,90,0.26,scanner_faint_4,8,0,8,0,0,0,0,8,,,0.0,0.312344,0.0,0.0,8,,0,0,8,0
metrics,noop,metrics,ABCDE,90,0.26,scanner_double_4,8,0,8,0,0,0,0,8,,,0.0,0.312344,0.0,0.0,8,,0,0,8,0
metrics,noop,metrics,ABCDE,90,0.26,adv_long_runs,8,0,8,0,0,0,0,8,,,0.0,0.312344,0.0,0.0,8,,0,0,8,0
metrics,noop,metrics,ABCDE,90,0.26,adv_favourite,8,0,8,0,0,0,0,8,,,0.0,0.312344,0.0,0.0,8,,0,0,8,0
metrics,noop,metrics,ABCDE,90,0.26,adv_easy_block,8,0,8,0,0,0,0,8,,,0.0,0.312344,0.0,0.0,8,,0,0,8,0
metrics,noop,metrics,ABCDE,90,0.26,adv_key_leakage,8,8,0,0,0,0,8,0,0.0,0.0,,,1.0,0.0,8,0.0,570,0,8,0
metrics,noop,metrics,ABCDE,90,0.26,adv_cycle,8,0,8,0,0,0,0,8,,,0.0,0.312344,0.0,0.0,8,,0,0,8,0
metrics,noop,metrics,ABCDE,90,0.4,none,8,0,8,0,0,0,0,8,,,0.0,0.312344,0.0,0.0,8,,0,0,8,0
metrics,noop,metrics,ABCDE,90,0.4,row_skip_1,8,8,0,0,0,0,8,0,0.0,0.0,,,1.0,0.0,8,0.0,69,0,8,0
metrics,noop,metrics,ABCDE,90,0.4,row_skip_2,8,8,0,0,0,0,8,0,0.0,0.0,,,1.0,0.0,8,0.0,80,0,8,4
metrics,noop,metrics,ABCDE,90,0.4,early_full,8,8,0,0,0,0,8,0,0.0,0.0,,,1.0,0.0,8,0.0,164,0,8,0
metrics,noop,metrics,ABCDE,90,0.4,boundary,8,8,0,0,0,0,8,0,0.0,0.0,,,1.0,0.0,8,0.0,30,0,8,1
metrics,noop,metrics,ABCDE,90,0.4,short_local,8,8,0,0,0,0,8,0,0.0,0.0,,,1.0,0.0,8,0.0,20,0,8,0
metrics,noop,metrics,ABCDE,90,0.4,whole_section,8,8,0,0,0,0,8,0,0.0,0.0,,,1.0,0.0,8,0.0,64,0,8,10
metrics,noop,metrics,ABCDE,90,0.4,anxiety,8,8,0,0,0,0,8,0,0.0,0.0,,,1.0,0.0,8,0.0,69,0,8,1
metrics,noop,metrics,ABCDE,90,0.4,double_shift,8,8,0,0,0,0,8,0,0.0,0.0,,,1.0,0.0,8,0.0,87,0,8,7
metrics,noop,metrics,ABCDE,90,0.4,self_corrected,8,8,0,0,0,0,8,0,0.0,0.0,,,1.0,0.0,8,0.0,22,0,8,3
metrics,noop,metrics,ABCDE,90,0.4,deferred,8,8,0,0,0,0,8,0,0.0,0.0,,,1.0,0.0,8,0.0,62,0,8,3
metrics,noop,metrics,ABCDE,90,0.4,isolated,8,8,0,0,0,0,8,0,0.0,0.0,,,1.0,0.0,8,0.0,4,0,8,2
metrics,noop,metrics,ABCDE,90,0.4,scanner_blank_1,8,8,0,0,0,0,8,0,0.0,0.0,,,1.0,0.0,8,0.0,124,0,8,9
metrics,noop,metrics,ABCDE,90,0.4,scanner_blank_2,8,8,0,0,0,0,8,0,0.0,0.0,,,1.0,0.0,8,0.0,70,0,8,0
metrics,noop,metrics,ABCDE,90,0.4,scanner_row_delete_1,8,8,0,0,0,0,8,0,0.0,0.0,,,1.0,0.0,8,0.0,66,0,8,9
metrics,noop,metrics,ABCDE,90,0.4,scanner_row_delete_2,8,8,0,0,0,0,8,0,0.0,0.0,,,1.0,0.0,8,0.0,53,0,8,9
metrics,noop,metrics,ABCDE,90,0.4,scanner_misread_1,8,0,8,0,0,0,0,8,,,0.0,0.312344,0.0,0.0,8,,0,0,8,0
metrics,noop,metrics,ABCDE,90,0.4,scanner_misread_4,8,0,8,0,0,0,0,8,,,0.0,0.312344,0.0,0.0,8,,0,0,8,0
metrics,noop,metrics,ABCDE,90,0.4,scanner_faint_1,8,0,8,0,0,0,0,8,,,0.0,0.312344,0.0,0.0,8,,0,0,8,0
metrics,noop,metrics,ABCDE,90,0.4,scanner_faint_4,8,0,8,0,0,0,0,8,,,0.0,0.312344,0.0,0.0,8,,0,0,8,0
metrics,noop,metrics,ABCDE,90,0.4,scanner_double_4,8,0,8,0,0,0,0,8,,,0.0,0.312344,0.0,0.0,8,,0,0,8,0
metrics,noop,metrics,ABCDE,90,0.4,adv_long_runs,8,0,8,0,0,0,0,8,,,0.0,0.312344,0.0,0.0,8,,0,0,8,0
metrics,noop,metrics,ABCDE,90,0.4,adv_favourite,8,0,8,0,0,0,0,8,,,0.0,0.312344,0.0,0.0,8,,0,0,8,0
metrics,noop,metrics,ABCDE,90,0.4,adv_easy_block,8,0,8,0,0,0,0,8,,,0.0,0.312344,0.0,0.0,8,,0,0,8,0
metrics,noop,metrics,ABCDE,90,0.4,adv_key_leakage,8,8,0,0,0,0,8,0,0.0,0.0,,,1.0,0.0,8,0.0,571,0,8,0
metrics,noop,metrics,ABCDE,90,0.4,adv_cycle,8,0,8,0,0,0,0,8,,,0.0,0.312344,0.0,0.0,8,,0,0,8,0
metrics,noop,metrics,ABCDE,90,0.55,none,8,0,8,0,0,0,0,8,,,0.0,0.312344,0.0,0.0,8,,0,0,8,0
metrics,noop,metrics,ABCDE,90,0.55,row_skip_1,8,8,0,0,0,0,8,0,0.0,0.0,,,1.0,0.0,8,0.0,117,0,8,1
metrics,noop,metrics,ABCDE,90,0.55,row_skip_2,8,8,0,0,0,0,8,0,0.0,0.0,,,1.0,0.0,8,0.0,63,0,8,5
metrics,noop,metrics,ABCDE,90,0.55,early_full,8,8,0,0,0,0,8,0,0.0,0.0,,,1.0,0.0,8,0.0,185,0,8,0
metrics,noop,metrics,ABCDE,90,0.55,boundary,8,8,0,0,0,0,8,0,0.0,0.0,,,1.0,0.0,8,0.0,42,0,8,0
metrics,noop,metrics,ABCDE,90,0.55,short_local,8,8,0,0,0,0,8,0,0.0,0.0,,,1.0,0.0,8,0.0,10,0,8,0
metrics,noop,metrics,ABCDE,90,0.55,whole_section,8,8,0,0,0,0,8,0,0.0,0.0,,,1.0,0.0,8,0.0,90,0,8,0
metrics,noop,metrics,ABCDE,90,0.55,anxiety,8,8,0,0,0,0,8,0,0.0,0.0,,,1.0,0.0,8,0.0,147,0,8,0
metrics,noop,metrics,ABCDE,90,0.55,double_shift,8,8,0,0,0,0,8,0,0.0,0.0,,,1.0,0.0,8,0.0,180,0,8,1
metrics,noop,metrics,ABCDE,90,0.55,self_corrected,8,8,0,0,0,0,8,0,0.0,0.0,,,1.0,0.0,8,0.0,66,0,8,0
metrics,noop,metrics,ABCDE,90,0.55,deferred,8,8,0,0,0,0,8,0,0.0,0.0,,,1.0,0.0,8,0.0,78,0,8,1
metrics,noop,metrics,ABCDE,90,0.55,isolated,8,8,0,0,0,0,8,0,0.0,0.0,,,1.0,0.0,8,0.0,5,0,8,0
metrics,noop,metrics,ABCDE,90,0.55,scanner_blank_1,8,8,0,0,0,0,8,0,0.0,0.0,,,1.0,0.0,8,0.0,102,0,8,0
metrics,noop,metrics,ABCDE,90,0.55,scanner_blank_2,8,8,0,0,0,0,8,0,0.0,0.0,,,1.0,0.0,8,0.0,101,0,8,2
metrics,noop,metrics,ABCDE,90,0.55,scanner_row_delete_1,8,8,0,0,0,0,8,0,0.0,0.0,,,1.0,0.0,8,0.0,149,0,8,1
metrics,noop,metrics,ABCDE,90,0.55,scanner_row_delete_2,8,8,0,0,0,0,8,0,0.0,0.0,,,1.0,0.0,8,0.0,26,0,8,4
metrics,noop,metrics,ABCDE,90,0.55,scanner_misread_1,8,0,8,0,0,0,0,8,,,0.0,0.312344,0.0,0.0,8,,0,0,8,0
metrics,noop,metrics,ABCDE,90,0.55,scanner_misread_4,8,0,8,0,0,0,0,8,,,0.0,0.312344,0.0,0.0,8,,0,0,8,0
metrics,noop,metrics,ABCDE,90,0.55,scanner_faint_1,8,0,8,0,0,0,0,8,,,0.0,0.312344,0.0,0.0,8,,0,0,8,0
metrics,noop,metrics,ABCDE,90,0.55,scanner_faint_4,8,0,8,0,0,0,0,8,,,0.0,0.312344,0.0,0.0,8,,0,0,8,0
metrics,noop,metrics,ABCDE,90,0.55,scanner_double_4,8,0,8,0,0,0,0,8,,,0.0,0.312344,0.0,0.0,8,,0,0,8,0
metrics,noop,metrics,ABCDE,90,0.55,adv_long_runs,8,0,8,0,0,0,0,8,,,0.0,0.312344,0.0,0.0,8,,0,0,8,0
metrics,noop,metrics,ABCDE,90,0.55,adv_favourite,8,0,8,0,0,0,0,8,,,0.0,0.312344,0.0,0.0,8,,0,0,8,0
metrics,noop,metrics,ABCDE,90,0.55,adv_easy_block,8,0,8,0,0,0,0,8,,,0.0,0.312344,0.0,0.0,8,,0,0,8,0
metrics,noop,metrics,ABCDE,90,0.55,adv_key_leakage,8,8,0,0,0,0,8,0,0.0,0.0,,,1.0,0.0,8,0.0,565,0,8,0
metrics,noop,metrics,ABCDE,90,0.55,adv_cycle,8,0,8,0,0,0,0,8,,,0.0,0.312344,0.0,0.0,8,,0,0,8,0
metrics,noop,metrics,ABCDE,90,0.7,none,8,0,8,0,0,0,0,8,,,0.0,0.312344,0.0,0.0,8,,0,0,8,0
metrics,noop,metrics,ABCDE,90,0.7,row_skip_1,8,8,0,0,0,0,8,0,0.0,0.0,,,1.0,0.0,8,0.0,113,0,8,0
metrics,noop,metrics,ABCDE,90,0.7,row_skip_2,8,8,0,0,0,0,8,0,0.0,0.0,,,1.0,0.0,8,0.0,132,0,8,0
metrics,noop,metrics,ABCDE,90,0.7,early_full,8,8,0,0,0,0,8,0,0.0,0.0,,,1.0,0.0,8,0.0,237,0,8,7
metrics,noop,metrics,ABCDE,90,0.7,boundary,8,8,0,0,0,0,8,0,0.0,0.0,,,1.0,0.0,8,0.0,113,0,8,1
metrics,noop,metrics,ABCDE,90,0.7,short_local,8,8,0,0,0,0,8,0,0.0,0.0,,,1.0,0.0,8,0.0,29,0,8,0
metrics,noop,metrics,ABCDE,90,0.7,whole_section,8,8,0,0,0,0,8,0,0.0,0.0,,,1.0,0.0,8,0.0,136,0,8,0
metrics,noop,metrics,ABCDE,90,0.7,anxiety,8,8,0,0,0,0,8,0,0.0,0.0,,,1.0,0.0,8,0.0,104,0,8,2
metrics,noop,metrics,ABCDE,90,0.7,double_shift,8,8,0,0,0,0,8,0,0.0,0.0,,,1.0,0.0,8,0.0,207,0,8,0
metrics,noop,metrics,ABCDE,90,0.7,self_corrected,8,8,0,0,0,0,8,0,0.0,0.0,,,1.0,0.0,8,0.0,65,0,8,0
metrics,noop,metrics,ABCDE,90,0.7,deferred,8,8,0,0,0,0,8,0,0.0,0.0,,,1.0,0.0,8,0.0,156,0,8,0
metrics,noop,metrics,ABCDE,90,0.7,isolated,8,8,0,0,0,0,8,0,0.0,0.0,,,1.0,0.0,8,0.0,5,0,8,2
metrics,noop,metrics,ABCDE,90,0.7,scanner_blank_1,8,8,0,0,0,0,8,0,0.0,0.0,,,1.0,0.0,8,0.0,145,0,8,0
metrics,noop,metrics,ABCDE,90,0.7,scanner_blank_2,8,8,0,0,0,0,8,0,0.0,0.0,,,1.0,0.0,8,0.0,159,0,8,0
metrics,noop,metrics,ABCDE,90,0.7,scanner_row_delete_1,8,8,0,0,0,0,8,0,0.0,0.0,,,1.0,0.0,8,0.0,67,0,8,0
metrics,noop,metrics,ABCDE,90,0.7,scanner_row_delete_2,8,8,0,0,0,0,8,0,0.0,0.0,,,1.0,0.0,8,0.0,132,0,8,0
metrics,noop,metrics,ABCDE,90,0.7,scanner_misread_1,8,0,8,0,0,0,0,8,,,0.0,0.312344,0.0,0.0,8,,0,0,8,0
metrics,noop,metrics,ABCDE,90,0.7,scanner_misread_4,8,0,8,0,0,0,0,8,,,0.0,0.312344,0.0,0.0,8,,0,0,8,0
metrics,noop,metrics,ABCDE,90,0.7,scanner_faint_1,8,0,8,0,0,0,0,8,,,0.0,0.312344,0.0,0.0,8,,0,0,8,0
metrics,noop,metrics,ABCDE,90,0.7,scanner_faint_4,8,0,8,0,0,0,0,8,,,0.0,0.312344,0.0,0.0,8,,0,0,8,0
metrics,noop,metrics,ABCDE,90,0.7,scanner_double_4,8,0,8,0,0,0,0,8,,,0.0,0.312344,0.0,0.0,8,,0,0,8,0
metrics,noop,metrics,ABCDE,90,0.7,adv_long_runs,8,0,8,0,0,0,0,8,,,0.0,0.312344,0.0,0.0,8,,0,0,8,0
metrics,noop,metrics,ABCDE,90,0.7,adv_favourite,8,0,8,0,0,0,0,8,,,0.0,0.312344,0.0,0.0,8,,0,0,8,0
metrics,noop,metrics,ABCDE,90,0.7,adv_easy_block,8,0,8,0,0,0,0,8,,,0.0,0.312344,0.0,0.0,8,,0,0,8,0
metrics,noop,metrics,ABCDE,90,0.7,adv_key_leakage,8,8,0,0,0,0,8,0,0.0,0.0,,,1.0,0.0,8,0.0,554,0,8,0
metrics,noop,metrics,ABCDE,90,0.7,adv_cycle,8,0,8,0,0,0,0,8,,,0.0,0.312344,0.0,0.0,8,,0,0,8,0
metrics,noop,metrics,ABCDE,90,0.85,none,8,0,8,0,0,0,0,8,,,0.0,0.312344,0.0,0.0,8,,0,0,8,0
metrics,noop,metrics,ABCDE,90,0.85,row_skip_1,8,8,0,0,0,0,8,0,0.0,0.0,,,1.0,0.0,8,0.0,166,0,8,3
metrics,noop,metrics,ABCDE,90,0.85,row_skip_2,8,8,0,0,0,0,8,0,0.0,0.0,,,1.0,0.0,8,0.0,218,0,8,1
metrics,noop,metrics,ABCDE,90,0.85,early_full,8,8,0,0,0,0,8,0,0.0,0.0,,,1.0,0.0,8,0.0,412,0,8,0
metrics,noop,metrics,ABCDE,90,0.85,boundary,8,8,0,0,0,0,8,0,0.0,0.0,,,1.0,0.0,8,0.0,171,0,8,0
metrics,noop,metrics,ABCDE,90,0.85,short_local,8,8,0,0,0,0,8,0,0.0,0.0,,,1.0,0.0,8,0.0,35,0,8,0
metrics,noop,metrics,ABCDE,90,0.85,whole_section,8,8,0,0,0,0,8,0,0.0,0.0,,,1.0,0.0,8,0.0,136,0,8,3
metrics,noop,metrics,ABCDE,90,0.85,anxiety,8,8,0,0,0,0,8,0,0.0,0.0,,,1.0,0.0,8,0.0,125,0,8,5
metrics,noop,metrics,ABCDE,90,0.85,double_shift,8,8,0,0,0,0,8,0,0.0,0.0,,,1.0,0.0,8,0.0,264,0,8,0
metrics,noop,metrics,ABCDE,90,0.85,self_corrected,8,8,0,0,0,0,8,0,0.0,0.0,,,1.0,0.0,8,0.0,72,0,8,1
metrics,noop,metrics,ABCDE,90,0.85,deferred,8,8,0,0,0,0,8,0,0.0,0.0,,,1.0,0.0,8,0.0,224,0,8,0
metrics,noop,metrics,ABCDE,90,0.85,isolated,8,8,0,0,0,0,8,0,0.0,0.0,,,1.0,0.0,8,0.0,8,0,8,0
metrics,noop,metrics,ABCDE,90,0.85,scanner_blank_1,8,8,0,0,0,0,8,0,0.0,0.0,,,1.0,0.0,8,0.0,195,0,8,1
metrics,noop,metrics,ABCDE,90,0.85,scanner_blank_2,8,8,0,0,0,0,8,0,0.0,0.0,,,1.0,0.0,8,0.0,157,0,8,0
metrics,noop,metrics,ABCDE,90,0.85,scanner_row_delete_1,8,8,0,0,0,0,8,0,0.0,0.0,,,1.0,0.0,8,0.0,149,0,8,0
metrics,noop,metrics,ABCDE,90,0.85,scanner_row_delete_2,8,8,0,0,0,0,8,0,0.0,0.0,,,1.0,0.0,8,0.0,58,0,8,2
metrics,noop,metrics,ABCDE,90,0.85,scanner_misread_1,8,0,8,0,0,0,0,8,,,0.0,0.312344,0.0,0.0,8,,0,0,8,0
metrics,noop,metrics,ABCDE,90,0.85,scanner_misread_4,8,0,8,0,0,0,0,8,,,0.0,0.312344,0.0,0.0,8,,0,0,8,0
metrics,noop,metrics,ABCDE,90,0.85,scanner_faint_1,8,0,8,0,0,0,0,8,,,0.0,0.312344,0.0,0.0,8,,0,0,8,0
metrics,noop,metrics,ABCDE,90,0.85,scanner_faint_4,8,0,8,0,0,0,0,8,,,0.0,0.312344,0.0,0.0,8,,0,0,8,0
metrics,noop,metrics,ABCDE,90,0.85,scanner_double_4,8,0,8,0,0,0,0,8,,,0.0,0.312344,0.0,0.0,8,,0,0,8,0
metrics,noop,metrics,ABCDE,90,0.85,adv_long_runs,8,0,8,0,0,0,0,8,,,0.0,0.312344,0.0,0.0,8,,0,0,8,0
metrics,noop,metrics,ABCDE,90,0.85,adv_favourite,8,0,8,0,0,0,0,8,,,0.0,0.312344,0.0,0.0,8,,0,0,8,0
metrics,noop,metrics,ABCDE,90,0.85,adv_easy_block,8,0,8,0,0,0,0,8,,,0.0,0.312344,0.0,0.0,8,,0,0,8,0
metrics,noop,metrics,ABCDE,90,0.85,adv_key_leakage,8,8,0,0,0,0,8,0,0.0,0.0,,,1.0,0.0,8,0.0,565,0,8,0
metrics,noop,metrics,ABCDE,90,0.85,adv_cycle,8,0,8,0,0,0,0,8,,,0.0,0.312344,0.0,0.0,8,,0,0,8,0
metrics,noop,metrics,ABCDE,90,0.95,none,8,0,8,0,0,0,0,8,,,0.0,0.312344,0.0,0.0,8,,0,0,8,0
metrics,noop,metrics,ABCDE,90,0.95,row_skip_1,8,8,0,0,0,0,8,0,0.0,0.0,,,1.0,0.0,8,0.0,149,0,8,0
metrics,noop,metrics,ABCDE,90,0.95,row_skip_2,8,8,0,0,0,0,8,0,0.0,0.0,,,1.0,0.0,8,0.0,296,0,8,0
metrics,noop,metrics,ABCDE,90,0.95,early_full,8,8,0,0,0,0,8,0,0.0,0.0,,,1.0,0.0,8,0.0,394,0,8,1
metrics,noop,metrics,ABCDE,90,0.95,boundary,8,8,0,0,0,0,8,0,0.0,0.0,,,1.0,0.0,8,0.0,107,0,8,1
metrics,noop,metrics,ABCDE,90,0.95,short_local,8,8,0,0,0,0,8,0,0.0,0.0,,,1.0,0.0,8,0.0,39,0,8,0
metrics,noop,metrics,ABCDE,90,0.95,whole_section,8,8,0,0,0,0,8,0,0.0,0.0,,,1.0,0.0,8,0.0,191,0,8,2
metrics,noop,metrics,ABCDE,90,0.95,anxiety,8,8,0,0,0,0,8,0,0.0,0.0,,,1.0,0.0,8,0.0,256,0,8,0
metrics,noop,metrics,ABCDE,90,0.95,double_shift,8,8,0,0,0,0,8,0,0.0,0.0,,,1.0,0.0,8,0.0,321,0,8,0
metrics,noop,metrics,ABCDE,90,0.95,self_corrected,8,8,0,0,0,0,8,0,0.0,0.0,,,1.0,0.0,8,0.0,101,0,8,0
metrics,noop,metrics,ABCDE,90,0.95,deferred,8,8,0,0,0,0,8,0,0.0,0.0,,,1.0,0.0,8,0.0,285,0,8,0
metrics,noop,metrics,ABCDE,90,0.95,isolated,8,8,0,0,0,0,8,0,0.0,0.0,,,1.0,0.0,8,0.0,9,0,8,1
metrics,noop,metrics,ABCDE,90,0.95,scanner_blank_1,8,8,0,0,0,0,8,0,0.0,0.0,,,1.0,0.0,8,0.0,182,0,8,0
metrics,noop,metrics,ABCDE,90,0.95,scanner_blank_2,8,8,0,0,0,0,8,0,0.0,0.0,,,1.0,0.0,8,0.0,178,0,8,0
metrics,noop,metrics,ABCDE,90,0.95,scanner_row_delete_1,8,8,0,0,0,0,8,0,0.0,0.0,,,1.0,0.0,8,0.0,175,0,8,0
metrics,noop,metrics,ABCDE,90,0.95,scanner_row_delete_2,8,8,0,0,0,0,8,0,0.0,0.0,,,1.0,0.0,8,0.0,204,0,8,0
metrics,noop,metrics,ABCDE,90,0.95,scanner_misread_1,8,0,8,0,0,0,0,8,,,0.0,0.312344,0.0,0.0,8,,0,0,8,0
metrics,noop,metrics,ABCDE,90,0.95,scanner_misread_4,8,0,8,0,0,0,0,8,,,0.0,0.312344,0.0,0.0,8,,0,0,8,0
metrics,noop,metrics,ABCDE,90,0.95,scanner_faint_1,8,0,8,0,0,0,0,8,,,0.0,0.312344,0.0,0.0,8,,0,0,8,0
metrics,noop,metrics,ABCDE,90,0.95,scanner_faint_4,8,0,8,0,0,0,0,8,,,0.0,0.312344,0.0,0.0,8,,0,0,8,0
metrics,noop,metrics,ABCDE,90,0.95,scanner_double_4,8,0,8,0,0,0,0,8,,,0.0,0.312344,0.0,0.0,8,,0,0,8,0
metrics,noop,metrics,ABCDE,90,0.95,adv_long_runs,8,0,8,0,0,0,0,8,,,0.0,0.312344,0.0,0.0,8,,0,0,8,0
metrics,noop,metrics,ABCDE,90,0.95,adv_favourite,8,0,8,0,0,0,0,8,,,0.0,0.312344,0.0,0.0,8,,0,0,8,0
metrics,noop,metrics,ABCDE,90,0.95,adv_easy_block,8,0,8,0,0,0,0,8,,,0.0,0.312344,0.0,0.0,8,,0,0,8,0
metrics,noop,metrics,ABCDE,90,0.95,adv_key_leakage,8,8,0,0,0,0,8,0,0.0,0.0,,,1.0,0.0,8,0.0,577,0,8,0
metrics,noop,metrics,ABCDE,90,0.95,adv_cycle,8,0,8,0,0,0,0,8,,,0.0,0.312344,0.0,0.0,8,,0,0,8,0
metrics,noop,metrics,ABCDE,100,0.26,none,8,0,8,0,0,0,0,8,,,0.0,0.312344,0.0,0.0,8,,0,0,8,0
metrics,noop,metrics,ABCDE,100,0.26,row_skip_1,8,8,0,0,0,0,8,0,0.0,0.0,,,1.0,0.0,8,0.0,47,0,8,0
metrics,noop,metrics,ABCDE,100,0.26,row_skip_2,8,8,0,0,0,0,8,0,0.0,0.0,,,1.0,0.0,8,0.0,45,0,8,2
metrics,noop,metrics,ABCDE,100,0.26,early_full,8,8,0,0,0,0,8,0,0.0,0.0,,,1.0,0.0,8,0.0,43,0,8,2
metrics,noop,metrics,ABCDE,100,0.26,boundary,8,8,0,0,0,0,8,0,0.0,0.0,,,1.0,0.0,8,0.0,25,0,8,8
metrics,noop,metrics,ABCDE,100,0.26,short_local,8,8,0,0,0,0,8,0,0.0,0.0,,,1.0,0.0,8,0.0,9,0,8,6
metrics,noop,metrics,ABCDE,100,0.26,whole_section,8,8,0,0,0,0,8,0,0.0,0.0,,,1.0,0.0,8,0.0,33,0,8,6
metrics,noop,metrics,ABCDE,100,0.26,anxiety,8,8,0,0,0,0,8,0,0.0,0.0,,,1.0,0.0,8,0.0,38,0,8,10
metrics,noop,metrics,ABCDE,100,0.26,double_shift,8,8,0,0,0,0,8,0,0.0,0.0,,,1.0,0.0,8,0.0,17,0,8,19
metrics,noop,metrics,ABCDE,100,0.26,self_corrected,8,8,0,0,0,0,8,0,0.0,0.0,,,1.0,0.0,8,0.0,32,0,8,0
metrics,noop,metrics,ABCDE,100,0.26,deferred,8,8,0,0,0,0,8,0,0.0,0.0,,,1.0,0.0,8,0.0,15,0,8,17
metrics,noop,metrics,ABCDE,100,0.26,isolated,8,8,0,0,0,0,8,0,0.0,0.0,,,1.0,0.0,8,0.0,2,0,8,1
metrics,noop,metrics,ABCDE,100,0.26,scanner_blank_1,8,8,0,0,0,0,8,0,0.0,0.0,,,1.0,0.0,8,0.0,53,0,8,8
metrics,noop,metrics,ABCDE,100,0.26,scanner_blank_2,8,8,0,0,0,0,8,0,0.0,0.0,,,1.0,0.0,8,0.0,33,0,8,6
metrics,noop,metrics,ABCDE,100,0.26,scanner_row_delete_1,8,8,0,0,0,0,8,0,0.0,0.0,,,1.0,0.0,8,0.0,16,0,8,4
metrics,noop,metrics,ABCDE,100,0.26,scanner_row_delete_2,8,8,0,0,0,0,8,0,0.0,0.0,,,1.0,0.0,8,0.0,14,0,8,39
metrics,noop,metrics,ABCDE,100,0.26,scanner_misread_1,8,0,8,0,0,0,0,8,,,0.0,0.312344,0.0,0.0,8,,0,0,8,0
metrics,noop,metrics,ABCDE,100,0.26,scanner_misread_4,8,0,8,0,0,0,0,8,,,0.0,0.312344,0.0,0.0,8,,0,0,8,0
metrics,noop,metrics,ABCDE,100,0.26,scanner_faint_1,8,0,8,0,0,0,0,8,,,0.0,0.312344,0.0,0.0,8,,0,0,8,0
metrics,noop,metrics,ABCDE,100,0.26,scanner_faint_4,8,0,8,0,0,0,0,8,,,0.0,0.312344,0.0,0.0,8,,0,0,8,0
metrics,noop,metrics,ABCDE,100,0.26,scanner_double_4,8,0,8,0,0,0,0,8,,,0.0,0.312344,0.0,0.0,8,,0,0,8,0
metrics,noop,metrics,ABCDE,100,0.26,adv_long_runs,8,0,8,0,0,0,0,8,,,0.0,0.312344,0.0,0.0,8,,0,0,8,0
metrics,noop,metrics,ABCDE,100,0.26,adv_favourite,8,0,8,0,0,0,0,8,,,0.0,0.312344,0.0,0.0,8,,0,0,8,0
metrics,noop,metrics,ABCDE,100,0.26,adv_easy_block,8,0,8,0,0,0,0,8,,,0.0,0.312344,0.0,0.0,8,,0,0,8,0
metrics,noop,metrics,ABCDE,100,0.26,adv_key_leakage,8,8,0,0,0,0,8,0,0.0,0.0,,,1.0,0.0,8,0.0,627,0,8,0
metrics,noop,metrics,ABCDE,100,0.26,adv_cycle,8,0,8,0,0,0,0,8,,,0.0,0.312344,0.0,0.0,8,,0,0,8,0
metrics,noop,metrics,ABCDE,100,0.4,none,8,0,8,0,0,0,0,8,,,0.0,0.312344,0.0,0.0,8,,0,0,8,0
metrics,noop,metrics,ABCDE,100,0.4,row_skip_1,8,8,0,0,0,0,8,0,0.0,0.0,,,1.0,0.0,8,0.0,64,0,8,6
metrics,noop,metrics,ABCDE,100,0.4,row_skip_2,8,8,0,0,0,0,8,0,0.0,0.0,,,1.0,0.0,8,0.0,34,0,8,8
metrics,noop,metrics,ABCDE,100,0.4,early_full,8,8,0,0,0,0,8,0,0.0,0.0,,,1.0,0.0,8,0.0,86,0,8,0
metrics,noop,metrics,ABCDE,100,0.4,boundary,8,8,0,0,0,0,8,0,0.0,0.0,,,1.0,0.0,8,0.0,55,0,8,4
metrics,noop,metrics,ABCDE,100,0.4,short_local,8,8,0,0,0,0,8,0,0.0,0.0,,,1.0,0.0,8,0.0,14,0,8,5
metrics,noop,metrics,ABCDE,100,0.4,whole_section,8,8,0,0,0,0,8,0,0.0,0.0,,,1.0,0.0,8,0.0,64,0,8,0
metrics,noop,metrics,ABCDE,100,0.4,anxiety,8,8,0,0,0,0,8,0,0.0,0.0,,,1.0,0.0,8,0.0,60,0,8,5
metrics,noop,metrics,ABCDE,100,0.4,double_shift,8,8,0,0,0,0,8,0,0.0,0.0,,,1.0,0.0,8,0.0,94,0,8,6
metrics,noop,metrics,ABCDE,100,0.4,self_corrected,8,8,0,0,0,0,8,0,0.0,0.0,,,1.0,0.0,8,0.0,43,0,8,0
metrics,noop,metrics,ABCDE,100,0.4,deferred,8,8,0,0,0,0,8,0,0.0,0.0,,,1.0,0.0,8,0.0,82,0,8,0
metrics,noop,metrics,ABCDE,100,0.4,isolated,8,8,0,0,0,0,8,0,0.0,0.0,,,1.0,0.0,8,0.0,5,0,8,2
metrics,noop,metrics,ABCDE,100,0.4,scanner_blank_1,8,8,0,0,0,0,8,0,0.0,0.0,,,1.0,0.0,8,0.0,107,0,8,0
metrics,noop,metrics,ABCDE,100,0.4,scanner_blank_2,8,8,0,0,0,0,8,0,0.0,0.0,,,1.0,0.0,8,0.0,85,0,8,9
metrics,noop,metrics,ABCDE,100,0.4,scanner_row_delete_1,8,8,0,0,0,0,8,0,0.0,0.0,,,1.0,0.0,8,0.0,19,0,8,4
metrics,noop,metrics,ABCDE,100,0.4,scanner_row_delete_2,8,8,0,0,0,0,8,0,0.0,0.0,,,1.0,0.0,8,0.0,59,0,8,5
metrics,noop,metrics,ABCDE,100,0.4,scanner_misread_1,8,0,8,0,0,0,0,8,,,0.0,0.312344,0.0,0.0,8,,0,0,8,0
metrics,noop,metrics,ABCDE,100,0.4,scanner_misread_4,8,0,8,0,0,0,0,8,,,0.0,0.312344,0.0,0.0,8,,0,0,8,0
metrics,noop,metrics,ABCDE,100,0.4,scanner_faint_1,8,0,8,0,0,0,0,8,,,0.0,0.312344,0.0,0.0,8,,0,0,8,0
metrics,noop,metrics,ABCDE,100,0.4,scanner_faint_4,8,0,8,0,0,0,0,8,,,0.0,0.312344,0.0,0.0,8,,0,0,8,0
metrics,noop,metrics,ABCDE,100,0.4,scanner_double_4,8,0,8,0,0,0,0,8,,,0.0,0.312344,0.0,0.0,8,,0,0,8,0
metrics,noop,metrics,ABCDE,100,0.4,adv_long_runs,8,0,8,0,0,0,0,8,,,0.0,0.312344,0.0,0.0,8,,0,0,8,0
metrics,noop,metrics,ABCDE,100,0.4,adv_favourite,8,0,8,0,0,0,0,8,,,0.0,0.312344,0.0,0.0,8,,0,0,8,0
metrics,noop,metrics,ABCDE,100,0.4,adv_easy_block,8,0,8,0,0,0,0,8,,,0.0,0.312344,0.0,0.0,8,,0,0,8,0
metrics,noop,metrics,ABCDE,100,0.4,adv_key_leakage,8,8,0,0,0,0,8,0,0.0,0.0,,,1.0,0.0,8,0.0,644,0,8,0
metrics,noop,metrics,ABCDE,100,0.4,adv_cycle,8,0,8,0,0,0,0,8,,,0.0,0.312344,0.0,0.0,8,,0,0,8,0
metrics,noop,metrics,ABCDE,100,0.55,none,8,0,8,0,0,0,0,8,,,0.0,0.312344,0.0,0.0,8,,0,0,8,0
metrics,noop,metrics,ABCDE,100,0.55,row_skip_1,8,8,0,0,0,0,8,0,0.0,0.0,,,1.0,0.0,8,0.0,120,0,8,0
metrics,noop,metrics,ABCDE,100,0.55,row_skip_2,8,8,0,0,0,0,8,0,0.0,0.0,,,1.0,0.0,8,0.0,101,0,8,4
metrics,noop,metrics,ABCDE,100,0.55,early_full,8,8,0,0,0,0,8,0,0.0,0.0,,,1.0,0.0,8,0.0,173,0,8,0
metrics,noop,metrics,ABCDE,100,0.55,boundary,8,8,0,0,0,0,8,0,0.0,0.0,,,1.0,0.0,8,0.0,58,0,8,1
metrics,noop,metrics,ABCDE,100,0.55,short_local,8,8,0,0,0,0,8,0,0.0,0.0,,,1.0,0.0,8,0.0,16,0,8,2
metrics,noop,metrics,ABCDE,100,0.55,whole_section,8,8,0,0,0,0,8,0,0.0,0.0,,,1.0,0.0,8,0.0,132,0,8,0
metrics,noop,metrics,ABCDE,100,0.55,anxiety,8,8,0,0,0,0,8,0,0.0,0.0,,,1.0,0.0,8,0.0,131,0,8,0
metrics,noop,metrics,ABCDE,100,0.55,double_shift,8,8,0,0,0,0,8,0,0.0,0.0,,,1.0,0.0,8,0.0,103,0,8,0
metrics,noop,metrics,ABCDE,100,0.55,self_corrected,8,8,0,0,0,0,8,0,0.0,0.0,,,1.0,0.0,8,0.0,45,0,8,0
metrics,noop,metrics,ABCDE,100,0.55,deferred,8,8,0,0,0,0,8,0,0.0,0.0,,,1.0,0.0,8,0.0,122,0,8,4
metrics,noop,metrics,ABCDE,100,0.55,isolated,8,8,0,0,0,0,8,0,0.0,0.0,,,1.0,0.0,8,0.0,5,0,8,1
metrics,noop,metrics,ABCDE,100,0.55,scanner_blank_1,8,8,0,0,0,0,8,0,0.0,0.0,,,1.0,0.0,8,0.0,55,0,8,2
metrics,noop,metrics,ABCDE,100,0.55,scanner_blank_2,8,8,0,0,0,0,8,0,0.0,0.0,,,1.0,0.0,8,0.0,77,0,8,1
metrics,noop,metrics,ABCDE,100,0.55,scanner_row_delete_1,8,8,0,0,0,0,8,0,0.0,0.0,,,1.0,0.0,8,0.0,144,0,8,0
metrics,noop,metrics,ABCDE,100,0.55,scanner_row_delete_2,8,8,0,0,0,0,8,0,0.0,0.0,,,1.0,0.0,8,0.0,36,0,8,0
metrics,noop,metrics,ABCDE,100,0.55,scanner_misread_1,8,0,8,0,0,0,0,8,,,0.0,0.312344,0.0,0.0,8,,0,0,8,0
metrics,noop,metrics,ABCDE,100,0.55,scanner_misread_4,8,0,8,0,0,0,0,8,,,0.0,0.312344,0.0,0.0,8,,0,0,8,0
metrics,noop,metrics,ABCDE,100,0.55,scanner_faint_1,8,0,8,0,0,0,0,8,,,0.0,0.312344,0.0,0.0,8,,0,0,8,0
metrics,noop,metrics,ABCDE,100,0.55,scanner_faint_4,8,0,8,0,0,0,0,8,,,0.0,0.312344,0.0,0.0,8,,0,0,8,0
metrics,noop,metrics,ABCDE,100,0.55,scanner_double_4,8,0,8,0,0,0,0,8,,,0.0,0.312344,0.0,0.0,8,,0,0,8,0
metrics,noop,metrics,ABCDE,100,0.55,adv_long_runs,8,0,8,0,0,0,0,8,,,0.0,0.312344,0.0,0.0,8,,0,0,8,0
metrics,noop,metrics,ABCDE,100,0.55,adv_favourite,8,0,8,0,0,0,0,8,,,0.0,0.312344,0.0,0.0,8,,0,0,8,0
metrics,noop,metrics,ABCDE,100,0.55,adv_easy_block,8,0,8,0,0,0,0,8,,,0.0,0.312344,0.0,0.0,8,,0,0,8,0
metrics,noop,metrics,ABCDE,100,0.55,adv_key_leakage,8,8,0,0,0,0,8,0,0.0,0.0,,,1.0,0.0,8,0.0,620,0,8,0
metrics,noop,metrics,ABCDE,100,0.55,adv_cycle,8,0,8,0,0,0,0,8,,,0.0,0.312344,0.0,0.0,8,,0,0,8,0
metrics,noop,metrics,ABCDE,100,0.7,none,8,0,8,0,0,0,0,8,,,0.0,0.312344,0.0,0.0,8,,0,0,8,0
metrics,noop,metrics,ABCDE,100,0.7,row_skip_1,8,8,0,0,0,0,8,0,0.0,0.0,,,1.0,0.0,8,0.0,97,0,8,3
metrics,noop,metrics,ABCDE,100,0.7,row_skip_2,8,8,0,0,0,0,8,0,0.0,0.0,,,1.0,0.0,8,0.0,205,0,8,3
metrics,noop,metrics,ABCDE,100,0.7,early_full,8,8,0,0,0,0,8,0,0.0,0.0,,,1.0,0.0,8,0.0,358,0,8,0
metrics,noop,metrics,ABCDE,100,0.7,boundary,8,8,0,0,0,0,8,0,0.0,0.0,,,1.0,0.0,8,0.0,47,0,8,0
metrics,noop,metrics,ABCDE,100,0.7,short_local,8,8,0,0,0,0,8,0,0.0,0.0,,,1.0,0.0,8,0.0,27,0,8,0
metrics,noop,metrics,ABCDE,100,0.7,whole_section,8,8,0,0,0,0,8,0,0.0,0.0,,,1.0,0.0,8,0.0,157,0,8,0
metrics,noop,metrics,ABCDE,100,0.7,anxiety,8,8,0,0,0,0,8,0,0.0,0.0,,,1.0,0.0,8,0.0,199,0,8,0
metrics,noop,metrics,ABCDE,100,0.7,double_shift,8,8,0,0,0,0,8,0,0.0,0.0,,,1.0,0.0,8,0.0,231,0,8,0
metrics,noop,metrics,ABCDE,100,0.7,self_corrected,8,8,0,0,0,0,8,0,0.0,0.0,,,1.0,0.0,8,0.0,67,0,8,3
metrics,noop,metrics,ABCDE,100,0.7,deferred,8,8,0,0,0,0,8,0,0.0,0.0,,,1.0,0.0,8,0.0,148,0,8,1
metrics,noop,metrics,ABCDE,100,0.7,isolated,8,8,0,0,0,0,8,0,0.0,0.0,,,1.0,0.0,8,0.0,6,0,8,3
metrics,noop,metrics,ABCDE,100,0.7,scanner_blank_1,8,8,0,0,0,0,8,0,0.0,0.0,,,1.0,0.0,8,0.0,178,0,8,0
metrics,noop,metrics,ABCDE,100,0.7,scanner_blank_2,8,8,0,0,0,0,8,0,0.0,0.0,,,1.0,0.0,8,0.0,227,0,8,0
metrics,noop,metrics,ABCDE,100,0.7,scanner_row_delete_1,8,8,0,0,0,0,8,0,0.0,0.0,,,1.0,0.0,8,0.0,180,0,8,2
metrics,noop,metrics,ABCDE,100,0.7,scanner_row_delete_2,8,8,0,0,0,0,8,0,0.0,0.0,,,1.0,0.0,8,0.0,152,0,8,0
metrics,noop,metrics,ABCDE,100,0.7,scanner_misread_1,8,0,8,0,0,0,0,8,,,0.0,0.312344,0.0,0.0,8,,0,0,8,0
metrics,noop,metrics,ABCDE,100,0.7,scanner_misread_4,8,0,8,0,0,0,0,8,,,0.0,0.312344,0.0,0.0,8,,0,0,8,0
metrics,noop,metrics,ABCDE,100,0.7,scanner_faint_1,8,0,8,0,0,0,0,8,,,0.0,0.312344,0.0,0.0,8,,0,0,8,0
metrics,noop,metrics,ABCDE,100,0.7,scanner_faint_4,8,0,8,0,0,0,0,8,,,0.0,0.312344,0.0,0.0,8,,0,0,8,0
metrics,noop,metrics,ABCDE,100,0.7,scanner_double_4,8,0,8,0,0,0,0,8,,,0.0,0.312344,0.0,0.0,8,,0,0,8,0
metrics,noop,metrics,ABCDE,100,0.7,adv_long_runs,8,0,8,0,0,0,0,8,,,0.0,0.312344,0.0,0.0,8,,0,0,8,0
metrics,noop,metrics,ABCDE,100,0.7,adv_favourite,8,0,8,0,0,0,0,8,,,0.0,0.312344,0.0,0.0,8,,0,0,8,0
metrics,noop,metrics,ABCDE,100,0.7,adv_easy_block,8,0,8,0,0,0,0,8,,,0.0,0.312344,0.0,0.0,8,,0,0,8,0
metrics,noop,metrics,ABCDE,100,0.7,adv_key_leakage,8,8,0,0,0,0,8,0,0.0,0.0,,,1.0,0.0,8,0.0,645,0,8,0
metrics,noop,metrics,ABCDE,100,0.7,adv_cycle,8,0,8,0,0,0,0,8,,,0.0,0.312344,0.0,0.0,8,,0,0,8,0
metrics,noop,metrics,ABCDE,100,0.85,none,8,0,8,0,0,0,0,8,,,0.0,0.312344,0.0,0.0,8,,0,0,8,0
metrics,noop,metrics,ABCDE,100,0.85,row_skip_1,8,8,0,0,0,0,8,0,0.0,0.0,,,1.0,0.0,8,0.0,239,0,8,0
metrics,noop,metrics,ABCDE,100,0.85,row_skip_2,8,8,0,0,0,0,8,0,0.0,0.0,,,1.0,0.0,8,0.0,121,0,8,0
metrics,noop,metrics,ABCDE,100,0.85,early_full,8,8,0,0,0,0,8,0,0.0,0.0,,,1.0,0.0,8,0.0,257,0,8,11
metrics,noop,metrics,ABCDE,100,0.85,boundary,8,8,0,0,0,0,8,0,0.0,0.0,,,1.0,0.0,8,0.0,121,0,8,0
metrics,noop,metrics,ABCDE,100,0.85,short_local,8,8,0,0,0,0,8,0,0.0,0.0,,,1.0,0.0,8,0.0,24,0,8,1
metrics,noop,metrics,ABCDE,100,0.85,whole_section,8,8,0,0,0,0,8,0,0.0,0.0,,,1.0,0.0,8,0.0,136,0,8,3
metrics,noop,metrics,ABCDE,100,0.85,anxiety,8,8,0,0,0,0,8,0,0.0,0.0,,,1.0,0.0,8,0.0,190,0,8,0
metrics,noop,metrics,ABCDE,100,0.85,double_shift,8,8,0,0,0,0,8,0,0.0,0.0,,,1.0,0.0,8,0.0,322,0,8,0
metrics,noop,metrics,ABCDE,100,0.85,self_corrected,8,8,0,0,0,0,8,0,0.0,0.0,,,1.0,0.0,8,0.0,94,0,8,2
metrics,noop,metrics,ABCDE,100,0.85,deferred,8,8,0,0,0,0,8,0,0.0,0.0,,,1.0,0.0,8,0.0,138,0,8,0
metrics,noop,metrics,ABCDE,100,0.85,isolated,8,8,0,0,0,0,8,0,0.0,0.0,,,1.0,0.0,8,0.0,7,0,8,2
metrics,noop,metrics,ABCDE,100,0.85,scanner_blank_1,8,8,0,0,0,0,8,0,0.0,0.0,,,1.0,0.0,8,0.0,112,0,8,0
metrics,noop,metrics,ABCDE,100,0.85,scanner_blank_2,8,8,0,0,0,0,8,0,0.0,0.0,,,1.0,0.0,8,0.0,157,0,8,0
metrics,noop,metrics,ABCDE,100,0.85,scanner_row_delete_1,8,8,0,0,0,0,8,0,0.0,0.0,,,1.0,0.0,8,0.0,321,0,8,0
metrics,noop,metrics,ABCDE,100,0.85,scanner_row_delete_2,8,8,0,0,0,0,8,0,0.0,0.0,,,1.0,0.0,8,0.0,195,0,8,0
metrics,noop,metrics,ABCDE,100,0.85,scanner_misread_1,8,0,8,0,0,0,0,8,,,0.0,0.312344,0.0,0.0,8,,0,0,8,0
metrics,noop,metrics,ABCDE,100,0.85,scanner_misread_4,8,0,8,0,0,0,0,8,,,0.0,0.312344,0.0,0.0,8,,0,0,8,0
metrics,noop,metrics,ABCDE,100,0.85,scanner_faint_1,8,0,8,0,0,0,0,8,,,0.0,0.312344,0.0,0.0,8,,0,0,8,0
metrics,noop,metrics,ABCDE,100,0.85,scanner_faint_4,8,0,8,0,0,0,0,8,,,0.0,0.312344,0.0,0.0,8,,0,0,8,0
metrics,noop,metrics,ABCDE,100,0.85,scanner_double_4,8,0,8,0,0,0,0,8,,,0.0,0.312344,0.0,0.0,8,,0,0,8,0
metrics,noop,metrics,ABCDE,100,0.85,adv_long_runs,8,0,8,0,0,0,0,8,,,0.0,0.312344,0.0,0.0,8,,0,0,8,0
metrics,noop,metrics,ABCDE,100,0.85,adv_favourite,8,0,8,0,0,0,0,8,,,0.0,0.312344,0.0,0.0,8,,0,0,8,0
metrics,noop,metrics,ABCDE,100,0.85,adv_easy_block,8,0,8,0,0,0,0,8,,,0.0,0.312344,0.0,0.0,8,,0,0,8,0
metrics,noop,metrics,ABCDE,100,0.85,adv_key_leakage,8,8,0,0,0,0,8,0,0.0,0.0,,,1.0,0.0,8,0.0,628,0,8,0
metrics,noop,metrics,ABCDE,100,0.85,adv_cycle,8,0,8,0,0,0,0,8,,,0.0,0.312344,0.0,0.0,8,,0,0,8,0
metrics,noop,metrics,ABCDE,100,0.95,none,8,0,8,0,0,0,0,8,,,0.0,0.312344,0.0,0.0,8,,0,0,8,0
metrics,noop,metrics,ABCDE,100,0.95,row_skip_1,8,8,0,0,0,0,8,0,0.0,0.0,,,1.0,0.0,8,0.0,334,0,8,2
metrics,noop,metrics,ABCDE,100,0.95,row_skip_2,8,8,0,0,0,0,8,0,0.0,0.0,,,1.0,0.0,8,0.0,202,0,8,2
metrics,noop,metrics,ABCDE,100,0.95,early_full,8,8,0,0,0,0,8,0,0.0,0.0,,,1.0,0.0,8,0.0,385,0,8,0
metrics,noop,metrics,ABCDE,100,0.95,boundary,8,8,0,0,0,0,8,0,0.0,0.0,,,1.0,0.0,8,0.0,166,0,8,0
metrics,noop,metrics,ABCDE,100,0.95,short_local,8,8,0,0,0,0,8,0,0.0,0.0,,,1.0,0.0,8,0.0,32,0,8,2
metrics,noop,metrics,ABCDE,100,0.95,whole_section,8,8,0,0,0,0,8,0,0.0,0.0,,,1.0,0.0,8,0.0,243,0,8,0
metrics,noop,metrics,ABCDE,100,0.95,anxiety,8,8,0,0,0,0,8,0,0.0,0.0,,,1.0,0.0,8,0.0,200,0,8,1
metrics,noop,metrics,ABCDE,100,0.95,double_shift,8,8,0,0,0,0,8,0,0.0,0.0,,,1.0,0.0,8,0.0,331,0,8,4
metrics,noop,metrics,ABCDE,100,0.95,self_corrected,8,8,0,0,0,0,8,0,0.0,0.0,,,1.0,0.0,8,0.0,66,0,8,2
metrics,noop,metrics,ABCDE,100,0.95,deferred,8,8,0,0,0,0,8,0,0.0,0.0,,,1.0,0.0,8,0.0,243,0,8,3
metrics,noop,metrics,ABCDE,100,0.95,isolated,8,8,0,0,0,0,8,0,0.0,0.0,,,1.0,0.0,8,0.0,12,0,8,0
metrics,noop,metrics,ABCDE,100,0.95,scanner_blank_1,8,8,0,0,0,0,8,0,0.0,0.0,,,1.0,0.0,8,0.0,274,0,8,0
metrics,noop,metrics,ABCDE,100,0.95,scanner_blank_2,8,8,0,0,0,0,8,0,0.0,0.0,,,1.0,0.0,8,0.0,175,0,8,0
metrics,noop,metrics,ABCDE,100,0.95,scanner_row_delete_1,8,8,0,0,0,0,8,0,0.0,0.0,,,1.0,0.0,8,0.0,270,0,8,1
metrics,noop,metrics,ABCDE,100,0.95,scanner_row_delete_2,8,8,0,0,0,0,8,0,0.0,0.0,,,1.0,0.0,8,0.0,181,0,8,0
metrics,noop,metrics,ABCDE,100,0.95,scanner_misread_1,8,0,8,0,0,0,0,8,,,0.0,0.312344,0.0,0.0,8,,0,0,8,0
metrics,noop,metrics,ABCDE,100,0.95,scanner_misread_4,8,0,8,0,0,0,0,8,,,0.0,0.312344,0.0,0.0,8,,0,0,8,0
metrics,noop,metrics,ABCDE,100,0.95,scanner_faint_1,8,0,8,0,0,0,0,8,,,0.0,0.312344,0.0,0.0,8,,0,0,8,0
metrics,noop,metrics,ABCDE,100,0.95,scanner_faint_4,8,0,8,0,0,0,0,8,,,0.0,0.312344,0.0,0.0,8,,0,0,8,0
metrics,noop,metrics,ABCDE,100,0.95,scanner_double_4,8,0,8,0,0,0,0,8,,,0.0,0.312344,0.0,0.0,8,,0,0,8,0
metrics,noop,metrics,ABCDE,100,0.95,adv_long_runs,8,0,8,0,0,0,0,8,,,0.0,0.312344,0.0,0.0,8,,0,0,8,0
metrics,noop,metrics,ABCDE,100,0.95,adv_favourite,8,0,8,0,0,0,0,8,,,0.0,0.312344,0.0,0.0,8,,0,0,8,0
metrics,noop,metrics,ABCDE,100,0.95,adv_easy_block,8,0,8,0,0,0,0,8,,,0.0,0.312344,0.0,0.0,8,,0,0,8,0
metrics,noop,metrics,ABCDE,100,0.95,adv_key_leakage,8,8,0,0,0,0,8,0,0.0,0.0,,,1.0,0.0,8,0.0,633,0,8,0
metrics,noop,metrics,ABCDE,100,0.95,adv_cycle,8,0,8,0,0,0,0,8,,,0.0,0.312344,0.0,0.0,8,,0,0,8,0
metrics,noop,metrics,ABCDE,150,0.26,none,8,0,8,0,0,0,0,8,,,0.0,0.312344,0.0,0.0,8,,0,0,8,0
metrics,noop,metrics,ABCDE,150,0.26,row_skip_1,8,8,0,0,0,0,8,0,0.0,0.0,,,1.0,0.0,8,0.0,36,0,8,0
metrics,noop,metrics,ABCDE,150,0.26,row_skip_2,8,8,0,0,0,0,8,0,0.0,0.0,,,1.0,0.0,8,0.0,32,0,8,20
metrics,noop,metrics,ABCDE,150,0.26,early_full,8,8,0,0,0,0,8,0,0.0,0.0,,,1.0,0.0,8,0.0,155,0,8,11
metrics,noop,metrics,ABCDE,150,0.26,boundary,8,8,0,0,0,0,8,0,0.0,0.0,,,1.0,0.0,8,0.0,41,0,8,8
metrics,noop,metrics,ABCDE,150,0.26,short_local,8,8,0,0,0,0,8,0,0.0,0.0,,,1.0,0.0,8,0.0,4,0,8,6
metrics,noop,metrics,ABCDE,150,0.26,whole_section,8,8,0,0,0,0,8,0,0.0,0.0,,,1.0,0.0,8,0.0,42,0,8,5
metrics,noop,metrics,ABCDE,150,0.26,anxiety,8,8,0,0,0,0,8,0,0.0,0.0,,,1.0,0.0,8,0.0,48,0,8,8
metrics,noop,metrics,ABCDE,150,0.26,double_shift,8,8,0,0,0,0,8,0,0.0,0.0,,,1.0,0.0,8,0.0,66,0,8,36
metrics,noop,metrics,ABCDE,150,0.26,self_corrected,8,8,0,0,0,0,8,0,0.0,0.0,,,1.0,0.0,8,0.0,14,0,8,7
metrics,noop,metrics,ABCDE,150,0.26,deferred,8,8,0,0,0,0,8,0,0.0,0.0,,,1.0,0.0,8,0.0,83,0,8,2
metrics,noop,metrics,ABCDE,150,0.26,isolated,8,8,0,0,0,0,8,0,0.0,0.0,,,1.0,0.0,8,,0,0,8,0
metrics,noop,metrics,ABCDE,150,0.26,scanner_blank_1,8,8,0,0,0,0,8,0,0.0,0.0,,,1.0,0.0,8,0.0,24,0,8,7
metrics,noop,metrics,ABCDE,150,0.26,scanner_blank_2,8,8,0,0,0,0,8,0,0.0,0.0,,,1.0,0.0,8,0.0,60,0,8,2
metrics,noop,metrics,ABCDE,150,0.26,scanner_row_delete_1,8,8,0,0,0,0,8,0,0.0,0.0,,,1.0,0.0,8,0.0,71,0,8,2
metrics,noop,metrics,ABCDE,150,0.26,scanner_row_delete_2,8,8,0,0,0,0,8,0,0.0,0.0,,,1.0,0.0,8,0.0,57,0,8,7
metrics,noop,metrics,ABCDE,150,0.26,scanner_misread_1,8,0,8,0,0,0,0,8,,,0.0,0.312344,0.0,0.0,8,,0,0,8,0
metrics,noop,metrics,ABCDE,150,0.26,scanner_misread_4,8,0,8,0,0,0,0,8,,,0.0,0.312344,0.0,0.0,8,,0,0,8,0
metrics,noop,metrics,ABCDE,150,0.26,scanner_faint_1,8,0,8,0,0,0,0,8,,,0.0,0.312344,0.0,0.0,8,,0,0,8,0
metrics,noop,metrics,ABCDE,150,0.26,scanner_faint_4,8,0,8,0,0,0,0,8,,,0.0,0.312344,0.0,0.0,8,,0,0,8,0
metrics,noop,metrics,ABCDE,150,0.26,scanner_double_4,8,0,8,0,0,0,0,8,,,0.0,0.312344,0.0,0.0,8,,0,0,8,0
metrics,noop,metrics,ABCDE,150,0.26,adv_long_runs,8,0,8,0,0,0,0,8,,,0.0,0.312344,0.0,0.0,8,,0,0,8,0
metrics,noop,metrics,ABCDE,150,0.26,adv_favourite,8,0,8,0,0,0,0,8,,,0.0,0.312344,0.0,0.0,8,,0,0,8,0
metrics,noop,metrics,ABCDE,150,0.26,adv_easy_block,8,0,8,0,0,0,0,8,,,0.0,0.312344,0.0,0.0,8,,0,0,8,0
metrics,noop,metrics,ABCDE,150,0.26,adv_key_leakage,8,8,0,0,0,0,8,0,0.0,0.0,,,1.0,0.0,8,0.0,930,0,8,0
metrics,noop,metrics,ABCDE,150,0.26,adv_cycle,8,0,8,0,0,0,0,8,,,0.0,0.312344,0.0,0.0,8,,0,0,8,0
metrics,noop,metrics,ABCDE,150,0.4,none,8,0,8,0,0,0,0,8,,,0.0,0.312344,0.0,0.0,8,,0,0,8,0
metrics,noop,metrics,ABCDE,150,0.4,row_skip_1,8,8,0,0,0,0,8,0,0.0,0.0,,,1.0,0.0,8,0.0,145,0,8,6
metrics,noop,metrics,ABCDE,150,0.4,row_skip_2,8,8,0,0,0,0,8,0,0.0,0.0,,,1.0,0.0,8,0.0,88,0,8,12
metrics,noop,metrics,ABCDE,150,0.4,early_full,8,8,0,0,0,0,8,0,0.0,0.0,,,1.0,0.0,8,0.0,224,0,8,0
metrics,noop,metrics,ABCDE,150,0.4,boundary,8,8,0,0,0,0,8,0,0.0,0.0,,,1.0,0.0,8,0.0,70,0,8,1
metrics,noop,metrics,ABCDE,150,0.4,short_local,8,8,0,0,0,0,8,0,0.0,0.0,,,1.0,0.0,8,0.0,2,0,8,7
metrics,noop,metrics,ABCDE,150,0.4,whole_section,8,8,0,0,0,0,8,0,0.0,0.0,,,1.0,0.0,8,0.0,64,0,8,15
metrics,noop,metrics,ABCDE,150,0.4,anxiety,8,8,0,0,0,0,8,0,0.0,0.0,,,1.0,0.0,8,0.0,83,0,8,5
metrics,noop,metrics,ABCDE,150,0.4,double_shift,8,8,0,0,0,0,8,0,0.0,0.0,,,1.0,0.0,8,0.0,130,0,8,0
metrics,noop,metrics,ABCDE,150,0.4,self_corrected,8,8,0,0,0,0,8,0,0.0,0.0,,,1.0,0.0,8,0.0,41,0,8,0
metrics,noop,metrics,ABCDE,150,0.4,deferred,8,8,0,0,0,0,8,0,0.0,0.0,,,1.0,0.0,8,0.0,107,0,8,13
metrics,noop,metrics,ABCDE,150,0.4,isolated,8,8,0,0,0,0,8,0,0.0,0.0,,,1.0,0.0,8,0.0,7,0,8,0
metrics,noop,metrics,ABCDE,150,0.4,scanner_blank_1,8,8,0,0,0,0,8,0,0.0,0.0,,,1.0,0.0,8,0.0,56,0,8,5
metrics,noop,metrics,ABCDE,150,0.4,scanner_blank_2,8,8,0,0,0,0,8,0,0.0,0.0,,,1.0,0.0,8,0.0,42,0,8,2
metrics,noop,metrics,ABCDE,150,0.4,scanner_row_delete_1,8,8,0,0,0,0,8,0,0.0,0.0,,,1.0,0.0,8,0.0,53,0,8,2
metrics,noop,metrics,ABCDE,150,0.4,scanner_row_delete_2,8,8,0,0,0,0,8,0,0.0,0.0,,,1.0,0.0,8,0.0,97,0,8,12
metrics,noop,metrics,ABCDE,150,0.4,scanner_misread_1,8,0,8,0,0,0,0,8,,,0.0,0.312344,0.0,0.0,8,,0,0,8,0
metrics,noop,metrics,ABCDE,150,0.4,scanner_misread_4,8,0,8,0,0,0,0,8,,,0.0,0.312344,0.0,0.0,8,,0,0,8,0
metrics,noop,metrics,ABCDE,150,0.4,scanner_faint_1,8,0,8,0,0,0,0,8,,,0.0,0.312344,0.0,0.0,8,,0,0,8,0
metrics,noop,metrics,ABCDE,150,0.4,scanner_faint_4,8,0,8,0,0,0,0,8,,,0.0,0.312344,0.0,0.0,8,,0,0,8,0
metrics,noop,metrics,ABCDE,150,0.4,scanner_double_4,8,0,8,0,0,0,0,8,,,0.0,0.312344,0.0,0.0,8,,0,0,8,0
metrics,noop,metrics,ABCDE,150,0.4,adv_long_runs,8,0,8,0,0,0,0,8,,,0.0,0.312344,0.0,0.0,8,,0,0,8,0
metrics,noop,metrics,ABCDE,150,0.4,adv_favourite,8,0,8,0,0,0,0,8,,,0.0,0.312344,0.0,0.0,8,,0,0,8,0
metrics,noop,metrics,ABCDE,150,0.4,adv_easy_block,8,0,8,0,0,0,0,8,,,0.0,0.312344,0.0,0.0,8,,0,0,8,0
metrics,noop,metrics,ABCDE,150,0.4,adv_key_leakage,8,8,0,0,0,0,8,0,0.0,0.0,,,1.0,0.0,8,0.0,927,0,8,0
metrics,noop,metrics,ABCDE,150,0.4,adv_cycle,8,0,8,0,0,0,0,8,,,0.0,0.312344,0.0,0.0,8,,0,0,8,0
metrics,noop,metrics,ABCDE,150,0.55,none,8,0,8,0,0,0,0,8,,,0.0,0.312344,0.0,0.0,8,,0,0,8,0
metrics,noop,metrics,ABCDE,150,0.55,row_skip_1,8,8,0,0,0,0,8,0,0.0,0.0,,,1.0,0.0,8,0.0,96,0,8,11
metrics,noop,metrics,ABCDE,150,0.55,row_skip_2,8,8,0,0,0,0,8,0,0.0,0.0,,,1.0,0.0,8,0.0,126,0,8,1
metrics,noop,metrics,ABCDE,150,0.55,early_full,8,8,0,0,0,0,8,0,0.0,0.0,,,1.0,0.0,8,0.0,329,0,8,0
metrics,noop,metrics,ABCDE,150,0.55,boundary,8,8,0,0,0,0,8,0,0.0,0.0,,,1.0,0.0,8,0.0,55,0,8,1
metrics,noop,metrics,ABCDE,150,0.55,short_local,8,8,0,0,0,0,8,0,0.0,0.0,,,1.0,0.0,8,0.0,24,0,8,2
metrics,noop,metrics,ABCDE,150,0.55,whole_section,8,8,0,0,0,0,8,0,0.0,0.0,,,1.0,0.0,8,0.0,172,0,8,0
metrics,noop,metrics,ABCDE,150,0.55,anxiety,8,8,0,0,0,0,8,0,0.0,0.0,,,1.0,0.0,8,0.0,146,0,8,0
metrics,noop,metrics,ABCDE,150,0.55,double_shift,8,8,0,0,0,0,8,0,0.0,0.0,,,1.0,0.0,8,0.0,194,0,8,13
metrics,noop,metrics,ABCDE,150,0.55,self_corrected,8,8,0,0,0,0,8,0,0.0,0.0,,,1.0,0.0,8,0.0,33,0,8,2
metrics,noop,metrics,ABCDE,150,0.55,deferred,8,8,0,0,0,0,8,0,0.0,0.0,,,1.0,0.0,8,0.0,91,0,8,1
metrics,noop,metrics,ABCDE,150,0.55,isolated,8,8,0,0,0,0,8,0,0.0,0.0,,,1.0,0.0,8,0.0,5,0,8,3
metrics,noop,metrics,ABCDE,150,0.55,scanner_blank_1,8,8,0,0,0,0,8,0,0.0,0.0,,,1.0,0.0,8,0.0,137,0,8,5
metrics,noop,metrics,ABCDE,150,0.55,scanner_blank_2,8,8,0,0,0,0,8,0,0.0,0.0,,,1.0,0.0,8,0.0,136,0,8,0
metrics,noop,metrics,ABCDE,150,0.55,scanner_row_delete_1,8,8,0,0,0,0,8,0,0.0,0.0,,,1.0,0.0,8,0.0,135,0,8,7
metrics,noop,metrics,ABCDE,150,0.55,scanner_row_delete_2,8,8,0,0,0,0,8,0,0.0,0.0,,,1.0,0.0,8,0.0,155,0,8,0
metrics,noop,metrics,ABCDE,150,0.55,scanner_misread_1,8,0,8,0,0,0,0,8,,,0.0,0.312344,0.0,0.0,8,,0,0,8,0
metrics,noop,metrics,ABCDE,150,0.55,scanner_misread_4,8,0,8,0,0,0,0,8,,,0.0,0.312344,0.0,0.0,8,,0,0,8,0
metrics,noop,metrics,ABCDE,150,0.55,scanner_faint_1,8,0,8,0,0,0,0,8,,,0.0,0.312344,0.0,0.0,8,,0,0,8,0
metrics,noop,metrics,ABCDE,150,0.55,scanner_faint_4,8,0,8,0,0,0,0,8,,,0.0,0.312344,0.0,0.0,8,,0,0,8,0
metrics,noop,metrics,ABCDE,150,0.55,scanner_double_4,8,0,8,0,0,0,0,8,,,0.0,0.312344,0.0,0.0,8,,0,0,8,0
metrics,noop,metrics,ABCDE,150,0.55,adv_long_runs,8,0,8,0,0,0,0,8,,,0.0,0.312344,0.0,0.0,8,,0,0,8,0
metrics,noop,metrics,ABCDE,150,0.55,adv_favourite,8,0,8,0,0,0,0,8,,,0.0,0.312344,0.0,0.0,8,,0,0,8,0
metrics,noop,metrics,ABCDE,150,0.55,adv_easy_block,8,0,8,0,0,0,0,8,,,0.0,0.312344,0.0,0.0,8,,0,0,8,0
metrics,noop,metrics,ABCDE,150,0.55,adv_key_leakage,8,8,0,0,0,0,8,0,0.0,0.0,,,1.0,0.0,8,0.0,952,0,8,0
metrics,noop,metrics,ABCDE,150,0.55,adv_cycle,8,0,8,0,0,0,0,8,,,0.0,0.312344,0.0,0.0,8,,0,0,8,0
metrics,noop,metrics,ABCDE,150,0.7,none,8,0,8,0,0,0,0,8,,,0.0,0.312344,0.0,0.0,8,,0,0,8,0
metrics,noop,metrics,ABCDE,150,0.7,row_skip_1,8,8,0,0,0,0,8,0,0.0,0.0,,,1.0,0.0,8,0.0,136,0,8,0
metrics,noop,metrics,ABCDE,150,0.7,row_skip_2,8,8,0,0,0,0,8,0,0.0,0.0,,,1.0,0.0,8,0.0,260,0,8,0
metrics,noop,metrics,ABCDE,150,0.7,early_full,8,8,0,0,0,0,8,0,0.0,0.0,,,1.0,0.0,8,0.0,384,0,8,4
metrics,noop,metrics,ABCDE,150,0.7,boundary,8,8,0,0,0,0,8,0,0.0,0.0,,,1.0,0.0,8,0.0,164,0,8,0
metrics,noop,metrics,ABCDE,150,0.7,short_local,8,8,0,0,0,0,8,0,0.0,0.0,,,1.0,0.0,8,0.0,19,0,8,0
metrics,noop,metrics,ABCDE,150,0.7,whole_section,8,8,0,0,0,0,8,0,0.0,0.0,,,1.0,0.0,8,0.0,195,0,8,0
metrics,noop,metrics,ABCDE,150,0.7,anxiety,8,8,0,0,0,0,8,0,0.0,0.0,,,1.0,0.0,8,0.0,264,0,8,16
metrics,noop,metrics,ABCDE,150,0.7,double_shift,8,8,0,0,0,0,8,0,0.0,0.0,,,1.0,0.0,8,0.0,248,0,8,12
metrics,noop,metrics,ABCDE,150,0.7,self_corrected,8,8,0,0,0,0,8,0,0.0,0.0,,,1.0,0.0,8,0.0,69,0,8,0
metrics,noop,metrics,ABCDE,150,0.7,deferred,8,8,0,0,0,0,8,0,0.0,0.0,,,1.0,0.0,8,0.0,134,0,8,0
metrics,noop,metrics,ABCDE,150,0.7,isolated,8,8,0,0,0,0,8,0,0.0,0.0,,,1.0,0.0,8,0.0,6,0,8,0
metrics,noop,metrics,ABCDE,150,0.7,scanner_blank_1,8,8,0,0,0,0,8,0,0.0,0.0,,,1.0,0.0,8,0.0,204,0,8,0
metrics,noop,metrics,ABCDE,150,0.7,scanner_blank_2,8,8,0,0,0,0,8,0,0.0,0.0,,,1.0,0.0,8,0.0,176,0,8,8
metrics,noop,metrics,ABCDE,150,0.7,scanner_row_delete_1,8,8,0,0,0,0,8,0,0.0,0.0,,,1.0,0.0,8,0.0,189,0,8,0
metrics,noop,metrics,ABCDE,150,0.7,scanner_row_delete_2,8,8,0,0,0,0,8,0,0.0,0.0,,,1.0,0.0,8,0.0,269,0,8,0
metrics,noop,metrics,ABCDE,150,0.7,scanner_misread_1,8,0,8,0,0,0,0,8,,,0.0,0.312344,0.0,0.0,8,,0,0,8,0
metrics,noop,metrics,ABCDE,150,0.7,scanner_misread_4,8,0,8,0,0,0,0,8,,,0.0,0.312344,0.0,0.0,8,,0,0,8,0
metrics,noop,metrics,ABCDE,150,0.7,scanner_faint_1,8,0,8,0,0,0,0,8,,,0.0,0.312344,0.0,0.0,8,,0,0,8,0
metrics,noop,metrics,ABCDE,150,0.7,scanner_faint_4,8,0,8,0,0,0,0,8,,,0.0,0.312344,0.0,0.0,8,,0,0,8,0
metrics,noop,metrics,ABCDE,150,0.7,scanner_double_4,8,0,8,0,0,0,0,8,,,0.0,0.312344,0.0,0.0,8,,0,0,8,0
metrics,noop,metrics,ABCDE,150,0.7,adv_long_runs,8,0,8,0,0,0,0,8,,,0.0,0.312344,0.0,0.0,8,,0,0,8,0
metrics,noop,metrics,ABCDE,150,0.7,adv_favourite,8,0,8,0,0,0,0,8,,,0.0,0.312344,0.0,0.0,8,,0,0,8,0
metrics,noop,metrics,ABCDE,150,0.7,adv_easy_block,8,0,8,0,0,0,0,8,,,0.0,0.312344,0.0,0.0,8,,0,0,8,0
metrics,noop,metrics,ABCDE,150,0.7,adv_key_leakage,8,8,0,0,0,0,8,0,0.0,0.0,,,1.0,0.0,8,0.0,972,0,8,0
metrics,noop,metrics,ABCDE,150,0.7,adv_cycle,8,0,8,0,0,0,0,8,,,0.0,0.312344,0.0,0.0,8,,0,0,8,0
metrics,noop,metrics,ABCDE,150,0.85,none,8,0,8,0,0,0,0,8,,,0.0,0.312344,0.0,0.0,8,,0,0,8,0
metrics,noop,metrics,ABCDE,150,0.85,row_skip_1,8,8,0,0,0,0,8,0,0.0,0.0,,,1.0,0.0,8,0.0,223,0,8,1
metrics,noop,metrics,ABCDE,150,0.85,row_skip_2,8,8,0,0,0,0,8,0,0.0,0.0,,,1.0,0.0,8,0.0,253,0,8,0
metrics,noop,metrics,ABCDE,150,0.85,early_full,8,8,0,0,0,0,8,0,0.0,0.0,,,1.0,0.0,8,0.0,595,0,8,0
metrics,noop,metrics,ABCDE,150,0.85,boundary,8,8,0,0,0,0,8,0,0.0,0.0,,,1.0,0.0,8,0.0,147,0,8,0
metrics,noop,metrics,ABCDE,150,0.85,short_local,8,8,0,0,0,0,8,0,0.0,0.0,,,1.0,0.0,8,0.0,20,0,8,5
metrics,noop,metrics,ABCDE,150,0.85,whole_section,8,8,0,0,0,0,8,0,0.0,0.0,,,1.0,0.0,8,0.0,230,0,8,0
metrics,noop,metrics,ABCDE,150,0.85,anxiety,8,8,0,0,0,0,8,0,0.0,0.0,,,1.0,0.0,8,0.0,492,0,8,0
metrics,noop,metrics,ABCDE,150,0.85,double_shift,8,8,0,0,0,0,8,0,0.0,0.0,,,1.0,0.0,8,0.0,341,0,8,7
metrics,noop,metrics,ABCDE,150,0.85,self_corrected,8,8,0,0,0,0,8,0,0.0,0.0,,,1.0,0.0,8,0.0,82,0,8,0
metrics,noop,metrics,ABCDE,150,0.85,deferred,8,8,0,0,0,0,8,0,0.0,0.0,,,1.0,0.0,8,0.0,297,0,8,0
metrics,noop,metrics,ABCDE,150,0.85,isolated,8,8,0,0,0,0,8,0,0.0,0.0,,,1.0,0.0,8,0.0,10,0,8,0
metrics,noop,metrics,ABCDE,150,0.85,scanner_blank_1,8,8,0,0,0,0,8,0,0.0,0.0,,,1.0,0.0,8,0.0,255,0,8,2
metrics,noop,metrics,ABCDE,150,0.85,scanner_blank_2,8,8,0,0,0,0,8,0,0.0,0.0,,,1.0,0.0,8,0.0,253,0,8,0
metrics,noop,metrics,ABCDE,150,0.85,scanner_row_delete_1,8,8,0,0,0,0,8,0,0.0,0.0,,,1.0,0.0,8,0.0,131,0,8,6
metrics,noop,metrics,ABCDE,150,0.85,scanner_row_delete_2,8,8,0,0,0,0,8,0,0.0,0.0,,,1.0,0.0,8,0.0,246,0,8,0
metrics,noop,metrics,ABCDE,150,0.85,scanner_misread_1,8,0,8,0,0,0,0,8,,,0.0,0.312344,0.0,0.0,8,,0,0,8,0
metrics,noop,metrics,ABCDE,150,0.85,scanner_misread_4,8,0,8,0,0,0,0,8,,,0.0,0.312344,0.0,0.0,8,,0,0,8,0
metrics,noop,metrics,ABCDE,150,0.85,scanner_faint_1,8,0,8,0,0,0,0,8,,,0.0,0.312344,0.0,0.0,8,,0,0,8,0
metrics,noop,metrics,ABCDE,150,0.85,scanner_faint_4,8,0,8,0,0,0,0,8,,,0.0,0.312344,0.0,0.0,8,,0,0,8,0
metrics,noop,metrics,ABCDE,150,0.85,scanner_double_4,8,0,8,0,0,0,0,8,,,0.0,0.312344,0.0,0.0,8,,0,0,8,0
metrics,noop,metrics,ABCDE,150,0.85,adv_long_runs,8,0,8,0,0,0,0,8,,,0.0,0.312344,0.0,0.0,8,,0,0,8,0
metrics,noop,metrics,ABCDE,150,0.85,adv_favourite,8,0,8,0,0,0,0,8,,,0.0,0.312344,0.0,0.0,8,,0,0,8,0
metrics,noop,metrics,ABCDE,150,0.85,adv_easy_block,8,0,8,0,0,0,0,8,,,0.0,0.312344,0.0,0.0,8,,0,0,8,0
metrics,noop,metrics,ABCDE,150,0.85,adv_key_leakage,8,8,0,0,0,0,8,0,0.0,0.0,,,1.0,0.0,8,0.0,943,0,8,0
metrics,noop,metrics,ABCDE,150,0.85,adv_cycle,8,0,8,0,0,0,0,8,,,0.0,0.312344,0.0,0.0,8,,0,0,8,0
metrics,noop,metrics,ABCDE,150,0.95,none,8,0,8,0,0,0,0,8,,,0.0,0.312344,0.0,0.0,8,,0,0,8,0
metrics,noop,metrics,ABCDE,150,0.95,row_skip_1,8,8,0,0,0,0,8,0,0.0,0.0,,,1.0,0.0,8,0.0,298,0,8,0
metrics,noop,metrics,ABCDE,150,0.95,row_skip_2,8,8,0,0,0,0,8,0,0.0,0.0,,,1.0,0.0,8,0.0,255,0,8,0
metrics,noop,metrics,ABCDE,150,0.95,early_full,8,8,0,0,0,0,8,0,0.0,0.0,,,1.0,0.0,8,0.0,760,0,8,0
metrics,noop,metrics,ABCDE,150,0.95,boundary,8,8,0,0,0,0,8,0,0.0,0.0,,,1.0,0.0,8,0.0,90,0,8,3
metrics,noop,metrics,ABCDE,150,0.95,short_local,8,8,0,0,0,0,8,0,0.0,0.0,,,1.0,0.0,8,0.0,36,0,8,0
metrics,noop,metrics,ABCDE,150,0.95,whole_section,8,8,0,0,0,0,8,0,0.0,0.0,,,1.0,0.0,8,0.0,376,0,8,0
metrics,noop,metrics,ABCDE,150,0.95,anxiety,8,8,0,0,0,0,8,0,0.0,0.0,,,1.0,0.0,8,0.0,241,0,8,16
metrics,noop,metrics,ABCDE,150,0.95,double_shift,8,8,0,0,0,0,8,0,0.0,0.0,,,1.0,0.0,8,0.0,478,0,8,0
metrics,noop,metrics,ABCDE,150,0.95,self_corrected,8,8,0,0,0,0,8,0,0.0,0.0,,,1.0,0.0,8,0.0,115,0,8,0
metrics,noop,metrics,ABCDE,150,0.95,deferred,8,8,0,0,0,0,8,0,0.0,0.0,,,1.0,0.0,8,0.0,266,0,8,0
metrics,noop,metrics,ABCDE,150,0.95,isolated,8,8,0,0,0,0,8,0,0.0,0.0,,,1.0,0.0,8,0.0,14,0,8,0
metrics,noop,metrics,ABCDE,150,0.95,scanner_blank_1,8,8,0,0,0,0,8,0,0.0,0.0,,,1.0,0.0,8,0.0,529,0,8,0
metrics,noop,metrics,ABCDE,150,0.95,scanner_blank_2,8,8,0,0,0,0,8,0,0.0,0.0,,,1.0,0.0,8,0.0,295,0,8,0
metrics,noop,metrics,ABCDE,150,0.95,scanner_row_delete_1,8,8,0,0,0,0,8,0,0.0,0.0,,,1.0,0.0,8,0.0,458,0,8,0
metrics,noop,metrics,ABCDE,150,0.95,scanner_row_delete_2,8,8,0,0,0,0,8,0,0.0,0.0,,,1.0,0.0,8,0.0,249,0,8,7
metrics,noop,metrics,ABCDE,150,0.95,scanner_misread_1,8,0,8,0,0,0,0,8,,,0.0,0.312344,0.0,0.0,8,,0,0,8,0
metrics,noop,metrics,ABCDE,150,0.95,scanner_misread_4,8,0,8,0,0,0,0,8,,,0.0,0.312344,0.0,0.0,8,,0,0,8,0
metrics,noop,metrics,ABCDE,150,0.95,scanner_faint_1,8,0,8,0,0,0,0,8,,,0.0,0.312344,0.0,0.0,8,,0,0,8,0
metrics,noop,metrics,ABCDE,150,0.95,scanner_faint_4,8,0,8,0,0,0,0,8,,,0.0,0.312344,0.0,0.0,8,,0,0,8,0
metrics,noop,metrics,ABCDE,150,0.95,scanner_double_4,8,0,8,0,0,0,0,8,,,0.0,0.312344,0.0,0.0,8,,0,0,8,0
metrics,noop,metrics,ABCDE,150,0.95,adv_long_runs,8,0,8,0,0,0,0,8,,,0.0,0.312344,0.0,0.0,8,,0,0,8,0
metrics,noop,metrics,ABCDE,150,0.95,adv_favourite,8,0,8,0,0,0,0,8,,,0.0,0.312344,0.0,0.0,8,,0,0,8,0
metrics,noop,metrics,ABCDE,150,0.95,adv_easy_block,8,0,8,0,0,0,0,8,,,0.0,0.312344,0.0,0.0,8,,0,0,8,0
metrics,noop,metrics,ABCDE,150,0.95,adv_key_leakage,8,8,0,0,0,0,8,0,0.0,0.0,,,1.0,0.0,8,0.0,944,0,8,0
metrics,noop,metrics,ABCDE,150,0.95,adv_cycle,8,0,8,0,0,0,0,8,,,0.0,0.312344,0.0,0.0,8,,0,0,8,0
sweep,gated,conservative,ABCD,46,0.55,none,8,0,8,0,0,0,0,8,,,0.0,0.312344,0.001743,0.001743,8,,0,0,8,0
sweep,gated,conservative,ABCD,46,0.55,row_skip_1,8,8,0,0,0,0,8,0,0.0,0.0,,,0.338296,0.438636,8,0.0,41,0,8,1
sweep,gated,conservative,ABCD,46,0.55,double_shift,8,8,0,0,0,0,8,0,0.0,0.0,,,0.132806,0.673526,8,0.0,68,0,8,0
sweep,gated,conservative,ABCD,46,0.55,self_corrected,8,8,0,0,0,0,8,0,0.0,0.0,,,0.73951,0.07151,8,0.0,33,0,8,0
sweep,gated,conservative,ABCD,46,0.55,scanner_blank_1,8,8,0,1,0,0,7,0,0.125,0.125,,,0.12363,0.680142,8,0.25,28,7,8,4
sweep,gated,conservative,ABCD,46,0.55,whole_section,8,8,0,0,0,0,8,0,0.0,0.0,,,0.456998,0.386068,8,0.0,33,0,8,4
sweep,gated,conservative,ABCD,46,0.7,none,8,0,8,0,0,0,0,8,,,0.0,0.312344,0.273668,0.273668,8,,0,0,8,0
sweep,gated,conservative,ABCD,46,0.7,row_skip_1,8,8,0,1,0,0,7,0,0.125,0.125,,,0.116874,0.782241,8,0.080645,62,5,8,1
sweep,gated,conservative,ABCD,46,0.7,double_shift,8,8,0,1,0,0,7,0,0.125,0.125,,,0.170079,0.764265,8,0.181818,99,18,8,9
sweep,gated,conservative,ABCD,46,0.7,self_corrected,8,8,0,1,0,0,7,0,0.125,0.125,,,0.178952,0.591783,8,0.145833,48,7,8,0
sweep,gated,conservative,ABCD,46,0.7,scanner_blank_1,8,8,0,1,0,0,7,0,0.125,0.125,,,0.005708,0.925762,8,0.324324,37,12,8,1
sweep,gated,conservative,ABCD,46,0.7,whole_section,8,8,0,2,0,0,6,0,0.25,0.25,,,9.8e-05,0.990552,8,0.275362,69,19,8,3
sweep,gated,conservative,ABCD,46,0.85,none,8,0,8,0,0,0,0,8,,,0.0,0.312344,1.3e-05,1.3e-05,8,,0,0,8,0
sweep,gated,conservative,ABCD,46,0.85,row_skip_1,8,8,0,3,0,0,5,0,0.375,0.375,,,0.139232,0.798703,8,0.602273,88,53,8,7
sweep,gated,conservative,ABCD,46,0.85,double_shift,8,8,0,2,1,0,5,0,0.25,0.375,,,0.003591,0.961209,8,0.353982,113,40,8,0
sweep,gated,conservative,ABCD,46,0.85,self_corrected,8,8,0,6,0,0,2,0,0.75,0.75,,,0.001194,0.974845,8,0.775,80,62,8,1
sweep,gated,conservative,ABCD,46,0.85,scanner_blank_1,8,8,0,2,0,0,6,0,0.25,0.25,,,0.036346,0.89936,8,0.54717,53,29,8,0
sweep,gated,conservative,ABCD,46,0.85,whole_section,8,8,0,3,0,0,5,0,0.375,0.375,,,0.019321,0.892375,8,0.508197,61,31,8,6
sweep,gated,conservative,ABCD,100,0.55,none,8,0,8,0,0,0,0,8,,,0.0,0.312344,0.001728,0.001728,8,,0,0,8,0
sweep,gated,conservative,ABCD,100,0.55,row_skip_1,8,8,0,3,0,0,5,0,0.375,0.375,,,0.411331,0.47802,8,0.78,100,78,8,4
sweep,gated,conservative,ABCD,100,0.55,double_shift,8,8,0,0,1,0,7,0,0.0,0.125,,,0.055366,0.876109,8,0.091603,131,12,8,5
sweep,gated,conservative,ABCD,100,0.55,self_corrected,8,8,0,1,0,0,7,0,0.125,0.125,,,0.270154,0.611196,8,0.325,40,13,8,2
sweep,gated,conservative,ABCD,100,0.55,scanner_blank_1,8,8,0,1,0,0,7,0,0.125,0.125,,,0.01742,0.859276,8,0.571429,70,40,8,7
sweep,gated,conservative,ABCD,100,0.55,whole_section,8,8,0,3,1,0,4,0,0.375,0.5,,,0.147981,0.686975,8,0.547619,84,46,8,0
sweep,gated,conservative,ABCD,100,0.7,none,8,0,8,0,0,0,0,8,,,0.0,0.312344,0.056597,0.056597,8,,0,0,8,0
sweep,gated,conservative,ABCD,100,0.7,row_skip_1,8,8,0,2,0,0,6,0,0.25,0.25,,,0.151759,0.75802,8,0.558824,102,57,8,0
sweep,gated,conservative,ABCD,100,0.7,double_shift,8,8,0,3,0,0,5,0,0.375,0.375,,,0.000596,0.983335,8,0.363636,231,84,8,0
sweep,gated,conservative,ABCD,100,0.7,self_corrected,8,8,0,2,0,0,6,0,0.25,0.25,,,0.046565,0.830496,8,0.306667,75,23,8,0
sweep,gated,conservative,ABCD,100,0.7,scanner_blank_1,8,8,0,6,0,0,2,0,0.75,0.75,,,1e-06,0.999439,8,0.836066,183,153,8,0
sweep,gated,conservative,ABCD,100,0.7,whole_section,8,8,0,6,0,0,2,0,0.75,0.75,,,0.002087,0.969768,8,0.785714,140,110,8,2
sweep,gated,conservative,ABCD,100,0.85,none,8,0,8,0,0,0,0,8,,,0.0,0.312344,0.217996,0.217996,8,,0,0,8,0
sweep,gated,conservative,ABCD,100,0.85,row_skip_1,8,8,0,3,0,0,5,0,0.375,0.375,,,0.0,0.99997,8,0.549451,182,100,8,0
sweep,gated,conservative,ABCD,100,0.85,double_shift,8,8,0,2,1,0,5,0,0.25,0.375,,,0.0,1.0,8,0.313131,297,93,8,0
sweep,gated,conservative,ABCD,100,0.85,self_corrected,8,8,0,8,0,0,0,0,1.0,1.0,,,0.0,0.999942,8,0.796117,103,82,8,0
sweep,gated,conservative,ABCD,100,0.85,scanner_blank_1,8,8,0,7,0,0,1,0,0.875,0.875,,,0.0,0.999935,8,0.959459,222,213,8,0
sweep,gated,conservative,ABCD,100,0.85,whole_section,8,8,0,4,1,0,3,0,0.5,0.625,,,0.000224,0.989615,8,0.843537,147,124,8,4
sweep,gated,conservative,ABCD,150,0.55,none,8,0,8,0,0,0,0,8,,,0.0,0.312344,0.182661,0.182661,8,,0,0,8,0
sweep,gated,conservative,ABCD,150,0.55,row_skip_1,8,8,0,5,0,0,3,0,0.625,0.625,,,0.126055,0.780944,8,0.798851,174,139,8,15
sweep,gated,conservative,ABCD,150,0.55,double_shift,8,8,0,2,1,0,5,0,0.25,0.375,,,0.04682,0.849511,8,0.240223,179,43,8,0
sweep,gated,conservative,ABCD,150,0.55,self_corrected,8,8,0,0,0,0,8,0,0.0,0.0,,,0.335463,0.395615,8,0.0,29,0,8,2
sweep,gated,conservative,ABCD,150,0.55,scanner_blank_1,8,8,0,4,0,0,4,0,0.5,0.5,,,0.003318,0.952643,8,0.818713,171,140,8,1
sweep,gated,conservative,ABCD,150,0.55,whole_section,8,8,0,5,0,0,3,0,0.625,0.625,,,0.006512,0.949449,8,0.606936,173,105,8,0
sweep,gated,conservative,ABCD,150,0.7,none,8,0,8,0,0,0,0,8,,,0.0,0.312344,0.151448,0.151448,8,,0,0,8,0
sweep,gated,conservative,ABCD,150,0.7,row_skip_1,8,8,0,3,0,0,5,0,0.375,0.375,,,0.022753,0.903076,8,0.753333,150,113,8,0
sweep,gated,conservative,ABCD,150,0.7,double_shift,8,8,0,1,0,0,7,0,0.125,0.125,,,0.06036,0.812571,8,0.168539,267,45,8,0
sweep,gated,conservative,ABCD,150,0.7,self_corrected,8,8,0,2,0,0,6,0,0.25,0.25,,,0.034644,0.896048,8,0.164179,67,11,8,0
sweep,gated,conservative,ABCD,150,0.7,scanner_blank_1,8,8,0,4,0,0,4,0,0.5,0.5,,,0.000131,0.989442,8,0.837037,135,113,8,3
sweep,gated,conservative,ABCD,150,0.7,whole_section,8,8,0,5,0,0,3,0,0.625,0.625,,,0.070393,0.882744,8,0.819149,188,154,8,4
sweep,gated,conservative,ABCD,150,0.85,none,8,0,8,0,0,0,0,8,,,0.0,0.312344,0.28196,0.28196,8,,0,0,8,0
sweep,gated,conservative,ABCD,150,0.85,row_skip_1,8,8,0,5,1,0,2,0,0.625,0.75,,,0.000593,0.982904,8,0.954373,263,251,8,3
sweep,gated,conservative,ABCD,150,0.85,double_shift,8,8,0,4,0,0,4,0,0.5,0.5,,,0.0,1.0,8,0.601307,459,276,8,0
sweep,gated,conservative,ABCD,150,0.85,self_corrected,8,8,0,4,0,0,4,0,0.5,0.5,,,0.043945,0.835111,8,0.616438,73,45,8,0
sweep,gated,conservative,ABCD,150,0.85,scanner_blank_1,8,8,0,5,0,0,3,0,0.625,0.625,,,5.2e-05,0.994958,8,0.847518,282,239,8,2
sweep,gated,conservative,ABCD,150,0.85,whole_section,8,8,0,5,0,0,3,0,0.625,0.625,,,0.001199,0.976712,8,0.818182,231,189,8,4
sweep,gated,conservative,ABCDE,46,0.55,none,8,0,8,0,0,0,0,8,,,0.0,0.312344,,,0,,0,0,8,0
sweep,gated,conservative,ABCDE,46,0.55,row_skip_1,8,8,0,0,0,0,8,0,0.0,0.0,,,,,0,0.0,36,0,8,4
sweep,gated,conservative,ABCDE,46,0.55,double_shift,8,8,0,0,0,0,8,0,0.0,0.0,,,,,0,0.0,78,0,8,9
sweep,gated,conservative,ABCDE,46,0.55,self_corrected,8,8,0,0,0,0,8,0,0.0,0.0,,,,,0,0.0,69,0,8,0
sweep,gated,conservative,ABCDE,46,0.55,scanner_blank_1,8,8,0,0,0,0,8,0,0.0,0.0,,,,,0,0.0,67,0,8,0
sweep,gated,conservative,ABCDE,46,0.55,whole_section,8,8,0,0,0,0,8,0,0.0,0.0,,,,,0,0.0,37,0,8,1
sweep,gated,conservative,ABCDE,46,0.7,none,8,0,8,0,0,0,0,8,,,0.0,0.312344,,,0,,0,0,8,0
sweep,gated,conservative,ABCDE,46,0.7,row_skip_1,8,8,0,0,0,0,8,0,0.0,0.0,,,,,0,0.0,33,0,8,0
sweep,gated,conservative,ABCDE,46,0.7,double_shift,8,8,0,0,0,0,8,0,0.0,0.0,,,,,0,0.0,94,0,8,0
sweep,gated,conservative,ABCDE,46,0.7,self_corrected,8,8,0,0,0,0,8,0,0.0,0.0,,,,,0,0.0,55,0,8,6
sweep,gated,conservative,ABCDE,46,0.7,scanner_blank_1,8,8,0,0,0,0,8,0,0.0,0.0,,,,,0,0.0,48,0,8,0
sweep,gated,conservative,ABCDE,46,0.7,whole_section,8,8,0,0,0,0,8,0,0.0,0.0,,,,,0,0.0,72,0,8,0
sweep,gated,conservative,ABCDE,46,0.85,none,8,0,8,0,0,0,0,8,,,0.0,0.312344,,,0,,0,0,8,0
sweep,gated,conservative,ABCDE,46,0.85,row_skip_1,8,8,0,0,0,0,8,0,0.0,0.0,,,,,0,0.0,92,0,8,0
sweep,gated,conservative,ABCDE,46,0.85,double_shift,8,8,0,0,0,0,8,0,0.0,0.0,,,,,0,0.0,104,0,8,0
sweep,gated,conservative,ABCDE,46,0.85,self_corrected,8,8,0,0,0,0,8,0,0.0,0.0,,,,,0,0.0,58,0,8,0
sweep,gated,conservative,ABCDE,46,0.85,scanner_blank_1,8,8,0,0,0,0,8,0,0.0,0.0,,,,,0,0.0,135,0,8,0
sweep,gated,conservative,ABCDE,46,0.85,whole_section,8,8,0,0,0,0,8,0,0.0,0.0,,,,,0,0.0,90,0,8,0
sweep,gated,conservative,ABCDE,100,0.55,none,8,0,8,0,0,0,0,8,,,0.0,0.312344,,,0,,0,0,8,0
sweep,gated,conservative,ABCDE,100,0.55,row_skip_1,8,8,0,0,0,0,8,0,0.0,0.0,,,,,0,0.0,117,0,8,0
sweep,gated,conservative,ABCDE,100,0.55,double_shift,8,8,0,0,0,0,8,0,0.0,0.0,,,,,0,0.0,193,0,8,0
sweep,gated,conservative,ABCDE,100,0.55,self_corrected,8,8,0,0,0,0,8,0,0.0,0.0,,,,,0,0.0,45,0,8,5
sweep,gated,conservative,ABCDE,100,0.55,scanner_blank_1,8,8,0,0,0,0,8,0,0.0,0.0,,,,,0,0.0,148,0,8,0
sweep,gated,conservative,ABCDE,100,0.55,whole_section,8,8,0,0,0,0,8,0,0.0,0.0,,,,,0,0.0,107,0,8,0
sweep,gated,conservative,ABCDE,100,0.7,none,8,0,8,0,0,0,0,8,,,0.0,0.312344,,,0,,0,0,8,0
sweep,gated,conservative,ABCDE,100,0.7,row_skip_1,8,8,0,0,0,0,8,0,0.0,0.0,,,,,0,0.0,149,0,8,3
sweep,gated,conservative,ABCDE,100,0.7,double_shift,8,8,0,0,0,0,8,0,0.0,0.0,,,,,0,0.0,246,0,8,2
sweep,gated,conservative,ABCDE,100,0.7,self_corrected,8,8,0,0,0,0,8,0,0.0,0.0,,,,,0,0.0,75,0,8,0
sweep,gated,conservative,ABCDE,100,0.7,scanner_blank_1,8,8,0,0,0,0,8,0,0.0,0.0,,,,,0,0.0,109,0,8,3
sweep,gated,conservative,ABCDE,100,0.7,whole_section,8,8,0,0,0,0,8,0,0.0,0.0,,,,,0,0.0,93,0,8,0
sweep,gated,conservative,ABCDE,100,0.85,none,8,0,8,0,0,0,0,8,,,0.0,0.312344,,,0,,0,0,8,0
sweep,gated,conservative,ABCDE,100,0.85,row_skip_1,8,8,0,0,0,0,8,0,0.0,0.0,,,,,0,0.0,134,0,8,0
sweep,gated,conservative,ABCDE,100,0.85,double_shift,8,8,0,0,0,0,8,0,0.0,0.0,,,,,0,0.0,245,0,8,1
sweep,gated,conservative,ABCDE,100,0.85,self_corrected,8,8,0,0,0,0,8,0,0.0,0.0,,,,,0,0.0,59,0,8,2
sweep,gated,conservative,ABCDE,100,0.85,scanner_blank_1,8,8,0,0,0,0,8,0,0.0,0.0,,,,,0,0.0,139,0,8,0
sweep,gated,conservative,ABCDE,100,0.85,whole_section,8,8,0,0,0,0,8,0,0.0,0.0,,,,,0,0.0,143,0,8,0
sweep,gated,conservative,ABCDE,150,0.55,none,8,0,8,0,0,0,0,8,,,0.0,0.312344,,,0,,0,0,8,0
sweep,gated,conservative,ABCDE,150,0.55,row_skip_1,8,8,0,0,0,0,8,0,0.0,0.0,,,,,0,0.0,226,0,8,3
sweep,gated,conservative,ABCDE,150,0.55,double_shift,8,8,0,0,0,0,8,0,0.0,0.0,,,,,0,0.0,217,0,8,0
sweep,gated,conservative,ABCDE,150,0.55,self_corrected,8,8,0,0,0,0,8,0,0.0,0.0,,,,,0,0.0,47,0,8,2
sweep,gated,conservative,ABCDE,150,0.55,scanner_blank_1,8,8,0,0,0,0,8,0,0.0,0.0,,,,,0,0.0,169,0,8,9
sweep,gated,conservative,ABCDE,150,0.55,whole_section,8,8,0,0,0,0,8,0,0.0,0.0,,,,,0,0.0,173,0,8,0
sweep,gated,conservative,ABCDE,150,0.7,none,8,0,8,0,0,0,0,8,,,0.0,0.312344,,,0,,0,0,8,0
sweep,gated,conservative,ABCDE,150,0.7,row_skip_1,8,8,0,0,0,0,8,0,0.0,0.0,,,,,0,0.0,246,0,8,0
sweep,gated,conservative,ABCDE,150,0.7,double_shift,8,8,0,0,0,0,8,0,0.0,0.0,,,,,0,0.0,283,0,8,0
sweep,gated,conservative,ABCDE,150,0.7,self_corrected,8,8,0,0,0,0,8,0,0.0,0.0,,,,,0,0.0,33,0,8,1
sweep,gated,conservative,ABCDE,150,0.7,scanner_blank_1,8,8,0,0,0,0,8,0,0.0,0.0,,,,,0,0.0,318,0,8,0
sweep,gated,conservative,ABCDE,150,0.7,whole_section,8,8,0,0,0,0,8,0,0.0,0.0,,,,,0,0.0,185,0,8,2
sweep,gated,conservative,ABCDE,150,0.85,none,8,0,8,0,0,0,0,8,,,0.0,0.312344,,,0,,0,0,8,0
sweep,gated,conservative,ABCDE,150,0.85,row_skip_1,8,8,0,0,0,0,8,0,0.0,0.0,,,,,0,0.0,408,0,8,2
sweep,gated,conservative,ABCDE,150,0.85,double_shift,8,8,0,0,0,0,8,0,0.0,0.0,,,,,0,0.0,264,0,8,12
sweep,gated,conservative,ABCDE,150,0.85,self_corrected,8,8,0,0,0,0,8,0,0.0,0.0,,,,,0,0.0,62,0,8,0
sweep,gated,conservative,ABCDE,150,0.85,scanner_blank_1,8,8,0,0,0,0,8,0,0.0,0.0,,,,,0,0.0,337,0,8,0
sweep,gated,conservative,ABCDE,150,0.85,whole_section,8,8,0,0,0,0,8,0,0.0,0.0,,,,,0,0.0,305,0,8,0
sweep,gated,balanced,ABCD,46,0.55,none,8,0,8,0,0,0,0,8,,,0.0,0.312344,0.001743,0.001743,8,,0,0,8,0
sweep,gated,balanced,ABCD,46,0.55,row_skip_1,8,8,0,0,0,0,8,0,0.0,0.0,,,0.338296,0.438636,8,0.0,41,0,8,1
sweep,gated,balanced,ABCD,46,0.55,double_shift,8,8,0,0,1,0,7,0,0.0,0.125,,,0.132806,0.673526,8,0.058824,68,4,8,0
sweep,gated,balanced,ABCD,46,0.55,self_corrected,8,8,0,0,0,0,8,0,0.0,0.0,,,0.73951,0.07151,8,0.0,33,0,8,0
sweep,gated,balanced,ABCD,46,0.55,scanner_blank_1,8,8,0,1,0,0,7,0,0.125,0.125,,,0.12363,0.680142,8,0.25,28,7,8,4
sweep,gated,balanced,ABCD,46,0.55,whole_section,8,8,0,0,0,0,8,0,0.0,0.0,,,0.456998,0.386068,8,0.0,33,0,8,4
sweep,gated,balanced,ABCD,46,0.7,none,8,0,8,0,0,0,0,8,,,0.0,0.312344,0.273668,0.273668,8,,0,0,8,0
sweep,gated,balanced,ABCD,46,0.7,row_skip_1,8,8,0,4,0,0,4,0,0.5,0.5,,,0.116874,0.782241,8,0.451613,62,28,8,1
sweep,gated,balanced,ABCD,46,0.7,double_shift,8,8,0,1,0,0,7,0,0.125,0.125,,,0.170079,0.764265,8,0.181818,99,18,8,9
sweep,gated,balanced,ABCD,46,0.7,self_corrected,8,8,0,1,0,0,7,0,0.125,0.125,,,0.178952,0.591783,8,0.145833,48,7,8,0
sweep,gated,balanced,ABCD,46,0.7,scanner_blank_1,8,8,0,2,0,0,6,0,0.25,0.25,,,0.005708,0.925762,8,0.405405,37,15,8,1
sweep,gated,balanced,ABCD,46,0.7,whole_section,8,8,0,3,0,0,5,0,0.375,0.375,,,9.8e-05,0.990552,8,0.376812,69,26,8,3
sweep,gated,balanced,ABCD,46,0.85,none,8,0,8,0,0,0,0,8,,,0.0,0.312344,1.3e-05,1.3e-05,8,,0,0,8,0
sweep,gated,balanced,ABCD,46,0.85,row_skip_1,8,8,0,5,0,0,3,0,0.625,0.625,,,0.139232,0.798703,8,0.818182,88,72,8,7
sweep,gated,balanced,ABCD,46,0.85,double_shift,8,8,0,2,2,0,4,0,0.25,0.5,,,0.003591,0.961209,8,0.40708,113,46,8,0
sweep,gated,balanced,ABCD,46,0.85,self_corrected,8,8,0,6,0,0,2,0,0.75,0.75,,,0.001194,0.974845,8,0.775,80,62,8,1
sweep,gated,balanced,ABCD,46,0.85,scanner_blank_1,8,8,0,2,0,0,6,0,0.25,0.25,,,0.036346,0.89936,8,0.54717,53,29,8,0
sweep,gated,balanced,ABCD,46,0.85,whole_section,8,8,0,3,0,0,5,0,0.375,0.375,,,0.019321,0.892375,8,0.508197,61,31,8,6
sweep,gated,balanced,ABCD,100,0.55,none,8,0,8,0,0,0,0,8,,,0.0,0.312344,0.001728,0.001728,8,,0,0,8,0
sweep,gated,balanced,ABCD,100,0.55,row_skip_1,8,8,0,3,0,0,5,0,0.375,0.375,,,0.411331,0.47802,8,0.78,100,78,8,4
sweep,gated,balanced,ABCD,100,0.55,double_shift,8,8,0,0,1,0,7,0,0.0,0.125,,,0.055366,0.876109,8,0.091603,131,12,8,5
sweep,gated,balanced,ABCD,100,0.55,self_corrected,8,8,0,1,0,0,7,0,0.125,0.125,,,0.270154,0.611196,8,0.325,40,13,8,2
sweep,gated,balanced,ABCD,100,0.55,scanner_blank_1,8,8,0,2,0,0,6,0,0.25,0.25,,,0.01742,0.859276,8,0.628571,70,44,8,7
sweep,gated,balanced,ABCD,100,0.55,whole_section,8,8,0,3,1,0,4,0,0.375,0.5,,,0.147981,0.686975,8,0.547619,84,46,8,0
sweep,gated,balanced,ABCD,100,0.7,none,8,0,8,0,0,0,0,8,,,0.0,0.312344,0.056597,0.056597,8,,0,0,8,0
sweep,gated,balanced,ABCD,100,0.7,row_skip_1,8,8,0,3,0,0,5,0,0.375,0.375,,,0.151759,0.75802,8,0.656863,102,67,8,0
sweep,gated,balanced,ABCD,100,0.7,double_shift,8,8,0,3,0,0,5,0,0.375,0.375,,,0.000596,0.983335,8,0.363636,231,84,8,0
sweep,gated,balanced,ABCD,100,0.7,self_corrected,8,8,0,2,0,0,6,0,0.25,0.25,,,0.046565,0.830496,8,0.306667,75,23,8,0
sweep,gated,balanced,ABCD,100,0.7,scanner_blank_1,8,8,0,6,0,0,2,0,0.75,0.75,,,1e-06,0.999439,8,0.836066,183,153,8,0
sweep,gated,balanced,ABCD,100,0.7,whole_section,8,8,0,6,0,0,2,0,0.75,0.75,,,0.002087,0.969768,8,0.785714,140,110,8,2
sweep,gated,balanced,ABCD,100,0.85,none,8,0,8,0,0,0,0,8,,,0.0,0.312344,0.217996,0.217996,8,,0,0,8,0
sweep,gated,balanced,ABCD,100,0.85,row_skip_1,8,8,0,4,0,0,4,0,0.5,0.5,,,0.0,0.99997,8,0.60989,182,111,8,0
sweep,gated,balanced,ABCD,100,0.85,double_shift,8,8,0,2,1,0,5,0,0.25,0.375,,,0.0,1.0,8,0.313131,297,93,8,0
sweep,gated,balanced,ABCD,100,0.85,self_corrected,8,8,0,8,0,0,0,0,1.0,1.0,,,0.0,0.999942,8,0.796117,103,82,8,0
sweep,gated,balanced,ABCD,100,0.85,scanner_blank_1,8,8,0,7,0,0,1,0,0.875,0.875,,,0.0,0.999935,8,0.959459,222,213,8,0
sweep,gated,balanced,ABCD,100,0.85,whole_section,8,8,0,4,1,0,3,0,0.5,0.625,,,0.000224,0.989615,8,0.843537,147,124,8,4
sweep,gated,balanced,ABCD,150,0.55,none,8,0,8,0,0,0,0,8,,,0.0,0.312344,0.182661,0.182661,8,,0,0,8,0
sweep,gated,balanced,ABCD,150,0.55,row_skip_1,8,8,0,6,0,0,2,0,0.75,0.75,,,0.126055,0.780944,8,0.867816,174,151,8,15
sweep,gated,balanced,ABCD,150,0.55,double_shift,8,8,0,2,1,0,5,0,0.25,0.375,,,0.04682,0.849511,8,0.240223,179,43,8,0
sweep,gated,balanced,ABCD,150,0.55,self_corrected,8,8,0,0,0,0,8,0,0.0,0.0,,,0.335463,0.395615,8,0.0,29,0,8,2
sweep,gated,balanced,ABCD,150,0.55,scanner_blank_1,8,8,0,4,0,0,4,0,0.5,0.5,,,0.003318,0.952643,8,0.818713,171,140,8,1
sweep,gated,balanced,ABCD,150,0.55,whole_section,8,8,0,5,0,0,3,0,0.625,0.625,,,0.006512,0.949449,8,0.606936,173,105,8,0
sweep,gated,balanced,ABCD,150,0.7,none,8,0,8,0,0,0,0,8,,,0.0,0.312344,0.151448,0.151448,8,,0,0,8,0
sweep,gated,balanced,ABCD,150,0.7,row_skip_1,8,8,0,3,0,0,5,0,0.375,0.375,,,0.022753,0.903076,8,0.753333,150,113,8,0
sweep,gated,balanced,ABCD,150,0.7,double_shift,8,8,0,1,0,0,7,0,0.125,0.125,,,0.06036,0.812571,8,0.168539,267,45,8,0
sweep,gated,balanced,ABCD,150,0.7,self_corrected,8,8,0,4,0,0,4,0,0.5,0.5,,,0.034644,0.896048,8,0.313433,67,21,8,0
sweep,gated,balanced,ABCD,150,0.7,scanner_blank_1,8,8,0,4,0,0,4,0,0.5,0.5,,,0.000131,0.989442,8,0.837037,135,113,8,3
sweep,gated,balanced,ABCD,150,0.7,whole_section,8,8,0,5,0,0,3,0,0.625,0.625,,,0.070393,0.882744,8,0.819149,188,154,8,4
sweep,gated,balanced,ABCD,150,0.85,none,8,0,8,0,0,0,0,8,,,0.0,0.312344,0.28196,0.28196,8,,0,0,8,0
sweep,gated,balanced,ABCD,150,0.85,row_skip_1,8,8,0,5,1,0,2,0,0.625,0.75,,,0.000593,0.982904,8,0.954373,263,251,8,3
sweep,gated,balanced,ABCD,150,0.85,double_shift,8,8,0,4,0,0,4,0,0.5,0.5,,,0.0,1.0,8,0.601307,459,276,8,0
sweep,gated,balanced,ABCD,150,0.85,self_corrected,8,8,0,5,0,0,3,0,0.625,0.625,,,0.043945,0.835111,8,0.712329,73,52,8,0
sweep,gated,balanced,ABCD,150,0.85,scanner_blank_1,8,8,0,5,0,0,3,0,0.625,0.625,,,5.2e-05,0.994958,8,0.847518,282,239,8,2
sweep,gated,balanced,ABCD,150,0.85,whole_section,8,8,0,6,0,0,2,0,0.75,0.75,,,0.001199,0.976712,8,0.883117,231,204,8,4
sweep,gated,balanced,ABCDE,46,0.55,none,8,0,8,0,0,0,0,8,,,0.0,0.312344,,,0,,0,0,8,0
sweep,gated,balanced,ABCDE,46,0.55,row_skip_1,8,8,0,0,0,0,8,0,0.0,0.0,,,,,0,0.0,36,0,8,4
sweep,gated,balanced,ABCDE,46,0.55,double_shift,8,8,0,0,0,0,8,0,0.0,0.0,,,,,0,0.0,78,0,8,9
sweep,gated,balanced,ABCDE,46,0.55,self_corrected,8,8,0,0,0,0,8,0,0.0,0.0,,,,,0,0.0,69,0,8,0
sweep,gated,balanced,ABCDE,46,0.55,scanner_blank_1,8,8,0,0,0,0,8,0,0.0,0.0,,,,,0,0.0,67,0,8,0
sweep,gated,balanced,ABCDE,46,0.55,whole_section,8,8,0,0,0,0,8,0,0.0,0.0,,,,,0,0.0,37,0,8,1
sweep,gated,balanced,ABCDE,46,0.7,none,8,0,8,0,0,0,0,8,,,0.0,0.312344,,,0,,0,0,8,0
sweep,gated,balanced,ABCDE,46,0.7,row_skip_1,8,8,0,0,0,0,8,0,0.0,0.0,,,,,0,0.0,33,0,8,0
sweep,gated,balanced,ABCDE,46,0.7,double_shift,8,8,0,0,0,0,8,0,0.0,0.0,,,,,0,0.0,94,0,8,0
sweep,gated,balanced,ABCDE,46,0.7,self_corrected,8,8,0,0,0,0,8,0,0.0,0.0,,,,,0,0.0,55,0,8,6
sweep,gated,balanced,ABCDE,46,0.7,scanner_blank_1,8,8,0,0,0,0,8,0,0.0,0.0,,,,,0,0.0,48,0,8,0
sweep,gated,balanced,ABCDE,46,0.7,whole_section,8,8,0,0,0,0,8,0,0.0,0.0,,,,,0,0.0,72,0,8,0
sweep,gated,balanced,ABCDE,46,0.85,none,8,0,8,0,0,0,0,8,,,0.0,0.312344,,,0,,0,0,8,0
sweep,gated,balanced,ABCDE,46,0.85,row_skip_1,8,8,0,0,0,0,8,0,0.0,0.0,,,,,0,0.0,92,0,8,0
sweep,gated,balanced,ABCDE,46,0.85,double_shift,8,8,0,0,0,0,8,0,0.0,0.0,,,,,0,0.0,104,0,8,0
sweep,gated,balanced,ABCDE,46,0.85,self_corrected,8,8,0,0,0,0,8,0,0.0,0.0,,,,,0,0.0,58,0,8,0
sweep,gated,balanced,ABCDE,46,0.85,scanner_blank_1,8,8,0,0,0,0,8,0,0.0,0.0,,,,,0,0.0,135,0,8,0
sweep,gated,balanced,ABCDE,46,0.85,whole_section,8,8,0,0,0,0,8,0,0.0,0.0,,,,,0,0.0,90,0,8,0
sweep,gated,balanced,ABCDE,100,0.55,none,8,0,8,0,0,0,0,8,,,0.0,0.312344,,,0,,0,0,8,0
sweep,gated,balanced,ABCDE,100,0.55,row_skip_1,8,8,0,0,0,0,8,0,0.0,0.0,,,,,0,0.0,117,0,8,0
sweep,gated,balanced,ABCDE,100,0.55,double_shift,8,8,0,0,0,0,8,0,0.0,0.0,,,,,0,0.0,193,0,8,0
sweep,gated,balanced,ABCDE,100,0.55,self_corrected,8,8,0,0,0,0,8,0,0.0,0.0,,,,,0,0.0,45,0,8,5
sweep,gated,balanced,ABCDE,100,0.55,scanner_blank_1,8,8,0,0,0,0,8,0,0.0,0.0,,,,,0,0.0,148,0,8,0
sweep,gated,balanced,ABCDE,100,0.55,whole_section,8,8,0,0,0,0,8,0,0.0,0.0,,,,,0,0.0,107,0,8,0
sweep,gated,balanced,ABCDE,100,0.7,none,8,0,8,0,0,0,0,8,,,0.0,0.312344,,,0,,0,0,8,0
sweep,gated,balanced,ABCDE,100,0.7,row_skip_1,8,8,0,0,0,0,8,0,0.0,0.0,,,,,0,0.0,149,0,8,3
sweep,gated,balanced,ABCDE,100,0.7,double_shift,8,8,0,0,0,0,8,0,0.0,0.0,,,,,0,0.0,246,0,8,2
sweep,gated,balanced,ABCDE,100,0.7,self_corrected,8,8,0,0,0,0,8,0,0.0,0.0,,,,,0,0.0,75,0,8,0
sweep,gated,balanced,ABCDE,100,0.7,scanner_blank_1,8,8,0,0,0,0,8,0,0.0,0.0,,,,,0,0.0,109,0,8,3
sweep,gated,balanced,ABCDE,100,0.7,whole_section,8,8,0,0,0,0,8,0,0.0,0.0,,,,,0,0.0,93,0,8,0
sweep,gated,balanced,ABCDE,100,0.85,none,8,0,8,0,0,0,0,8,,,0.0,0.312344,,,0,,0,0,8,0
sweep,gated,balanced,ABCDE,100,0.85,row_skip_1,8,8,0,0,0,0,8,0,0.0,0.0,,,,,0,0.0,134,0,8,0
sweep,gated,balanced,ABCDE,100,0.85,double_shift,8,8,0,0,0,0,8,0,0.0,0.0,,,,,0,0.0,245,0,8,1
sweep,gated,balanced,ABCDE,100,0.85,self_corrected,8,8,0,0,0,0,8,0,0.0,0.0,,,,,0,0.0,59,0,8,2
sweep,gated,balanced,ABCDE,100,0.85,scanner_blank_1,8,8,0,0,0,0,8,0,0.0,0.0,,,,,0,0.0,139,0,8,0
sweep,gated,balanced,ABCDE,100,0.85,whole_section,8,8,0,0,0,0,8,0,0.0,0.0,,,,,0,0.0,143,0,8,0
sweep,gated,balanced,ABCDE,150,0.55,none,8,0,8,0,0,0,0,8,,,0.0,0.312344,,,0,,0,0,8,0
sweep,gated,balanced,ABCDE,150,0.55,row_skip_1,8,8,0,0,0,0,8,0,0.0,0.0,,,,,0,0.0,226,0,8,3
sweep,gated,balanced,ABCDE,150,0.55,double_shift,8,8,0,0,0,0,8,0,0.0,0.0,,,,,0,0.0,217,0,8,0
sweep,gated,balanced,ABCDE,150,0.55,self_corrected,8,8,0,0,0,0,8,0,0.0,0.0,,,,,0,0.0,47,0,8,2
sweep,gated,balanced,ABCDE,150,0.55,scanner_blank_1,8,8,0,0,0,0,8,0,0.0,0.0,,,,,0,0.0,169,0,8,9
sweep,gated,balanced,ABCDE,150,0.55,whole_section,8,8,0,0,0,0,8,0,0.0,0.0,,,,,0,0.0,173,0,8,0
sweep,gated,balanced,ABCDE,150,0.7,none,8,0,8,0,0,0,0,8,,,0.0,0.312344,,,0,,0,0,8,0
sweep,gated,balanced,ABCDE,150,0.7,row_skip_1,8,8,0,0,0,0,8,0,0.0,0.0,,,,,0,0.0,246,0,8,0
sweep,gated,balanced,ABCDE,150,0.7,double_shift,8,8,0,0,0,0,8,0,0.0,0.0,,,,,0,0.0,283,0,8,0
sweep,gated,balanced,ABCDE,150,0.7,self_corrected,8,8,0,0,0,0,8,0,0.0,0.0,,,,,0,0.0,33,0,8,1
sweep,gated,balanced,ABCDE,150,0.7,scanner_blank_1,8,8,0,0,0,0,8,0,0.0,0.0,,,,,0,0.0,318,0,8,0
sweep,gated,balanced,ABCDE,150,0.7,whole_section,8,8,0,0,0,0,8,0,0.0,0.0,,,,,0,0.0,185,0,8,2
sweep,gated,balanced,ABCDE,150,0.85,none,8,0,8,0,0,0,0,8,,,0.0,0.312344,,,0,,0,0,8,0
sweep,gated,balanced,ABCDE,150,0.85,row_skip_1,8,8,0,0,0,0,8,0,0.0,0.0,,,,,0,0.0,408,0,8,2
sweep,gated,balanced,ABCDE,150,0.85,double_shift,8,8,0,0,0,0,8,0,0.0,0.0,,,,,0,0.0,264,0,8,12
sweep,gated,balanced,ABCDE,150,0.85,self_corrected,8,8,0,0,0,0,8,0,0.0,0.0,,,,,0,0.0,62,0,8,0
sweep,gated,balanced,ABCDE,150,0.85,scanner_blank_1,8,8,0,0,0,0,8,0,0.0,0.0,,,,,0,0.0,337,0,8,0
sweep,gated,balanced,ABCDE,150,0.85,whole_section,8,8,0,0,0,0,8,0,0.0,0.0,,,,,0,0.0,305,0,8,0
sweep,gated,sensitive,ABCD,46,0.55,none,8,0,8,0,0,0,0,8,,,0.0,0.312344,0.001743,0.001743,8,,0,0,8,0
sweep,gated,sensitive,ABCD,46,0.55,row_skip_1,8,8,0,1,0,0,7,0,0.125,0.125,,,0.338296,0.438636,8,0.0,41,0,8,1
sweep,gated,sensitive,ABCD,46,0.55,double_shift,8,8,0,0,2,0,6,0,0.0,0.25,,,0.132806,0.673526,8,0.058824,68,4,8,0
sweep,gated,sensitive,ABCD,46,0.55,self_corrected,8,8,0,0,0,0,8,0,0.0,0.0,,,0.73951,0.07151,8,0.0,33,0,8,0
sweep,gated,sensitive,ABCD,46,0.55,scanner_blank_1,8,8,0,2,0,0,6,0,0.25,0.25,,,0.12363,0.680142,8,0.357143,28,10,8,4
sweep,gated,sensitive,ABCD,46,0.55,whole_section,8,8,0,2,0,0,6,0,0.25,0.25,,,0.456998,0.386068,8,0.242424,33,8,8,4
sweep,gated,sensitive,ABCD,46,0.7,none,8,0,8,0,0,0,0,8,,,0.0,0.312344,0.273668,0.273668,8,,0,0,8,0
sweep,gated,sensitive,ABCD,46,0.7,row_skip_1,8,8,0,6,0,0,2,0,0.75,0.75,,,0.116874,0.782241,8,0.564516,62,35,8,1
sweep,gated,sensitive,ABCD,46,0.7,double_shift,8,8,0,1,0,0,7,0,0.125,0.125,,,0.170079,0.764265,8,0.181818,99,18,8,9
sweep,gated,sensitive,ABCD,46,0.7,self_corrected,8,8,0,3,0,0,5,0,0.375,0.375,,,0.178952,0.591783,8,0.333333,48,16,8,0
sweep,gated,sensitive,ABCD,46,0.7,scanner_blank_1,8,8,0,2,0,0,6,0,0.25,0.25,,,0.005708,0.925762,8,0.405405,37,15,8,1
sweep,gated,sensitive,ABCD,46,0.7,whole_section,8,8,0,5,0,0,3,0,0.625,0.625,,,9.8e-05,0.990552,8,0.57971,69,40,8,3
sweep,gated,sensitive,ABCD,46,0.85,none,8,0,8,0,0,0,0,8,,,0.0,0.312344,1.3e-05,1.3e-05,8,,0,0,8,0
sweep,gated,sensitive,ABCD,46,0.85,row_skip_1,8,8,0,5,0,0,3,0,0.625,0.625,,,0.139232,0.798703,8,0.818182,88,72,8,7
sweep,gated,sensitive,ABCD,46,0.85,double_shift,8,8,0,3,2,0,3,0,0.375,0.625,,,0.003591,0.961209,8,0.513274,113,58,8,0
sweep,gated,sensitive,ABCD,46,0.85,self_corrected,8,8,0,6,0,0,2,0,0.75,0.75,,,0.001194,0.974845,8,0.775,80,62,8,1
sweep,gated,sensitive,ABCD,46,0.85,scanner_blank_1,8,8,0,3,0,0,5,0,0.375,0.375,,,0.036346,0.89936,8,0.679245,53,36,8,0
sweep,gated,sensitive,ABCD,46,0.85,whole_section,8,8,0,3,0,0,5,0,0.375,0.375,,,0.019321,0.892375,8,0.508197,61,31,8,6
sweep,gated,sensitive,ABCD,100,0.55,none,8,0,8,0,0,0,0,8,,,0.0,0.312344,0.001728,0.001728,8,,0,0,8,0
sweep,gated,sensitive,ABCD,100,0.55,row_skip_1,8,8,0,3,0,0,5,0,0.375,0.375,,,0.411331,0.47802,8,0.78,100,78,8,4
sweep,gated,sensitive,ABCD,100,0.55,double_shift,8,8,0,2,1,0,5,0,0.25,0.375,,,0.055366,0.876109,8,0.251908,131,33,8,5
sweep,gated,sensitive,ABCD,100,0.55,self_corrected,8,8,0,2,0,0,6,0,0.25,0.25,,,0.270154,0.611196,8,0.325,40,13,8,2
sweep,gated,sensitive,ABCD,100,0.55,scanner_blank_1,8,8,0,3,0,0,5,0,0.375,0.375,,,0.01742,0.859276,8,0.714286,70,50,8,7
sweep,gated,sensitive,ABCD,100,0.55,whole_section,8,8,0,3,1,0,4,0,0.375,0.5,,,0.147981,0.686975,8,0.547619,84,46,8,0
sweep,gated,sensitive,ABCD,100,0.7,none,8,0,8,0,0,0,0,8,,,0.0,0.312344,0.056597,0.056597,8,,0,0,8,0
sweep,gated,sensitive,ABCD,100,0.7,row_skip_1,8,8,0,4,0,0,4,0,0.5,0.5,,,0.151759,0.75802,8,0.715686,102,73,8,0
sweep,gated,sensitive,ABCD,100,0.7,double_shift,8,8,0,3,0,0,5,0,0.375,0.375,,,0.000596,0.983335,8,0.363636,231,84,8,0
sweep,gated,sensitive,ABCD,100,0.7,self_corrected,8,8,0,2,0,0,6,0,0.25,0.25,,,0.046565,0.830496,8,0.306667,75,23,8,0
sweep,gated,sensitive,ABCD,100,0.7,scanner_blank_1,8,8,0,6,0,0,2,0,0.75,0.75,,,1e-06,0.999439,8,0.836066,183,153,8,0
sweep,gated,sensitive,ABCD,100,0.7,whole_section,8,8,0,6,0,0,2,0,0.75,0.75,,,0.002087,0.969768,8,0.785714,140,110,8,2
sweep,gated,sensitive,ABCD,100,0.85,none,8,0,8,0,0,0,0,8,,,0.0,0.312344,0.217996,0.217996,8,,0,0,8,0
sweep,gated,sensitive,ABCD,100,0.85,row_skip_1,8,8,0,4,0,0,4,0,0.5,0.5,,,0.0,0.99997,8,0.60989,182,111,8,0
sweep,gated,sensitive,ABCD,100,0.85,double_shift,8,8,0,4,1,0,3,0,0.5,0.625,,,0.0,1.0,8,0.531987,297,158,8,0
sweep,gated,sensitive,ABCD,100,0.85,self_corrected,8,8,0,8,0,0,0,0,1.0,1.0,,,0.0,0.999942,8,0.796117,103,82,8,0
sweep,gated,sensitive,ABCD,100,0.85,scanner_blank_1,8,8,0,7,0,0,1,0,0.875,0.875,,,0.0,0.999935,8,0.959459,222,213,8,0
sweep,gated,sensitive,ABCD,100,0.85,whole_section,8,8,0,4,1,0,3,0,0.5,0.625,,,0.000224,0.989615,8,0.843537,147,124,8,4
sweep,gated,sensitive,ABCD,150,0.55,none,8,0,8,0,0,0,0,8,,,0.0,0.312344,0.182661,0.182661,8,,0,0,8,0
sweep,gated,sensitive,ABCD,150,0.55,row_skip_1,8,8,0,6,0,0,2,0,0.75,0.75,,,0.126055,0.780944,8,0.867816,174,151,8,15
sweep,gated,sensitive,ABCD,150,0.55,double_shift,8,8,0,2,1,0,5,0,0.25,0.375,,,0.04682,0.849511,8,0.240223,179,43,8,0
sweep,gated,sensitive,ABCD,150,0.55,self_corrected,8,8,0,0,0,0,8,0,0.0,0.0,,,0.335463,0.395615,8,0.0,29,0,8,2
sweep,gated,sensitive,ABCD,150,0.55,scanner_blank_1,8,8,0,4,0,0,4,0,0.5,0.5,,,0.003318,0.952643,8,0.818713,171,140,8,1
sweep,gated,sensitive,ABCD,150,0.55,whole_section,8,8,0,5,0,0,3,0,0.625,0.625,,,0.006512,0.949449,8,0.606936,173,105,8,0
sweep,gated,sensitive,ABCD,150,0.7,none,8,0,8,0,0,0,0,8,,,0.0,0.312344,0.151448,0.151448,8,,0,0,8,0
sweep,gated,sensitive,ABCD,150,0.7,row_skip_1,8,8,0,4,0,0,4,0,0.5,0.5,,,0.022753,0.903076,8,0.8,150,120,8,0
sweep,gated,sensitive,ABCD,150,0.7,double_shift,8,8,0,1,0,0,7,0,0.125,0.125,,,0.06036,0.812571,8,0.168539,267,45,8,0
sweep,gated,sensitive,ABCD,150,0.7,self_corrected,8,8,0,5,1,0,2,0,0.625,0.75,,,0.034644,0.896048,8,0.492537,67,33,8,0
sweep,gated,sensitive,ABCD,150,0.7,scanner_blank_1,8,8,0,4,0,0,4,0,0.5,0.5,,,0.000131,0.989442,8,0.837037,135,113,8,3
sweep,gated,sensitive,ABCD,150,0.7,whole_section,8,8,0,5,0,0,3,0,0.625,0.625,,,0.070393,0.882744,8,0.819149,188,154,8,4
sweep,gated,sensitive,ABCD,150,0.85,none,8,0,8,0,0,0,0,8,,,0.0,0.312344,0.28196,0.28196,8,,0,0,8,0
sweep,gated,sensitive,ABCD,150,0.85,row_skip_1,8,8,0,5,1,0,2,0,0.625,0.75,,,0.000593,0.982904,8,0.954373,263,251,8,3
sweep,gated,sensitive,ABCD,150,0.85,double_shift,8,8,0,4,0,0,4,0,0.5,0.5,,,0.0,1.0,8,0.601307,459,276,8,0
sweep,gated,sensitive,ABCD,150,0.85,self_corrected,8,8,0,5,0,0,3,0,0.625,0.625,,,0.043945,0.835111,8,0.712329,73,52,8,0
sweep,gated,sensitive,ABCD,150,0.85,scanner_blank_1,8,8,0,5,0,0,3,0,0.625,0.625,,,5.2e-05,0.994958,8,0.847518,282,239,8,2
sweep,gated,sensitive,ABCD,150,0.85,whole_section,8,8,0,6,0,0,2,0,0.75,0.75,,,0.001199,0.976712,8,0.883117,231,204,8,4
sweep,gated,sensitive,ABCDE,46,0.55,none,8,0,8,0,0,0,0,8,,,0.0,0.312344,,,0,,0,0,8,0
sweep,gated,sensitive,ABCDE,46,0.55,row_skip_1,8,8,0,0,0,0,8,0,0.0,0.0,,,,,0,0.0,36,0,8,4
sweep,gated,sensitive,ABCDE,46,0.55,double_shift,8,8,0,0,0,0,8,0,0.0,0.0,,,,,0,0.0,78,0,8,9
sweep,gated,sensitive,ABCDE,46,0.55,self_corrected,8,8,0,0,0,0,8,0,0.0,0.0,,,,,0,0.0,69,0,8,0
sweep,gated,sensitive,ABCDE,46,0.55,scanner_blank_1,8,8,0,0,0,0,8,0,0.0,0.0,,,,,0,0.0,67,0,8,0
sweep,gated,sensitive,ABCDE,46,0.55,whole_section,8,8,0,0,0,0,8,0,0.0,0.0,,,,,0,0.0,37,0,8,1
sweep,gated,sensitive,ABCDE,46,0.7,none,8,0,8,0,0,0,0,8,,,0.0,0.312344,,,0,,0,0,8,0
sweep,gated,sensitive,ABCDE,46,0.7,row_skip_1,8,8,0,0,0,0,8,0,0.0,0.0,,,,,0,0.0,33,0,8,0
sweep,gated,sensitive,ABCDE,46,0.7,double_shift,8,8,0,0,0,0,8,0,0.0,0.0,,,,,0,0.0,94,0,8,0
sweep,gated,sensitive,ABCDE,46,0.7,self_corrected,8,8,0,0,0,0,8,0,0.0,0.0,,,,,0,0.0,55,0,8,6
sweep,gated,sensitive,ABCDE,46,0.7,scanner_blank_1,8,8,0,0,0,0,8,0,0.0,0.0,,,,,0,0.0,48,0,8,0
sweep,gated,sensitive,ABCDE,46,0.7,whole_section,8,8,0,0,0,0,8,0,0.0,0.0,,,,,0,0.0,72,0,8,0
sweep,gated,sensitive,ABCDE,46,0.85,none,8,0,8,0,0,0,0,8,,,0.0,0.312344,,,0,,0,0,8,0
sweep,gated,sensitive,ABCDE,46,0.85,row_skip_1,8,8,0,0,0,0,8,0,0.0,0.0,,,,,0,0.0,92,0,8,0
sweep,gated,sensitive,ABCDE,46,0.85,double_shift,8,8,0,0,0,0,8,0,0.0,0.0,,,,,0,0.0,104,0,8,0
sweep,gated,sensitive,ABCDE,46,0.85,self_corrected,8,8,0,0,0,0,8,0,0.0,0.0,,,,,0,0.0,58,0,8,0
sweep,gated,sensitive,ABCDE,46,0.85,scanner_blank_1,8,8,0,0,0,0,8,0,0.0,0.0,,,,,0,0.0,135,0,8,0
sweep,gated,sensitive,ABCDE,46,0.85,whole_section,8,8,0,0,0,0,8,0,0.0,0.0,,,,,0,0.0,90,0,8,0
sweep,gated,sensitive,ABCDE,100,0.55,none,8,0,8,0,0,0,0,8,,,0.0,0.312344,,,0,,0,0,8,0
sweep,gated,sensitive,ABCDE,100,0.55,row_skip_1,8,8,0,0,0,0,8,0,0.0,0.0,,,,,0,0.0,117,0,8,0
sweep,gated,sensitive,ABCDE,100,0.55,double_shift,8,8,0,0,0,0,8,0,0.0,0.0,,,,,0,0.0,193,0,8,0
sweep,gated,sensitive,ABCDE,100,0.55,self_corrected,8,8,0,0,0,0,8,0,0.0,0.0,,,,,0,0.0,45,0,8,5
sweep,gated,sensitive,ABCDE,100,0.55,scanner_blank_1,8,8,0,0,0,0,8,0,0.0,0.0,,,,,0,0.0,148,0,8,0
sweep,gated,sensitive,ABCDE,100,0.55,whole_section,8,8,0,0,0,0,8,0,0.0,0.0,,,,,0,0.0,107,0,8,0
sweep,gated,sensitive,ABCDE,100,0.7,none,8,0,8,0,0,0,0,8,,,0.0,0.312344,,,0,,0,0,8,0
sweep,gated,sensitive,ABCDE,100,0.7,row_skip_1,8,8,0,0,0,0,8,0,0.0,0.0,,,,,0,0.0,149,0,8,3
sweep,gated,sensitive,ABCDE,100,0.7,double_shift,8,8,0,0,0,0,8,0,0.0,0.0,,,,,0,0.0,246,0,8,2
sweep,gated,sensitive,ABCDE,100,0.7,self_corrected,8,8,0,0,0,0,8,0,0.0,0.0,,,,,0,0.0,75,0,8,0
sweep,gated,sensitive,ABCDE,100,0.7,scanner_blank_1,8,8,0,0,0,0,8,0,0.0,0.0,,,,,0,0.0,109,0,8,3
sweep,gated,sensitive,ABCDE,100,0.7,whole_section,8,8,0,0,0,0,8,0,0.0,0.0,,,,,0,0.0,93,0,8,0
sweep,gated,sensitive,ABCDE,100,0.85,none,8,0,8,0,0,0,0,8,,,0.0,0.312344,,,0,,0,0,8,0
sweep,gated,sensitive,ABCDE,100,0.85,row_skip_1,8,8,0,0,0,0,8,0,0.0,0.0,,,,,0,0.0,134,0,8,0
sweep,gated,sensitive,ABCDE,100,0.85,double_shift,8,8,0,0,0,0,8,0,0.0,0.0,,,,,0,0.0,245,0,8,1
sweep,gated,sensitive,ABCDE,100,0.85,self_corrected,8,8,0,0,0,0,8,0,0.0,0.0,,,,,0,0.0,59,0,8,2
sweep,gated,sensitive,ABCDE,100,0.85,scanner_blank_1,8,8,0,0,0,0,8,0,0.0,0.0,,,,,0,0.0,139,0,8,0
sweep,gated,sensitive,ABCDE,100,0.85,whole_section,8,8,0,0,0,0,8,0,0.0,0.0,,,,,0,0.0,143,0,8,0
sweep,gated,sensitive,ABCDE,150,0.55,none,8,0,8,0,0,0,0,8,,,0.0,0.312344,,,0,,0,0,8,0
sweep,gated,sensitive,ABCDE,150,0.55,row_skip_1,8,8,0,0,0,0,8,0,0.0,0.0,,,,,0,0.0,226,0,8,3
sweep,gated,sensitive,ABCDE,150,0.55,double_shift,8,8,0,0,0,0,8,0,0.0,0.0,,,,,0,0.0,217,0,8,0
sweep,gated,sensitive,ABCDE,150,0.55,self_corrected,8,8,0,0,0,0,8,0,0.0,0.0,,,,,0,0.0,47,0,8,2
sweep,gated,sensitive,ABCDE,150,0.55,scanner_blank_1,8,8,0,0,0,0,8,0,0.0,0.0,,,,,0,0.0,169,0,8,9
sweep,gated,sensitive,ABCDE,150,0.55,whole_section,8,8,0,0,0,0,8,0,0.0,0.0,,,,,0,0.0,173,0,8,0
sweep,gated,sensitive,ABCDE,150,0.7,none,8,0,8,0,0,0,0,8,,,0.0,0.312344,,,0,,0,0,8,0
sweep,gated,sensitive,ABCDE,150,0.7,row_skip_1,8,8,0,0,0,0,8,0,0.0,0.0,,,,,0,0.0,246,0,8,0
sweep,gated,sensitive,ABCDE,150,0.7,double_shift,8,8,0,0,0,0,8,0,0.0,0.0,,,,,0,0.0,283,0,8,0
sweep,gated,sensitive,ABCDE,150,0.7,self_corrected,8,8,0,0,0,0,8,0,0.0,0.0,,,,,0,0.0,33,0,8,1
sweep,gated,sensitive,ABCDE,150,0.7,scanner_blank_1,8,8,0,0,0,0,8,0,0.0,0.0,,,,,0,0.0,318,0,8,0
sweep,gated,sensitive,ABCDE,150,0.7,whole_section,8,8,0,0,0,0,8,0,0.0,0.0,,,,,0,0.0,185,0,8,2
sweep,gated,sensitive,ABCDE,150,0.85,none,8,0,8,0,0,0,0,8,,,0.0,0.312344,,,0,,0,0,8,0
sweep,gated,sensitive,ABCDE,150,0.85,row_skip_1,8,8,0,0,0,0,8,0,0.0,0.0,,,,,0,0.0,408,0,8,2
sweep,gated,sensitive,ABCDE,150,0.85,double_shift,8,8,0,0,0,0,8,0,0.0,0.0,,,,,0,0.0,264,0,8,12
sweep,gated,sensitive,ABCDE,150,0.85,self_corrected,8,8,0,0,0,0,8,0,0.0,0.0,,,,,0,0.0,62,0,8,0
sweep,gated,sensitive,ABCDE,150,0.85,scanner_blank_1,8,8,0,0,0,0,8,0,0.0,0.0,,,,,0,0.0,337,0,8,0
sweep,gated,sensitive,ABCDE,150,0.85,whole_section,8,8,0,0,0,0,8,0,0.0,0.0,,,,,0,0.0,305,0,8,0
